timestamp,hostname,endpoint_id,os_type,pid,ppid,process_name,cmd,cpu_percent,memory,risk_score,label
1747112813,JermainacStudio.attlocal.net,JermainacStudio.attlocal.net,darwin,430,1,lsd,/usr/libexec/lsd,0.0,20561920,0,0
1747112813,JermainacStudio.attlocal.net,JermainacStudio.attlocal.net,darwin,528,1,VTDecoderXPCService,/System/Library/Frameworks/VideoToolbox.framework/Versions/A/XPCServices/VTDecoderXPCService.xpc/Contents/MacOS/VTDecoderXPCService,0.0,7307264,0,0
1747112813,JermainacStudio.attlocal.net,JermainacStudio.attlocal.net,darwin,536,1,suggestd,/System/Library/PrivateFrameworks/CoreSuggestions.framework/Versions/A/Support/suggestd,0.0,102252544,0,0
1747112813,JermainacStudio.attlocal.net,JermainacStudio.attlocal.net,darwin,1700,1,backgroundassets.user,/usr/libexec/backgroundassets.user,0.0,7634944,0,0
1747112813,JermainacStudio.attlocal.net,JermainacStudio.attlocal.net,darwin,565,1,UIKitSystem,/System/Library/CoreServices/UIKitSystem.app/Contents/MacOS/UIKitSystem system_app_start,0.0,33062912,0,0
1747112813,JermainacStudio.attlocal.net,JermainacStudio.attlocal.net,darwin,155,1,loginwindow,/System/Library/CoreServices/loginwindow.app/Contents/MacOS/loginwindow console,0.0,39043072,0,0
1747112813,JermainacStudio.attlocal.net,JermainacStudio.attlocal.net,darwin,485,1,donotdisturbd,/System/Library/PrivateFrameworks/DoNotDisturbServer.framework/Support/donotdisturbd,0.0,33079296,0,0
1747112813,JermainacStudio.attlocal.net,JermainacStudio.attlocal.net,darwin,2464,1,AuthenticationServicesAgent,/System/Cryptexes/App/usr/libexec/AuthenticationServicesAgent,0.0,15204352,0,0
1747112818,JermainacStudio.attlocal.net,JermainacStudio.attlocal.net,darwin,5344,1,IMAutomaticHistoryDeletionAgent,/System/Library/PrivateFrameworks/IMDPersistence.framework/IMAutomaticHistoryDeletionAgent.app/Contents/MacOS/IMAutomaticHistoryDeletionAgent,0.0,14434304,0,0
1747112818,JermainacStudio.attlocal.net,JermainacStudio.attlocal.net,darwin,5336,1,SiriCoreMetricsWorker,/System/Library/ExtensionKit/Extensions/SiriCoreMetricsWorker.appex/Contents/MacOS/SiriCoreMetricsWorker,0.0,12730368,0,0
1747112818,JermainacStudio.attlocal.net,JermainacStudio.attlocal.net,darwin,741,1,CursorUIViewService,/System/Library/PrivateFrameworks/TextInputUIMacHelper.framework/Versions/A/XPCServices/CursorUIViewService.xpc/Contents/MacOS/CursorUIViewService,0.7,28901376,0,0
1747112818,JermainacStudio.attlocal.net,JermainacStudio.attlocal.net,darwin,3411,1,proactiveeventtrackerd,/usr/libexec/proactiveeventtrackerd,0.0,6389760,0,0
1747112818,JermainacStudio.attlocal.net,JermainacStudio.attlocal.net,darwin,3020,1,BTLEServerAgent,/usr/sbin/BTLEServerAgent,0.0,7176192,0,0
1747112818,JermainacStudio.attlocal.net,JermainacStudio.attlocal.net,darwin,15254,1,avatarsd,/System/Library/PrivateFrameworks/AvatarPersistence.framework/Support/avatarsd,0.0,28327936,0,0
1747112818,JermainacStudio.attlocal.net,JermainacStudio.attlocal.net,darwin,474,1,identityservicesd,/System/Library/PrivateFrameworks/IDS.framework/identityservicesd.app/Contents/MacOS/identityservicesd,0.0,49332224,0,0
1747112823,JermainacStudio.attlocal.net,JermainacStudio.attlocal.net,darwin,1368,1,com.apple.audio.SandboxHelper,/System/Library/Frameworks/AudioToolbox.framework/XPCServices/com.apple.audio.SandboxHelper.xpc/Contents/MacOS/com.apple.audio.SandboxHelper,0.0,3817472,0,0
1747112823,JermainacStudio.attlocal.net,JermainacStudio.attlocal.net,darwin,661,1,findmylocateagent,/usr/libexec/findmylocateagent,0.0,19972096,0,0
1747112823,JermainacStudio.attlocal.net,JermainacStudio.attlocal.net,darwin,17825,17823,python3.11,"/Users/jermainebaker/anaconda3/envs/edr-env/bin/python -c from multiprocessing.spawn import spawn_main; spawn_main(tracker_fd=5, pipe_handle=7) --multiprocessing-fork",0.2,347193344,0,0
1747112823,JermainacStudio.attlocal.net,JermainacStudio.attlocal.net,darwin,642,1,seserviced,/usr/libexec/seserviced,0.0,7946240,0,0
1747112823,JermainacStudio.attlocal.net,JermainacStudio.attlocal.net,darwin,1557,1,mdwrite,/System/Library/Frameworks/CoreServices.framework/Frameworks/Metadata.framework/Versions/A/Support/mdwrite,0.0,8552448,0,0
1747112823,JermainacStudio.attlocal.net,JermainacStudio.attlocal.net,darwin,430,1,lsd,/usr/libexec/lsd,0.0,20561920,0,0
1747112823,JermainacStudio.attlocal.net,JermainacStudio.attlocal.net,darwin,16214,1,HeadphoneSettingsExtension,/System/Library/ExtensionKit/Extensions/HeadphoneSettingsExtension.appex/Contents/MacOS/HeadphoneSettingsExtension,0.0,28000256,0,0
1747112823,JermainacStudio.attlocal.net,JermainacStudio.attlocal.net,darwin,470,1,tccd,/System/Library/PrivateFrameworks/TCC.framework/Support/tccd,0.0,16793600,0,0
1747112823,JermainacStudio.attlocal.net,JermainacStudio.attlocal.net,darwin,716,1,PlugInLibraryService,/System/Library/Frameworks/NetFS.framework/Versions/A/XPCServices/PlugInLibraryService.xpc/Contents/MacOS/PlugInLibraryService,0.0,2883584,0,0
1747112828,JermainacStudio.attlocal.net,JermainacStudio.attlocal.net,darwin,528,1,VTDecoderXPCService,/System/Library/Frameworks/VideoToolbox.framework/Versions/A/XPCServices/VTDecoderXPCService.xpc/Contents/MacOS/VTDecoderXPCService,0.0,7307264,0,0
1747112828,JermainacStudio.attlocal.net,JermainacStudio.attlocal.net,darwin,5363,1,BitacoraWorker,/System/Library/ExtensionKit/Extensions/BitacoraWorker.appex/Contents/MacOS/BitacoraWorker,0.0,12222464,0,0
1747112828,JermainacStudio.attlocal.net,JermainacStudio.attlocal.net,darwin,17797,1,mdworker_shared,/System/Library/Frameworks/CoreServices.framework/Frameworks/Metadata.framework/Versions/A/Support/mdworker_shared -s mdworker -c MDSImporterWorker -m com.apple.mdworker.shared,0.0,21168128,0,0
1747112828,JermainacStudio.attlocal.net,JermainacStudio.attlocal.net,darwin,16129,1,GroupSessionService,/System/Library/Frameworks/GroupActivities.framework/Versions/A/XPCServices/GroupSessionService.xpc/Contents/MacOS/GroupSessionService,0.0,18071552,0,0
1747112828,JermainacStudio.attlocal.net,JermainacStudio.attlocal.net,darwin,549,1,assistant_cdmd,/System/Library/PrivateFrameworks/ContinuousDialogManagerService.framework/assistant_cdmd,0.0,11976704,0,0
1747112828,JermainacStudio.attlocal.net,JermainacStudio.attlocal.net,darwin,417,1,cfprefsd,/usr/sbin/cfprefsd agent,0.0,8323072,0,0
1747112828,JermainacStudio.attlocal.net,JermainacStudio.attlocal.net,darwin,556,1,com.apple.dock.extra,/System/Library/CoreServices/Dock.app/Contents/XPCServices/com.apple.dock.extra.xpc/Contents/MacOS/com.apple.dock.extra,0.0,38600704,0,0
1747112828,JermainacStudio.attlocal.net,JermainacStudio.attlocal.net,darwin,559,1,com.apple.geod,/System/Library/PrivateFrameworks/GeoServices.framework/Versions/A/XPCServices/com.apple.geod.xpc/Contents/MacOS/com.apple.geod,0.0,27377664,0,0
1747112833,JermainacStudio.attlocal.net,JermainacStudio.attlocal.net,darwin,13388,1,OSDUIHelper,/System/Library/CoreServices/OSDUIHelper.app/Contents/MacOS/OSDUIHelper,0.0,21905408,0,0
1747112833,JermainacStudio.attlocal.net,JermainacStudio.attlocal.net,darwin,569,1,mediaremoteagent,/System/Library/PrivateFrameworks/MediaRemote.framework/Support/mediaremoteagent,0.0,7372800,0,0
1747112833,JermainacStudio.attlocal.net,JermainacStudio.attlocal.net,darwin,953,1,WardaSynthesizer_x86_64,"/System/Library/PrivateFrameworks/MacinTalk.framework/Versions/A/PlugIns/WardaSynthesizer_x86_64.appex/Contents/MacOS/WardaSynthesizer_x86_64 -AppleLanguages (""en-US"")",0.0,1638400,0,0
1747112833,JermainacStudio.attlocal.net,JermainacStudio.attlocal.net,darwin,568,1,passd,/System/Library/PrivateFrameworks/PassKitCore.framework/passd,0.0,26558464,0,0
1747112833,JermainacStudio.attlocal.net,JermainacStudio.attlocal.net,darwin,684,1,XProtectPluginService,/Library/Apple/System/Library/CoreServices/XProtect.app/Contents/XPCServices/XProtectPluginService.xpc/Contents/MacOS/XProtectPluginService,0.0,8683520,0,0
1747112833,JermainacStudio.attlocal.net,JermainacStudio.attlocal.net,darwin,5380,1,AccountSubscriber,/System/Library/PrivateFrameworks/RemoteManagement.framework/XPCServices/AccountSubscriber.xpc/Contents/MacOS/AccountSubscriber,0.0,12058624,0,0
1747112833,JermainacStudio.attlocal.net,JermainacStudio.attlocal.net,darwin,16152,1,VTDecoderXPCService,/System/Library/Frameworks/VideoToolbox.framework/Versions/A/XPCServices/VTDecoderXPCService.xpc/Contents/MacOS/VTDecoderXPCService,0.0,8978432,0,0
1747112833,JermainacStudio.attlocal.net,JermainacStudio.attlocal.net,darwin,939,930,Code Helper,"/private/var/folders/1g/wqnrzxcn43z2sgcvgbtwy28r0000gn/T/AppTranslocation/8A9296ED-5E59-48DB-8C5E-73613FABA55F/d/Visual Studio Code.app/Contents/Frameworks/Code Helper.app/Contents/MacOS/Code Helper --type=utility --utility-sub-type=network.mojom.NetworkService --lang=en-US --service-sandbox-type=network --user-data-dir=/Users/jermainebaker/Library/Application Support/Code --standard-schemes=vscode-webview,vscode-file --enable-sandbox --secure-schemes=vscode-webview,vscode-file --bypasscsp-schemes --cors-schemes=vscode-webview,vscode-file --fetch-schemes=vscode-webview,vscode-file --service-worker-schemes=vscode-webview --streaming-schemes --shared-files --field-trial-handle=1718379636,r,1996932021323151898,3353136425956139680,131072 --disable-features=CalculateNativeWinOcclusion,SpareRendererForSitePerProcess --seatbelt-client=39",0.0,24707072,0,0
1747112833,JermainacStudio.attlocal.net,JermainacStudio.attlocal.net,darwin,5337,1,devicecheckd,/System/Library/PrivateFrameworks/DeviceCheckInternal.framework/devicecheckd,0.0,4177920,0,0
1747112838,JermainacStudio.attlocal.net,JermainacStudio.attlocal.net,darwin,641,1,SafariNotificationAgent,/System/Cryptexes/App/usr/libexec/SafariNotificationAgent,0.0,10633216,0,0
1747112838,JermainacStudio.attlocal.net,JermainacStudio.attlocal.net,darwin,967,1,com.apple.SiriTTSService.TrialProxy,/System/Library/PrivateFrameworks/SiriTTSService.framework/Versions/A/XPCServices/com.apple.SiriTTSService.TrialProxy.xpc/Contents/MacOS/com.apple.SiriTTSService.TrialProxy,0.0,6340608,0,0
1747112838,JermainacStudio.attlocal.net,JermainacStudio.attlocal.net,darwin,16080,1,com.apple.audio.SandboxHelper,/System/Library/Frameworks/AudioToolbox.framework/XPCServices/com.apple.audio.SandboxHelper.xpc/Contents/MacOS/com.apple.audio.SandboxHelper,0.0,4833280,0,0
1747112838,JermainacStudio.attlocal.net,JermainacStudio.attlocal.net,darwin,15269,1,storekitagent,/System/Library/Frameworks/StoreKit.framework/Support/storekitagent,0.0,26968064,0,0
1747112838,JermainacStudio.attlocal.net,JermainacStudio.attlocal.net,darwin,2951,1,MessagesBlastDoorService,/System/Library/PrivateFrameworks/MessagesBlastDoorSupport.framework/Versions/A/XPCServices/MessagesBlastDoorService.xpc/Contents/MacOS/MessagesBlastDoorService,0.0,83771392,0,0
1747112838,JermainacStudio.attlocal.net,JermainacStudio.attlocal.net,darwin,482,1,triald,/usr/libexec/triald,0.0,13418496,0,0
1747112838,JermainacStudio.attlocal.net,JermainacStudio.attlocal.net,darwin,534,1,replayd,/usr/libexec/replayd,0.0,13156352,0,0
1747112838,JermainacStudio.attlocal.net,JermainacStudio.attlocal.net,darwin,662,1,com.apple.appkit.xpc.openAndSavePanelService,/System/Library/Frameworks/AppKit.framework/Versions/C/XPCServices/com.apple.appkit.xpc.openAndSavePanelService.xpc/Contents/MacOS/com.apple.appkit.xpc.openAndSavePanelService,0.0,36487168,0,0
1747112838,JermainacStudio.attlocal.net,JermainacStudio.attlocal.net,darwin,955,1,com.apple.audio.SandboxHelper,/System/Library/Frameworks/AudioToolbox.framework/XPCServices/com.apple.audio.SandboxHelper.xpc/Contents/MacOS/com.apple.audio.SandboxHelper,0.0,3817472,0,0
1747112838,JermainacStudio.attlocal.net,JermainacStudio.attlocal.net,darwin,536,1,suggestd,/System/Library/PrivateFrameworks/CoreSuggestions.framework/Versions/A/Support/suggestd,0.0,102318080,0,0
1747112838,JermainacStudio.attlocal.net,JermainacStudio.attlocal.net,darwin,563,1,sirittsd,/System/Library/PrivateFrameworks/SiriTTSService.framework/sirittsd,0.0,9715712,0,0
1747112843,JermainacStudio.attlocal.net,JermainacStudio.attlocal.net,darwin,2521,1,com.apple.CloudPhotosConfiguration,/System/Library/PrivateFrameworks/CloudPhotoServices.framework/Versions/A/XPCServices/com.apple.CloudPhotosConfiguration.xpc/Contents/MacOS/com.apple.CloudPhotosConfiguration,0.0,17580032,0,0
1747112843,JermainacStudio.attlocal.net,JermainacStudio.attlocal.net,darwin,13388,1,OSDUIHelper,/System/Library/CoreServices/OSDUIHelper.app/Contents/MacOS/OSDUIHelper,0.0,21905408,0,0
1747112843,JermainacStudio.attlocal.net,JermainacStudio.attlocal.net,darwin,437,1,ControlCenter,/System/Library/CoreServices/ControlCenter.app/Contents/MacOS/ControlCenter,0.0,71057408,0,0
1747112843,JermainacStudio.attlocal.net,JermainacStudio.attlocal.net,darwin,480,1,ndoagent,/System/Library/PrivateFrameworks/NewDeviceOutreach.framework/ndoagent,0.0,14860288,0,0
1747112843,JermainacStudio.attlocal.net,JermainacStudio.attlocal.net,darwin,525,1,NotificationCenter,/System/Library/CoreServices/NotificationCenter.app/Contents/MacOS/NotificationCenter,0.0,60932096,0,0
1747112843,JermainacStudio.attlocal.net,JermainacStudio.attlocal.net,darwin,2898,1,MessagesBlastDoorService,/System/Library/PrivateFrameworks/MessagesBlastDoorSupport.framework/Versions/A/XPCServices/MessagesBlastDoorService.xpc/Contents/MacOS/MessagesBlastDoorService,0.0,7585792,0,0
1747112843,JermainacStudio.attlocal.net,JermainacStudio.attlocal.net,darwin,4136,1,com.apple.siri-distributed-evaluation,/System/Library/PrivateFrameworks/DistributedEvaluation.framework/Versions/A/XPCServices/com.apple.siri-distributed-evaluation.xpc/Contents/MacOS/com.apple.siri-distributed-evaluation,0.0,7733248,0,0
1747112848,JermainacStudio.attlocal.net,JermainacStudio.attlocal.net,darwin,5433,1,AMPArtworkAgent,/System/Library/PrivateFrameworks/AMPLibrary.framework/Versions/A/Support/AMPArtworkAgent --launchd,0.0,36896768,0,0
1747112848,JermainacStudio.attlocal.net,JermainacStudio.attlocal.net,darwin,986,930,Code Helper (Plugin),"/private/var/folders/1g/wqnrzxcn43z2sgcvgbtwy28r0000gn/T/AppTranslocation/8A9296ED-5E59-48DB-8C5E-73613FABA55F/d/Visual Studio Code.app/Contents/Frameworks/Code Helper (Plugin).app/Contents/MacOS/Code Helper (Plugin) --type=utility --utility-sub-type=node.mojom.NodeService --lang=en-US --service-sandbox-type=none --inspect-port=0 --user-data-dir=/Users/jermainebaker/Library/Application Support/Code --standard-schemes=vscode-webview,vscode-file --enable-sandbox --secure-schemes=vscode-webview,vscode-file --bypasscsp-schemes --cors-schemes=vscode-webview,vscode-file --fetch-schemes=vscode-webview,vscode-file --service-worker-schemes=vscode-webview --streaming-schemes --shared-files --field-trial-handle=1718379636,r,1996932021323151898,3353136425956139680,131072 --disable-features=CalculateNativeWinOcclusion,SpareRendererForSitePerProcess",0.1,481509376,6,0
1747112848,JermainacStudio.attlocal.net,JermainacStudio.attlocal.net,darwin,512,1,AMPDeviceDiscoveryAgent,/System/Library/PrivateFrameworks/AMPDevices.framework/Versions/A/Support/AMPDeviceDiscoveryAgent --launchd,0.0,10158080,0,0
1747112848,JermainacStudio.attlocal.net,JermainacStudio.attlocal.net,darwin,14315,14299,node,node /Users/jermainebaker/EDR-platform/dashboard/node_modules/.bin/vite,0.0,132284416,0,0
1747112848,JermainacStudio.attlocal.net,JermainacStudio.attlocal.net,darwin,440,1,trustd,/usr/libexec/trustd --agent,0.0,19333120,0,0
1747112848,JermainacStudio.attlocal.net,JermainacStudio.attlocal.net,darwin,14316,14315,esbuild,/Users/jermainebaker/EDR-platform/dashboard/node_modules/@esbuild/darwin-arm64/bin/esbuild --service=0.25.2 --ping,0.1,18759680,0,0
1747112848,JermainacStudio.attlocal.net,JermainacStudio.attlocal.net,darwin,520,1,sharingd,/usr/libexec/sharingd,0.0,37552128,0,0
1747112848,JermainacStudio.attlocal.net,JermainacStudio.attlocal.net,darwin,643,1,contentlinkingd,/System/Library/PrivateFrameworks/Synapse.framework/Support/contentlinkingd,0.0,14254080,0,0
1747112853,JermainacStudio.attlocal.net,JermainacStudio.attlocal.net,darwin,937,1,MTLAssetUpgraderD,/usr/libexec/MTLAssetUpgraderD,0.0,13172736,0,0
1747112853,JermainacStudio.attlocal.net,JermainacStudio.attlocal.net,darwin,440,1,trustd,/usr/libexec/trustd --agent,0.2,19513344,0,0
1747112853,JermainacStudio.attlocal.net,JermainacStudio.attlocal.net,darwin,5336,1,SiriCoreMetricsWorker,/System/Library/ExtensionKit/Extensions/SiriCoreMetricsWorker.appex/Contents/MacOS/SiriCoreMetricsWorker,0.0,12730368,0,0
1747112853,JermainacStudio.attlocal.net,JermainacStudio.attlocal.net,darwin,438,1,ContextStoreAgent,/System/Library/PrivateFrameworks/CoreDuetContext.framework/Resources/ContextStoreAgent,0.0,29212672,0,0
1747112853,JermainacStudio.attlocal.net,JermainacStudio.attlocal.net,darwin,542,1,localizationswitcherd,/System/Library/PrivateFrameworks/IntlPreferences.framework/Support/localizationswitcherd,0.0,8257536,0,0
1747112853,JermainacStudio.attlocal.net,JermainacStudio.attlocal.net,darwin,649,1,StocksWidget,/System/Applications/Stocks.app/Contents/PlugIns/StocksWidget.appex/Contents/MacOS/StocksWidget,0.0,33783808,0,0
1747112853,JermainacStudio.attlocal.net,JermainacStudio.attlocal.net,darwin,16123,1,VisualizerService,/System/Applications/Music.app/Contents/XPCServices/VisualizerService.xpc/Contents/MacOS/VisualizerService,0.0,20512768,0,0
1747112858,JermainacStudio.attlocal.net,JermainacStudio.attlocal.net,darwin,581,1,com.apple.Safari.SearchHelper,/System/Library/PrivateFrameworks/SafariShared.framework/Versions/A/XPCServices/com.apple.Safari.SearchHelper.xpc/Contents/MacOS/com.apple.Safari.SearchHelper,0.0,21823488,0,0
1747112858,JermainacStudio.attlocal.net,JermainacStudio.attlocal.net,darwin,2898,1,MessagesBlastDoorService,/System/Library/PrivateFrameworks/MessagesBlastDoorSupport.framework/Versions/A/XPCServices/MessagesBlastDoorService.xpc/Contents/MacOS/MessagesBlastDoorService,0.0,7585792,0,0
1747112858,JermainacStudio.attlocal.net,JermainacStudio.attlocal.net,darwin,618,1,TextInputSwitcher,/System/Library/CoreServices/TextInputSwitcher.app/Contents/MacOS/TextInputSwitcher,0.0,19726336,0,0
1747112858,JermainacStudio.attlocal.net,JermainacStudio.attlocal.net,darwin,421,1,UserEventAgent,/usr/libexec/UserEventAgent (Aqua),0.0,21348352,0,0
1747112858,JermainacStudio.attlocal.net,JermainacStudio.attlocal.net,darwin,579,1,ReportCrash,/System/Library/CoreServices/ReportCrash agent,0.0,20463616,0,0
1747112858,JermainacStudio.attlocal.net,JermainacStudio.attlocal.net,darwin,940,930,Code Helper (Renderer),"/private/var/folders/1g/wqnrzxcn43z2sgcvgbtwy28r0000gn/T/AppTranslocation/8A9296ED-5E59-48DB-8C5E-73613FABA55F/d/Visual Studio Code.app/Contents/Frameworks/Code Helper (Renderer).app/Contents/MacOS/Code Helper (Renderer) --type=renderer --user-data-dir=/Users/jermainebaker/Library/Application Support/Code --standard-schemes=vscode-webview,vscode-file --enable-sandbox --secure-schemes=vscode-webview,vscode-file --bypasscsp-schemes --cors-schemes=vscode-webview,vscode-file --fetch-schemes=vscode-webview,vscode-file --service-worker-schemes=vscode-webview --streaming-schemes --app-path=/private/var/folders/1g/wqnrzxcn43z2sgcvgbtwy28r0000gn/T/AppTranslocation/8A9296ED-5E59-48DB-8C5E-73613FABA55F/d/Visual Studio Code.app/Contents/Resources/app --enable-sandbox --enable-blink-features=HighlightAPI --first-renderer-process --lang=en-US --num-raster-threads=4 --enable-zero-copy --enable-gpu-memory-buffer-compositor-resources --enable-main-frame-before-activation --renderer-client-id=4 --time-ticks-at-unix-epoch=-1747039551578864 --launch-time-ticks=88000613 --shared-files --field-trial-handle=1718379636,r,1996932021323151898,3353136425956139680,131072 --disable-features=CalculateNativeWinOcclusion,SpareRendererForSitePerProcess --vscode-window-config=vscode:8078db25-8a55-43bb-a228-17fdcf3c5259 --seatbelt-client=53",2.9,336625664,0,0
1747112858,JermainacStudio.attlocal.net,JermainacStudio.attlocal.net,darwin,5573,1,mapssyncd,/System/Library/PrivateFrameworks/MapsSync.framework/mapssyncd,0.0,17940480,0,0
1747112858,JermainacStudio.attlocal.net,JermainacStudio.attlocal.net,darwin,8234,1,PlugInLibraryService,/System/Library/Frameworks/NetFS.framework/Versions/A/XPCServices/PlugInLibraryService.xpc/Contents/MacOS/PlugInLibraryService,0.0,2179072,0,0
1747112858,JermainacStudio.attlocal.net,JermainacStudio.attlocal.net,darwin,911,1,appstoreagent,/System/Library/PrivateFrameworks/AppStoreDaemon.framework/Support/appstoreagent,0.0,50659328,0,0
1747112863,JermainacStudio.attlocal.net,JermainacStudio.attlocal.net,darwin,580,1,bluetoothuserd,/usr/libexec/bluetoothuserd,0.0,17104896,0,0
1747112863,JermainacStudio.attlocal.net,JermainacStudio.attlocal.net,darwin,533,1,followupd,/System/Library/PrivateFrameworks/CoreFollowUp.framework/Versions/A/Support/followupd,0.0,13254656,0,0
1747112863,JermainacStudio.attlocal.net,JermainacStudio.attlocal.net,darwin,14222,1,com.apple.WebKit.WebContent,/System/Library/Frameworks/WebKit.framework/Versions/A/XPCServices/com.apple.WebKit.WebContent.xpc/Contents/MacOS/com.apple.WebKit.WebContent,0.0,188628992,0,0
1747112863,JermainacStudio.attlocal.net,JermainacStudio.attlocal.net,darwin,953,1,WardaSynthesizer_x86_64,"/System/Library/PrivateFrameworks/MacinTalk.framework/Versions/A/PlugIns/WardaSynthesizer_x86_64.appex/Contents/MacOS/WardaSynthesizer_x86_64 -AppleLanguages (""en-US"")",0.0,1638400,0,0
1747112863,JermainacStudio.attlocal.net,JermainacStudio.attlocal.net,darwin,5573,1,mapssyncd,/System/Library/PrivateFrameworks/MapsSync.framework/mapssyncd,0.0,17940480,0,0
1747112863,JermainacStudio.attlocal.net,JermainacStudio.attlocal.net,darwin,2951,1,MessagesBlastDoorService,/System/Library/PrivateFrameworks/MessagesBlastDoorSupport.framework/Versions/A/XPCServices/MessagesBlastDoorService.xpc/Contents/MacOS/MessagesBlastDoorService,0.0,83771392,0,0
1747112863,JermainacStudio.attlocal.net,JermainacStudio.attlocal.net,darwin,16120,1,Music,/System/Applications/Music.app/Contents/MacOS/Music,0.6,257589248,0,0
1747112863,JermainacStudio.attlocal.net,JermainacStudio.attlocal.net,darwin,1278,1,extensionkitservice,/System/Library/Frameworks/ExtensionFoundation.framework/Versions/A/XPCServices/extensionkitservice.xpc/Contents/MacOS/extensionkitservice,0.0,6012928,0,0
1747112863,JermainacStudio.attlocal.net,JermainacStudio.attlocal.net,darwin,441,1,gamecontrolleragentd,/usr/libexec/gamecontrolleragentd,0.0,7618560,0,0
1747112869,JermainacStudio.attlocal.net,JermainacStudio.attlocal.net,darwin,969,930,Code Helper,"/private/var/folders/1g/wqnrzxcn43z2sgcvgbtwy28r0000gn/T/AppTranslocation/8A9296ED-5E59-48DB-8C5E-73613FABA55F/d/Visual Studio Code.app/Contents/Frameworks/Code Helper.app/Contents/MacOS/Code Helper --type=utility --utility-sub-type=node.mojom.NodeService --lang=en-US --service-sandbox-type=none --user-data-dir=/Users/jermainebaker/Library/Application Support/Code --standard-schemes=vscode-webview,vscode-file --enable-sandbox --secure-schemes=vscode-webview,vscode-file --bypasscsp-schemes --cors-schemes=vscode-webview,vscode-file --fetch-schemes=vscode-webview,vscode-file --service-worker-schemes=vscode-webview --streaming-schemes --shared-files --field-trial-handle=1718379636,r,1996932021323151898,3353136425956139680,131072 --disable-features=CalculateNativeWinOcclusion,SpareRendererForSitePerProcess",0.0,62373888,0,0
1747112869,JermainacStudio.attlocal.net,JermainacStudio.attlocal.net,darwin,12963,966,zsh,/bin/zsh -il,0.0,2752512,0,0
1747112869,JermainacStudio.attlocal.net,JermainacStudio.attlocal.net,darwin,17398,1,com.apple.WebKit.WebContent,/System/Library/Frameworks/WebKit.framework/Versions/A/XPCServices/com.apple.WebKit.WebContent.xpc/Contents/MacOS/com.apple.WebKit.WebContent,0.1,189710336,0,0
1747112869,JermainacStudio.attlocal.net,JermainacStudio.attlocal.net,darwin,1111,1,loginitemregisterd,/usr/libexec/loginitemregisterd,0.0,4997120,0,0
1747112869,JermainacStudio.attlocal.net,JermainacStudio.attlocal.net,darwin,1665,1,VTDecoderXPCService,/System/Library/Frameworks/VideoToolbox.framework/Versions/A/XPCServices/VTDecoderXPCService.xpc/Contents/MacOS/VTDecoderXPCService,0.0,6356992,0,0
1747112869,JermainacStudio.attlocal.net,JermainacStudio.attlocal.net,darwin,645,1,CalendarWidgetExtension,/System/Applications/Calendar.app/Contents/PlugIns/CalendarWidgetExtension.appex/Contents/MacOS/CalendarWidgetExtension,0.0,31637504,0,0
1747112869,JermainacStudio.attlocal.net,JermainacStudio.attlocal.net,darwin,623,1,amsengagementd,/System/Library/PrivateFrameworks/AppleMediaServicesUI.framework/amsengagementd,0.0,34947072,0,0
1747112869,JermainacStudio.attlocal.net,JermainacStudio.attlocal.net,darwin,432,1,BackgroundTaskManagementAgent,/System/Library/PrivateFrameworks/BackgroundTaskManagement.framework/Support/BackgroundTaskManagementAgent.app/Contents/MacOS/BackgroundTaskManagementAgent,0.0,16203776,0,0
1747112869,JermainacStudio.attlocal.net,JermainacStudio.attlocal.net,darwin,561,1,cdpd,/System/Library/PrivateFrameworks/CoreCDP.framework/Versions/A/Resources/cdpd,0.0,14434304,0,0
1747112869,JermainacStudio.attlocal.net,JermainacStudio.attlocal.net,darwin,634,1,com.apple.WebKit.GPU,/System/Library/Frameworks/WebKit.framework/Versions/A/XPCServices/com.apple.WebKit.GPU.xpc/Contents/MacOS/com.apple.WebKit.GPU,0.2,211894272,0,0
1747112874,JermainacStudio.attlocal.net,JermainacStudio.attlocal.net,darwin,657,1,ScreenTimeWidgetExtension,/System/Library/CoreServices/Screen Time.app/Contents/PlugIns/ScreenTimeWidgetExtension.appex/Contents/MacOS/ScreenTimeWidgetExtension,0.0,54280192,0,0
1747112874,JermainacStudio.attlocal.net,JermainacStudio.attlocal.net,darwin,571,1,Keychain Circle Notification,/System/Library/CoreServices/Keychain Circle Notification.app/Contents/MacOS/Keychain Circle Notification,0.0,19415040,0,0
1747112874,JermainacStudio.attlocal.net,JermainacStudio.attlocal.net,darwin,2899,1,com.apple.audio.SandboxHelper,/System/Library/Frameworks/AudioToolbox.framework/XPCServices/com.apple.audio.SandboxHelper.xpc/Contents/MacOS/com.apple.audio.SandboxHelper,0.0,3817472,0,0
1747112874,JermainacStudio.attlocal.net,JermainacStudio.attlocal.net,darwin,2532,1,com.apple.BKAgentService,/System/Library/PrivateFrameworks/BookKit.framework/Versions/A/XPCServices/com.apple.BKAgentService.xpc/Contents/MacOS/com.apple.BKAgentService,0.0,9273344,0,0
1747112874,JermainacStudio.attlocal.net,JermainacStudio.attlocal.net,darwin,925,1,reversetemplated,/System/Library/PrivateFrameworks/CoreSuggestions.framework/Versions/A/Support/reversetemplated,0.0,14548992,0,0
1747112874,JermainacStudio.attlocal.net,JermainacStudio.attlocal.net,darwin,15171,1,destinationd,/System/Library/CoreServices/destinationd,0.0,24592384,0,0
1747112874,JermainacStudio.attlocal.net,JermainacStudio.attlocal.net,darwin,644,1,commerce,/System/Library/PrivateFrameworks/CommerceKit.framework/Versions/A/Resources/commerce,0.0,18382848,0,0
1747112874,JermainacStudio.attlocal.net,JermainacStudio.attlocal.net,darwin,15200,1,storeuid,/System/Library/PrivateFrameworks/CommerceKit.framework/Versions/A/Resources/storeuid.app/Contents/MacOS/storeuid,0.0,21741568,0,0
1747112874,JermainacStudio.attlocal.net,JermainacStudio.attlocal.net,darwin,2951,1,MessagesBlastDoorService,/System/Library/PrivateFrameworks/MessagesBlastDoorSupport.framework/Versions/A/XPCServices/MessagesBlastDoorService.xpc/Contents/MacOS/MessagesBlastDoorService,0.0,83771392,0,0
1747112874,JermainacStudio.attlocal.net,JermainacStudio.attlocal.net,darwin,5372,1,SecuritySubscriber,/System/Library/PrivateFrameworks/RemoteManagement.framework/XPCServices/SecuritySubscriber.xpc/Contents/MacOS/SecuritySubscriber,0.0,6586368,0,0
1747112874,JermainacStudio.attlocal.net,JermainacStudio.attlocal.net,darwin,961,1,voicebankingd,/System/Library/PrivateFrameworks/TextToSpeechVoiceBankingSupport.framework/Support/voicebankingd,0.0,17186816,0,0
1747112874,JermainacStudio.attlocal.net,JermainacStudio.attlocal.net,darwin,439,1,secd,/usr/libexec/secd,0.6,28803072,0,0
1747112879,JermainacStudio.attlocal.net,JermainacStudio.attlocal.net,darwin,581,1,com.apple.Safari.SearchHelper,/System/Library/PrivateFrameworks/SafariShared.framework/Versions/A/XPCServices/com.apple.Safari.SearchHelper.xpc/Contents/MacOS/com.apple.Safari.SearchHelper,0.0,21938176,0,0
1747112879,JermainacStudio.attlocal.net,JermainacStudio.attlocal.net,darwin,962,1,com.apple.audio.SandboxHelper,/System/Library/Frameworks/AudioToolbox.framework/XPCServices/com.apple.audio.SandboxHelper.xpc/Contents/MacOS/com.apple.audio.SandboxHelper,0.0,3801088,0,0
1747112879,JermainacStudio.attlocal.net,JermainacStudio.attlocal.net,darwin,17848,1144,python3.11,python scripts/collect_benign_telemetry.py,1.2,61227008,0,0
1747112879,JermainacStudio.attlocal.net,JermainacStudio.attlocal.net,darwin,542,1,localizationswitcherd,/System/Library/PrivateFrameworks/IntlPreferences.framework/Support/localizationswitcherd,0.0,8257536,0,0
1747112879,JermainacStudio.attlocal.net,JermainacStudio.attlocal.net,darwin,17945,17933,Steam Helper,"/Users/jermainebaker/Library/Application Support/Steam/Steam.AppBundle/Steam/Contents/Frameworks/Steam Helper.app/Contents/MacOS/Steam Helper -nocrashdialog -lang=en_US -cachedir=/Users/jermainebaker/Library/Application Support/Steam/config/htmlcache -steampid=17933 -buildid=1745876290 -steamid=0 -logdir=/Users/jermainebaker/Library/Application Support/Steam/logs -uimode=7 -startcount=0 -steamuniverse=Public -realm=Global -clientui=/Users/jermainebaker/Library/Application Support/Steam/Steam.AppBundle/Steam/Contents/MacOS/clientui -steampath=/Users/jermainebaker/Library/Application Support/Steam/Steam.AppBundle/Steam/Contents/MacOS/steam_osx -launcher=0 -delaypageload --valve-initial-threadpool-size=20 --valve-enable-site-isolation --enable-smooth-scrolling --log-file=/Users/jermainebaker/Library/Application Support/Steam/logs/cef_log.txt --disable-quick-menu --enable-features=PlatformHEVCDecoderSupport --disable-features=SpareRendererForSitePerProcess,DcheckIsFatal,ValveFFmpegAllowLowDelayHEVC",11.4,197087232,0,0
1747112879,JermainacStudio.attlocal.net,JermainacStudio.attlocal.net,darwin,1235,1,installerauthagent,/System/Library/PrivateFrameworks/IASUtilities.framework/Versions/A/Resources/installerauthagent,0.0,3293184,0,0
1747112879,JermainacStudio.attlocal.net,JermainacStudio.attlocal.net,darwin,470,1,tccd,/System/Library/PrivateFrameworks/TCC.framework/Support/tccd,0.1,16695296,0,0
1747112879,JermainacStudio.attlocal.net,JermainacStudio.attlocal.net,darwin,938,1,VTDecoderXPCService,/System/Library/Frameworks/VideoToolbox.framework/Versions/A/XPCServices/VTDecoderXPCService.xpc/Contents/MacOS/VTDecoderXPCService,0.0,6537216,0,0
1747112884,JermainacStudio.attlocal.net,JermainacStudio.attlocal.net,darwin,1324,1,AppleSpell,/System/Library/Services/AppleSpell.service/Contents/MacOS/AppleSpell,0.1,248872960,0,0
1747112884,JermainacStudio.attlocal.net,JermainacStudio.attlocal.net,darwin,524,1,SafariBookmarksSyncAgent,/System/Cryptexes/App/System/Library/CoreServices/SafariSupport.bundle/Contents/MacOS/SafariBookmarksSyncAgent,0.0,23543808,0,0
1747112884,JermainacStudio.attlocal.net,JermainacStudio.attlocal.net,darwin,596,1,askpermissiond,/System/Library/PrivateFrameworks/AskPermission.framework/Versions/A/Resources/askpermissiond,0.0,16171008,0,0
1747112884,JermainacStudio.attlocal.net,JermainacStudio.attlocal.net,darwin,1627,1,searchpartyuseragent,/usr/libexec/searchpartyuseragent,0.2,37847040,0,0
1747112884,JermainacStudio.attlocal.net,JermainacStudio.attlocal.net,darwin,514,1,akd,/System/Library/PrivateFrameworks/AuthKit.framework/Versions/A/Support/akd,0.1,27836416,0,0
1747112884,JermainacStudio.attlocal.net,JermainacStudio.attlocal.net,darwin,17990,1,mdworker_shared,/System/Library/Frameworks/CoreServices.framework/Frameworks/Metadata.framework/Versions/A/Support/mdworker_shared -s mdworker -c MDSImporterWorker -m com.apple.mdworker.shared,0.1,19333120,0,0
1747112884,JermainacStudio.attlocal.net,JermainacStudio.attlocal.net,darwin,652,1,WiFiVelocityAgent,/usr/libexec/WiFiVelocityAgent,0.0,4030464,0,0
1747112884,JermainacStudio.attlocal.net,JermainacStudio.attlocal.net,darwin,2896,1,com.apple.audio.SandboxHelper,/System/Library/Frameworks/AudioToolbox.framework/XPCServices/com.apple.audio.SandboxHelper.xpc/Contents/MacOS/com.apple.audio.SandboxHelper,0.0,3817472,0,0
1747112884,JermainacStudio.attlocal.net,JermainacStudio.attlocal.net,darwin,473,1,syncdefaultsd,/System/Library/PrivateFrameworks/SyncedDefaults.framework/Support/syncdefaultsd,0.0,20250624,0,0
1747112889,JermainacStudio.attlocal.net,JermainacStudio.attlocal.net,darwin,534,1,replayd,/usr/libexec/replayd,0.0,13156352,0,0
1747112889,JermainacStudio.attlocal.net,JermainacStudio.attlocal.net,darwin,596,1,askpermissiond,/System/Library/PrivateFrameworks/AskPermission.framework/Versions/A/Resources/askpermissiond,0.0,16171008,0,0
1747112889,JermainacStudio.attlocal.net,JermainacStudio.attlocal.net,darwin,17891,17890,zsh,-zsh,0.0,3702784,0,0
1747112889,JermainacStudio.attlocal.net,JermainacStudio.attlocal.net,darwin,461,1,mobiletimerd,/System/Library/PrivateFrameworks/MobileTimer.framework/Executables/mobiletimerd,0.0,11010048,0,0
1747112889,JermainacStudio.attlocal.net,JermainacStudio.attlocal.net,darwin,924,1,QuickLookSatellite,/System/Library/Frameworks/QuickLook.framework/Versions/A/XPCServices/QuickLookSatellite.xpc/Contents/MacOS/QuickLookSatellite,0.0,43663360,0,0
1747112889,JermainacStudio.attlocal.net,JermainacStudio.attlocal.net,darwin,599,1,AirPlayUIAgent,/System/Library/CoreServices/AirPlayUIAgent.app/Contents/MacOS/AirPlayUIAgent --launchd,0.0,18153472,0,0
1747112889,JermainacStudio.attlocal.net,JermainacStudio.attlocal.net,darwin,476,1,accountsd,/System/Library/Frameworks/Accounts.framework/Versions/A/Support/accountsd,0.0,56836096,0,0
1747112894,JermainacStudio.attlocal.net,JermainacStudio.attlocal.net,darwin,16150,1,extensionkitservice,/System/Library/Frameworks/ExtensionFoundation.framework/Versions/A/XPCServices/extensionkitservice.xpc/Contents/MacOS/extensionkitservice,0.0,8028160,0,0
1747112894,JermainacStudio.attlocal.net,JermainacStudio.attlocal.net,darwin,16122,1,VisualizerService_x86,/System/Applications/Music.app/Contents/XPCServices/VisualizerService_x86.xpc/Contents/MacOS/VisualizerService_x86,0.0,8949760,0,0
1747112894,JermainacStudio.attlocal.net,JermainacStudio.attlocal.net,darwin,17761,1,com.apple.WebKit.WebContent,/System/Library/Frameworks/WebKit.framework/Versions/A/XPCServices/com.apple.WebKit.WebContent.xpc/Contents/MacOS/com.apple.WebKit.WebContent,0.0,72597504,0,0
1747112894,JermainacStudio.attlocal.net,JermainacStudio.attlocal.net,darwin,16218,1,FamilySettings,/System/Library/ExtensionKit/Extensions/FamilySettings.appex/Contents/MacOS/FamilySettings,0.0,45957120,0,0
1747112894,JermainacStudio.attlocal.net,JermainacStudio.attlocal.net,darwin,1631,1,com.apple.ColorSyncXPCAgent,/System/Library/Frameworks/ColorSync.framework/Versions/A/XPCServices/com.apple.ColorSyncXPCAgent.xpc/Contents/MacOS/com.apple.ColorSyncXPCAgent,0.0,3506176,0,0
1747112894,JermainacStudio.attlocal.net,JermainacStudio.attlocal.net,darwin,701,1,spindump_agent,/usr/libexec/spindump_agent,0.0,4997120,0,0
1747112894,JermainacStudio.attlocal.net,JermainacStudio.attlocal.net,darwin,1100,1,CategoriesService,/System/Library/PrivateFrameworks/Categories.framework/Versions/A/XPCServices/CategoriesService.xpc/Contents/MacOS/CategoriesService,0.0,13025280,0,0
1747112894,JermainacStudio.attlocal.net,JermainacStudio.attlocal.net,darwin,600,1,audioaccessoryd,/System/Library/CoreServices/audioaccessoryd,0.0,23904256,0,0
1747112899,JermainacStudio.attlocal.net,JermainacStudio.attlocal.net,darwin,970,930,Code Helper,"/private/var/folders/1g/wqnrzxcn43z2sgcvgbtwy28r0000gn/T/AppTranslocation/8A9296ED-5E59-48DB-8C5E-73613FABA55F/d/Visual Studio Code.app/Contents/Frameworks/Code Helper.app/Contents/MacOS/Code Helper --type=utility --utility-sub-type=node.mojom.NodeService --lang=en-US --service-sandbox-type=none --user-data-dir=/Users/jermainebaker/Library/Application Support/Code --standard-schemes=vscode-webview,vscode-file --enable-sandbox --secure-schemes=vscode-webview,vscode-file --bypasscsp-schemes --cors-schemes=vscode-webview,vscode-file --fetch-schemes=vscode-webview,vscode-file --service-worker-schemes=vscode-webview --streaming-schemes --shared-files --field-trial-handle=1718379636,r,1996932021323151898,3353136425956139680,131072 --disable-features=CalculateNativeWinOcclusion,SpareRendererForSitePerProcess",0.0,37322752,0,0
1747112899,JermainacStudio.attlocal.net,JermainacStudio.attlocal.net,darwin,967,1,com.apple.SiriTTSService.TrialProxy,/System/Library/PrivateFrameworks/SiriTTSService.framework/Versions/A/XPCServices/com.apple.SiriTTSService.TrialProxy.xpc/Contents/MacOS/com.apple.SiriTTSService.TrialProxy,0.0,6340608,0,0
1747112899,JermainacStudio.attlocal.net,JermainacStudio.attlocal.net,darwin,17916,1,PlugInLibraryService,/System/Library/Frameworks/NetFS.framework/Versions/A/XPCServices/PlugInLibraryService.xpc/Contents/MacOS/PlugInLibraryService,0.0,3620864,0,0
1747112899,JermainacStudio.attlocal.net,JermainacStudio.attlocal.net,darwin,938,1,VTDecoderXPCService,/System/Library/Frameworks/VideoToolbox.framework/Versions/A/XPCServices/VTDecoderXPCService.xpc/Contents/MacOS/VTDecoderXPCService,0.0,6537216,0,0
1747112899,JermainacStudio.attlocal.net,JermainacStudio.attlocal.net,darwin,954,1,WardaSynthesizer_arm64,"/System/Library/PrivateFrameworks/MacinTalk.framework/Versions/A/PlugIns/WardaSynthesizer_arm64.appex/Contents/MacOS/WardaSynthesizer_arm64 -AppleLanguages (""en-US"")",0.0,7159808,0,0
1747112899,JermainacStudio.attlocal.net,JermainacStudio.attlocal.net,darwin,1111,1,loginitemregisterd,/usr/libexec/loginitemregisterd,0.0,4997120,0,0
1747112899,JermainacStudio.attlocal.net,JermainacStudio.attlocal.net,darwin,568,1,passd,/System/Library/PrivateFrameworks/PassKitCore.framework/passd,0.0,27377664,0,0
1747112899,JermainacStudio.attlocal.net,JermainacStudio.attlocal.net,darwin,17995,1,mdworker_shared,/System/Library/Frameworks/CoreServices.framework/Frameworks/Metadata.framework/Versions/A/Support/mdworker_shared -s mdworker -c MDSImporterWorker -m com.apple.mdworker.shared,0.2,22331392,0,0
1747112899,JermainacStudio.attlocal.net,JermainacStudio.attlocal.net,darwin,580,1,bluetoothuserd,/usr/libexec/bluetoothuserd,0.0,17252352,0,0
1747112904,JermainacStudio.attlocal.net,JermainacStudio.attlocal.net,darwin,16141,1,News,/System/Applications/News.app/Contents/MacOS/News,0.0,449200128,6,0
1747112904,JermainacStudio.attlocal.net,JermainacStudio.attlocal.net,darwin,16151,1,UtilityExtension_catalyst,/System/iOSSupport/System/Library/PrivateFrameworks/AppleMediaServicesUI.framework/PlugIns/UtilityExtension_catalyst.appex/Contents/MacOS/UtilityExtension_catalyst,0.0,33685504,0,0
1747112904,JermainacStudio.attlocal.net,JermainacStudio.attlocal.net,darwin,2895,1,MobileSMSSpotlightImporterCatalyst,"/System/Applications/Messages.app/Contents/PlugIns/MobileSMSSpotlightImporterCatalyst.appex/Contents/MacOS/MobileSMSSpotlightImporterCatalyst -AppleLanguages (""en-US"")",0.0,15253504,0,0
1747112904,JermainacStudio.attlocal.net,JermainacStudio.attlocal.net,darwin,5366,1,MetricsExtension,/System/Library/ExtensionKit/Extensions/MetricsExtension.appex/Contents/MacOS/MetricsExtension,0.0,8814592,0,0
1747112904,JermainacStudio.attlocal.net,JermainacStudio.attlocal.net,darwin,16122,1,VisualizerService_x86,/System/Applications/Music.app/Contents/XPCServices/VisualizerService_x86.xpc/Contents/MacOS/VisualizerService_x86,0.0,8949760,0,0
1747112904,JermainacStudio.attlocal.net,JermainacStudio.attlocal.net,darwin,4856,1,com.apple.audio.SandboxHelper,/System/Library/Frameworks/AudioToolbox.framework/XPCServices/com.apple.audio.SandboxHelper.xpc/Contents/MacOS/com.apple.audio.SandboxHelper,0.0,3817472,0,0
1747112904,JermainacStudio.attlocal.net,JermainacStudio.attlocal.net,darwin,565,1,UIKitSystem,/System/Library/CoreServices/UIKitSystem.app/Contents/MacOS/UIKitSystem system_app_start,0.0,33193984,0,0
1747112904,JermainacStudio.attlocal.net,JermainacStudio.attlocal.net,darwin,16211,1,Appearance,/System/Library/ExtensionKit/Extensions/Appearance.appex/Contents/MacOS/Appearance,0.0,46874624,0,0
1747112904,JermainacStudio.attlocal.net,JermainacStudio.attlocal.net,darwin,528,1,VTDecoderXPCService,/System/Library/Frameworks/VideoToolbox.framework/Versions/A/XPCServices/VTDecoderXPCService.xpc/Contents/MacOS/VTDecoderXPCService,0.0,7307264,0,0
1747112904,JermainacStudio.attlocal.net,JermainacStudio.attlocal.net,darwin,654,1,deleted,/System/Library/PrivateFrameworks/CacheDelete.framework/deleted,0.0,35602432,0,0
1747112909,JermainacStudio.attlocal.net,JermainacStudio.attlocal.net,darwin,484,1,financed,/System/Library/Frameworks/FinanceKit.framework/financed,0.0,18104320,0,0
1747112909,JermainacStudio.attlocal.net,JermainacStudio.attlocal.net,darwin,1297,1,PasswordBreachAgent,/System/Cryptexes/App/usr/libexec/PasswordBreachAgent,0.0,9093120,0,0
1747112909,JermainacStudio.attlocal.net,JermainacStudio.attlocal.net,darwin,443,1,APFSUserAgent,/System/Library/CoreServices/APFSUserAgent,0.0,6094848,0,0
1747112909,JermainacStudio.attlocal.net,JermainacStudio.attlocal.net,darwin,601,1,diagnostics_agent,/System/Library/CoreServices/diagnostics_agent,0.0,14974976,0,0
1747112909,JermainacStudio.attlocal.net,JermainacStudio.attlocal.net,darwin,16120,1,Music,/System/Applications/Music.app/Contents/MacOS/Music,0.6,254246912,0,0
1747112909,JermainacStudio.attlocal.net,JermainacStudio.attlocal.net,darwin,1235,1,installerauthagent,/System/Library/PrivateFrameworks/IASUtilities.framework/Versions/A/Resources/installerauthagent,0.0,3293184,0,0
1747112909,JermainacStudio.attlocal.net,JermainacStudio.attlocal.net,darwin,6546,1,com.apple.WebKit.WebContent,/System/Library/Frameworks/WebKit.framework/Versions/A/XPCServices/com.apple.WebKit.WebContent.xpc/Contents/MacOS/com.apple.WebKit.WebContent,0.2,4643733504,6,0
1747112909,JermainacStudio.attlocal.net,JermainacStudio.attlocal.net,darwin,940,930,Code Helper (Renderer),"/private/var/folders/1g/wqnrzxcn43z2sgcvgbtwy28r0000gn/T/AppTranslocation/8A9296ED-5E59-48DB-8C5E-73613FABA55F/d/Visual Studio Code.app/Contents/Frameworks/Code Helper (Renderer).app/Contents/MacOS/Code Helper (Renderer) --type=renderer --user-data-dir=/Users/jermainebaker/Library/Application Support/Code --standard-schemes=vscode-webview,vscode-file --enable-sandbox --secure-schemes=vscode-webview,vscode-file --bypasscsp-schemes --cors-schemes=vscode-webview,vscode-file --fetch-schemes=vscode-webview,vscode-file --service-worker-schemes=vscode-webview --streaming-schemes --app-path=/private/var/folders/1g/wqnrzxcn43z2sgcvgbtwy28r0000gn/T/AppTranslocation/8A9296ED-5E59-48DB-8C5E-73613FABA55F/d/Visual Studio Code.app/Contents/Resources/app --enable-sandbox --enable-blink-features=HighlightAPI --first-renderer-process --lang=en-US --num-raster-threads=4 --enable-zero-copy --enable-gpu-memory-buffer-compositor-resources --enable-main-frame-before-activation --renderer-client-id=4 --time-ticks-at-unix-epoch=-1747039551578864 --launch-time-ticks=88000613 --shared-files --field-trial-handle=1718379636,r,1996932021323151898,3353136425956139680,131072 --disable-features=CalculateNativeWinOcclusion,SpareRendererForSitePerProcess --vscode-window-config=vscode:8078db25-8a55-43bb-a228-17fdcf3c5259 --seatbelt-client=53",0.5,341852160,0,0
1747112909,JermainacStudio.attlocal.net,JermainacStudio.attlocal.net,darwin,619,1,Spotlight,/System/Library/CoreServices/Spotlight.app/Contents/MacOS/Spotlight,0.0,87343104,0,0
1747112914,JermainacStudio.attlocal.net,JermainacStudio.attlocal.net,darwin,16216,1,FollowUpSettingsExtension,/System/Library/ExtensionKit/Extensions/FollowUpSettingsExtension.appex/Contents/MacOS/FollowUpSettingsExtension,0.0,27721728,0,0
1747112914,JermainacStudio.attlocal.net,JermainacStudio.attlocal.net,darwin,938,1,VTDecoderXPCService,/System/Library/Frameworks/VideoToolbox.framework/Versions/A/XPCServices/VTDecoderXPCService.xpc/Contents/MacOS/VTDecoderXPCService,0.0,6537216,0,0
1747112914,JermainacStudio.attlocal.net,JermainacStudio.attlocal.net,darwin,553,1,webprivacyd,/System/Library/PrivateFrameworks/WebPrivacy.framework/webprivacyd,0.0,13565952,0,0
1747112914,JermainacStudio.attlocal.net,JermainacStudio.attlocal.net,darwin,17992,1,mdworker_shared,/System/Library/Frameworks/CoreServices.framework/Frameworks/Metadata.framework/Versions/A/Support/mdworker_shared -s mdworker -c MDSImporterWorker -m com.apple.mdworker.shared,0.0,19120128,0,0
1747112914,JermainacStudio.attlocal.net,JermainacStudio.attlocal.net,darwin,637,1,photolibraryd,/System/Library/PrivateFrameworks/PhotoLibraryServices.framework/Versions/A/Support/photolibraryd,0.0,51200000,0,0
1747112914,JermainacStudio.attlocal.net,JermainacStudio.attlocal.net,darwin,520,1,sharingd,/usr/libexec/sharingd,0.1,38092800,0,0
1747112914,JermainacStudio.attlocal.net,JermainacStudio.attlocal.net,darwin,602,1,TextInputMenuAgent,/System/Library/CoreServices/TextInputMenuAgent.app/Contents/MacOS/TextInputMenuAgent,0.0,21774336,0,0
1747112914,JermainacStudio.attlocal.net,JermainacStudio.attlocal.net,darwin,599,1,AirPlayUIAgent,/System/Library/CoreServices/AirPlayUIAgent.app/Contents/MacOS/AirPlayUIAgent --launchd,0.0,18153472,0,0
1747112914,JermainacStudio.attlocal.net,JermainacStudio.attlocal.net,darwin,1278,1,extensionkitservice,/System/Library/Frameworks/ExtensionFoundation.framework/Versions/A/XPCServices/extensionkitservice.xpc/Contents/MacOS/extensionkitservice,0.0,6012928,0,0
1747112914,JermainacStudio.attlocal.net,JermainacStudio.attlocal.net,darwin,968,1,com.apple.SiriTTSService.TrialProxy,/System/Library/PrivateFrameworks/SiriTTSService.framework/Versions/A/XPCServices/com.apple.SiriTTSService.TrialProxy.xpc/Contents/MacOS/com.apple.SiriTTSService.TrialProxy,0.0,6651904,0,0
1747112919,JermainacStudio.attlocal.net,JermainacStudio.attlocal.net,darwin,716,1,PlugInLibraryService,/System/Library/Frameworks/NetFS.framework/Versions/A/XPCServices/PlugInLibraryService.xpc/Contents/MacOS/PlugInLibraryService,0.0,2883584,0,0
1747112919,JermainacStudio.attlocal.net,JermainacStudio.attlocal.net,darwin,961,1,voicebankingd,/System/Library/PrivateFrameworks/TextToSpeechVoiceBankingSupport.framework/Support/voicebankingd,0.0,17186816,0,0
1747112919,JermainacStudio.attlocal.net,JermainacStudio.attlocal.net,darwin,9085,1,MessagesBlastDoorService,/System/Library/PrivateFrameworks/MessagesBlastDoorSupport.framework/Versions/A/XPCServices/MessagesBlastDoorService.xpc/Contents/MacOS/MessagesBlastDoorService,0.0,3440640,0,0
1747112919,JermainacStudio.attlocal.net,JermainacStudio.attlocal.net,darwin,605,1,amsaccountsd,/System/Library/PrivateFrameworks/AppleMediaServices.framework/Resources/amsaccountsd,0.0,22167552,0,0
1747112919,JermainacStudio.attlocal.net,JermainacStudio.attlocal.net,darwin,555,1,CarbonComponentScannerXPC,/System/Library/Frameworks/AudioToolbox.framework/XPCServices/CarbonComponentScannerXPC.xpc/Contents/MacOS/CarbonComponentScannerXPC,0.0,1744896,0,0
1747112919,JermainacStudio.attlocal.net,JermainacStudio.attlocal.net,darwin,599,1,AirPlayUIAgent,/System/Library/CoreServices/AirPlayUIAgent.app/Contents/MacOS/AirPlayUIAgent --launchd,0.0,18153472,0,0
1747112919,JermainacStudio.attlocal.net,JermainacStudio.attlocal.net,darwin,1627,1,searchpartyuseragent,/usr/libexec/searchpartyuseragent,0.1,37978112,0,0
1747112919,JermainacStudio.attlocal.net,JermainacStudio.attlocal.net,darwin,1279,1,CalendarFocusConfigurationExtension,/System/Applications/Calendar.app/Contents/Extensions/CalendarFocusConfigurationExtension.appex/Contents/MacOS/CalendarFocusConfigurationExtension,0.0,11649024,0,0
1747112924,JermainacStudio.attlocal.net,JermainacStudio.attlocal.net,darwin,16120,1,Music,/System/Applications/Music.app/Contents/MacOS/Music,0.5,254279680,0,0
1747112924,JermainacStudio.attlocal.net,JermainacStudio.attlocal.net,darwin,16324,1,com.apple.WebKit.WebContent,/System/Library/Frameworks/WebKit.framework/Versions/A/XPCServices/com.apple.WebKit.WebContent.xpc/Contents/MacOS/com.apple.WebKit.WebContent,0.0,281559040,0,0
1747112924,JermainacStudio.attlocal.net,JermainacStudio.attlocal.net,darwin,2899,1,com.apple.audio.SandboxHelper,/System/Library/Frameworks/AudioToolbox.framework/XPCServices/com.apple.audio.SandboxHelper.xpc/Contents/MacOS/com.apple.audio.SandboxHelper,0.0,3817472,0,0
1747112924,JermainacStudio.attlocal.net,JermainacStudio.attlocal.net,darwin,416,1,distnoted,/usr/sbin/distnoted agent,0.1,5963776,0,0
1747112924,JermainacStudio.attlocal.net,JermainacStudio.attlocal.net,darwin,594,1,icdd,/System/Library/Image Capture/Support/icdd,0.0,7389184,0,0
1747112924,JermainacStudio.attlocal.net,JermainacStudio.attlocal.net,darwin,1089,986,Code Helper (Plugin),/private/var/folders/1g/wqnrzxcn43z2sgcvgbtwy28r0000gn/T/AppTranslocation/8A9296ED-5E59-48DB-8C5E-73613FABA55F/d/Visual Studio Code.app/Contents/Frameworks/Code Helper (Plugin).app/Contents/MacOS/Code Helper (Plugin) --ms-enable-electron-run-as-node /Users/jermainebaker/.vscode/extensions/bradlc.vscode-tailwindcss-0.14.16/dist/tailwindServer.js --node-ipc --clientProcessId=986,0.0,49856512,5,0
1747112924,JermainacStudio.attlocal.net,JermainacStudio.attlocal.net,darwin,17966,1,AvatarPickerMemojiPicker,"/System/iOSSupport/System/Library/PrivateFrameworks/AvatarUI.framework/PlugIns/AvatarPickerMemojiPicker.appex/Contents/MacOS/AvatarPickerMemojiPicker -AppleLanguages (""en-US"")",0.0,68927488,0,0
1747112924,JermainacStudio.attlocal.net,JermainacStudio.attlocal.net,darwin,650,1,CSExattrCryptoService,/System/Library/PrivateFrameworks/CSExattrCrypto.framework/Versions/A/XPCServices/CSExattrCryptoService.xpc/Contents/MacOS/CSExattrCryptoService,0.0,4096000,0,0
1747112924,JermainacStudio.attlocal.net,JermainacStudio.attlocal.net,darwin,440,1,trustd,/usr/libexec/trustd --agent,0.0,23183360,0,0
1747112924,JermainacStudio.attlocal.net,JermainacStudio.attlocal.net,darwin,18009,1,mdworker_shared,/System/Library/Frameworks/CoreServices.framework/Frameworks/Metadata.framework/Versions/A/Support/mdworker_shared -s mdworker -c MDSImporterWorker -m com.apple.mdworker.shared,0.0,16269312,0,0
1747112924,JermainacStudio.attlocal.net,JermainacStudio.attlocal.net,darwin,494,1,appleaccountd,/usr/libexec/appleaccountd,0.0,16957440,0,0
1747112929,JermainacStudio.attlocal.net,JermainacStudio.attlocal.net,darwin,648,1,WeatherWidget,/System/Applications/Weather.app/Contents/PlugIns/WeatherWidget.appex/Contents/MacOS/WeatherWidget,0.0,28672000,0,0
1747112929,JermainacStudio.attlocal.net,JermainacStudio.attlocal.net,darwin,1221,1,DockHelper,/System/Library/CoreServices/Dock.app/Contents/XPCServices/DockHelper.xpc/Contents/MacOS/DockHelper,0.0,25821184,0,0
1747112929,JermainacStudio.attlocal.net,JermainacStudio.attlocal.net,darwin,473,1,syncdefaultsd,/System/Library/PrivateFrameworks/SyncedDefaults.framework/Support/syncdefaultsd,0.2,20561920,0,0
1747112929,JermainacStudio.attlocal.net,JermainacStudio.attlocal.net,darwin,534,1,replayd,/usr/libexec/replayd,0.0,13156352,0,0
1747112929,JermainacStudio.attlocal.net,JermainacStudio.attlocal.net,darwin,1127,1,SoftwareUpdateNotificationManager,/System/Library/PrivateFrameworks/SoftwareUpdate.framework/Resources/SoftwareUpdateNotificationManager.app/Contents/MacOS/SoftwareUpdateNotificationManager,0.0,22003712,0,0
1747112929,JermainacStudio.attlocal.net,JermainacStudio.attlocal.net,darwin,644,1,commerce,/System/Library/PrivateFrameworks/CommerceKit.framework/Versions/A/Resources/commerce,0.0,18382848,0,0
1747112929,JermainacStudio.attlocal.net,JermainacStudio.attlocal.net,darwin,954,1,WardaSynthesizer_arm64,"/System/Library/PrivateFrameworks/MacinTalk.framework/Versions/A/PlugIns/WardaSynthesizer_arm64.appex/Contents/MacOS/WardaSynthesizer_arm64 -AppleLanguages (""en-US"")",0.0,7159808,0,0
1747112929,JermainacStudio.attlocal.net,JermainacStudio.attlocal.net,darwin,4280,1,MTLCompilerService,/System/Library/Frameworks/Metal.framework/Versions/A/XPCServices/MTLCompilerService.xpc/Contents/MacOS/MTLCompilerService,0.0,4325376,0,0
1747112929,JermainacStudio.attlocal.net,JermainacStudio.attlocal.net,darwin,1276,1,weatherd,/System/Library/PrivateFrameworks/WeatherDaemon.framework/weatherd,0.0,10485760,0,0
1747112934,JermainacStudio.attlocal.net,JermainacStudio.attlocal.net,darwin,2464,1,AuthenticationServicesAgent,/System/Cryptexes/App/usr/libexec/AuthenticationServicesAgent,0.0,15204352,0,0
1747112934,JermainacStudio.attlocal.net,JermainacStudio.attlocal.net,darwin,458,1,corespotlightd,/System/Library/Frameworks/CoreServices.framework/Frameworks/Metadata.framework/Versions/A/Support/corespotlightd,0.2,158466048,0,0
1747112934,JermainacStudio.attlocal.net,JermainacStudio.attlocal.net,darwin,557,1,maild,/System/Library/PrivateFrameworks/EmailDaemon.framework/Versions/A/maild,0.0,17940480,0,0
1747112934,JermainacStudio.attlocal.net,JermainacStudio.attlocal.net,darwin,416,1,distnoted,/usr/sbin/distnoted agent,0.1,5996544,0,0
1747112934,JermainacStudio.attlocal.net,JermainacStudio.attlocal.net,darwin,17933,1,steam_osx,/Users/jermainebaker/Library/Application Support/Steam/Steam.AppBundle/Steam/Contents/MacOS/steam_osx -skipinitialbootstrap,1.0,85979136,0,0
1747112934,JermainacStudio.attlocal.net,JermainacStudio.attlocal.net,darwin,648,1,WeatherWidget,/System/Applications/Weather.app/Contents/PlugIns/WeatherWidget.appex/Contents/MacOS/WeatherWidget,0.0,28672000,0,0
1747112934,JermainacStudio.attlocal.net,JermainacStudio.attlocal.net,darwin,1256,1,com.apple.DictionaryServiceHelper,/System/Library/Frameworks/CoreServices.framework/Versions/A/Frameworks/DictionaryServices.framework/Versions/A/XPCServices/com.apple.DictionaryServiceHelper.xpc/Contents/MacOS/com.apple.DictionaryServiceHelper,0.0,2867200,0,0
1747112934,JermainacStudio.attlocal.net,JermainacStudio.attlocal.net,darwin,553,1,webprivacyd,/System/Library/PrivateFrameworks/WebPrivacy.framework/webprivacyd,0.0,13565952,0,0
1747112934,JermainacStudio.attlocal.net,JermainacStudio.attlocal.net,darwin,485,1,donotdisturbd,/System/Library/PrivateFrameworks/DoNotDisturbServer.framework/Support/donotdisturbd,0.0,26607616,0,0
1747112939,JermainacStudio.attlocal.net,JermainacStudio.attlocal.net,darwin,16760,1,MTLCompilerService,/System/Library/Frameworks/Metal.framework/Versions/A/XPCServices/MTLCompilerService.xpc/Contents/MacOS/MTLCompilerService,0.0,4276224,0,0
1747112939,JermainacStudio.attlocal.net,JermainacStudio.attlocal.net,darwin,463,1,pboard,/usr/libexec/pboard,0.0,10747904,0,0
1747112939,JermainacStudio.attlocal.net,JermainacStudio.attlocal.net,darwin,429,1,ContinuityCaptureAgent,/usr/libexec/ContinuityCaptureAgent server,0.0,17711104,0,0
1747112939,JermainacStudio.attlocal.net,JermainacStudio.attlocal.net,darwin,634,1,com.apple.WebKit.GPU,/System/Library/Frameworks/WebKit.framework/Versions/A/XPCServices/com.apple.WebKit.GPU.xpc/Contents/MacOS/com.apple.WebKit.GPU,4.2,220299264,0,0
1747112939,JermainacStudio.attlocal.net,JermainacStudio.attlocal.net,darwin,520,1,sharingd,/usr/libexec/sharingd,0.1,38092800,0,0
1747112939,JermainacStudio.attlocal.net,JermainacStudio.attlocal.net,darwin,529,1,neagent,/usr/libexec/neagent,0.0,14123008,0,0
1747112939,JermainacStudio.attlocal.net,JermainacStudio.attlocal.net,darwin,16211,1,Appearance,/System/Library/ExtensionKit/Extensions/Appearance.appex/Contents/MacOS/Appearance,0.0,46874624,0,0
1747112939,JermainacStudio.attlocal.net,JermainacStudio.attlocal.net,darwin,554,1,useractivityd,/System/Library/PrivateFrameworks/UserActivity.framework/Agents/useractivityd,0.0,12779520,0,0
1747112939,JermainacStudio.attlocal.net,JermainacStudio.attlocal.net,darwin,4136,1,com.apple.siri-distributed-evaluation,/System/Library/PrivateFrameworks/DistributedEvaluation.framework/Versions/A/XPCServices/com.apple.siri-distributed-evaluation.xpc/Contents/MacOS/com.apple.siri-distributed-evaluation,0.0,7733248,0,0
1747112939,JermainacStudio.attlocal.net,JermainacStudio.attlocal.net,darwin,1297,1,PasswordBreachAgent,/System/Cryptexes/App/usr/libexec/PasswordBreachAgent,0.0,9093120,0,0
1747112944,JermainacStudio.attlocal.net,JermainacStudio.attlocal.net,darwin,1089,986,Code Helper (Plugin),/private/var/folders/1g/wqnrzxcn43z2sgcvgbtwy28r0000gn/T/AppTranslocation/8A9296ED-5E59-48DB-8C5E-73613FABA55F/d/Visual Studio Code.app/Contents/Frameworks/Code Helper (Plugin).app/Contents/MacOS/Code Helper (Plugin) --ms-enable-electron-run-as-node /Users/jermainebaker/.vscode/extensions/bradlc.vscode-tailwindcss-0.14.16/dist/tailwindServer.js --node-ipc --clientProcessId=986,0.0,49872896,5,0
1747112944,JermainacStudio.attlocal.net,JermainacStudio.attlocal.net,darwin,18045,1,mdworker_shared,/System/Library/Frameworks/CoreServices.framework/Frameworks/Metadata.framework/Versions/A/Support/mdworker_shared -s mdworker -c MDSImporterWorker -m com.apple.mdworker.shared,0.0,26361856,0,0
1747112944,JermainacStudio.attlocal.net,JermainacStudio.attlocal.net,darwin,1635,1,recentsd,/System/Library/PrivateFrameworks/CoreRecents.framework/Versions/A/Support/recentsd,0.0,15187968,0,0
1747112944,JermainacStudio.attlocal.net,JermainacStudio.attlocal.net,darwin,984,1,photoanalysisd,/System/Library/PrivateFrameworks/PhotoAnalysis.framework/Versions/A/Support/photoanalysisd,0.0,53313536,0,0
1747112944,JermainacStudio.attlocal.net,JermainacStudio.attlocal.net,darwin,546,1,com.apple.accessibility.mediaaccessibilityd,/System/Library/Frameworks/MediaAccessibility.framework/Versions/A/XPCServices/com.apple.accessibility.mediaaccessibilityd.xpc/Contents/MacOS/com.apple.accessibility.mediaaccessibilityd,0.0,4489216,0,0
1747112944,JermainacStudio.attlocal.net,JermainacStudio.attlocal.net,darwin,16208,1,System Settings,/System/Applications/System Settings.app/Contents/MacOS/System Settings,1.7,86507520,0,0
1747112944,JermainacStudio.attlocal.net,JermainacStudio.attlocal.net,darwin,16215,1,PowerPreferences,/System/Library/ExtensionKit/Extensions/PowerPreferences.appex/Contents/MacOS/PowerPreferences,0.0,29720576,0,0
1747112944,JermainacStudio.attlocal.net,JermainacStudio.attlocal.net,darwin,543,1,AppSSOAgent,/System/Library/PrivateFrameworks/AppSSO.framework/Support/AppSSOAgent.app/Contents/MacOS/AppSSOAgent,0.0,20873216,0,0
1747112944,JermainacStudio.attlocal.net,JermainacStudio.attlocal.net,darwin,17824,17823,python3.11,/Users/jermainebaker/anaconda3/envs/edr-env/bin/python -c from multiprocessing.resource_tracker import main;main(4),0.0,4259840,0,0
1747112949,JermainacStudio.attlocal.net,JermainacStudio.attlocal.net,darwin,535,1,sociallayerd,/System/Library/PrivateFrameworks/SocialLayer.framework/sociallayerd.app/Contents/MacOS/sociallayerd,0.0,15269888,0,0
1747112949,JermainacStudio.attlocal.net,JermainacStudio.attlocal.net,darwin,958,1,KonaSynthesizer,"/System/Library/PrivateFrameworks/TextToSpeechKonaSupport.framework/Versions/A/PlugIns/KonaSynthesizer.appex/Contents/MacOS/KonaSynthesizer -AppleLanguages (""en-US"")",0.0,9666560,0,0
1747112949,JermainacStudio.attlocal.net,JermainacStudio.attlocal.net,darwin,701,1,spindump_agent,/usr/libexec/spindump_agent,0.0,4997120,0,0
1747112949,JermainacStudio.attlocal.net,JermainacStudio.attlocal.net,darwin,589,1,axassetsd,/System/Library/PrivateFrameworks/AXAssetLoader.framework/Support/axassetsd,0.0,23085056,0,0
1747112949,JermainacStudio.attlocal.net,JermainacStudio.attlocal.net,darwin,485,1,donotdisturbd,/System/Library/PrivateFrameworks/DoNotDisturbServer.framework/Support/donotdisturbd,0.0,26607616,0,0
1747112949,JermainacStudio.attlocal.net,JermainacStudio.attlocal.net,darwin,953,1,WardaSynthesizer_x86_64,"/System/Library/PrivateFrameworks/MacinTalk.framework/Versions/A/PlugIns/WardaSynthesizer_x86_64.appex/Contents/MacOS/WardaSynthesizer_x86_64 -AppleLanguages (""en-US"")",0.0,1638400,0,0
1747112949,JermainacStudio.attlocal.net,JermainacStudio.attlocal.net,darwin,17761,1,com.apple.WebKit.WebContent,/System/Library/Frameworks/WebKit.framework/Versions/A/XPCServices/com.apple.WebKit.WebContent.xpc/Contents/MacOS/com.apple.WebKit.WebContent,0.0,72597504,0,0
1747112949,JermainacStudio.attlocal.net,JermainacStudio.attlocal.net,darwin,1282,1,MessagesActionExtension,/System/Applications/Messages.app/Contents/Extensions/MessagesActionExtension.appex/Contents/MacOS/MessagesActionExtension,0.0,17580032,0,0
1747112954,JermainacStudio.attlocal.net,JermainacStudio.attlocal.net,darwin,486,1,pkd,/usr/libexec/pkd,0.0,15351808,0,0
1747112954,JermainacStudio.attlocal.net,JermainacStudio.attlocal.net,darwin,17951,1,com.apple.iCloudHelper,/System/Library/PrivateFrameworks/AOSKit.framework/Versions/A/XPCServices/com.apple.iCloudHelper.xpc/Contents/MacOS/com.apple.iCloudHelper,0.0,12451840,0,0
1747112954,JermainacStudio.attlocal.net,JermainacStudio.attlocal.net,darwin,16211,1,Appearance,/System/Library/ExtensionKit/Extensions/Appearance.appex/Contents/MacOS/Appearance,0.0,46874624,0,0
1747112954,JermainacStudio.attlocal.net,JermainacStudio.attlocal.net,darwin,1089,986,Code Helper (Plugin),/private/var/folders/1g/wqnrzxcn43z2sgcvgbtwy28r0000gn/T/AppTranslocation/8A9296ED-5E59-48DB-8C5E-73613FABA55F/d/Visual Studio Code.app/Contents/Frameworks/Code Helper (Plugin).app/Contents/MacOS/Code Helper (Plugin) --ms-enable-electron-run-as-node /Users/jermainebaker/.vscode/extensions/bradlc.vscode-tailwindcss-0.14.16/dist/tailwindServer.js --node-ipc --clientProcessId=986,0.0,49872896,5,0
1747112954,JermainacStudio.attlocal.net,JermainacStudio.attlocal.net,darwin,4754,1,PlugInLibraryService,/System/Library/Frameworks/NetFS.framework/Versions/A/XPCServices/PlugInLibraryService.xpc/Contents/MacOS/PlugInLibraryService,0.0,2080768,0,0
1747112954,JermainacStudio.attlocal.net,JermainacStudio.attlocal.net,darwin,549,1,assistant_cdmd,/System/Library/PrivateFrameworks/ContinuousDialogManagerService.framework/assistant_cdmd,0.0,12107776,0,0
1747112954,JermainacStudio.attlocal.net,JermainacStudio.attlocal.net,darwin,602,1,TextInputMenuAgent,/System/Library/CoreServices/TextInputMenuAgent.app/Contents/MacOS/TextInputMenuAgent,0.0,21774336,0,0
1747112954,JermainacStudio.attlocal.net,JermainacStudio.attlocal.net,darwin,5378,1,LegacyProfilesSubscriber,/System/Library/PrivateFrameworks/RemoteManagement.framework/XPCServices/LegacyProfilesSubscriber.xpc/Contents/MacOS/LegacyProfilesSubscriber,0.0,5521408,0,0
1747112954,JermainacStudio.attlocal.net,JermainacStudio.attlocal.net,darwin,17998,1,mdworker_shared,/System/Library/Frameworks/CoreServices.framework/Frameworks/Metadata.framework/Versions/A/Support/mdworker_shared -s mdworker -c MDSImporterWorker -m com.apple.mdworker.shared,0.0,22396928,0,0
1747112960,JermainacStudio.attlocal.net,JermainacStudio.attlocal.net,darwin,496,1,WallpaperAgent,/System/Library/CoreServices/WallpaperAgent.app/Contents/MacOS/WallpaperAgent,0.0,27721728,0,0
1747112960,JermainacStudio.attlocal.net,JermainacStudio.attlocal.net,darwin,427,1,com.apple.sbd,/System/Library/PrivateFrameworks/CloudServices.framework/Helpers/com.apple.sbd,0.0,13516800,0,0
1747112960,JermainacStudio.attlocal.net,JermainacStudio.attlocal.net,darwin,15213,1,studentd,/usr/libexec/studentd,0.0,39747584,0,0
1747112960,JermainacStudio.attlocal.net,JermainacStudio.attlocal.net,darwin,560,1,NewsToday2,"/System/Applications/News.app/Contents/PlugIns/NewsToday2.appex/Contents/MacOS/NewsToday2 -AppleLanguages (""en-US"")",0.0,75513856,0,0
1747112960,JermainacStudio.attlocal.net,JermainacStudio.attlocal.net,darwin,1275,1,lockdownmoded,/System/Library/PrivateFrameworks/LockdownMode.framework/Versions/A/XPCServices/lockdownmoded,0.0,9928704,0,0
1747112960,JermainacStudio.attlocal.net,JermainacStudio.attlocal.net,darwin,453,1,dmd,/usr/libexec/dmd,0.0,15122432,0,0
1747112960,JermainacStudio.attlocal.net,JermainacStudio.attlocal.net,darwin,563,1,sirittsd,/System/Library/PrivateFrameworks/SiriTTSService.framework/sirittsd,0.0,9715712,0,0
1747112965,JermainacStudio.attlocal.net,JermainacStudio.attlocal.net,darwin,1255,1,nsattributedstringagent,/System/Library/PrivateFrameworks/UIFoundation.framework/Versions/A/XPCServices/nsattributedstringagent.xpc/Contents/MacOS/nsattributedstringagent,0.0,27836416,0,0
1747112965,JermainacStudio.attlocal.net,JermainacStudio.attlocal.net,darwin,536,1,suggestd,/System/Library/PrivateFrameworks/CoreSuggestions.framework/Versions/A/Support/suggestd,0.1,176062464,0,0
1747112965,JermainacStudio.attlocal.net,JermainacStudio.attlocal.net,darwin,483,1,iCloudNotificationAgent,/System/Library/PrivateFrameworks/iCloudNotification.framework/iCloudNotificationAgent,0.0,23347200,0,0
1747112965,JermainacStudio.attlocal.net,JermainacStudio.attlocal.net,darwin,486,1,pkd,/usr/libexec/pkd,0.0,15351808,0,0
1747112965,JermainacStudio.attlocal.net,JermainacStudio.attlocal.net,darwin,17961,17945,Steam Helper,"/Users/jermainebaker/Library/Application Support/Steam/Steam.AppBundle/Steam/Contents/Frameworks/Steam Helper.app/Contents/MacOS/Steam Helper --type=utility --utility-sub-type=network.mojom.NetworkService --lang=en-US --service-sandbox-type=network --locales-dir-path=/Users/jermainebaker/Library/Application Support/Steam/Steam.AppBundle/Steam/Contents/MacOS/Frameworks/Steam Helper.app/Contents//bin/locales --user-agent-product=Valve Steam Client --lang=en-US --user-data-dir=/Users/jermainebaker/Library/Application Support/Steam/config/htmlcache --buildid=1745876290 --steamid=0 --valve-initial-threadpool-size=20 --shared-files --field-trial-handle=1718379636,r,1740280637600812251,11031083415003555219,262144 --enable-features=PlatformHEVCDecoderSupport --disable-features=BackForwardCache,DcheckIsFatal,DocumentPictureInPictureAPI,SpareRendererForSitePerProcess,ValveFFmpegAllowLowDelayHEVC --variations-seed-version --log-file=/Users/jermainebaker/Library/Application Support/Steam/logs/cef_log.txt --seatbelt-client=107",0.3,67706880,0,0
1747112965,JermainacStudio.attlocal.net,JermainacStudio.attlocal.net,darwin,649,1,StocksWidget,/System/Applications/Stocks.app/Contents/PlugIns/StocksWidget.appex/Contents/MacOS/StocksWidget,0.0,33783808,0,0
1747112965,JermainacStudio.attlocal.net,JermainacStudio.attlocal.net,darwin,2079,1,homeenergyd,/System/iOSSupport/System/Library/PrivateFrameworks/HomeEnergyDaemon.framework/Support/homeenergyd,0.0,16089088,0,0
1747112970,JermainacStudio.attlocal.net,JermainacStudio.attlocal.net,darwin,16214,1,HeadphoneSettingsExtension,/System/Library/ExtensionKit/Extensions/HeadphoneSettingsExtension.appex/Contents/MacOS/HeadphoneSettingsExtension,0.0,28016640,0,0
1747112970,JermainacStudio.attlocal.net,JermainacStudio.attlocal.net,darwin,662,1,com.apple.appkit.xpc.openAndSavePanelService,/System/Library/Frameworks/AppKit.framework/Versions/C/XPCServices/com.apple.appkit.xpc.openAndSavePanelService.xpc/Contents/MacOS/com.apple.appkit.xpc.openAndSavePanelService,0.0,36519936,0,0
1747112970,JermainacStudio.attlocal.net,JermainacStudio.attlocal.net,darwin,16096,1,MTLCompilerService,/System/Library/Frameworks/Metal.framework/Versions/A/XPCServices/MTLCompilerService.xpc/Contents/MacOS/MTLCompilerService,0.0,14254080,0,0
1747112970,JermainacStudio.attlocal.net,JermainacStudio.attlocal.net,darwin,2564,1,intents_helper,/System/Library/Frameworks/Intents.framework/XPCServices/intents_helper.xpc/Contents/MacOS/intents_helper,0.0,11763712,0,0
1747112970,JermainacStudio.attlocal.net,JermainacStudio.attlocal.net,darwin,2899,1,com.apple.audio.SandboxHelper,/System/Library/Frameworks/AudioToolbox.framework/XPCServices/com.apple.audio.SandboxHelper.xpc/Contents/MacOS/com.apple.audio.SandboxHelper,0.0,3817472,0,0
1747112970,JermainacStudio.attlocal.net,JermainacStudio.attlocal.net,darwin,523,1,TrustedPeersHelper,/System/Library/Frameworks/Security.framework/Versions/A/XPCServices/TrustedPeersHelper.xpc/Contents/MacOS/TrustedPeersHelper,0.0,14745600,0,0
1747112970,JermainacStudio.attlocal.net,JermainacStudio.attlocal.net,darwin,922,1,UniversalControl,/System/Library/CoreServices/UniversalControl.app/Contents/MacOS/UniversalControl,0.5,21757952,0,0
1747112970,JermainacStudio.attlocal.net,JermainacStudio.attlocal.net,darwin,953,1,WardaSynthesizer_x86_64,"/System/Library/PrivateFrameworks/MacinTalk.framework/Versions/A/PlugIns/WardaSynthesizer_x86_64.appex/Contents/MacOS/WardaSynthesizer_x86_64 -AppleLanguages (""en-US"")",0.0,1638400,0,0
1747112970,JermainacStudio.attlocal.net,JermainacStudio.attlocal.net,darwin,5457,1,com.apple.mlhost.CloudWorker,/System/Library/ExtensionKit/Extensions/com.apple.mlhost.CloudWorker.appex/Contents/MacOS/com.apple.mlhost.CloudWorker,0.0,8224768,0,0
1747112975,JermainacStudio.attlocal.net,JermainacStudio.attlocal.net,darwin,3411,1,proactiveeventtrackerd,/usr/libexec/proactiveeventtrackerd,0.0,6389760,0,0
1747112975,JermainacStudio.attlocal.net,JermainacStudio.attlocal.net,darwin,2896,1,com.apple.audio.SandboxHelper,/System/Library/Frameworks/AudioToolbox.framework/XPCServices/com.apple.audio.SandboxHelper.xpc/Contents/MacOS/com.apple.audio.SandboxHelper,0.0,3817472,0,0
1747112975,JermainacStudio.attlocal.net,JermainacStudio.attlocal.net,darwin,8234,1,PlugInLibraryService,/System/Library/Frameworks/NetFS.framework/Versions/A/XPCServices/PlugInLibraryService.xpc/Contents/MacOS/PlugInLibraryService,0.0,2179072,0,0
1747112975,JermainacStudio.attlocal.net,JermainacStudio.attlocal.net,darwin,619,1,Spotlight,/System/Library/CoreServices/Spotlight.app/Contents/MacOS/Spotlight,0.0,87867392,0,0
1747112975,JermainacStudio.attlocal.net,JermainacStudio.attlocal.net,darwin,1400,1,proactived,/usr/libexec/proactived,0.0,20201472,0,0
1747112975,JermainacStudio.attlocal.net,JermainacStudio.attlocal.net,darwin,646,1,ScopedBookmarkAgent,/System/Library/CoreServices/ScopedBookmarkAgent,0.0,11862016,0,0
1747112975,JermainacStudio.attlocal.net,JermainacStudio.attlocal.net,darwin,552,1,contactsd,/System/Library/Frameworks/Contacts.framework/Support/contactsd,0.0,63635456,0,0
1747112980,JermainacStudio.attlocal.net,JermainacStudio.attlocal.net,darwin,16123,1,VisualizerService,/System/Applications/Music.app/Contents/XPCServices/VisualizerService.xpc/Contents/MacOS/VisualizerService,0.0,20545536,0,0
1747112980,JermainacStudio.attlocal.net,JermainacStudio.attlocal.net,darwin,657,1,ScreenTimeWidgetExtension,/System/Library/CoreServices/Screen Time.app/Contents/PlugIns/ScreenTimeWidgetExtension.appex/Contents/MacOS/ScreenTimeWidgetExtension,0.0,54280192,0,0
1747112980,JermainacStudio.attlocal.net,JermainacStudio.attlocal.net,darwin,5372,1,SecuritySubscriber,/System/Library/PrivateFrameworks/RemoteManagement.framework/XPCServices/SecuritySubscriber.xpc/Contents/MacOS/SecuritySubscriber,0.0,6586368,0,0
1747112980,JermainacStudio.attlocal.net,JermainacStudio.attlocal.net,darwin,17984,17945,Steam Helper,"/Users/jermainebaker/Library/Application Support/Steam/Steam.AppBundle/Steam/Contents/Frameworks/Steam Helper.app/Contents/MacOS/Steam Helper --type=renderer --locales-dir-path=/Users/jermainebaker/Library/Application Support/Steam/Steam.AppBundle/Steam/Contents/MacOS/Frameworks/Steam Helper.app/Contents//bin/locales --user-agent-product=Valve Steam Client --user-data-dir=/Users/jermainebaker/Library/Application Support/Steam/config/htmlcache --buildid=1745876290 --steamid=0 --valve-initial-threadpool-size=20 --lang=en-US --num-raster-threads=4 --enable-zero-copy --enable-gpu-memory-buffer-compositor-resources --enable-main-frame-before-activation --renderer-client-id=8 --time-ticks-at-unix-epoch=-1747063897865005 --launch-time-ticks=48978608307 --shared-files --field-trial-handle=1718379636,r,1740280637600812251,11031083415003555219,262144 --enable-features=PlatformHEVCDecoderSupport --disable-features=BackForwardCache,DcheckIsFatal,DocumentPictureInPictureAPI,SpareRendererForSitePerProcess,ValveFFmpegAllowLowDelayHEVC --variations-seed-version --log-file=/Users/jermainebaker/Library/Application Support/Steam/logs/cef_log.txt --seatbelt-client=149",0.2,243056640,0,0
1747112980,JermainacStudio.attlocal.net,JermainacStudio.attlocal.net,darwin,618,1,TextInputSwitcher,/System/Library/CoreServices/TextInputSwitcher.app/Contents/MacOS/TextInputSwitcher,0.0,19628032,0,0
1747112980,JermainacStudio.attlocal.net,JermainacStudio.attlocal.net,darwin,535,1,sociallayerd,/System/Library/PrivateFrameworks/SocialLayer.framework/sociallayerd.app/Contents/MacOS/sociallayerd,0.0,15269888,0,0
1747112980,JermainacStudio.attlocal.net,JermainacStudio.attlocal.net,darwin,476,1,accountsd,/System/Library/Frameworks/Accounts.framework/Versions/A/Support/accountsd,0.0,56901632,0,0
1747112980,JermainacStudio.attlocal.net,JermainacStudio.attlocal.net,darwin,15269,1,storekitagent,/System/Library/Frameworks/StoreKit.framework/Support/storekitagent,0.0,26968064,0,0
1747112980,JermainacStudio.attlocal.net,JermainacStudio.attlocal.net,darwin,523,1,TrustedPeersHelper,/System/Library/Frameworks/Security.framework/Versions/A/XPCServices/TrustedPeersHelper.xpc/Contents/MacOS/TrustedPeersHelper,0.0,14745600,0,0
1747112980,JermainacStudio.attlocal.net,JermainacStudio.attlocal.net,darwin,601,1,diagnostics_agent,/System/Library/CoreServices/diagnostics_agent,0.0,15073280,0,0
1747112985,JermainacStudio.attlocal.net,JermainacStudio.attlocal.net,darwin,1635,1,recentsd,/System/Library/PrivateFrameworks/CoreRecents.framework/Versions/A/Support/recentsd,0.0,15187968,0,0
1747112985,JermainacStudio.attlocal.net,JermainacStudio.attlocal.net,darwin,1665,1,VTDecoderXPCService,/System/Library/Frameworks/VideoToolbox.framework/Versions/A/XPCServices/VTDecoderXPCService.xpc/Contents/MacOS/VTDecoderXPCService,0.0,6356992,0,0
1747112985,JermainacStudio.attlocal.net,JermainacStudio.attlocal.net,darwin,940,930,Code Helper (Renderer),"/private/var/folders/1g/wqnrzxcn43z2sgcvgbtwy28r0000gn/T/AppTranslocation/8A9296ED-5E59-48DB-8C5E-73613FABA55F/d/Visual Studio Code.app/Contents/Frameworks/Code Helper (Renderer).app/Contents/MacOS/Code Helper (Renderer) --type=renderer --user-data-dir=/Users/jermainebaker/Library/Application Support/Code --standard-schemes=vscode-webview,vscode-file --enable-sandbox --secure-schemes=vscode-webview,vscode-file --bypasscsp-schemes --cors-schemes=vscode-webview,vscode-file --fetch-schemes=vscode-webview,vscode-file --service-worker-schemes=vscode-webview --streaming-schemes --app-path=/private/var/folders/1g/wqnrzxcn43z2sgcvgbtwy28r0000gn/T/AppTranslocation/8A9296ED-5E59-48DB-8C5E-73613FABA55F/d/Visual Studio Code.app/Contents/Resources/app --enable-sandbox --enable-blink-features=HighlightAPI --first-renderer-process --lang=en-US --num-raster-threads=4 --enable-zero-copy --enable-gpu-memory-buffer-compositor-resources --enable-main-frame-before-activation --renderer-client-id=4 --time-ticks-at-unix-epoch=-1747039551578864 --launch-time-ticks=88000613 --shared-files --field-trial-handle=1718379636,r,1996932021323151898,3353136425956139680,131072 --disable-features=CalculateNativeWinOcclusion,SpareRendererForSitePerProcess --vscode-window-config=vscode:8078db25-8a55-43bb-a228-17fdcf3c5259 --seatbelt-client=53",0.6,342278144,0,0
1747112985,JermainacStudio.attlocal.net,JermainacStudio.attlocal.net,darwin,538,1,heard,/System/Library/PrivateFrameworks/HearingCore.framework/heard,0.0,32161792,0,0
1747112985,JermainacStudio.attlocal.net,JermainacStudio.attlocal.net,darwin,2897,1,com.apple.photos.ImageConversionService,/System/Library/PrivateFrameworks/MediaConversionService.framework/Versions/A/XPCServices/com.apple.photos.ImageConversionService.xpc/Contents/MacOS/com.apple.photos.ImageConversionService,0.0,15171584,0,0
1747112985,JermainacStudio.attlocal.net,JermainacStudio.attlocal.net,darwin,16279,1,com.apple.WebKit.WebContent,/System/Library/Frameworks/WebKit.framework/Versions/A/XPCServices/com.apple.WebKit.WebContent.xpc/Contents/MacOS/com.apple.WebKit.WebContent,0.0,59146240,0,0
1747112985,JermainacStudio.attlocal.net,JermainacStudio.attlocal.net,darwin,17951,1,com.apple.iCloudHelper,/System/Library/PrivateFrameworks/AOSKit.framework/Versions/A/XPCServices/com.apple.iCloudHelper.xpc/Contents/MacOS/com.apple.iCloudHelper,0.0,12451840,0,0
1747112985,JermainacStudio.attlocal.net,JermainacStudio.attlocal.net,darwin,454,1,ScreenTimeAgent,/System/Library/PrivateFrameworks/ScreenTimeCore.framework/Versions/A/ScreenTimeAgent,0.0,29442048,0,0
1747112985,JermainacStudio.attlocal.net,JermainacStudio.attlocal.net,darwin,466,1,Safari,/System/Volumes/Preboot/Cryptexes/App/System/Applications/Safari.app/Contents/MacOS/Safari,6.4,272842752,0,0
1747112985,JermainacStudio.attlocal.net,JermainacStudio.attlocal.net,darwin,17757,1,com.apple.WebKit.WebContent,/System/Library/Frameworks/WebKit.framework/Versions/A/XPCServices/com.apple.WebKit.WebContent.xpc/Contents/MacOS/com.apple.WebKit.WebContent,0.0,46137344,0,0
1747112990,JermainacStudio.attlocal.net,JermainacStudio.attlocal.net,darwin,958,1,KonaSynthesizer,"/System/Library/PrivateFrameworks/TextToSpeechKonaSupport.framework/Versions/A/PlugIns/KonaSynthesizer.appex/Contents/MacOS/KonaSynthesizer -AppleLanguages (""en-US"")",0.0,9666560,0,0
1747112990,JermainacStudio.attlocal.net,JermainacStudio.attlocal.net,darwin,15200,1,storeuid,/System/Library/PrivateFrameworks/CommerceKit.framework/Versions/A/Resources/storeuid.app/Contents/MacOS/storeuid,0.0,21692416,0,0
1747112990,JermainacStudio.attlocal.net,JermainacStudio.attlocal.net,darwin,2481,1,MessagesBlastDoorService,/System/Library/PrivateFrameworks/MessagesBlastDoorSupport.framework/Versions/A/XPCServices/MessagesBlastDoorService.xpc/Contents/MacOS/MessagesBlastDoorService,0.0,5750784,0,0
1747112990,JermainacStudio.attlocal.net,JermainacStudio.attlocal.net,darwin,5433,1,AMPArtworkAgent,/System/Library/PrivateFrameworks/AMPLibrary.framework/Versions/A/Support/AMPArtworkAgent --launchd,0.0,36945920,0,0
1747112990,JermainacStudio.attlocal.net,JermainacStudio.attlocal.net,darwin,15295,1,NewsEngagementExtension,/System/Applications/News.app/Contents/PlugIns/NewsEngagementExtension.appex/Contents/MacOS/NewsEngagementExtension,0.0,12009472,0,0
1747112990,JermainacStudio.attlocal.net,JermainacStudio.attlocal.net,darwin,542,1,localizationswitcherd,/System/Library/PrivateFrameworks/IntlPreferences.framework/Support/localizationswitcherd,0.0,8257536,0,0
1747112990,JermainacStudio.attlocal.net,JermainacStudio.attlocal.net,darwin,17916,1,PlugInLibraryService,/System/Library/Frameworks/NetFS.framework/Versions/A/XPCServices/PlugInLibraryService.xpc/Contents/MacOS/PlugInLibraryService,0.0,3620864,0,0
1747112990,JermainacStudio.attlocal.net,JermainacStudio.attlocal.net,darwin,428,1,universalaccessd,/usr/sbin/universalaccessd launchd -s,0.0,17940480,0,0
1747112990,JermainacStudio.attlocal.net,JermainacStudio.attlocal.net,darwin,1144,966,zsh,/bin/zsh -il,0.0,3391488,0,0
1747112990,JermainacStudio.attlocal.net,JermainacStudio.attlocal.net,darwin,921,1,promotedcontentd,/usr/libexec/promotedcontentd,0.0,21889024,0,0
1747112995,JermainacStudio.attlocal.net,JermainacStudio.attlocal.net,darwin,649,1,StocksWidget,/System/Applications/Stocks.app/Contents/PlugIns/StocksWidget.appex/Contents/MacOS/StocksWidget,0.0,33783808,0,0
1747112995,JermainacStudio.attlocal.net,JermainacStudio.attlocal.net,darwin,962,1,com.apple.audio.SandboxHelper,/System/Library/Frameworks/AudioToolbox.framework/XPCServices/com.apple.audio.SandboxHelper.xpc/Contents/MacOS/com.apple.audio.SandboxHelper,0.0,3801088,0,0
1747112995,JermainacStudio.attlocal.net,JermainacStudio.attlocal.net,darwin,595,1,ollama,/opt/homebrew/opt/ollama/bin/ollama serve,0.0,21397504,0,0
1747112995,JermainacStudio.attlocal.net,JermainacStudio.attlocal.net,darwin,5340,1,AMPLibraryAgent,/System/Library/PrivateFrameworks/AMPLibrary.framework/Versions/A/Support/AMPLibraryAgent --launchd,0.0,61440000,0,0
1747112995,JermainacStudio.attlocal.net,JermainacStudio.attlocal.net,darwin,626,1,com.apple.CloudDocs.iCloudDriveFileProvider,"/System/Library/PrivateFrameworks/CloudDocs.framework/PlugIns/com.apple.CloudDocs.iCloudDriveFileProvider.appex/Contents/MacOS/com.apple.CloudDocs.iCloudDriveFileProvider -AppleLanguages (""en-US"")",0.0,13647872,0,0
1747112995,JermainacStudio.attlocal.net,JermainacStudio.attlocal.net,darwin,1297,1,PasswordBreachAgent,/System/Cryptexes/App/usr/libexec/PasswordBreachAgent,0.0,9093120,0,0
1747112995,JermainacStudio.attlocal.net,JermainacStudio.attlocal.net,darwin,6546,1,com.apple.WebKit.WebContent,/System/Library/Frameworks/WebKit.framework/Versions/A/XPCServices/com.apple.WebKit.WebContent.xpc/Contents/MacOS/com.apple.WebKit.WebContent,0.2,4651433984,6,0
1747112995,JermainacStudio.attlocal.net,JermainacStudio.attlocal.net,darwin,16853,1,com.apple.WebKit.WebContent,/System/Library/Frameworks/WebKit.framework/Versions/A/XPCServices/com.apple.WebKit.WebContent.xpc/Contents/MacOS/com.apple.WebKit.WebContent,34.2,508723200,6,0
1747112995,JermainacStudio.attlocal.net,JermainacStudio.attlocal.net,darwin,921,1,promotedcontentd,/usr/libexec/promotedcontentd,0.0,21889024,0,0
1747112995,JermainacStudio.attlocal.net,JermainacStudio.attlocal.net,darwin,647,1,WorldClockWidget,/System/Applications/Clock.app/Contents/PlugIns/WorldClockWidget.appex/Contents/MacOS/WorldClockWidget,0.0,24985600,0,0
1747112995,JermainacStudio.attlocal.net,JermainacStudio.attlocal.net,darwin,1256,1,com.apple.DictionaryServiceHelper,/System/Library/Frameworks/CoreServices.framework/Versions/A/Frameworks/DictionaryServices.framework/Versions/A/XPCServices/com.apple.DictionaryServiceHelper.xpc/Contents/MacOS/com.apple.DictionaryServiceHelper,0.0,2867200,0,0
1747112995,JermainacStudio.attlocal.net,JermainacStudio.attlocal.net,darwin,16218,1,FamilySettings,/System/Library/ExtensionKit/Extensions/FamilySettings.appex/Contents/MacOS/FamilySettings,0.0,45957120,0,0
1747113000,JermainacStudio.attlocal.net,JermainacStudio.attlocal.net,darwin,2897,1,com.apple.photos.ImageConversionService,/System/Library/PrivateFrameworks/MediaConversionService.framework/Versions/A/XPCServices/com.apple.photos.ImageConversionService.xpc/Contents/MacOS/com.apple.photos.ImageConversionService,0.0,15171584,0,0
1747113000,JermainacStudio.attlocal.net,JermainacStudio.attlocal.net,darwin,459,1,swcd,/usr/libexec/swcd,0.0,16515072,0,0
1747113000,JermainacStudio.attlocal.net,JermainacStudio.attlocal.net,darwin,497,1,cloudd,/System/Library/PrivateFrameworks/CloudKitDaemon.framework/Support/cloudd,0.0,42024960,0,0
1747113000,JermainacStudio.attlocal.net,JermainacStudio.attlocal.net,darwin,515,1,WallpaperVideoExtension,/System/Library/ExtensionKit/Extensions/WallpaperVideoExtension.appex/Contents/MacOS/WallpaperVideoExtension,0.0,17612800,0,0
1747113000,JermainacStudio.attlocal.net,JermainacStudio.attlocal.net,darwin,514,1,akd,/System/Library/PrivateFrameworks/AuthKit.framework/Versions/A/Support/akd,0.0,27836416,0,0
1747113000,JermainacStudio.attlocal.net,JermainacStudio.attlocal.net,darwin,490,1,Finder,/System/Library/CoreServices/Finder.app/Contents/MacOS/Finder,0.0,65437696,0,0
1747113000,JermainacStudio.attlocal.net,JermainacStudio.attlocal.net,darwin,637,1,photolibraryd,/System/Library/PrivateFrameworks/PhotoLibraryServices.framework/Versions/A/Support/photolibraryd,0.0,51200000,0,0
1747113000,JermainacStudio.attlocal.net,JermainacStudio.attlocal.net,darwin,16113,1,Notes,/System/Applications/Notes.app/Contents/MacOS/Notes,0.0,123502592,0,0
1747113000,JermainacStudio.attlocal.net,JermainacStudio.attlocal.net,darwin,624,1,com.apple.siri.embeddedspeech,/System/Library/PrivateFrameworks/CoreEmbeddedSpeechRecognition.framework/Versions/A/XPCServices/com.apple.siri.embeddedspeech.xpc/Contents/MacOS/com.apple.siri.embeddedspeech,0.0,11878400,0,0
1747113000,JermainacStudio.attlocal.net,JermainacStudio.attlocal.net,darwin,960,1,IntelligencePlatformComputeService,/System/Library/PrivateFrameworks/IntelligencePlatformCompute.framework/Versions/A/XPCServices/IntelligencePlatformComputeService.xpc/Contents/MacOS/IntelligencePlatformComputeService,0.0,25444352,0,0
1747113005,JermainacStudio.attlocal.net,JermainacStudio.attlocal.net,darwin,954,1,WardaSynthesizer_arm64,"/System/Library/PrivateFrameworks/MacinTalk.framework/Versions/A/PlugIns/WardaSynthesizer_arm64.appex/Contents/MacOS/WardaSynthesizer_arm64 -AppleLanguages (""en-US"")",0.0,7159808,0,0
1747113005,JermainacStudio.attlocal.net,JermainacStudio.attlocal.net,darwin,961,1,voicebankingd,/System/Library/PrivateFrameworks/TextToSpeechVoiceBankingSupport.framework/Support/voicebankingd,0.0,17186816,0,0
1747113005,JermainacStudio.attlocal.net,JermainacStudio.attlocal.net,darwin,421,1,UserEventAgent,/usr/libexec/UserEventAgent (Aqua),0.0,22642688,0,0
1747113005,JermainacStudio.attlocal.net,JermainacStudio.attlocal.net,darwin,716,1,PlugInLibraryService,/System/Library/Frameworks/NetFS.framework/Versions/A/XPCServices/PlugInLibraryService.xpc/Contents/MacOS/PlugInLibraryService,0.0,2883584,0,0
1747113005,JermainacStudio.attlocal.net,JermainacStudio.attlocal.net,darwin,6546,1,com.apple.WebKit.WebContent,/System/Library/Frameworks/WebKit.framework/Versions/A/XPCServices/com.apple.WebKit.WebContent.xpc/Contents/MacOS/com.apple.WebKit.WebContent,81.4,4651433984,14,0
1747113005,JermainacStudio.attlocal.net,JermainacStudio.attlocal.net,darwin,495,1,transparencyd,/usr/libexec/transparencyd,0.0,35045376,0,0
1747113005,JermainacStudio.attlocal.net,JermainacStudio.attlocal.net,darwin,741,1,CursorUIViewService,/System/Library/PrivateFrameworks/TextInputUIMacHelper.framework/Versions/A/XPCServices/CursorUIViewService.xpc/Contents/MacOS/CursorUIViewService,0.0,28770304,0,0
1747113005,JermainacStudio.attlocal.net,JermainacStudio.attlocal.net,darwin,571,1,Keychain Circle Notification,/System/Library/CoreServices/Keychain Circle Notification.app/Contents/MacOS/Keychain Circle Notification,0.0,19365888,0,0
1747113005,JermainacStudio.attlocal.net,JermainacStudio.attlocal.net,darwin,447,1,usernoted,/usr/sbin/usernoted,0.0,27328512,0,0
1747113005,JermainacStudio.attlocal.net,JermainacStudio.attlocal.net,darwin,569,1,mediaremoteagent,/System/Library/PrivateFrameworks/MediaRemote.framework/Support/mediaremoteagent,0.0,7356416,0,0
1747113005,JermainacStudio.attlocal.net,JermainacStudio.attlocal.net,darwin,17984,17945,Steam Helper,"/Users/jermainebaker/Library/Application Support/Steam/Steam.AppBundle/Steam/Contents/Frameworks/Steam Helper.app/Contents/MacOS/Steam Helper --type=renderer --locales-dir-path=/Users/jermainebaker/Library/Application Support/Steam/Steam.AppBundle/Steam/Contents/MacOS/Frameworks/Steam Helper.app/Contents//bin/locales --user-agent-product=Valve Steam Client --user-data-dir=/Users/jermainebaker/Library/Application Support/Steam/config/htmlcache --buildid=1745876290 --steamid=0 --valve-initial-threadpool-size=20 --lang=en-US --num-raster-threads=4 --enable-zero-copy --enable-gpu-memory-buffer-compositor-resources --enable-main-frame-before-activation --renderer-client-id=8 --time-ticks-at-unix-epoch=-1747063897865005 --launch-time-ticks=48978608307 --shared-files --field-trial-handle=1718379636,r,1740280637600812251,11031083415003555219,262144 --enable-features=PlatformHEVCDecoderSupport --disable-features=BackForwardCache,DcheckIsFatal,DocumentPictureInPictureAPI,SpareRendererForSitePerProcess,ValveFFmpegAllowLowDelayHEVC --variations-seed-version --log-file=/Users/jermainebaker/Library/Application Support/Steam/logs/cef_log.txt --seatbelt-client=149",0.0,243056640,0,0
1747113005,JermainacStudio.attlocal.net,JermainacStudio.attlocal.net,darwin,1281,1,SafariLinkExtension,/System/Volumes/Preboot/Cryptexes/App/System/Applications/Safari.app/Contents/Extensions/SafariLinkExtension.appex/Contents/MacOS/SafariLinkExtension,0.0,11141120,0,0
1747113010,JermainacStudio.attlocal.net,JermainacStudio.attlocal.net,darwin,13030,966,zsh,/bin/zsh -il,0.0,3801088,0,0
1747113010,JermainacStudio.attlocal.net,JermainacStudio.attlocal.net,darwin,2898,1,MessagesBlastDoorService,/System/Library/PrivateFrameworks/MessagesBlastDoorSupport.framework/Versions/A/XPCServices/MessagesBlastDoorService.xpc/Contents/MacOS/MessagesBlastDoorService,0.0,7585792,0,0
1747113010,JermainacStudio.attlocal.net,JermainacStudio.attlocal.net,darwin,499,1,fontworker,/System/Library/Frameworks/ApplicationServices.framework/Versions/A/Frameworks/ATS.framework/Versions/A/Support/fontworker,0.0,7225344,0,0
1747113010,JermainacStudio.attlocal.net,JermainacStudio.attlocal.net,darwin,479,1,diagnosticextensionsd,/usr/libexec/diagnosticextensionsd,0.0,10747904,0,0
1747113010,JermainacStudio.attlocal.net,JermainacStudio.attlocal.net,darwin,586,1,avconferenced,/usr/libexec/avconferenced,0.0,17678336,0,0
1747113010,JermainacStudio.attlocal.net,JermainacStudio.attlocal.net,darwin,549,1,assistant_cdmd,/System/Library/PrivateFrameworks/ContinuousDialogManagerService.framework/assistant_cdmd,0.0,12107776,0,0
1747113015,JermainacStudio.attlocal.net,JermainacStudio.attlocal.net,darwin,443,1,APFSUserAgent,/System/Library/CoreServices/APFSUserAgent,0.0,6094848,0,0
1747113015,JermainacStudio.attlocal.net,JermainacStudio.attlocal.net,darwin,429,1,ContinuityCaptureAgent,/usr/libexec/ContinuityCaptureAgent server,0.0,17956864,0,0
1747113015,JermainacStudio.attlocal.net,JermainacStudio.attlocal.net,darwin,427,1,com.apple.sbd,/System/Library/PrivateFrameworks/CloudServices.framework/Helpers/com.apple.sbd,0.0,13664256,0,0
1747113015,JermainacStudio.attlocal.net,JermainacStudio.attlocal.net,darwin,1400,1,proactived,/usr/libexec/proactived,0.0,20201472,0,0
1747113015,JermainacStudio.attlocal.net,JermainacStudio.attlocal.net,darwin,529,1,neagent,/usr/libexec/neagent,0.0,14123008,0,0
1747113015,JermainacStudio.attlocal.net,JermainacStudio.attlocal.net,darwin,4136,1,com.apple.siri-distributed-evaluation,/System/Library/PrivateFrameworks/DistributedEvaluation.framework/Versions/A/XPCServices/com.apple.siri-distributed-evaluation.xpc/Contents/MacOS/com.apple.siri-distributed-evaluation,0.0,7733248,0,0
1747113015,JermainacStudio.attlocal.net,JermainacStudio.attlocal.net,darwin,589,1,axassetsd,/System/Library/PrivateFrameworks/AXAssetLoader.framework/Support/axassetsd,0.0,23085056,0,0
1747113015,JermainacStudio.attlocal.net,JermainacStudio.attlocal.net,darwin,573,1,translationd,/System/Library/PrivateFrameworks/Translation.framework/translationd,0.0,19300352,0,0
1747113015,JermainacStudio.attlocal.net,JermainacStudio.attlocal.net,darwin,986,930,Code Helper (Plugin),"/private/var/folders/1g/wqnrzxcn43z2sgcvgbtwy28r0000gn/T/AppTranslocation/8A9296ED-5E59-48DB-8C5E-73613FABA55F/d/Visual Studio Code.app/Contents/Frameworks/Code Helper (Plugin).app/Contents/MacOS/Code Helper (Plugin) --type=utility --utility-sub-type=node.mojom.NodeService --lang=en-US --service-sandbox-type=none --inspect-port=0 --user-data-dir=/Users/jermainebaker/Library/Application Support/Code --standard-schemes=vscode-webview,vscode-file --enable-sandbox --secure-schemes=vscode-webview,vscode-file --bypasscsp-schemes --cors-schemes=vscode-webview,vscode-file --fetch-schemes=vscode-webview,vscode-file --service-worker-schemes=vscode-webview --streaming-schemes --shared-files --field-trial-handle=1718379636,r,1996932021323151898,3353136425956139680,131072 --disable-features=CalculateNativeWinOcclusion,SpareRendererForSitePerProcess",0.1,481755136,6,0
1747113015,JermainacStudio.attlocal.net,JermainacStudio.attlocal.net,darwin,634,1,com.apple.WebKit.GPU,/System/Library/Frameworks/WebKit.framework/Versions/A/XPCServices/com.apple.WebKit.GPU.xpc/Contents/MacOS/com.apple.WebKit.GPU,0.2,215318528,0,0
1747113015,JermainacStudio.attlocal.net,JermainacStudio.attlocal.net,darwin,641,1,SafariNotificationAgent,/System/Cryptexes/App/usr/libexec/SafariNotificationAgent,0.0,10633216,0,0
1747113020,JermainacStudio.attlocal.net,JermainacStudio.attlocal.net,darwin,17825,17823,python3.11,"/Users/jermainebaker/anaconda3/envs/edr-env/bin/python -c from multiprocessing.spawn import spawn_main; spawn_main(tracker_fd=5, pipe_handle=7) --multiprocessing-fork",0.2,670875648,6,0
1747113020,JermainacStudio.attlocal.net,JermainacStudio.attlocal.net,darwin,442,1,CommCenter,/System/Library/Frameworks/CoreTelephony.framework/Support/CommCenter -L,0.0,24739840,0,0
1747113020,JermainacStudio.attlocal.net,JermainacStudio.attlocal.net,darwin,5530,1,EscrowSecurityAlert,/System/Library/CoreServices/EscrowSecurityAlert.app/Contents/MacOS/EscrowSecurityAlert,0.0,11108352,0,0
1747113020,JermainacStudio.attlocal.net,JermainacStudio.attlocal.net,darwin,4856,1,com.apple.audio.SandboxHelper,/System/Library/Frameworks/AudioToolbox.framework/XPCServices/com.apple.audio.SandboxHelper.xpc/Contents/MacOS/com.apple.audio.SandboxHelper,0.0,3817472,0,0
1747113020,JermainacStudio.attlocal.net,JermainacStudio.attlocal.net,darwin,2951,1,MessagesBlastDoorService,/System/Library/PrivateFrameworks/MessagesBlastDoorSupport.framework/Versions/A/XPCServices/MessagesBlastDoorService.xpc/Contents/MacOS/MessagesBlastDoorService,0.0,83771392,0,0
1747113020,JermainacStudio.attlocal.net,JermainacStudio.attlocal.net,darwin,460,1,linkd,/usr/libexec/linkd,0.0,17170432,0,0
1747113020,JermainacStudio.attlocal.net,JermainacStudio.attlocal.net,darwin,479,1,diagnosticextensionsd,/usr/libexec/diagnosticextensionsd,0.0,10747904,0,0
1747113020,JermainacStudio.attlocal.net,JermainacStudio.attlocal.net,darwin,525,1,NotificationCenter,/System/Library/CoreServices/NotificationCenter.app/Contents/MacOS/NotificationCenter,0.0,61112320,0,0
1747113020,JermainacStudio.attlocal.net,JermainacStudio.attlocal.net,darwin,617,1,com.apple.Safari.SandboxBroker,/System/Volumes/Preboot/Cryptexes/App/System/Applications/Safari.app/Contents/XPCServices/com.apple.Safari.SandboxBroker.xpc/Contents/MacOS/com.apple.Safari.SandboxBroker,0.0,25886720,0,0
1747113020,JermainacStudio.attlocal.net,JermainacStudio.attlocal.net,darwin,417,1,cfprefsd,/usr/sbin/cfprefsd agent,0.0,9650176,0,0
1747113025,JermainacStudio.attlocal.net,JermainacStudio.attlocal.net,darwin,959,1,MauiAUSP,"/System/Library/PrivateFrameworks/TextToSpeechMauiSupport.framework/Versions/A/PlugIns/MauiAUSP.appex/Contents/MacOS/MauiAUSP -AppleLanguages (""en-US"")",0.0,10584064,0,0
1747113025,JermainacStudio.attlocal.net,JermainacStudio.attlocal.net,darwin,426,1,CoreServicesUIAgent,/System/Library/CoreServices/CoreServicesUIAgent.app/Contents/MacOS/CoreServicesUIAgent,0.0,20938752,0,0
1747113025,JermainacStudio.attlocal.net,JermainacStudio.attlocal.net,darwin,602,1,TextInputMenuAgent,/System/Library/CoreServices/TextInputMenuAgent.app/Contents/MacOS/TextInputMenuAgent,0.0,21774336,0,0
1747113025,JermainacStudio.attlocal.net,JermainacStudio.attlocal.net,darwin,956,1,com.apple.audio.SandboxHelper,/System/Library/Frameworks/AudioToolbox.framework/XPCServices/com.apple.audio.SandboxHelper.xpc/Contents/MacOS/com.apple.audio.SandboxHelper,0.0,3833856,0,0
1747113025,JermainacStudio.attlocal.net,JermainacStudio.attlocal.net,darwin,425,1,knowledge-agent,/usr/libexec/knowledge-agent,0.0,38502400,0,0
1747113025,JermainacStudio.attlocal.net,JermainacStudio.attlocal.net,darwin,429,1,ContinuityCaptureAgent,/usr/libexec/ContinuityCaptureAgent server,0.0,17956864,0,0
1747113025,JermainacStudio.attlocal.net,JermainacStudio.attlocal.net,darwin,456,1,networkserviceproxy,/usr/libexec/networkserviceproxy,0.0,27197440,0,0
1747113025,JermainacStudio.attlocal.net,JermainacStudio.attlocal.net,darwin,544,1,StatusKitAgent,/System/Library/PrivateFrameworks/StatusKit.framework/StatusKitAgent,0.0,24641536,0,0
1747113025,JermainacStudio.attlocal.net,JermainacStudio.attlocal.net,darwin,457,1,chronod,/System/Library/PrivateFrameworks/ChronoCore.framework/Support/chronod,0.0,46120960,0,0
1747113025,JermainacStudio.attlocal.net,JermainacStudio.attlocal.net,darwin,471,1,fileproviderd,/System/Library/PrivateFrameworks/FileProvider.framework/Support/fileproviderd,0.1,33243136,0,0
1747113031,JermainacStudio.attlocal.net,JermainacStudio.attlocal.net,darwin,15213,1,studentd,/usr/libexec/studentd,0.0,39747584,0,0
1747113031,JermainacStudio.attlocal.net,JermainacStudio.attlocal.net,darwin,1278,1,extensionkitservice,/System/Library/Frameworks/ExtensionFoundation.framework/Versions/A/XPCServices/extensionkitservice.xpc/Contents/MacOS/extensionkitservice,0.0,6012928,0,0
1747113031,JermainacStudio.attlocal.net,JermainacStudio.attlocal.net,darwin,17984,17945,Steam Helper,"/Users/jermainebaker/Library/Application Support/Steam/Steam.AppBundle/Steam/Contents/Frameworks/Steam Helper.app/Contents/MacOS/Steam Helper --type=renderer --locales-dir-path=/Users/jermainebaker/Library/Application Support/Steam/Steam.AppBundle/Steam/Contents/MacOS/Frameworks/Steam Helper.app/Contents//bin/locales --user-agent-product=Valve Steam Client --user-data-dir=/Users/jermainebaker/Library/Application Support/Steam/config/htmlcache --buildid=1745876290 --steamid=0 --valve-initial-threadpool-size=20 --lang=en-US --num-raster-threads=4 --enable-zero-copy --enable-gpu-memory-buffer-compositor-resources --enable-main-frame-before-activation --renderer-client-id=8 --time-ticks-at-unix-epoch=-1747063897865005 --launch-time-ticks=48978608307 --shared-files --field-trial-handle=1718379636,r,1740280637600812251,11031083415003555219,262144 --enable-features=PlatformHEVCDecoderSupport --disable-features=BackForwardCache,DcheckIsFatal,DocumentPictureInPictureAPI,SpareRendererForSitePerProcess,ValveFFmpegAllowLowDelayHEVC --variations-seed-version --log-file=/Users/jermainebaker/Library/Application Support/Steam/logs/cef_log.txt --seatbelt-client=149",0.0,243056640,0,0
1747113031,JermainacStudio.attlocal.net,JermainacStudio.attlocal.net,darwin,425,1,knowledge-agent,/usr/libexec/knowledge-agent,0.0,38502400,0,0
1747113031,JermainacStudio.attlocal.net,JermainacStudio.attlocal.net,darwin,1325,1,naturallanguaged,/usr/libexec/naturallanguaged,0.0,36028416,0,0
1747113031,JermainacStudio.attlocal.net,JermainacStudio.attlocal.net,darwin,437,1,ControlCenter,/System/Library/CoreServices/ControlCenter.app/Contents/MacOS/ControlCenter,0.0,68517888,0,0
1747113031,JermainacStudio.attlocal.net,JermainacStudio.attlocal.net,darwin,455,1,siriactionsd,/System/Library/PrivateFrameworks/VoiceShortcuts.framework/Versions/A/Support/siriactionsd,0.0,22364160,0,0
1747113031,JermainacStudio.attlocal.net,JermainacStudio.attlocal.net,darwin,459,1,swcd,/usr/libexec/swcd,0.0,16515072,0,0
1747113036,JermainacStudio.attlocal.net,JermainacStudio.attlocal.net,darwin,507,1,extensionkitservice,/System/Library/Frameworks/ExtensionFoundation.framework/Versions/A/XPCServices/extensionkitservice.xpc/Contents/MacOS/extensionkitservice,0.0,5914624,0,0
1747113036,JermainacStudio.attlocal.net,JermainacStudio.attlocal.net,darwin,548,1,imagent,/System/Library/PrivateFrameworks/IMCore.framework/imagent.app/Contents/MacOS/imagent,0.0,36798464,0,0
1747113036,JermainacStudio.attlocal.net,JermainacStudio.attlocal.net,darwin,602,1,TextInputMenuAgent,/System/Library/CoreServices/TextInputMenuAgent.app/Contents/MacOS/TextInputMenuAgent,0.0,21774336,0,0
1747113036,JermainacStudio.attlocal.net,JermainacStudio.attlocal.net,darwin,3020,1,BTLEServerAgent,/usr/sbin/BTLEServerAgent,0.0,7176192,0,0
1747113036,JermainacStudio.attlocal.net,JermainacStudio.attlocal.net,darwin,567,1,IMDPersistenceAgent,/System/Library/PrivateFrameworks/IMDPersistence.framework/XPCServices/IMDPersistenceAgent.xpc/Contents/MacOS/IMDPersistenceAgent,0.0,63799296,0,0
1747113036,JermainacStudio.attlocal.net,JermainacStudio.attlocal.net,darwin,641,1,SafariNotificationAgent,/System/Cryptexes/App/usr/libexec/SafariNotificationAgent,0.0,10633216,0,0
1747113036,JermainacStudio.attlocal.net,JermainacStudio.attlocal.net,darwin,474,1,identityservicesd,/System/Library/PrivateFrameworks/IDS.framework/identityservicesd.app/Contents/MacOS/identityservicesd,0.0,51347456,0,0
1747113036,JermainacStudio.attlocal.net,JermainacStudio.attlocal.net,darwin,5384,1,ASConfigurationSubscriber,/System/Library/PrivateFrameworks/RemoteManagement.framework/XPCServices/ASConfigurationSubscriber.xpc/Contents/MacOS/ASConfigurationSubscriber,0.0,9699328,0,0
1747113036,JermainacStudio.attlocal.net,JermainacStudio.attlocal.net,darwin,475,1,com.apple.hiservices-xpcservice,/System/Library/Frameworks/ApplicationServices.framework/Versions/A/Frameworks/HIServices.framework/Versions/A/XPCServices/com.apple.hiservices-xpcservice.xpc/Contents/MacOS/com.apple.hiservices-xpcservice,0.0,7536640,0,0
1747113036,JermainacStudio.attlocal.net,JermainacStudio.attlocal.net,darwin,930,1,Electron,/private/var/folders/1g/wqnrzxcn43z2sgcvgbtwy28r0000gn/T/AppTranslocation/8A9296ED-5E59-48DB-8C5E-73613FABA55F/d/Visual Studio Code.app/Contents/MacOS/Electron,5.0,208633856,0,0
