pc_1,pc_2,pc_3,pc_4,pc_5,pc_6,pc_7,pc_8,pc_9,pc_10
-5.087845502433201,0.6864821218200892,-1.014591300521486,-0.3511510274106076,-0.2360341864678857,0.5570765574406426,-0.4446740743252841,0.39107790919104785,-0.6941310302218431,0.0019050868829822373
-5.26157139430077,0.4788053262537192,-0.5039906649835291,0.02933961652617088,-0.18324939550128141,-0.020602073664690423,-0.5901452651009992,0.19916962327202528,0.7383230076120145,0.45141330635466603
-0.9770010896211483,-3.4831260028160655,2.390306861788919,0.6104927628378892,-0.06328303839793073,-0.16013344790987283,0.4014056609122973,0.028540276975121234,-0.2626266143998024,-0.03941162077566041
-5.2751108539728175,0.6579413720249682,-0.8517199805672584,-0.22544437956029195,-0.2541580581927664,0.5502038085349944,-0.3393432707013931,-0.12001425865735418,-0.5465420575410573,0.006429699966124352
-5.298146010376784,0.7193715820087955,-0.9560968953306233,-0.3003409900172265,-0.2737321848325053,0.7226222884934582,-0.27497700561362276,-0.21165309187216547,-0.8893790600651574,-0.11966556326063862
-5.302046616237056,0.7291832285638247,-0.9734367589785183,-0.3127121780235409,-0.277289283956786,0.7521793260381783,-0.26356670242593055,-0.2268706948373011,-0.9521535463898544,-0.14239640252522526
-0.9876241562350196,-3.5068452392703384,2.4310066022566685,0.6368294426665292,-0.06694244245241915,-0.18372300687345056,0.4055086061301448,-0.010075312055883,-0.2936627457632493,-0.05339654475902373
-5.298226554460611,0.7303310751884433,-0.9770029930892553,-0.3156509016029478,-0.27769947919210747,0.7557018800767016,-0.26032204898938466,-0.23090602938888616,-0.9611451800457879,-0.1445355697455221
-0.18878816125908035,-3.8732280445527953,2.5067407601329807,0.5906125453183954,-0.0024236086279482427,-0.7174873191324067,0.3336052273091831,0.2445208631672674,-0.026999300634684042,0.15297184728280966
-4.84995497871409,2.7846218963375775,1.2568703151317597,0.4809122301278071,-0.31467120553087846,-0.3130835980229011,0.14573426559479208,0.06858157945253884,1.0249730160960695,-0.5268759566475333
-0.2734893136610389,-3.422752068590303,2.52537148033771,0.6434165175270318,-0.09866273702134669,-0.2025254701017991,0.012326651803492863,0.09108797713414298,-0.9583681402787064,0.49139628452086476
-0.2539859276746945,-3.7450826209164108,2.3174866803807297,0.4779167622990543,-0.027168632512712673,-0.4692891811406837,0.4022243986572115,0.11845412009947077,-0.43611096092629903,-0.02641376354038922
-5.100188585696337,0.6977409772356065,-1.0279065815422477,-0.3594848099783369,-0.23794853071002944,0.5800085140082613,-0.4411340461646524,0.38167393004972544,-0.7212134381783579,-0.011832479344170926
-5.277384266482835,0.4522390359009671,-0.4627218471478114,0.06847498239557287,-0.1809091310495959,-0.06537093887951369,-0.6119497621477634,0.24377074749830044,0.7771772481169101,0.45849308793107535
-0.972038719311759,-3.5135630282638624,2.4448390513359524,0.6503395438418272,-0.05327980603996567,-0.2470942488397827,0.3656706581367503,0.07788742792917559,-0.08470067245817677,0.023789600511941365
-5.271395300860961,0.4638035756819335,-0.48495575224092413,0.05137385126011657,-0.18393463344789734,-0.03566235824672976,-0.5970974003632761,0.2220464525920489,0.7206218761504218,0.4397898100520331
-0.23235478545450608,-3.8018366507244976,2.422497953106258,0.5537338465690324,-0.00400359129782101,-0.6531067511189034,0.3284981660549099,0.21166734094501335,-0.02341021556715525,0.12011751714612012
-5.272891927602451,0.6458074500392463,-0.8314655501131353,-0.21126525350553932,-0.2510042256271394,0.5200461026745763,-0.3512430185154067,-0.10219367497137735,-0.4921474514110569,0.02651743215569107
-5.298720284693932,0.7232939591996791,-0.9654450513978237,-0.30736784384257276,-0.2763502884114632,0.7404486601768919,-0.2666617876310819,-0.22041868771914402,-0.9379301689969595,-0.13595710991743484
-5.279614252058101,0.39967606967111885,-0.39762588083403294,0.13219753633223383,-0.17928441746647483,-0.13692873282733825,-0.6338438010136163,0.3111793633512001,0.7813723906232717,0.4541545450885471
-0.2402611133072047,-3.7873442151048367,2.394651039678078,0.5332354299823838,-0.011028731668204325,-0.6003066811057717,0.34921955488815104,0.18691243905069657,-0.14973008659942735,0.07544236348443847
-0.25080322568235974,-3.8133379255767084,2.4268266464204777,0.5497873875946677,-0.02562416762669479,-0.5786162601303299,0.3840748009416558,0.09647696477330199,-0.36923609419316544,-0.0022282590147239324
-0.9205508881144697,-3.573622529702174,2.5126316005247733,0.6729603902338271,-0.05168826970421334,-0.2983583297161712,0.3782511566115374,0.09306148529522462,-0.08428932880514789,0.06005936250698007
-0.968277947515447,-3.5727107293416664,2.5358333803828113,0.7076814809301272,-0.05592036162347837,-0.3247256133074829,0.36311020816979117,0.03346914125479683,-0.09240850520208001,0.022667779152095495
-5.281382054344649,0.6624013676399683,-0.8625951649785463,-0.23418775933866653,-0.2584818978642117,0.5778329434422252,-0.3288996698886007,-0.1298784573734229,-0.626457427100006,-0.021349585607921724
-5.090767404112442,0.689971289260927,-1.0189314840626529,-0.3535396348578436,-0.23654967274846075,0.5634311405625804,-0.44327776758310994,0.3880537436946104,-0.7008445094146841,-0.001577296070388984
-0.24891186428238424,-3.759394529065446,2.34133073109966,0.4946575072454462,-0.022941648659957008,-0.5073920362158894,0.38787574513062617,0.13914547273451688,-0.36327214801339675,0.0005019092593485595
-5.090667492971857,0.6969335398078914,-1.0324628901114694,-0.36354527068842907,-0.23918540208999522,0.5850838024061794,-0.4335964335294756,0.37550045353260836,-0.7488042392442263,-0.018094690319381997
-5.450796968870517,-0.03451066482582953,-0.4687966948281695,0.06184846829545929,-0.1386961198622913,-0.38157102915562313,0.007313017395677539,-0.2837478100031348,1.1121631538710646,-0.3006277208209774
-5.26856388752792,0.44103529515632195,-0.4443776557748317,0.080271905351968,-0.1768011146471264,-0.09842502406079517,-0.6233740068362117,0.25842141205469576,0.8467484289435603,0.4847974863442758
-0.96804594632331,-3.5673564372496394,2.5284235889662625,0.7050110624494336,-0.0514373993251413,-0.3332244918572113,0.35061926511589864,0.07423984010688202,-0.030168051301339732,0.045902386960283696
-0.9641913555724546,-3.52331081957138,2.459193802888117,0.6596062605644982,-0.050585100055386634,-0.2717294247107633,0.35830835939589994,0.08913761331783195,-0.040850701791740184,0.04137497611576798
-0.9588705445358057,-3.6015682209254023,2.5872790606158,0.7466203114240041,-0.04086548180876281,-0.4266379429819925,0.313810135822487,0.12594585417981818,0.15454461735732766,0.11326003200143599
-5.2583590480848725,0.4564562921604814,-0.4715755975431083,0.05189620871980911,-0.18044939162522305,-0.06158337716025726,-0.6039948503826875,0.2273087927215369,0.7815803722561265,0.47015668741679684
-0.9861638221330862,-3.508883416049992,2.433872109929475,0.6388805082190071,-0.06648898238811193,-0.18852509410228024,0.404246587110284,-0.007706728736426337,-0.2862598565472643,-0.05031879460369144
-0.2641611997933352,-3.440185928083522,2.551941802134077,0.6617332033874371,-0.09428422179435303,-0.2451477965992348,-0.0015657303380069284,0.11331626161377935,-0.8855996707475889,0.519885141080044
-5.280326650161359,0.4033481776640437,-0.40441814079718486,0.12748424412572087,-0.18062837436008436,-0.12597643471729075,-0.6291482764083289,0.3051782777365326,0.757600173789677,0.4457519952348644
-5.335446380731394,3.764220035455758,1.764396091366981,1.295374006145221,20.470016972814612,0.42859052714461504,-0.4827690222247278,0.0921268929068641,-0.5723004226997767,0.7008182846947764
-0.9531290668780117,-3.6260868756032556,2.6224575349695662,0.7711609549279409,-0.041763485528526864,-0.45886886380102704,0.3126852901842915,0.11034917197009687,0.14948978967779034,0.11091188958446722
-5.274684140135588,0.6622034530273543,-0.8639946159437861,-0.2353718011760727,-0.25802465239148326,0.575136696752712,-0.32712619908370183,-0.13219377887423284,-0.620033272836844,-0.017621649929132573
-0.9520207150959668,-3.5714349032689086,2.5385634884527457,0.7180014742354849,-0.03735301606408884,-0.394820373181112,0.3108484223795303,0.16000914054985035,0.18651845401156308,0.12333126234164037
-0.9236769800902229,-3.592055055414108,2.5426357917162914,0.6931992685838607,-0.04871872149744016,-0.33418277853977557,0.3619668162828064,0.11971874495995066,-0.03572756006676634,0.07795128608164312
-5.282947361422302,0.673017085683114,-0.8788638734164239,-0.24544643071787914,-0.2603209188598417,0.5996731894248714,-0.3208814642468319,-0.14403937867719213,-0.6565471316074546,-0.03328123482472784
-5.274914595394003,0.41351560941325877,-0.4166037733652488,0.11670726482512571,-0.17946670272817053,-0.11981196839453195,-0.6265708871785163,0.2926621071803795,0.7834660400248279,0.45553383548921705
-0.935030772320262,-3.528442965343869,2.4390808827341868,0.6214301322847035,-0.06370716822754438,-0.18457775237023974,0.4205348816473567,0.029274272282203844,-0.289524659909793,-0.016748180479402748
-0.9594331621847705,-3.5975390440814077,2.5792889175073737,0.7438428500780109,-0.042097504170657205,-0.41587260338162785,0.318609355485209,0.12043484523752875,0.13232348734178845,0.10319615567074428
-0.25429368688172227,-3.794081201327822,2.4025243339043305,0.5358071801297974,-0.02152076250399381,-0.568897504516625,0.37601597839658973,0.12161073422273584,-0.3054379662443269,0.01808241121698031
-0.23617255698472275,-3.8739100516509453,2.5220742077112024,0.6414578738172256,-0.0037830806269824094,-0.7527377878074472,0.3092354543755568,0.237951289092712,-0.013674227275993656,0.11204578698628861
-5.300503060533261,0.7312552347965586,-0.9737954296806987,-0.3122065544531462,-0.27561187071278387,0.7459059207804911,-0.26669695117686226,-0.2267091653258318,-0.918994774096952,-0.13186429864709218
-0.27008429766488307,-3.3885497907110973,2.4701046101866653,0.6077596106993862,-0.09740603186061268,-0.1555354841895351,0.015860642229316897,0.1153258668160322,-0.9632816806498515,0.4902640106439706
-5.276231800732734,0.6615491124228375,-0.8611188424390332,-0.23303916166275346,-0.25716965339835357,0.5700546044272067,-0.3304172923616529,-0.1291185635510797,-0.6032286170926635,-0.012542971135101227
-5.271404244924113,0.6619793611220677,-0.8634163933743816,-0.234807041285359,-0.2571589563124448,0.5703515366212623,-0.3280493103698792,-0.131969184508482,-0.6044317496561594,-0.011813183688181244
-0.22320829033700076,-3.452530589225763,2.5451565146698623,0.63493488432368,-0.0954679143464583,-0.21231627669021677,0.023697315663002334,0.13788043747726614,-0.9577791811974267,0.527675182221262
-0.9766352883074849,-3.5617852659141085,2.5211487361086458,0.7006995207338257,-0.053299129392641406,-0.3176289551857671,0.3538670088444736,0.06940852578438506,-0.059742797052307305,0.033407378400556346
-5.094093735655567,0.6958605586250726,-1.0269231916433474,-0.35888396903881187,-0.23748866829378357,0.5751618064238667,-0.4401826823779585,0.3816017365764532,-0.7150678868075794,-0.008016588678179509
-5.479328256250035,0.35453402135032824,-0.22210557293291117,0.2646903153135711,-0.20742304831540997,-0.11634510864915343,-0.5119713569369492,-0.2166513079742985,0.7425847747281732,0.39330646679287073
-0.25465719876356274,-3.8060453148234634,2.426989192152226,0.5544347276720973,-0.016305815206233056,-0.6098255602586685,0.35745010516725007,0.14471576967903926,-0.20944512050139116,0.05063255649051864
-0.991363840578954,-3.502586606116256,2.4238860627832155,0.6321698424793231,-0.06867486765569757,-0.17026372958333802,0.41014061339060365,-0.015780645774827105,-0.3232899009944213,-0.06448286229025868
-0.9739847168193303,-3.484805202658807,2.3894648992668484,0.6095044055523279,-0.0643836905325541,-0.15675096102969333,0.4052820891185424,0.02692132847038747,-0.28558360955428536,-0.045667593384540746
-5.2792301304709515,0.6513745458144492,-0.841585247537852,-0.21888897089338943,-0.2540689274322956,0.5424769932737067,-0.34387510202697863,-0.11083792974262188,-0.5469711526619234,0.006489250779763527
-6.30313724890435,2.062858444904871,-2.61751304737221,-0.07089529017232286,-0.26196126127415964,-4.189744044799946,-1.0682543131313862,-0.14171237533171832,-1.810736149872634,0.5045654189149621
-4.258627441462677,5.785842261652761,3.1656113646094046,1.092556107635722,-0.5423752012087709,-0.07576898081464951,-0.22035839374852342,0.475745359232584,0.70488568674771,-0.013678117468592382
-5.276168903129415,0.6618596778908518,-0.8593572266230314,-0.23132056096956372,-0.25589637902751106,0.5638973511521145,-0.33376295006617135,-0.12710176266128087,-0.5783568573636628,-0.004683292661055333
-0.9461578212143165,-3.5752008067246805,2.543648893148536,0.7212281701124034,-0.035979930846047,-0.40609319551447426,0.3084055055710822,0.16354661798741488,0.20892183498429118,0.1325638208544311
-5.5098951713323645,3.3317828148088053,1.7256926511201376,1.2370811587123118,20.512956981139602,0.1588276799680981,0.1249547400102995,-0.4822753126813402,-0.16632667522834174,0.008437448348448307
-4.834810471077318,2.758353545635601,1.296226157740367,0.5075394926541374,-0.3082732083340516,-0.376166549593995,0.12586893839501298,0.10101037094953225,1.1304421555952613,-0.48475668265305777
-5.2890324566179965,0.42319718080649965,-0.43914686180677354,0.11622710019681935,-0.18583984918680996,-0.07736821719268878,-0.6129720971310559,0.28181399198854945,0.6642819442968535,0.39834543458919736
-5.293653494850354,0.7175730612158768,-0.95756137267645,-0.3020386101790696,-0.27497888098387413,0.7266838243990273,-0.2700814106429544,-0.2142282380893677,-0.9158595961983254,-0.1266282433537025
-5.284117321016189,0.40387284504352755,-0.40307189272300303,0.14212729438894453,-0.17830480845639693,-0.13809657409446802,-0.6382111876321996,0.31409055204532943,0.7989741125462757,0.4459375812983246
-5.2714962476124345,0.4763869887224508,-0.4900886084200208,0.0415739107562842,-0.17905311336141297,-0.045276223578324566,-0.6068991409189756,0.21499852361553443,0.8230156643918425,0.4763604829727302
-5.284726290256565,0.4209040402864815,-0.4339514917606626,0.10681806622796818,-0.18557445683515209,-0.08043961126666839,-0.6114104214566829,0.27932589029426996,0.6719917992610126,0.41420492830161093
-0.9646423500391794,-3.522793683811894,2.4552440352906975,0.6564720758636863,-0.052583456748641094,-0.2611546411666059,0.3638188151978852,0.0852258766580042,-0.07891267219242411,0.029069639094173864
-5.297481780312924,0.7153784107011119,-0.9504331136322353,-0.2961873866781651,-0.27328040255865077,0.7153281878201273,-0.2772157308369075,-0.2066315363604983,-0.8823089790232661,-0.11649150505436481
-5.294506403824749,0.7245166712660975,-0.9670378211511754,-0.3085839893517692,-0.27547394508589457,0.7375717722716258,-0.2667587296064731,-0.2223880737784693,-0.9221770838721786,-0.1301573427168258
-0.26543967971997917,-3.524424213686139,2.005373372234112,0.29043512566647706,0.008827708374773436,-0.31107226328726306,0.3852471554860962,0.3716871813222959,0.07883201926002949,0.10914147121890619
-0.9561405757013606,-3.602212865730161,2.588475040619649,0.7500261390612576,-0.03957475867786588,-0.4336663563949426,0.31141218690427835,0.12818309247102921,0.17700354380990785,0.11902859053094557
-0.19566648565287512,-3.8341403024807708,2.4451331493646555,0.5450729017057045,-0.010964802385495362,-0.6286906891167818,0.36754313809696787,0.18922197654657044,-0.16950884351116477,0.10129714415153357
-0.2419285383188762,-3.8419417626535757,2.4803595261056097,0.5966355375013541,-0.008416015088345954,-0.6917491925852898,0.32934467512258336,0.19314875650276384,-0.08078525497749257,0.09664117544313675
-0.9596710782365441,-3.5408434568773197,2.4861020707435824,0.6783825854123949,-0.047078324415235115,-0.31017823320715493,0.3447456245238436,0.11231812455208263,0.017434830635086315,0.06444366074446961
-5.280654926677469,0.6587187618002991,-0.8551697674641563,-0.22831555530641529,-0.25675684121951464,0.5643815894938019,-0.33448405281640387,-0.12284010097195688,-0.5945155863291137,-0.010315848927602017
-5.298146010376784,0.7193715820087955,-0.9560968953306233,-0.3003409900172265,-0.2737321848325053,0.7226222884934582,-0.27497700561362276,-0.21165309187216547,-0.8893790600651574,-0.11966556326063862
-5.091077759436841,0.6947650665857985,-1.0273123046018982,-0.359442848915644,-0.23789537427108187,0.5758170792692153,-0.43803417163235264,0.38055723939491776,-0.7244309909866898,-0.01003848258220647
0.5054948399287945,-3.94435225237243,2.1748513688392594,0.32638878500241686,0.028225575789970453,-0.8060277333102998,0.377575177633349,0.2961243933021153,-0.2908881203047308,0.027307559793365264
-5.283709974235716,0.3902131823193011,-0.38090902429208195,0.1575154201894706,-0.17556837895397714,-0.1678959393035931,-0.650330406692381,0.3337172595071736,0.8452087470606606,0.46327363213694417
-5.292962442268386,0.40813075175677,-0.40696976041456145,0.12683855839272304,-0.18119440013608956,-0.11758087775118814,-0.6316739512166596,0.30551393092244017,0.753825644512785,0.44056357050673106
-5.288345330643581,0.42031702832783596,-0.4311795379379719,0.10916182888173152,-0.18516513391433634,-0.08324534500689824,-0.614381039220494,0.28261351550334296,0.6810763005477404,0.41631477719284044
-0.9754956778594641,-3.5402447030830864,2.48717604497755,0.6763560068380162,-0.056717055899899255,-0.2745153878655748,0.37118630293454974,0.03874185271895403,-0.11667849993983537,0.011768159185089994
-4.248802094331585,5.422180018962347,2.9361820581930007,0.905581375229187,-0.4776737420612031,-0.3222076480447823,0.25822870274808035,0.42114902290615835,1.0588067090853217,-0.6687627410964903
-5.304492436931407,0.7238918738938517,-0.962654567821862,-0.3050522074835789,-0.2755086034477597,0.7372200965522121,-0.2714987558826017,-0.2167359794661255,-0.9196437777968995,-0.13169617355752575
-5.283854677287877,0.39700585434164387,-0.3974970642883503,0.14645932527921687,-0.17953435014264738,-0.1393157374866923,-0.634863790392433,0.31978436433990987,0.7735801045613557,0.4404104367478791
-0.9828789637773994,-3.531817416944548,2.4665429991442607,0.6590371722408385,-0.06868231702376461,-0.21252166261152472,0.40596469561228776,-0.026762838479267224,-0.3136240122722666,-0.058488563499145114
-5.282754019760076,0.4398508838723227,-0.46225901060580676,0.08427281460074516,-0.18794248363291796,-0.04591930503487924,-0.5976886401267513,0.25243812132041726,0.6347362296440998,0.40144375951416467
-4.838950310972546,2.7743163388736636,1.2687050644357496,0.4880711913617141,-0.3131910178000126,-0.33254774407735477,0.14306684658635138,0.07675169739721754,1.0443939639084343,-0.5160866010344568
-0.9764524012226461,-3.5435347345079737,2.491766662950509,0.679779538294997,-0.05670092865242839,-0.2787361740045146,0.3696287846575837,0.04301951506563473,-0.11720209436474,0.011953897006503256
-0.9365567314351673,-3.5378713625909426,2.4526478443564024,0.6302309944475478,-0.06320715633448953,-0.19774625840287027,0.41504075037106775,0.04100172869759115,-0.2844392012910106,-0.013862364268764643
-4.898903690229953,5.9609688763014805,3.3983054764226974,1.654404923554875,19.911934538940354,0.13422862222723708,0.23512630014970048,-0.11073501305493175,-0.08629244462227958,-0.1465768970978256
-5.281912254156316,0.4160323339856365,-0.42190708325711157,0.11322124126825305,-0.18213267901966257,-0.10370642379394296,-0.6214579450836977,0.2888428175109568,0.7362205836090004,0.4383626885321238
-4.245244752439627,5.409092799025022,2.957917020363896,0.920935322617762,-0.4740857529842983,-0.35583316441836554,0.2454563457818757,0.44020346778877917,1.1208627753594713,-0.645726798292847
-5.097549967298679,0.7025463626814059,-1.035921028053472,-0.36482724152244456,-0.23844180034365975,0.5878514812521441,-0.4368176237926535,0.37435287251332233,-0.729071355621393,-0.014564455561897177
-5.29943678769054,0.7283837328208213,-0.9697202085584032,-0.3092428729653718,-0.275161833067941,0.7400454607037471,-0.26838760505467724,-0.22318302849918908,-0.9117389577934714,-0.12874887709895325
-4.852092161892368,2.772432658715696,1.2837905142458557,0.5014593263943032,-0.30858715736833997,-0.35859398713463153,0.12389042435003368,0.09437280426477468,1.138356857236579,-0.4890882121832976
0.5103140829377706,-3.9575078269990462,2.1985152022220955,0.34324423974976204,0.03315805888293944,-0.8462913922796499,0.36155775514735566,0.31695359226365577,-0.2038232491884435,0.05846695145250807
-5.4563918520478865,-0.033276947540525896,-0.4677536579138751,0.06593954950182977,-0.1378380691216704,-0.38437675502880964,0.0030030832445570735,-0.27994242461648416,1.1305346071014022,-0.2985537253584864
-5.259373034095423,0.4621133269693409,-0.4755672625315447,0.04941797926170261,-0.178763125603081,-0.06290352956304597,-0.6072926711583511,0.2244375636552329,0.8164311362623071,0.47988296910919015
-5.273157045703462,0.658299716333214,-0.8587014174506767,-0.23180520400861226,-0.25754721405203934,0.568075039040279,-0.3290827640490896,-0.12782163750015435,-0.6131244060607316,-0.014318398158206186
-0.9734116334195655,-3.5463271426364886,2.498561681277321,0.6844876447569245,-0.054211623217219784,-0.2942366413351742,0.36309099932447614,0.048836183231349695,-0.07204355838937372,0.027548218049521837
-5.295697272765846,0.7134033758778502,-0.9483677420958869,-0.29556856149039495,-0.2731999451038595,0.7131582355096485,-0.27746539275415555,-0.2055889414032171,-0.8831640923437811,-0.11598665104413777
-0.968140516262342,-3.4968925405619733,2.4122666207275505,0.625858465875898,-0.05894184486291894,-0.19834148873534496,0.388715411029934,0.04698504672835646,-0.18848459947486043,-0.011215117345155462
-5.275611734101779,0.40943943001377553,-0.4094916360013917,0.12143963492612472,-0.17854189352677974,-0.1289722852566994,-0.6309378116845012,0.29897389788588963,0.799264020504397,0.4611260673338179
-0.9668838541057074,-3.5330726774200056,2.4755531134647097,0.6714649595142875,-0.0489364610313406,-0.291736203566123,0.34918111434220533,0.10432143872904816,-0.012345366878459357,0.051503334208197436
-4.834630015852906,2.754356303002918,1.3036008494501818,0.5128437684092727,-0.3069416433159839,-0.3875934793336385,0.12089531582440978,0.1077100183042503,1.154248545746348,-0.47640407041716765
-2.1532290344632425,-2.3137386186279603,2.2318459449577714,0.6369030258300876,-0.16416139530697496,0.8893435618580847,-0.3670575879196319,0.7829782260291415,-0.4406614305941494,0.6439357212567078
-5.290601023794427,0.7076614822005596,-0.9392177882720378,-0.28792150417541545,-0.2710663381740952,0.6943952880550331,-0.2826627324110596,-0.19732395019984422,-0.8447542716705516,-0.10139541082713147
-5.091640879251855,0.692356822012491,-1.0202389605395166,-0.3541857773497638,-0.2357122995179077,0.5621753383972411,-0.4452027447899672,0.3873412647027397,-0.6834484745682448,0.003275535131445234
-0.24343128960621976,-3.771674843625818,2.361031014851228,0.508487527450947,-0.019513724760005423,-0.5392058887360148,0.3766610303941853,0.1560283293406163,-0.30487341013579067,0.022574026482833985
-5.27389000997174,0.6574137470274823,-0.8573247054159673,-0.23061925953434592,-0.25755873361307535,0.5668835871123893,-0.32963489768714066,-0.126375366417591,-0.6131831003740337,-0.014339017446931284
-4.84597382876999,2.7638507566029005,1.2951162765382869,0.5085933297198425,-0.3071468120469955,-0.3757202271508643,0.119669005782862,0.10305211993439523,1.159513622401396,-0.47927511089806335
-5.270592797413039,0.4623605355851537,-0.47571577773657736,0.0500606011355243,-0.1810171620302399,-0.051754179597567625,-0.6059724538455483,0.22614902722242,0.7779915782408233,0.46490962603052854
-0.9815538019631502,-3.4720474200965135,2.3744895542825586,0.6004254858648502,-0.06513365574899646,-0.13834618600625737,0.4084567608456352,0.015768869208447386,-0.290541691753831,-0.05134460365427879
-0.24752323277231783,-3.769331355585005,2.362626884274194,0.5104623658158585,-0.017702081920561993,-0.545536186360528,0.3706084861296467,0.15886019143851807,-0.2672286658396549,0.033133243775144615
-0.9862079429159565,-3.5190939487420057,2.449275785378738,0.6498033335349765,-0.0651708510767115,-0.20743276478670447,0.39709405448276763,0.0060186302192874975,-0.2653071769925599,-0.041859149661499125
-5.273691375667334,0.66149635294871,-0.8633590703196353,-0.23535986904500955,-0.2579848598213405,0.5744101307466193,-0.3271140122059584,-0.1320463360668485,-0.6204143956817043,-0.017383882088552745
-5.09252139010063,0.7035374460466095,-1.039012859276867,-0.36719008207069376,-0.23843197557225673,0.5888652337444934,-0.43417560612814504,0.37075454221340737,-0.7301816205540943,-0.013863986444044579
-0.9594702357467884,-3.5965442191082695,2.5793870934434984,0.7438993111067734,-0.04131409555863181,-0.4183981707595699,0.31671170199772275,0.12064447488922143,0.14760078618940958,0.10786267107624775
-4.843321682684597,2.754921613882674,1.307291234100598,0.5169164459060505,-0.30619019073909615,-0.3912771831723171,0.11520780450661684,0.11329182136757619,1.173145620692032,-0.4726099706980757
-0.9485162476434994,-3.573060682680211,2.5388992015171326,0.7175666086551541,-0.03764142731409582,-0.39505080046468916,0.3126128190724563,0.15930921152268715,0.1785098766045693,0.12192685100647081
-5.086403056978252,0.6949555439338141,-1.0276870969844358,-0.3600560787451545,-0.23699163025091227,0.5717389937282605,-0.43839702469531666,0.37943385788302814,-0.7090248553892767,-0.004050885158810197
-4.677063461414643,3.1971960520424725,1.33591546816974,0.5592379442727344,-0.35077604936769974,-0.1009887470819702,-0.48689128208558724,0.6758754756513496,0.7480114232068057,0.21962659628923487
-5.456134702284705,-0.04407163729411722,-0.4478171523344329,0.07772440552143559,-0.1347810597877522,-0.41278734633024206,-0.009174036752607459,-0.26328711302142077,1.1856992645216398,-0.2767839062817286
-0.23170820571837694,-3.8330362086736263,2.4586204603952786,0.5969310146307862,-0.0026072024445322377,-0.6969100833005403,0.31545035449236014,0.25312380753683067,-0.017339349591676906,0.11255049561728783
-0.9779938540894022,-3.4824189027374213,2.3896713161647685,0.610480830706826,-0.06332283096807348,-0.15940688190378038,0.40139347403455383,0.0283928341677368,-0.2622454915549421,-0.039649388616240185
-5.261131138876382,0.4732150142366601,-0.4946037156148542,0.03584176888663556,-0.18188955747410698,-0.03394702133831635,-0.59565883443191,0.20746298451669123,0.7616895806049386,0.4599830671424107
-5.091171833976326,0.6923713911842346,-1.0225830081021805,-0.35649536159157563,-0.2369731820132085,0.5688072233019289,-0.4415789891201329,0.3846259020728909,-0.7083544076147383,-0.004534205724808177
-5.304184998523596,0.7303576573698985,-0.9727850916740094,-0.3115813924925723,-0.2764758221628107,0.749257440315353,-0.26632191123615495,-0.2254383410065573,-0.9347820325392253,-0.13761412822990873
-5.257244607202754,0.4539058534995026,-0.46637189815604885,0.05541957907503509,-0.17910717936062517,-0.07110203467371763,-0.608142303642505,0.23181445965118028,0.8055383243513101,0.47850060061234456
-0.9921623583239585,-3.502585210553096,2.4241181682680137,0.6326509636477066,-0.0686990921432969,-0.17038232169436296,0.4099099861944463,-0.015267846358795889,-0.32311061830140547,-0.06461484020949093
-5.093829816662818,0.6967319587590602,-1.0259558561153925,-0.35776032927126594,-0.23621626623744676,0.5697213734470684,-0.44325430440974206,0.3828708281237391,-0.6901032594477836,-0.00018622853320099966
-5.258354396692614,0.47827066888041836,-0.5051740582301266,0.028185775723694944,-0.18365697379308554,-0.019229980521047917,-0.5877227186826579,0.1973774167479773,0.7290527710636981,0.4493620941215714
-5.297466098397526,0.42014202946046014,-0.42045460252664946,0.11901627940927027,-0.18097234103249113,-0.10505221372735768,-0.6300387723475307,0.29545157847680265,0.7661404278507455,0.4411446804946348
-5.448728508765158,-0.05040612941801991,-0.44137942120561496,0.08132789272832633,-0.1342239864686442,-0.42291347608698726,-0.009564415281520453,-0.25927672656490103,1.1904911911004388,-0.27226663234238047
-5.274671797656692,0.6657147264358643,-0.8686015630081696,-0.2383585379353541,-0.25806880653415504,0.5794473642502728,-0.32576820759777053,-0.13607976839417907,-0.6191878118380114,-0.018006009415049547
-0.9644296964566672,-3.531250266583845,2.4710559111535937,0.6675118006142019,-0.04968524402314231,-0.28535563527561075,0.35287503788797747,0.0994196425195651,-0.02753243589076451,0.046941570794232966
-5.299124714557816,0.7256940611229871,-0.9690965754373517,-0.3103235705763051,-0.2767737976762109,0.7458247429162407,-0.2649630091681046,-0.22384652934086385,-0.9454400671970136,-0.13891401957185404
-0.9582821920983393,-3.5949547171720044,2.575565950643363,0.7409123719204763,-0.042098063335584635,-0.4124969753598052,0.3199484334437613,0.11681742511426303,0.13264524161484856,0.10311620777067848
-0.9467454904472103,-3.5751536754544633,2.540354928118682,0.7185830613340171,-0.03797598364680566,-0.3961213814187364,0.31369345876207244,0.16024597594854115,0.17078506538004867,0.12028501780732433
-0.6540234048170315,-3.4098077825094615,2.118177168345997,0.40862574500781085,-0.01793607181092838,-0.20772084969737348,0.20336424705091308,0.8219778507741954,-0.16208016372560832,0.06422892162499358
-5.301380654465448,0.731176298029759,-0.9740579840266569,-0.3127784601072828,-0.2760186265294608,0.7481725336579678,-0.2660902531122438,-0.2270970219750404,-0.9270031837684705,-0.13462467903838174
-0.9031781376563144,-3.620473429108586,2.588664738094353,0.7285581884440638,-0.038351664501220614,-0.4203285016570532,0.33328393388944677,0.1599543724235609,0.14352845448402704,0.14321241394204662
-5.091640879251855,0.692356822012491,-1.0202389605395166,-0.3541857773497638,-0.2357122995179077,0.5621753383972411,-0.4452027447899672,0.3873412647027397,-0.6834484745682448,0.003275535131445234
-5.295251826547442,0.41937830354940525,-0.42620163623368523,0.11915383197977013,-0.18340657308005587,-0.0933451636863723,-0.6222690149822085,0.29195821657923854,0.7158047867635783,0.4215269774328667
-5.084270322048383,0.6894853056053918,-1.027299622867097,-0.34780962637935636,-0.23791955768743756,0.5707164771954208,-0.4362048051809028,0.38603217972664144,-0.7362710108180568,-0.02259783475719663
-0.983100510307368,-3.484173393824348,2.3948347611537213,0.6157216184614417,-0.06263945858917053,-0.16593011454001516,0.397091892319426,0.034589173603276124,-0.245668002544158,-0.03464702888566674
-0.9619875020405628,-3.5376281755297527,2.481945214879061,0.6758305118064293,-0.04757388094218096,-0.3040466105238137,0.34621795927695553,0.10919100380428855,0.010487863467519426,0.06110160877407
-0.9706657652871487,-3.531202280917333,2.4735656970111246,0.6707055001933614,-0.04944206751849897,-0.28731896935171436,0.3498395374852913,0.10329654623810998,-0.01848487704425214,0.04894543631633418
-5.279702773071266,0.6914509759265719,-0.9180467954039478,-0.2748283188581593,-0.26861980404268426,0.6636106185357328,-0.2902329603932117,-0.18119918005724694,-0.8101022014850677,-0.0847174188707395
-5.273936258525846,0.4445064279544873,-0.45016198580420863,0.07733075480070346,-0.17866771580981794,-0.08589369624816773,-0.6192044874904756,0.2545809787387157,0.8157397004498494,0.4730385258938339
-5.303824088074774,0.7223631721045317,-0.9580357082543793,-0.30097284098230115,-0.2738126921266753,0.7264035808360655,-0.276269156377362,-0.21203904629712017,-0.8871692522370509,-0.12090890375812827
-5.278094791373122,0.41399872350278816,-0.4265566255162129,0.12450572382125077,-0.18310052358965495,-0.10203060755524257,-0.6187152004638612,0.29120405387805165,0.7087945604173002,0.4168858944003923
-5.763421403018828,2.7028272126197237,2.681005287112151,1.547303443302531,-0.4973745045691806,-0.3480680755544293,0.17333274087120648,-2.3484447001243756,0.8151824162772232,-0.012092347072831472
-0.9618150992566272,-3.5587929964119396,2.5218500335022997,0.7049751673365859,-0.04016615272590173,-0.36650083658706106,0.31854526141589434,0.14584786632651286,0.14377190476708784,0.10727190010926174
-4.842780994333352,2.7644437007586546,1.2839338881833486,0.5188017210999113,-0.3089589950176933,-0.36569296818303065,0.12769201015765128,0.10245582625365368,1.1176031185310646,-0.5069837467452283
-4.0748437940457505,5.863012457779928,2.9352708490857258,0.9352363111232203,-0.5235188859624056,-0.01326640739816238,-0.31379611996352114,0.9634653950335508,0.5806813723708582,-0.02639118537840613
-5.275552145440557,0.4432409599360501,-0.46093078847513325,0.08762767454540162,-0.18264190835246866,-0.06730692772957254,-0.6080169814010933,0.2546358319675524,0.7332385250432295,0.43162050675422187
-5.455560439099055,-0.024788452884344045,-0.48576597527078497,0.050064286460746656,-0.14227887505216133,-0.35224643457180205,0.01844116032547229,-0.2983159988306808,1.049549881812148,-0.32348775365021604
-0.9887043406974003,-3.4713358480394145,2.3737829190183435,0.6006183440678917,-0.06650387790961501,-0.13105196114313755,0.409338097084536,0.01645990651510226,-0.3133416262031768,-0.06047068029251602
-4.062833682131051,6.089268657712927,2.5381375743508556,0.6047794669424682,-0.5896187686900346,0.5930112971372147,-0.05006809883366024,0.5759965583255168,-0.5903428712531257,-0.4045412071034333
-4.2325148857931145,5.406703900333859,2.955739343481555,0.9186335210266916,-0.47444191946616643,-0.35721886541718173,0.2515268380779864,0.43579915192489876,1.1085607212644122,-0.646042650422112
2.241718320036595,3.020226981207877,6.435470882394212,1.3245993937263856,-0.4355234170948161,-0.6894282314496979,0.7528478453838467,1.0160270345229994,-0.4940611059398697,-0.23519879761352933
-5.267960344628398,0.6285767220565669,-0.8025146308963206,-0.19119005915640944,-0.24604575127652983,0.47498391085355024,-0.3687027755017364,-0.07703984926916599,-0.40657325019988544,0.05811443670673696
-4.075628537170094,5.9038284808242905,2.8850714814911544,0.8735093586803858,-0.5268502888722667,0.05425377832806832,-0.291181426716053,0.9053826642752782,0.5425255022290318,-0.023761946704674027
-5.263261297476799,0.4754362469328802,-0.4975140732438231,0.034060054496106794,-0.18236437887003346,-0.029035824520765318,-0.5945243764847274,0.20533397117015098,0.7545021109364433,0.4567677703586868
-5.082699509208536,0.6908445462655959,-1.0305050906056983,-0.3498399346464209,-0.23838563481609615,0.5743432968180707,-0.43339277807187565,0.3828660561041772,-0.7439425346474773,-0.024240899333932538
-4.840084118911422,2.7589450338080295,1.297938868856139,0.509863368422795,-0.30793020636347385,-0.3777613399907368,0.12287800916829657,0.10405225814629726,1.1401618616234221,-0.4830431134961281
-0.9701076383395859,-3.503229218661151,2.4259397542331955,0.6363812730648396,-0.05613878536024909,-0.2202441927150467,0.37796570028295384,0.060223684751732454,-0.13614027733163572,0.006075488752396435
-0.9584676608313356,-3.5895835553035997,2.563024595805283,0.7462004052369556,-0.04284126554683068,-0.4028347136052857,0.3249095131299707,0.11359962437923406,0.11742772844098813,0.08652807262857093
-0.9544141501732748,-3.5622953411905134,2.523263293690996,0.7074125245733839,-0.039909760779390256,-0.37135770646331984,0.3200440521668363,0.1467118941252979,0.14263863132375096,0.10718076576419058
-0.9447374248236551,-3.572309527746645,2.53527288598799,0.7151858985799834,-0.03837106758212077,-0.3910386713309109,0.31676443507290164,0.15553544597842087,0.16411456983240935,0.11816661099720956
-5.466863496573035,0.3414318273524766,-0.204222138149241,0.27653553610546283,-0.20420628437881108,-0.14806915672413995,-0.5196710252351419,-0.20288910471071758,0.794006257624732,0.415150178374992
-5.452649400411233,-0.06173160618520079,-0.4126425398720064,0.10063934612979218,-0.1273304504135061,-0.47129395704343974,-0.03441240147158646,-0.23287438679560452,1.3211273107438073,-0.22745973506761782
-5.094152514466113,0.6980144626754216,-1.029729729590254,-0.3606768065697848,-0.23751781361739616,0.5777966446561428,-0.43936869994491595,0.37926031334399307,-0.7145352020186225,-0.008263055559101623
-0.6875646810769129,-3.5347533232272035,2.612178019795436,0.5102072732447386,-0.01554851595554992,-0.3058637242312894,-1.26582530914116,-0.32486749280775223,0.31412352261250787,-0.5515950184856899
-5.296960039584731,0.4268082837111539,-0.4380916719541318,0.10498245864368337,-0.1861422272401689,-0.07061041370397876,-0.6133880249195438,0.27816612479515307,0.6684030052457095,0.4089578669153427
-5.970554565394145,0.25013827345760276,0.12539927532925663,0.5045278168758625,-0.354461921699228,0.30674609941999104,0.09349475835187084,-2.0783571471147897,-0.6109743378976936,-0.19121780758680015
-0.9778245396670635,-3.5009621721833692,2.4239624028052793,0.6364853168408858,-0.057150349506977616,-0.21343174461884118,0.3785308153170237,0.060251038654756894,-0.14949626719332657,0.00020276481782687791
1.6783612615101733,1.0599592590944624,5.295307400136926,1.1813707142318888,-0.34932318482939895,-0.5212101459989845,0.2611934526905988,0.7682101598926978,-0.8896718116426444,0.33013051226786216
-0.979726527602979,-3.543481028787559,2.4921769324425074,0.6790944568291811,-0.05714644389548977,-0.27542565297816907,0.3691021578493812,0.04323861640914939,-0.1259725819905037,0.008313083240253533
-0.9758716770086326,-3.484928479569504,2.3929605209203415,0.6125398510133452,-0.06284284252367109,-0.164693346470004,0.4001395795998557,0.030859712692115456,-0.25509668423553067,-0.036413126567188155
-5.479900863218548,0.351387841702645,-0.21197521006204306,0.2702321234067326,-0.20447218121904115,-0.13532302478084274,-0.5213048620665569,-0.20824674036764718,0.8005650763893175,0.41498280072380045
-5.292778288003193,0.7211737692379308,-0.962538902946113,-0.30561235310995266,-0.2749973790609565,0.731226934857487,-0.2684412588991257,-0.21876364174690383,-0.9151753494652719,-0.12688340927496702
-5.254880668166943,0.4580149441634765,-0.48316382878737696,0.050873650944681166,-0.18374965758360104,-0.04317019940658557,-0.5921410545514427,0.220016888087017,0.7148720869824249,0.4430855344407921
2.809579798299361,5.139979771287626,7.820278259660006,1.670112226138598,-0.5863924815562771,-0.7098805385683259,0.8821682848112875,1.1750117006182903,-0.5658618602764625,-0.28241821211723617
-5.299713049162185,0.7240010592783233,-0.9660805970219745,-0.3073797759736359,-0.27639008098160595,0.7411752261829844,-0.2666739745088253,-0.22056613052652835,-0.9375490461520992,-0.13619487775801456
-5.282423900117861,0.4136387610674312,-0.4201044174883998,0.11681655629513087,-0.18247978723125613,-0.10461082036424046,-0.6214081687318764,0.2917159181728142,0.7275446425997213,0.43377040840026576
-5.088474436768123,0.6950228725796855,-1.0277909166664987,-0.36004495560471056,-0.23743730632322618,0.574015352313536,-0.4380765491811765,0.37964626776894744,-0.7167450098467295,-0.007019715061612092
-5.290243699538892,0.7165524346184025,-0.9559770212776156,-0.3008749119856913,-0.2740990484002823,0.7209396553005866,-0.27127449530928555,-0.2132067867786433,-0.9004779815967219,-0.12071120283682382
-0.22415986711495609,-3.8497081270250977,2.47654525117808,0.6222495448321628,-0.0005021828090131634,-0.7271270718543933,0.30826929116274737,0.2749295316216602,0.008368833421366378,0.11471926936678187
-5.091813110790143,0.6974008685353211,-1.0311756771828098,-0.3624025530263973,-0.2383321477258772,0.5814353506772617,-0.4363394554619567,0.3770802501707366,-0.7318138482384571,-0.013074648183485643
-5.454843056701591,-0.05904107097614974,-0.41859737392444596,0.09981176806534874,-0.12867238622438087,-0.46197476220045247,-0.030158353561145417,-0.23624072285510983,1.2981934076605541,-0.2372567186764428
-4.479953792211253,3.488930031435916,0.7070926443600327,0.06354227421167627,-0.4101256792024993,0.6123830928694923,-0.2867351579199731,0.7418902947305698,-0.7773067801680738,-0.24592712332227004
-5.288602963134595,0.7100313210748337,-0.9503166122153714,-0.2845652872823215,-0.27285890990269257,0.7079512271610572,-0.2757068398995976,-0.20136900591469414,-0.8864288443971804,-0.12608202732655308
-5.274692187175667,0.46578971420600984,-0.4931533653908104,0.04558331448469472,-0.1878879707754067,-0.014051891436185859,-0.5868270145027981,0.2147568645555277,0.6473698740770818,0.41538889683222896
-0.9727106253429127,-3.5402233734372053,2.485564607282655,0.6749310572817705,-0.05704986750504068,-0.2728133102462195,0.3733835179717227,0.03667229164249752,-0.12415635609485326,0.010072912060365447
-1.7263039703315093,-3.905287993386405,3.4415294462319457,1.3994045794105825,-0.14758985663219082,-0.5149701039285165,0.7746332577843787,-1.878643627395837,0.056734868386155754,-0.1095454624808486
-5.284825996508544,0.407513507704436,-0.40404576604716125,0.12470868124083032,-0.17918635296828336,-0.12961035423987183,-0.633535869233236,0.3046753309402706,0.7933992499104867,0.46025294980686793
-4.668400927123587,3.203201539647691,1.3163371728442848,0.5534091615238362,-0.35441753888071764,-0.07581636274502286,-0.47233524489551776,0.6602951710017776,0.6716580574021819,0.18656886621620403
-5.0147248348276,0.6919147418492776,-0.775406167439025,-0.43193208626895824,-0.23368116006255465,0.6430004778559051,-1.9152508757649986,-0.6024592329481119,-0.44480167680260513,-0.6772304320478466
-0.9710158085001968,-3.5550799878684183,2.5087420401035745,0.690232063286801,-0.05902095942204168,-0.28953756367595,0.37689370961908125,0.010692226488828832,-0.14116481952975954,0.0034205784745184264
-5.091685070092957,0.702179377397097,-1.0408473956898163,-0.35473144480450886,-0.23777990885727132,0.5838337841407727,-0.4350103772244552,0.37674074300520194,-0.7223820357570097,-0.021679134019451714
-5.297374833462979,0.7135455699655215,-0.9464980974205646,-0.2938348602797408,-0.27235908261528324,0.7090351521511348,-0.2804865126519525,-0.20331058302503818,-0.8661395280205202,-0.11101654652603402
-0.9592954283397488,-3.59250135189768,2.570634859331735,0.7373376175719585,-0.04334184368940473,-0.4033604124077739,0.3237756137840934,0.11240592828025071,0.11018945116191677,0.09529234028638017
-5.332134646202369,7.781009190970937,0.48191640654046974,0.6173682829804361,-0.6254477949260546,-3.6761036497701807,-0.5374708265853293,-0.1650738651598817,-1.8556333533174139,-0.0183860314016236
-7.075442853186224,-0.33466352512019504,0.9540070354693279,0.8491818728242234,-0.3458749571067588,-0.1930033216474756,0.9127062259291199,-4.47301737647691,1.1115599140282049,-0.4810513956460694
-0.950463617317229,-3.5665082386375384,2.5268577626497963,0.7089458948138198,-0.04014916388927111,-0.3747265775466693,0.32093062529352534,0.1486037863893364,0.1339497342576658,0.10612025816755133
-5.0938803717872405,0.699932666699556,-1.0323244189957779,-0.3624656667237371,-0.23753369475096114,0.5801892942197214,-0.4385506552192921,0.37696803771399406,-0.7141295581779524,-0.008430266493163979
-5.279799864814198,0.453939079167524,-0.4822198374890332,0.06940991460009721,-0.1884099675678769,-0.02572243899226152,-0.5905172727942369,0.23395779764352617,0.6293377659565078,0.39774197138467676
-5.259358108401186,0.374223202657549,-0.3630399278491096,0.16710220857251054,-0.1719013320082438,-0.204791068496992,-0.6527818896003852,0.34526775750082966,0.9021822700003161,0.49368086385080856
-0.9604990413201138,-3.5918399875260936,2.5735253842222376,0.7404519153876657,-0.04140980794638819,-0.41272425260844453,0.3182448465192021,0.11607192692777187,0.14888662630403487,0.10720139757367483
-5.278772225798133,0.661601871896965,-0.8588786145584313,-0.23071845428049736,-0.2563544469753667,0.5656990781077941,-0.33372057251734727,-0.1261907910353109,-0.5860428385036228,-0.007702060181649712
-5.2674708446062075,0.40997714796922197,-0.4107156236538093,0.11963729223594631,-0.17715442549316507,-0.13461965479243482,-0.6310608820383918,0.29629013061044,0.8221949229759913,0.4702616258424608
-4.8382572799260455,2.752722487154126,1.3099348282063505,0.518100030984534,-0.3052440372052664,-0.3982322956142451,0.11403503130319127,0.1145590106906078,1.1878920305522007,-0.46629665044689755
-0.9709432296466085,-3.5022329981248532,2.426270035654119,0.6369188552619865,-0.055379601235823056,-0.2228883522040137,0.37583741959931,0.06094611381945747,-0.12068369579099952,0.010610026238667436
-5.478470429403588,0.34894360684991094,-0.20979199283322986,0.2705446399712265,-0.2047939098187685,-0.1357955157197684,-0.5210795201074621,-0.20716238471351672,0.7907038721023292,0.411972784569872
-5.036819499696061,0.7537344540679191,-0.8777589120404302,-0.504538190378567,-0.2515752565147741,0.8069950916618005,-1.854836966446365,-0.6916934086239163,-0.754758509926186,-0.7927056364092743
-3.089283224305473,10.375655904115881,5.949720518118666,1.6109442808863783,-0.8078236282846786,-0.18681707711137305,0.5481134409208414,0.9300442510739697,0.799201855747153,-0.9766216497366624
1.0981618261075141,-1.547280404794905,3.6658342658295817,0.6823186221288026,-0.1320725832877373,-0.7734139009566531,0.5033922849524273,0.5434157894778564,-0.40459484663538164,-0.09927917616862039
-5.274171564313498,0.6446068439405003,-0.8301395438830004,-0.21064723730838847,-0.25140923681480476,0.5208790749554656,-0.3511843917962581,-0.10108611293556105,-0.5003415963441644,0.02381568842253628
-0.9527800677431546,-3.5648583384540355,2.525374822860111,0.7089180531746723,-0.040242013219604224,-0.3730312568657868,0.3209021892454572,0.14825975317210643,0.1348390208956732,0.1055654665395318
-2.0154611264527067,-2.988367485484205,2.4402711062285047,0.7425371969854234,-0.0954842600504314,0.21589704675112456,0.0417021327918677,0.7357381150828604,-0.016811825715261068,0.06666295683022931
-0.9810713195802201,-3.4807246169649253,2.3899832931683007,0.6081660769719496,-0.06304212908992798,-0.1586355421435537,0.3995511107557999,0.0277970444218209,-0.2542994187193969,-0.0360318483857679
-5.091884232079585,0.6960434991771599,-1.029375268065333,-0.3612086537980888,-0.238317138906818,0.5797595214119767,-0.43688346451484544,0.37862481645822293,-0.7321266244483328,-0.012936755578490782
-4.230938704592544,5.4063366065500755,2.950521779065373,0.9163927130701299,-0.47691991798524963,-0.3447334554920015,0.2590354724304817,0.4313371083462679,1.0584869676743356,-0.6636612428092492
-0.9765582504122883,-3.566144165480872,2.529618158931036,0.7062121648231415,-0.05164064840089855,-0.3305236972177587,0.3476444846114601,0.07679556393057775,-0.030646195337636545,0.04342856266522637
-6.187151891267064,0.27945235736937324,0.1895633885862141,0.5589744379345004,-0.3945455269566425,0.4780925006218539,0.2700386461418185,-2.698164038976899,-0.8385539269283242,-0.32468931365709836
2.2522299331044553,3.018156865521325,6.42410070223689,1.3276631304955093,-0.43892317113762347,-0.6740580183718409,0.7671143748545588,1.0099189718820276,-0.5698053304866701,-0.26714602349035965
-5.261787148116462,0.39070676895715745,-0.3945345182639147,0.14324506376913201,-0.17844503439739887,-0.1514190218153229,-0.6306509279669217,0.31623979679536274,0.7821195343480458,0.45117614730237865
-5.089818688890813,0.6914075953858878,-1.0204693388341715,-0.35416162843201565,-0.23615792575084302,0.5628403569503887,-0.4433404565948395,0.3868970340563324,-0.69252332353329,0.0010451917159057186
-4.830314368571132,0.7267196940716146,-0.9419009772493233,-0.5583829777111043,-0.21355537120017654,0.6465481415655834,-2.0250627056227097,-0.09269905204901098,-0.5488279244292734,-0.6697645380171904
-5.278440116331952,0.6712080670434514,-0.8796952132110132,-0.24598513905398406,-0.2611865152601229,0.601235669492065,-0.31687472759867946,-0.1455772541075962,-0.6748580438033236,-0.03761272809115441
-5.287434193073608,0.7102688924030914,-0.9519335193778798,-0.2854056736980986,-0.2733232424023396,0.7101444061871199,-0.2734428841360403,-0.20303971085213363,-0.8942861034881902,-0.12766645524515421
-5.281173985886425,0.4021369712351955,-0.3995323662848068,0.12861334444580028,-0.17938298532719518,-0.13374797767176566,-0.6335731018512976,0.30851867257526244,0.7823281771750983,0.45577799531760327
-0.9557124234899783,-3.558932633249909,2.51464172435274,0.7006516905424042,-0.04277184080520341,-0.35256634808186077,0.3273795400098858,0.13851689165297693,0.08850983575036321,0.08902576123019587
-3.681232053543639,8.33041514063419,4.670163828051349,1.427406804115292,-0.7140665477922657,0.040604054546757404,-0.04013422381095909,0.7147779575521009,0.47808773226566187,-0.23969979216696688
-5.018056731028543,0.42684099115706337,-0.3055446429536395,-0.06199005082150009,-0.1544784956171616,-0.07445078017129268,-2.223381033607412,-0.15625851563608728,0.9638256296434988,-0.20228887786423552
-5.2749057276900375,0.6570845410627243,-0.8550313636578776,-0.2288776035696496,-0.2566913427444039,0.5622761264164803,-0.33264789299977543,-0.12399871283448918,-0.5964126179473452,-0.009210401035107346
-5.2753336406355285,0.6661861264882937,-0.8690252600909367,-0.2383664926893962,-0.2580953349142502,0.5799317415876676,-0.32577633218293284,-0.13617806359910195,-0.6189337299414379,-0.018164521308769395
-0.2620419440114038,-3.7785480930303694,2.3792271364729385,0.5205280303566533,-0.025062386488580314,-0.5333909068451718,0.38784140846768933,0.10256581701710189,-0.3626044968978051,-0.00470204288054541
-0.9651820018830022,-3.5134683441038206,2.4425617460478217,0.6475620152661831,-0.053108963878032794,-0.24718441565380367,0.36818368389393474,0.07415452583780104,-0.08488724971373919,0.025382645455435303
-4.6754295837362845,3.24661648999031,1.256373759834586,0.5160900208590148,-0.3543806853874173,-0.019234099934508708,-0.46402701765810966,0.652328644701026,0.6773879463000482,0.1857937395464395
-0.2896839688318287,-3.569122524076064,2.0784961505581765,0.3211461551129425,-0.013390414328143696,-0.29129363812671033,0.43033370988379344,0.19156139498013905,-0.21096142251952585,0.027735003594014894
-5.274856349182944,0.39201179816133597,-0.38124369686222825,0.14213629851442963,-0.17498584618946544,-0.1683226183088336,-0.6461886765830642,0.324610284043738,0.8608654009462582,0.4841881072584885
-0.9841470694095196,-3.469367389638421,2.3699638556363074,0.5940063503383523,-0.06682938996900195,-0.1262785011424281,0.41257798317601924,0.010137448765717478,-0.3207620728084279,-0.059926956500656055
-5.090200165504654,0.6948440033525981,-1.02704975025594,-0.3588709432615074,-0.23748861845440492,0.5735504663917387,-0.4386408696969711,0.38094509604412635,-0.7164225813151712,-0.007278102190916908
-0.7027135617143483,-3.4813771769656143,2.525553865208681,0.44672779924692485,-0.029705392050501413,-0.17172047373774527,-1.2154003911556601,-0.40174752352305254,0.07222522773263759,-0.6398391289180616
-5.282544130666679,0.6839806501877617,-0.9014808811864825,-0.2619070147196741,-0.2651679959636571,0.6368856100744272,-0.30349161027527544,-0.16497040803696378,-0.7450495606972793,-0.06332979533922747
-5.254172225359085,0.45806036381171417,-0.4677223771116463,0.05527191439008678,-0.17613345262370853,-0.08114978935071733,-0.6135139428218528,0.23110024788732128,0.8636862449998184,0.49693362154197357
-5.0884238816437,0.6918221646391897,-1.0214223537861133,-0.3553396181522394,-0.23611987780971186,0.5635474315408832,-0.44278019837162624,0.3855490581786924,-0.6927187111165615,0.0012243228983506657
-5.2705749494943035,0.6462108221544529,-0.835420373044266,-0.20001959336214892,-0.24994802003899444,0.5148985010882597,-0.3518623806581304,-0.09806274555791131,-0.47606085405007054,0.021374709984371125
-0.23305871349807641,-3.8327578086300678,2.4600147078483503,0.5984085193121176,-0.0018687858161727292,-0.7004750953790814,0.31294338020719925,0.25496683337608855,-0.002175231125399717,0.11699873810693956
-5.259210239573295,0.6338680622951782,-0.8244327055028527,-0.19543756021373823,-0.2504837275999288,0.5043447392144399,-0.35008212855818616,-0.09200978644308269,-0.49916137134613164,0.01842541630225685
-5.305432928466912,0.7235023716590374,-0.9646787379838218,-0.30734271383090495,-0.27718863363527924,0.7456439627047805,-0.2675464001134647,-0.2191406370051327,-0.9525239471974193,-0.1423162324228611
-5.2495199731391375,0.4183189643272725,-0.41395048132791745,0.09985404514908457,-0.1721166046945821,-0.14847650978770305,-0.6355610047891485,0.2817089355353322,0.9189797274775684,0.5166421294344186
-0.9537943364415102,-3.5654072797101053,2.525768071081719,0.7088352234429621,-0.040646465143785344,-0.3713676134367306,0.32128638469908033,0.14848299114385283,0.12675581202059663,0.10283162012272992
-5.088013615178717,0.6939906378612828,-1.0265729392956846,-0.3594420399250246,-0.23740990562862518,0.5728141546778472,-0.4383424602687494,0.380492272316383,-0.7170919593740974,-0.006831884838824748
-0.971410825902195,-3.502467302587908,2.4267139896803007,0.6374039538073909,-0.05539056153337481,-0.22324913298373583,0.3756108546957339,0.06150806083795002,-0.12063145404627051,0.010557304266295165
-0.985021169231693,-3.4698510844942847,2.371381749207209,0.598279658449599,-0.06603136030762755,-0.13115388934227878,0.41009078844137564,0.013476081053352679,-0.3056466670000318,-0.05739396806699266
1.6801733309401103,1.1137017232502442,5.2096634415838095,1.12498992494686,-0.3470939308852318,-0.4476237749525132,0.2661176329496784,0.8085924282374038,-0.8924739244410654,0.3300185782698027
-5.277526696839264,0.6680967937164994,-0.8736972335359074,-0.24186680777311464,-0.2598434306810192,0.5910001916803108,-0.321296216531232,-0.1403238778354408,-0.650992959338934,-0.029239496566539076
-0.98973079060578,-3.508151909910172,2.431321931485566,0.6371672956974189,-0.06816779166627256,-0.17941019950878,0.4075557655825155,-0.009598051922260297,-0.31671692984464356,-0.061008140447420985
-5.4700567418518675,0.34189151680061963,-0.20208557852902337,0.2753189711349186,-0.20381594417843013,-0.14914726732098177,-0.5223465700811474,-0.2019672846628145,0.8032842997735656,0.41935901317643726
-4.894713037094083,5.971637452300683,3.3755089475842364,1.6349880212546999,19.90705613707994,0.17108269435845647,0.25407494175473394,-0.13398992636814833,-0.17592185404009827,-0.17383792283263924
-5.250423284872081,0.4578508410781717,-0.4694882021049064,0.05352709003898843,-0.17652863903997085,-0.07930306457747889,-0.610813298438196,0.22860947962322262,0.85438183513401,0.4949323469266716
-0.9558328113254595,-3.5928744122146434,2.5619895977959155,0.743074520591874,-0.045508782514406015,-0.3918678947118848,0.330660131373073,0.11061420571009291,0.060144193247249275,0.06883185909772285
2.2420686885513583,2.9864256507119946,6.486931737037455,1.3571779709954273,-0.4377890561762707,-0.7305851271600642,0.7538301152017683,0.9883690838970645,-0.5105970306463372,-0.24000646634627218
-5.093172092476754,0.6937960891882674,-1.0244872369017202,-0.3576781376794404,-0.2374338669045816,0.5727594111524895,-0.44071450455310396,0.3832937456713236,-0.7157617858623153,-0.007640928232604822
-6.181669508465959,-0.01411710083735661,0.7097355465298811,0.9625041728441663,-0.3060673188065481,-0.3203579451663241,-0.06953629600020049,-2.2088431716125903,0.7344563443188848,0.2121379731687648
-5.294518746303645,0.7210053978575874,-0.9624308740867921,-0.3055972525924877,-0.2754297909432228,0.733261104774065,-0.26811672109240453,-0.21850208425852308,-0.923022544871011,-0.12977298323090883
-5.260456298041374,0.46674687556386846,-0.48726187423432255,0.04122852088921942,-0.18230080449639485,-0.04021776280720741,-0.5962547427062351,0.21384643315781907,0.7515248410661707,0.4581751005821982
-5.274742918946134,0.6643573570777032,-0.8668011538906928,-0.23716463870704574,-0.25805379771509585,0.5777715349849878,-0.3263122166506593,-0.13453520210669273,-0.6195005880478871,-0.017868116810054686
-0.26445779325941,-3.391011648606563,2.471564301539498,0.6079301731929886,-0.09722229448048618,-0.15902628581611067,0.01697231416745378,0.11524136168816514,-0.9635172672386635,0.49199667294483107
-0.983014162686991,-3.4715746244809247,2.37429796268459,0.6008986522791923,-0.06518440861669098,-0.13798040077988794,0.40821800906431527,0.01618337341955661,-0.2901083271642418,-0.05163509346723084
-5.2834222626126035,0.44289084707447296,-0.45961227605307164,0.09189778608129946,-0.18050448591299378,-0.07512745716768428,-0.6228258791375063,0.29900704759389046,0.760146968700961,0.4444772629283782
-5.090316005317421,0.7012559170803333,-1.0404200135679476,-0.3694405299921873,-0.2405045752325212,0.5969853637754196,-0.428344712993556,0.36810224443783884,-0.7726448027128059,-0.026397364937479746
-5.2736437374594995,0.6695552058091327,-0.8755018518306429,-0.24308693065933218,-0.2589803515454982,0.5883654924437426,-0.32139722079920435,-0.14234241149722765,-0.6351128332658664,-0.023518985312790237
-5.2742156135601235,0.6467502501441053,-0.8323129442786696,-0.21128116301362354,-0.25105728238732977,0.5210148573493661,-0.3512592676857313,-0.10239026538122312,-0.4916392876179098,0.026200408368251264
-4.65373077153188,3.164612255082906,1.3801104323404265,0.5976909072802695,-0.34315745576101625,-0.17778756423095682,-0.5101344351197419,0.7151995581460282,0.8653168497813224,0.25887459333017354
-5.091741989500702,0.6987582378934822,-1.0329760863002866,-0.36359645225470577,-0.2383471565449364,0.5831111799425467,-0.4357954464090678,0.37553568388325015,-0.7315010720285814,-0.013212540788480392
-5.447693412858604,-0.05536074132730639,-0.4308132877676007,0.08895766223335841,-0.1315784821950853,-0.4419410454061095,-0.018145544351634107,-0.24966512617048703,1.2386953505048723,-0.25578725546279707
-5.451682786488826,-0.035636405482775795,-0.46549722424064927,0.06418906256282074,-0.13781459248906644,-0.38713749881852333,0.004030048702888771,-0.2805742994750589,1.1287137277186718,-0.2953905301332261
-4.8333709453068785,2.7509988318030074,1.3104438152179088,0.5181249888929016,-0.30520419479574507,-0.4005702016524656,0.11558903086192253,0.1140498129656655,1.186156213199748,-0.46532039611905546
-4.846219166107583,3.1318467408023336,1.529502775290271,0.7081463819044128,-0.37565385193812334,-0.11893471617962609,-0.3671828703174274,0.16163023735385446,0.7454666354996312,0.17437186977052532
-0.9605871178969065,-3.562132950233364,2.529270405535517,0.7100815652351865,-0.03810552370247356,-0.3804562525996898,0.3121610443402525,0.15240057188000528,0.1810265145603936,0.1200003968162462
-0.25539130463047843,-3.7591542937605746,2.346982084891721,0.5008207862276137,-0.02077556641846711,-0.5190212223708407,0.37955301794505114,0.146564931618742,-0.31658269479509166,0.014391710341958014
-5.450221495445108,-0.051796708444668875,-0.4331800069513824,0.08829163285633287,-0.13080742991477023,-0.4419859042279611,-0.020090833021396953,-0.2506233431746647,1.256726590092745,-0.25133070399526275
-0.9764679705545625,-3.541283868200122,2.490836045040876,0.6799068969244076,-0.05555286068636468,-0.28219881880542047,0.36733474883873063,0.04285846393819792,-0.09346046379718272,0.019116490988228756
-0.9681231951038389,-3.5107764876769623,2.4378830171644075,0.644945525877412,-0.05441445739709916,-0.23804284825512534,0.37154554754937086,0.07071948023339025,-0.10685743383235277,0.017215566185812596
-5.098927797341984,0.696487611662733,-1.0288208031927149,-0.36118750116344217,-0.2391687483206817,0.5851970126085634,-0.43777213928980935,0.37985371956977293,-0.7465933617005064,-0.019375134030777126
-0.2509510368629475,-3.7593091290307585,2.3445429230885715,0.49762047136215104,-0.021438287023142842,-0.5150064377103666,0.3828699211454665,0.14292981961795598,-0.333197992977416,0.009556906132371779
-5.090186436056339,0.7078657659460942,-1.0500859513658964,-0.3750724228292818,-0.24108199976859526,0.6068506145374112,-0.42392097018876856,0.3600566839406089,-0.7787427931711651,-0.02885038706349958
-0.9802506899806069,-3.5411026988795307,2.4884470093337763,0.6776297335027252,-0.05761189740110707,-0.27130168867183885,0.37125874996074276,0.04067757930807869,-0.13218002866265396,0.005825276646929605
-0.9882367178199065,-3.4695361624122953,2.3706650489173247,0.5976090135556681,-0.06689562480867597,-0.12625487836095606,0.41106543278929253,0.013114871966044711,-0.3212301217534797,-0.06320521866252377
-0.26110042787550836,-3.7841930840959632,2.3803868042048832,0.518639685758717,-0.028448615750831723,-0.5216461167197582,0.39526090907626515,0.10127810409615513,-0.43302380212126484,-0.02593453173216615
-5.278744881812037,0.3987082025477719,-0.39380130155459636,0.13568194190786817,-0.17758937845989609,-0.14702842824519174,-0.638340165835642,0.31512858717769343,0.813939783813916,0.4649124965588774
-0.9829833388813336,-3.510299571794634,2.427244991003068,0.6461969723936326,-0.06823239375481417,-0.1806892526835595,0.41057215397064156,-0.007534621211086311,-0.32776821945349927,-0.07392810248842024
-5.275115451496823,0.46961797960427903,-0.4949209241790035,0.04430693900893818,-0.18616016755411027,-0.01753225044165403,-0.5906607197461877,0.21352849698163226,0.6816537799768132,0.425411583023337
-5.458505294028339,-0.022335591486908658,-0.48717727142971107,0.049429267109270404,-0.1418871778939222,-0.3512258781518657,0.016836658632754926,-0.2988160679366319,1.0592257622011352,-0.3216037523511837
-5.254185091011592,0.6029590660483023,-0.7558232022823319,-0.1561728008326504,-0.23509508497824202,0.38805097602716215,-0.40080729420245814,-0.035518607395138374,-0.20908355570915688,0.1297297343139049
-5.092169902446193,0.7078598233190517,-1.0469699827333456,-0.3730853413744523,-0.23975114871478267,0.600766795113734,-0.4289238855922252,0.3633563331186373,-0.754022184022674,-0.02216666106214233
-5.2750698546457455,0.39561883926785407,-0.3942775042644291,0.1458062544498445,-0.17736038349912642,-0.15182744275505716,-0.6375534602867456,0.3199476136543207,0.8122912024016129,0.4572623959768614
-5.27892653614471,0.41606911160841104,-0.42744452507399855,0.11096135541720496,-0.18419152984652698,-0.0930129951166428,-0.6142779108305043,0.28407006884148284,0.694121066372949,0.42355441415406825
-0.23731749868348354,-3.8832397425187373,2.5403061096536574,0.6510682927547726,-0.005453949401343893,-0.7640578859894461,0.31202947190928776,0.2086862751595168,-0.021634884633448564,0.10881706311478909
-0.2322144583341458,-3.8348591333767774,2.461156627526954,0.5988207620327533,-0.002597087025526583,-0.6992503977028716,0.3145927362586157,0.2554823139099553,-0.01762718910878805,0.1126548813495025
-5.274402398016287,0.456437859582482,-0.4766035728537037,0.05738576522327405,-0.18520983192021204,-0.038581580180758586,-0.5973182686968938,0.22970072555245089,0.6946698781693806,0.4322320139090042
-5.28923114826189,0.4191912876708898,-0.4278800673504519,0.11150242314909285,-0.1842836065411115,-0.08881181466979832,-0.6176640079132827,0.28578702603141887,0.6976268743953472,0.4215519678805915
-0.9713553721028214,-3.512778386981578,2.4442339545729608,0.6504183961965165,-0.05288861830583215,-0.2485157036001413,0.365282400390546,0.07761504235496765,-0.07649042263481355,0.026444190981883352
-4.638601143327828,3.2365463217402906,1.2764688717210808,0.4915854193997276,-0.35192954391772896,-0.04561553062703889,-0.4550269537177662,0.603231963391881,0.7312740070611793,0.23339819567030315
-1.7430406148484405,-3.850498862460435,3.352022731112043,1.3367962958769317,-0.16216780376331913,-0.3771238904163719,0.8263351152184994,-1.9563391814543647,-0.1923054862027441,-0.20253003601916877
-0.9758404112894905,-3.5427326558971863,2.486991458235702,0.6906026070267185,-0.05617787074982339,-0.2808645416644035,0.36987673585206143,0.04670673725089686,-0.11039005484818612,0.00337502119350474
-5.301732142119885,0.7268539207573168,-0.9661008605701782,-0.3068832008035241,-0.27469945338693486,0.736270972288727,-0.27134197364816387,-0.21969881288027032,-0.9031626202998901,-0.12632200442028388
-5.283717162581801,0.47011249636723523,-0.49491491389739967,0.045506366019431095,-0.18757503628232589,-0.010683683270229958,-0.5902717383047246,0.21536625970964676,0.6590698270325872,0.4160881942919068
-5.283759670666145,0.6697269431290745,-0.8721247273307595,-0.24015408709380653,-0.25902914641191677,0.5889728256913197,-0.3258672736951789,-0.13748717412985761,-0.6323596186115066,-0.025166390429417436
-0.952330105733376,-3.5683777807439157,2.534648929990766,0.7155441624922919,-0.03740432809671077,-0.391078959932919,0.3119487485567628,0.1568062246376932,0.18727357287421248,0.12296082462862244
-4.839419356248076,2.7743017697019194,1.271049111998414,0.4903807756035263,-0.3119301353047118,-0.3391796289820429,0.13944309091651694,0.07946706002706683,1.0692998969549272,-0.5082768601782034
-0.9857426757034082,-3.4757739696619527,2.382757193589235,0.6067976556741174,-0.06399439660687131,-0.14860352548775468,0.4021368662110243,0.024159006146141578,-0.2685345287867707,-0.0447175013791748
-4.870310961775333,3.171306432141642,1.473906592461696,0.6605039397962715,-0.3854870692966606,-0.02365805984729803,-0.33773326987099056,0.11042188399342844,0.5882001105860798,0.12042834012833013
-1.7272469575290883,-3.8950511428251526,3.4339326275364352,1.3866961995297038,-0.14004645983676667,-0.527459631800615,0.7499577753729104,-1.823683970999794,0.1694124861494783,-0.06146601443321487
-0.9720182209166963,-3.513743912295478,2.4464606809485923,0.6513781340924628,-0.052478525452901034,-0.2510679437832619,0.36333206171985494,0.0793683944252387,-0.06970001296595847,0.02858843981327993
-0.9617453042231203,-3.5372614540948306,2.4780003556982124,0.672535622535246,-0.049557124721561596,-0.2936401812521678,0.3518036481137521,0.10516936874869394,-0.028153554713531898,0.04848362364836905
-5.298275910476772,0.7201681167009835,-0.9571030241600537,-0.30093992831989136,-0.2737463213370587,0.7235812974604495,-0.2747070322334689,-0.21244994881713958,-0.8891591514860762,-0.11977413753656599
0.0299583559517414,-3.801991648868871,2.5445540131729802,0.3984096844045679,0.021555385821223894,-0.6265333361238286,-1.270950515198256,-0.21981745259956154,0.15428353567171704,-0.5480746262126349
-0.9812968816558505,-4.196780340250371,3.4025396760210493,1.3084309094599191,-0.09894844241215933,-0.9171579140297704,0.721220739740295,-1.651409340170385,0.04147661773812426,-0.048731722075567814
-3.9754007935215436,5.439203785523079,3.038774295798484,0.720336148910779,-0.45134473832401145,-0.27925538102909225,-1.3334407901685947,-0.03789776579789535,1.260511876051617,-1.3164452374398945
-0.9481051908880465,-3.5686483626820085,2.531607454281201,0.7126074562710695,-0.03848766742122233,-0.3857689725964549,0.31672331179215085,0.15284119285406544,0.16436169263738692,0.11675722801551151
-5.989306831220746,0.2579277061091605,0.122199740755886,0.48967595789810187,-0.3570063951606302,0.32891045397182433,0.09359145049305674,-2.0855644454879942,-0.6455573533999324,-0.19750627348827451
-5.095562051277147,0.6976103912688636,-1.0294098521895496,-0.36065772867529894,-0.23793696130961486,0.5795886259040234,-0.4390400998456136,0.37957101843483526,-0.7225094383726487,-0.01107337356818367
-4.843290242396661,2.7697281154406928,1.2776359892486762,0.49751772988949655,-0.31183964758638283,-0.3448077772265524,0.1359823027442197,0.08722149978794458,1.069268640074214,-0.5105421428669772
-5.272518685806233,0.6645297997830462,-0.8686200927614405,-0.23833041164058444,-0.2585011685770427,0.5798701941347223,-0.323901857110062,-0.13647485143812438,-0.6283897017513428,-0.02015709688372897
-4.828336605615071,2.744107864312194,1.3139512388543657,0.5297557172276803,-0.3052819196156435,-0.40751753636654164,0.11605706931702477,0.12149776138390966,1.1743336512905804,-0.47584262025000496
-0.9770393244639923,-3.5565576094112235,2.5158088999062773,0.6973165407975231,-0.05258490478827728,-0.3149649817499786,0.3535106244636291,0.0651439026795515,-0.043433739986635266,0.03757113219720656
-0.25845010505595856,-3.7528046518307807,2.3363495841496635,0.4930025178874331,-0.02289921883249115,-0.5005789201065826,0.3859073837160588,0.13739298086879875,-0.3546317665954301,-0.00022816473643750304
-5.2949207890825045,0.7198837285256411,-0.9608423135106989,-0.30440733074120047,-0.2754280463142112,0.7318274641774777,-0.2686647924378744,-0.21700666557349818,-0.9232082801325998,-0.12971434657277395
-0.9552712723323054,-3.5641205431529928,2.5272962850325142,0.7104034411367014,-0.039112528812389837,-0.3775010905317811,0.3168113830133794,0.1505880915027174,0.15746713495002507,0.11200648501661976
-0.9574804516665192,-3.542461491790612,2.4862003948219984,0.6776922533989208,-0.04779586724569217,-0.3081868053280958,0.3469572628274601,0.1115840922935157,0.0011447194175091277,0.059754987047811646
-6.1532517191492095,0.037270926262248934,0.6439486401153856,0.8904510503952725,-0.30450579675421513,-0.26500596384590036,-0.045631244849622485,-2.2848857859192515,0.7811493833990124,0.2435086810426067
-0.2547097624429947,-3.749051202450296,2.326247113361564,0.4847745995314219,-0.025187756315771297,-0.4842345003915072,0.3951272938687053,0.12695030019493136,-0.3990402791668916,-0.014098687457261288
-0.2228138743963827,-3.8052861653974728,2.4192742430932146,0.5499597422807947,-0.006438763190486812,-0.6449062210983535,0.338363449638277,0.20607258327439784,-0.07574750029766837,0.10642034349766488
-5.274994495459987,0.6669972303522256,-0.8723754364830313,-0.2412750152338729,-0.25937035391410435,0.5875226354593467,-0.32188260313294464,-0.139690283173925,-0.6436197544088496,-0.02608283644094995
-0.25293473460027394,-3.7562996088619642,2.3372087087279185,0.49206456636952933,-0.023868860377945826,-0.49916606530960733,0.3896998565945222,0.13620769883656453,-0.3780567601323061,-0.005731188397270832
1.7052127303568296,0.7064385883756198,5.188589785783854,1.1002239912402374,-0.2674718971840574,-0.908929124622769,0.5723099817338165,0.8573043875143811,-0.13513725613864688,-0.07119025413114877
-5.275203740535541,0.6653895917961057,-0.8680191312615063,-0.2377675543867313,-0.2580811984096968,0.5789727326206763,-0.3260463055630867,-0.13538120665412784,-0.6191536385205192,-0.01805594703284203
-0.9866293268528734,-3.5015477262881953,2.4209934688143484,0.6298575255639779,-0.06858130674155437,-0.16950373383359407,0.4124067627813062,-0.01919733886001621,-0.3227890317638205,-0.06333881905343675
-0.9620804808562999,-3.592522681543561,2.57224629702663,0.738762567128204,-0.04300903208426332,-0.4050624900271292,0.32157839874692046,0.114475489356707,0.11766730731693452,0.09698758741110469
-5.298141037214077,0.7119966335105719,-0.9430175329509891,-0.28999377350517297,-0.2715855717417014,0.7022135424167292,-0.2829505798343321,-0.19937338316750103,-0.8492082426916403,-0.10483247216583194
-6.175378802210818,-0.03542219865398299,0.7504330602202363,0.9777666935958492,-0.29958756151039556,-0.3782668608122085,-0.09288824735036792,-2.1806064721590905,0.8516143530689333,0.2656406468655415
-5.266557134281193,0.46175885701605573,-0.48557524349412917,0.050839120301033165,-0.18478696565813094,-0.034342066848234105,-0.5930866014225427,0.22055772476410682,0.702183923006266,0.4355375727324665
-0.9399816611462442,-3.5778629764646968,2.537610224799332,0.7290030835015769,-0.03763522347382695,-0.4004176857117832,0.31573830499012534,0.16362644992633213,0.16857219990331418,0.1109357782340354
-5.459592133036079,-0.02402216680982815,-0.48308352055414455,0.05236482230227544,-0.14100477820619162,-0.35750916811305944,0.013279654267231558,-0.2948948480660432,1.0756834684179466,-0.31633724333436525
-0.9929969171740352,-3.498586683486405,2.4191241101557024,0.6296966212280465,-0.06877923644850988,-0.16555356166035584,0.4112246903975114,-0.019180152096829137,-0.32202661833862484,-0.06517032379071624
-5.296053655801402,0.43249210166675706,-0.44956011453951383,0.09674262769554227,-0.18835619194596728,-0.05290019400314046,-0.6048573979834163,0.26754525756984543,0.6281389088778093,0.3953387456626337
-0.9885212161053225,-3.503740985475129,2.4237980787648357,0.6317270221449504,-0.06898980728579975,-0.17000977952952034,0.41189688549836745,-0.01657887000691319,-0.33104439650484146,-0.06604578551914808
-5.300066923901647,0.7232004532611357,-0.9633635581811177,-0.3056301652548974,-0.27549616173283936,0.7360833881496806,-0.26967884523629776,-0.21809118173850356,-0.9210326456219848,-0.130907749452471
-5.269679190381545,0.6504874723285828,-0.8500390559834577,-0.21225659921974144,-0.2550754967330121,0.5464632742106651,-0.33602155337060496,-0.11295762840463888,-0.5744580023923499,-0.010486380767138875
-5.263533342090513,0.4295782296762222,-0.4389722852727014,0.09411157339259364,-0.1791081508145936,-0.10112271563212899,-0.6176426012701106,0.2675227083295489,0.7928872219961294,0.4625183352502398
-5.298456365701183,0.724165359333667,-0.9644777158698691,-0.3062442040750272,-0.2750778863551265,0.7350082272000938,-0.26973340966286513,-0.21914959617185853,-0.9129655416371643,-0.12812674977245644
-5.285827801488735,0.4191512500246886,-0.4357233079889876,0.11805999615362471,-0.18620327333594233,-0.0803067915466071,-0.6119075421986462,0.2839077749844477,0.6541662467497042,0.39667858184201976
1.678778361144515,0.7933917280289268,5.048687773510316,0.9926329928082309,-0.28485097810852916,-0.7074550890300787,0.6317332055500738,0.80142308754659,-0.45615548201433914,-0.17794217703125084
-0.956685183230237,-3.5965228894623884,2.577775655748604,0.7424743615505279,-0.041646907163773256,-0.41669609314021444,0.3189089170348958,0.11857491381276493,0.14012293003439127,0.1061674239515231
-4.843790126392309,3.115363174502725,1.5609973657050766,0.732003526707792,-0.36911014954896826,-0.1723067628612957,-0.38931383195089136,0.19065819805932185,0.8655293711519019,0.21687658631895546
-4.661794918184165,3.2191373337468403,1.3009695343552814,0.5385379285378907,-0.34769047834039785,-0.08535805459236462,-0.486374492359346,0.6852792327765366,0.7911526464905652,0.23686725521922655
-6.192631453415708,1.8403976211415347,-2.3404385519637483,0.0887986842399924,-0.2583919089224221,-4.432065687646964,-1.0744746837601777,-0.08486630925147584,-1.8002881435856644,0.5767259420570989
-5.0902025525896795,0.6983657746078524,-1.032289834871561,-0.3630165918465272,-0.23791387234816427,0.580360189727675,-0.43639401988852394,0.37602183573738174,-0.7237467442536364,-0.010293648503470981
-0.9695210281855458,-3.5078440376258264,2.4372319748711226,0.6450425384268529,-0.05290069693323876,-0.24212522833621852,0.3677339914040741,0.07094214912693009,-0.07579467234396443,0.02623157320937943
-5.7457986427262915,2.31668140551396,2.463441493017385,1.3677149020204686,-0.4270308452558075,-0.6347328778073625,0.6571126272659662,-2.390170889984269,1.2444892492263349,-0.6625239856452161
-0.9896213789544295,-3.4990193165644494,2.4137662615917583,0.6390238428028744,-0.06895364950508466,-0.16504277427792502,0.41406623896052913,-0.01719181020889374,-0.3311567666970258,-0.07794052530466178
-5.275494948739808,0.437400677125029,-0.4457071548716943,0.09048710565435643,-0.17969180235317547,-0.08890086850586049,-0.6188021600073474,0.26407066720043276,0.7897040718214954,0.45710406292990907
-4.663225991321805,3.1822841345003425,1.3544243995869152,0.580507232321291,-0.3468542251411978,-0.13846273758078448,-0.49811428215696923,0.6941654449485053,0.8059104084934423,0.23437816147718601
-5.09748296480201,0.7014392625212036,-1.0366765150400434,-0.3659469039129693,-0.2397009382099489,0.593049725560245,-0.43374193946828904,0.3731329285684977,-0.7541630239294749,-0.022315559760015598
-5.26886143277369,0.6584048303926858,-0.8604165366393621,-0.23298210008259512,-0.2575489088416723,0.5678973396047383,-0.3269928800226322,-0.12997369671750586,-0.6142933653067345,-0.013638548329078464
-5.09556888799385,0.7060740765637031,-1.0442770813016449,-0.37095997156229416,-0.24019790529123164,0.6007450240117581,-0.4295678585807495,0.36612996302854867,-0.7611161277083495,-0.024263727875808612
-5.29295713549885,0.42043711644783494,-0.4290431297394326,0.11149365940443155,-0.18479560356366334,-0.08532451274103531,-0.6173638438620483,0.2857536979050311,0.6905419246793287,0.4181868582434901
-5.261527241093038,0.426625230770224,-0.4320950395059687,0.09406526081420293,-0.1779047337848326,-0.11116087933112423,-0.6213348083903885,0.27073319963990966,0.8163366831094598,0.47534056915300665
-5.26018705448964,0.5973912648876982,-0.7405074414869837,-0.14445046694573588,-0.23163180717755752,0.36412875952587437,-0.4150556231274583,-0.020079465925091942,-0.14261752610047432,0.15039949064687952
-5.278357511257609,0.399763656940845,-0.40125542923458113,0.14279839478923226,-0.17910233927742858,-0.13917867796734923,-0.6347322108666114,0.31429383331225735,0.779842260347384,0.4420610044243327
-4.253402755816221,5.439175046918812,2.90744298751757,0.8855101582570786,-0.4826189522217651,-0.27738764489245415,0.27569252202699107,0.3960443448064089,0.973105466925863,-0.7002804897006765
-0.9799578255519943,-3.4766178989172913,2.3820235989210348,0.6054794001117093,-0.06384317114754609,-0.15001822330964143,0.4039742595500606,0.022161092712708438,-0.26869142175643274,-0.0432033664059377
-0.9494503810758195,-3.5689616039118626,2.531788853961424,0.7125206491623374,-0.03890538353545101,-0.38386314049870035,0.3171034449531932,0.15301528322334917,0.1564055247105976,0.11394412565184965
-5.266539487800685,0.45048879836839323,-0.4664307615514989,0.06443043119356491,-0.18209294566937134,-0.061264405156385496,-0.6043959003422622,0.2377938613910289,0.7490782832578947,0.45254790074330403
-5.4787552454002615,0.35092051297521537,-0.2132624229907027,0.26908940574470075,-0.20532543558315922,-0.13167457305192493,-0.5185618401340757,-0.20982653700577553,0.7835746853835481,0.40996275858790393
-4.827434660331922,2.7315280347067254,1.340152630776062,0.550046264863599,-0.2992156555659323,-0.45382792533577826,0.09588267264894863,0.14615358071529894,1.2874875201667386,-0.4366411554725012
-0.9580717350045158,-3.5217949737762484,2.446307341329162,0.6629071201149911,-0.0530975930878448,-0.2571328678195599,0.36952508663106143,0.0833113736066199,-0.09529627909516943,0.014524588532041133
-2.190606375454151,-2.333417657594346,2.273345162592041,0.6756629763742844,-0.16911069042093282,0.8762653299756985,-0.36510676100087375,0.7478115521543595,-0.46847876911629693,0.632653208480687
-4.845432474228256,2.7750645903055067,1.2699433726641802,0.4898191840992147,-0.31326803583615936,-0.3316337329279231,0.140678553131672,0.07935658034231285,1.046232301213364,-0.5172126682156764
-4.996089128952057,0.47994910565350063,-0.37270209969956225,-0.13757808622741152,-0.15429951288230032,-0.010057722614259398,-2.198227607581771,-0.23412800065108233,0.9878058281099484,-0.17788418568230316
-6.1800360195063835,0.263119812667425,0.21200486573403857,0.5744116705611421,-0.39221488127763665,0.4466202479276559,0.2613357148354959,-2.6794907598864044,-0.8031299587314371,-0.30860735190617633
-0.9769550344219176,-3.5267193706395346,2.4664415467800453,0.6650314546455552,-0.051616310517186265,-0.2704015022428856,0.35408725942200747,0.09749222186622515,-0.05778733356534834,0.03343449691691596
2.8149798616815365,5.1552293469408275,7.799276365326265,1.6585254755858674,-0.5790901295202501,-0.7155562282783786,0.863331181332516,1.228920487893698,-0.46364715747761603,-0.24574441444217218
-0.9712236263997991,-3.514378364768545,2.442887140302389,0.6487633713940454,-0.05484027075145635,-0.24047639440733626,0.3701375352372893,0.07568403236538725,-0.11515791349103155,0.014456223724331746
-0.9841064751155819,-3.4692015915365593,2.368872211542205,0.5962708711081538,-0.0668107202995887,-0.12645863283935443,0.4128825146654236,0.010871220520303143,-0.320751809981708,-0.06208736342358657
-0.24185372896483018,-3.7817257333874483,2.384407666907559,0.5263497511108692,-0.013102457195478812,-0.5836660411740661,0.3562882236285889,0.17807222573800624,-0.18591148172082714,0.06257249577329099
-5.296707683714607,0.7253805346041567,-0.9681477696626681,-0.3091718045139899,-0.27593375766276185,0.7408071398238923,-0.2661682807121793,-0.22297252083752367,-0.9296773297505501,-0.13323474689555506
-0.3765110233858896,-1.098304149206194,4.122094340801533,1.1127428951912508,-0.20487476631764528,-0.37237406996862604,0.45238140259173326,0.3955282634004816,0.056841113727710654,-0.03670500378660258
-5.293192673260949,0.7165408264974743,-0.9563433953056365,-0.3014356944993839,-0.27495148028927313,0.7254826267633389,-0.27034732173052695,-0.2133822335419326,-0.9162065457256932,-0.12644041313091517
-0.9722378950981545,-3.5149273060246142,2.4432803885239966,0.6486805416623348,-0.055244722675637445,-0.23881275097828003,0.37052173069091243,0.07590727033713342,-0.12324112236610762,0.011722377307529947
-4.057080777733028,5.8352392651628415,2.9731037033411405,0.9614088844861448,-0.5179647896557522,-0.07314156388561584,-0.3284584892261177,0.9951973237892593,0.6697277631820837,0.012618203548446
-5.097318956949845,0.695348412108227,-1.0221777734632718,-0.35481762831483804,-0.23579280681207765,0.5659566307398475,-0.44649489555370675,0.3869553102777857,-0.6812386667401373,0.002032194633955814
-0.9828834494409147,-3.4761769087982843,2.378275487947253,0.6027355520935277,-0.06629673263267619,-0.13741401111005702,0.4096301590243498,0.018887098235734475,-0.31440323644260376,-0.05853303965728591
-5.2766553013575646,0.45498718925249354,-0.4785749319815321,0.06161299844487706,-0.18687929736146291,-0.0324117626792771,-0.5936901476757953,0.23118167378834706,0.6617495765720176,0.41722615300045
1.1052129391304244,-1.5532349107438697,3.672099658352277,0.6858350698173298,-0.13140111822555947,-0.783573881945891,0.5026143370691439,0.5473624066309162,-0.3974921506246529,-0.09425942096537046
-0.9528376130783278,-3.5621172482852175,2.5211774531087596,0.7054116919859809,-0.04066259239125621,-0.3671468272977903,0.3228439029760466,0.14420532879717168,0.1272794064455013,0.1026458823013166
1.6828979376655142,0.7817190808643569,5.0686531696915145,1.0065411268883826,-0.2811109249821696,-0.7398214643407165,0.6191614156883156,0.8187343633518104,-0.39136505106662084,-0.15430384848579384
-0.9698544741150057,-3.4844706317830716,2.3876720618917298,0.608166263104814,-0.06429878602346684,-0.15695471550809215,0.40709917099467324,0.024677677024647012,-0.2851052977825142,-0.04454973814560365
-6.347912184734194,-0.4678381119298079,0.6712786312675967,0.9145219680741591,-0.26150799529063135,-0.6095422199533219,0.559884313758655,-2.7951328129975646,1.1419577695478267,-0.5140858534874628
-1.748066994947725,-3.8160079013978603,3.303829471413196,1.2925602486629764,-0.16138602556158121,-0.3271930313259292,0.8276534460656074,-1.9388572675019025,-0.19614878732327148,-0.1949406955341952
-5.301520509959307,0.7249397880581823,-0.9652170811760821,-0.30624501306564617,-0.27556335499758305,0.7380111517914615,-0.2694251210264686,-0.2190846290933231,-0.9203045732497566,-0.13133334751583806
-4.656664156996022,3.4409032019845114,0.8955300557053512,0.2053248667615093,-0.42577212684334476,0.5706571956156797,-0.19033663605674714,0.2507597389422513,-0.5957841573523498,-0.22441941474367919
-4.249212360796569,5.420011545740254,2.941332643702572,0.9096837970019723,-0.47638371424228976,-0.3314743711817466,0.25379096464520307,0.426205808768468,1.083179957342858,-0.6607065333593147
-0.2557029010991648,-3.7433343263674783,2.3137128970090957,0.47536707347394763,-0.02840918314283362,-0.4611771569032009,0.4055240395173588,0.11528957780049333,-0.4583222425468089,-0.03420327448240341
-5.299995802612205,0.7245578226192968,-0.9651639672985945,-0.3068240644832058,-0.27551117055189855,0.7377592174149653,-0.2691348361834089,-0.21963574802599,-0.9207198694121093,-0.13104564205746574
-0.9834817323206706,-3.4702435477799147,2.3720680006359345,0.5988595188577778,-0.06559807611085544,-0.13390487955715047,0.40949221496191945,0.013962232907484157,-0.2978923392250867,-0.05447507578198325
-0.9550139887753293,-3.6217709206172306,2.617978393631427,0.7697367831221641,-0.04149858718230916,-0.45630171219784926,0.312927979637842,0.10780117411087421,0.15906780564640777,0.11277357460920696
-5.299694870082191,0.7320809078322342,-0.9794896536354575,-0.3174246612394348,-0.2781477722079388,0.760128699556858,-0.25917946645703976,-0.23293674753050408,-0.9685867316108568,-0.14759235463552614
-5.472022892600119,0.33802189908386343,-0.1904971945812211,0.2846665323425209,-0.20038263417648539,-0.17132916532382775,-0.5339650682193825,-0.19027391630006713,0.8690211872944076,0.44049147078668466
-5.272582771386315,0.6543773391423303,-0.8493532613834763,-0.2247783501832662,-0.2549291104730815,0.5502486673568457,-0.33739798203163024,-0.11905604165317599,-0.5645732971289302,0.0019731484985899216
-5.2745748062006195,0.6568488410365095,-0.854819515116494,-0.22887362619262858,-0.2566780785543563,0.5620339377477829,-0.33264383070719433,-0.12394956523202774,-0.596539658895632,-0.009131145088247366
-0.2475114659665262,-3.7730993635679475,2.3735185219414,0.5199454964148511,-0.014156013271859667,-0.5688219321135429,0.359795073219324,0.17002425827411466,-0.19910408721922032,0.05549657907736307
-5.091770779351844,0.6931533567046787,-1.0212450893689462,-0.35478471565242836,-0.2357264360224611,0.563134347364232,-0.4449327714098135,0.38654440775776616,-0.6832285659891636,0.0031669608555178696
-5.2744880965037755,0.484478546831248,-0.5151290107093434,0.022344514140918398,-0.18817546458209436,0.010059222957305313,-0.5802520433032452,0.19117119123987567,0.6519333720826708,0.41980207450270113
-0.9627710861714229,-3.5522916304850836,2.5060857443232942,0.6949971865780152,-0.044184074199236714,-0.3377362370031584,0.33141553555355296,0.13213028250763587,0.06753965738431454,0.07946048996805105
-0.9786966672364559,-3.480020353457696,2.383330443781884,0.6058714634846939,-0.06535462771891065,-0.146538812676968,0.4075633130843625,0.02254951844012226,-0.2998289824483789,-0.05219283945501708
-5.270016285608817,0.45261652512607015,-0.46725962596376225,0.06438639539071107,-0.18171364038667398,-0.06071848036604517,-0.6062785000002954,0.23799235402512878,0.7587883369643741,0.45438196442454387
-0.9655557538044517,-3.542777436432702,2.4931192508299738,0.6851430845860299,-0.045617895936866854,-0.3207937528978941,0.337874819195663,0.12050822989971695,0.04919226183110388,0.07411288185714929
-6.169150477236207,0.19704555014827638,0.33754053865247585,0.6514905296774858,-0.3689604578938941,0.25088123981125676,0.17845301257994323,-2.5738702731928877,-0.3836870697230466,-0.1495784181883352
-5.0932079180372565,0.6969862992820188,-1.0302226622308674,-0.3612245633061731,-0.23837019566700837,0.5807282760867668,-0.43689971368517005,0.37842822604837717,-0.7316184606551857,-0.013253779365930479
-5.298725922302373,0.718393978066563,-0.954043748700332,-0.2982537759940405,-0.2733406460245168,0.7190165548957218,-0.27627817880075173,-0.20950087214393903,-0.8805245310427807,-0.11614199405614103
2.2652476649007434,2.93760950557049,6.57293101757295,1.414927011489266,-0.4199411217912056,-0.8774272571906495,0.6977925277964754,1.0611959755969775,-0.19789362755770837,-0.12422590216083593
-0.9894799777604897,-3.5114702487967393,2.436363459729428,0.6396101708687266,-0.06769773037566358,-0.18474010271195018,0.4049541682491637,-0.0058148255792805125,-0.3106590815796087,-0.05846726590512181
-0.9784603912661358,-3.4780855195060183,2.382117014582878,0.6049497726686045,-0.06457582689187696,-0.14785844115806923,0.40611066481886676,0.021536958849906303,-0.2844020851936429,-0.04757939199848916
-1.7402516463613333,-3.867992467492479,3.3911738246673333,1.3543449377208059,-0.14784374425836164,-0.45667443902090726,0.7757522851807713,-1.8614074405625738,0.0378164440408031,-0.10944036543496574
-5.095015378834378,0.697925028061878,-1.029359146384975,-0.36008980039818345,-0.2375434696829855,0.5775642016952441,-0.43965086020281324,0.3799097274815825,-0.7143739877528434,-0.008392249123754086
-5.296216873165798,0.7165895146466019,-0.9523922574136077,-0.2979643147010539,-0.273256491122073,0.7169942713776133,-0.2763854992335402,-0.20877636918311254,-0.8822844580274563,-0.11642094814784723
-5.455678918217117,-0.0507837211264811,-0.4339150116586587,0.08476865203037862,-0.13215017666209916,-0.4336713939974447,-0.018830271268590198,-0.2523027710756141,1.2336326266342066,-0.2580589518465925
-0.9671875428226822,-3.596493965977662,2.5813430260814503,0.7422983105135327,-0.042295198428228334,-0.41287308493422353,0.3155606706875235,0.12174399789060632,0.131655797785757,0.10301471621784977
-5.441378174371646,-0.03875858154525468,-0.4650616819641958,0.06364799483093307,-0.1377225157944819,-0.39133867926536803,0.007416145785666921,-0.2822912566649947,1.125207919696274,-0.2933880838597492
-5.0842417214416695,0.6948174211711429,-1.0312676516711856,-0.36294045237188294,-0.23871227548370175,0.5799949061530875,-0.4326410074502007,0.37547740766179744,-0.7427857288217342,-0.014199543706530487
-0.9515305821533322,-3.5669422509407465,2.5317664010475696,0.71409534867392,-0.037816724842137724,-0.38792375030137866,0.31412158983844896,0.1544417779464682,0.18055796240891525,0.12079004182273827
-5.443267899828844,-0.05605216196002238,-0.43152227812685634,0.08837970446203988,-0.13156604048016493,-0.44307775380864095,-0.016325633705330283,-0.25102032844286515,1.2373064826797873,-0.2549988313577423
-0.962038478231136,-3.5914475242404635,2.572839132793512,0.7398720549794872,-0.04184309214316033,-0.40997326239357285,0.31884341999865823,0.11558577507364061,0.14113229852908976,0.10428250528866542
-5.2966365624251655,0.726737903962318,-0.9699481787801448,-0.3103657037422983,-0.27594876648182104,0.7424829690891773,-0.2656242716592904,-0.22451708712501,-0.9293645535406745,-0.13337263950054992
-4.66734287796699,3.1992832337818067,1.3239744189000582,0.5592853429331086,-0.35267921804597296,-0.0895099053621436,-0.4779155655307398,0.667382675005705,0.7034728572247878,0.19768185884338374
-5.300527745491053,0.7242326879795382,-0.9645815355519314,-0.306233080934583,-0.2755235624274403,0.737284585785369,-0.2694129341487251,-0.21893718628593878,-0.920685696094617,-0.13109557967525834
-4.679721205526525,3.2346701806910967,1.2848681976669079,0.526007990003759,-0.34971757678719395,-0.056674993870054105,-0.4838356043372292,0.6730743464466294,0.7666006281725498,0.22390607845793964
-4.852026358503959,2.784689224983449,1.2567664954496973,0.48092335326825136,-0.31511688160319234,-0.3108072394376259,0.14605474110893202,0.0687939893384586,1.017252861638617,-0.5298447865503352
-0.9625021926977633,-3.5920833433665504,2.5692116215675678,0.7360655633681682,-0.04462502786376052,-0.3960106640461217,0.3248642036386425,0.11130307833935334,0.08591950299292085,0.08668298433589586
-5.455586631741017,-0.05745207291677345,-0.4188987215718798,0.09976456387609299,-0.12782087648927445,-0.4641895733327825,-0.03235330414815622,-0.23615634490200682,1.3153695339279114,-0.23229531319868144
-0.9928037029077319,-3.5022946945322824,2.4253161007978865,0.6336815991443,-0.06792433993632745,-0.17387163930044736,0.40756326519238856,-0.013885175067655442,-0.30785587691261346,-0.05997451280187222
-5.447944989372457,-0.05272086805278408,-0.4363875703599391,0.08484728570653108,-0.13289503839409383,-0.43218994493175056,-0.013715930833919351,-0.25482020723771953,1.2145761841439096,-0.2640019750936924
-0.9695936737974635,-3.5289505881536414,2.466296027604445,0.664236598462563,-0.05181520947311434,-0.2720416229017019,0.357223732769074,0.09577083063523058,-0.06546719760768689,0.033201008769658806
-5.2950260042247015,0.7277028100348493,-0.9710623364688962,-0.3109797425624281,-0.2755304911041081,0.7414078081395906,-0.2656788360858578,-0.22557550155836487,-0.9212974495558537,-0.13059163982053537
-6.3611595629749536,-0.4576150078032111,0.6584745218590922,0.911831931210281,-0.2614165280247287,-0.5944245701331615,0.5572558769351492,-2.783817418523689,1.1449814079233094,-0.5177902014782044
-5.269060559390462,0.43017584596639796,-0.43946258982745556,0.10238349262193068,-0.17858258713766056,-0.10297635972753222,-0.6208276536235402,0.27282845282666385,0.8028535315090533,0.4577544730253196
-0.9742285580238335,-3.5385748688168617,2.483849562008171,0.6744220944742391,-0.057118492347774455,-0.27099939745431145,0.3735857091198123,0.03581545900923522,-0.1234463521498616,0.009650098351578146
-0.9651459607779305,-3.5174654756073522,2.4477879096449318,0.6509974788542273,-0.05305304406041916,-0.25213176779883617,0.36663835249471216,0.07857963099186617,-0.08579196698350412,0.025806151117428393
-5.289389591456235,0.6962451581402264,-0.9202320409933039,-0.27491322207746466,-0.2683333979296987,0.6674632040390834,-0.29368580878030043,-0.18068808010805065,-0.7981481666329899,-0.08417663330478178
-5.29683519672957,0.7226552980410905,-0.9639138138764772,-0.30562509423163503,-0.2755226402735559,0.7349564254549473,-0.26814515714047255,-0.21884611747575317,-0.9221332582330035,-0.13032777485892835
-4.086799904508213,6.165080199671369,2.4086181979697545,0.5121732143121325,-0.6132299998976369,0.8025875932155839,0.030028954106382195,0.4618682122116281,-1.003939318493243,-0.5560200298656488
-4.832390254069804,2.753406973892957,1.3062971018865321,0.5122200896242115,-0.30611796907945227,-0.39303392017747973,0.1191630101799357,0.10846134967395836,1.1699262211625336,-0.4685378568434509
-5.295058912868616,0.7196334593276823,-0.9582864174066508,-0.30209376912236713,-0.27415389962886283,0.7249533906040918,-0.2722844858151277,-0.21424215534118735,-0.8984293880343934,-0.12182534976966067
-5.285711814126854,0.40638776704748986,-0.40074629545964124,0.12704927550819164,-0.17830482559505853,-0.13517682390277203,-0.6368188379260247,0.3078488414683467,0.809949823758094,0.46549014049461923
-5.284673478510095,0.39865514867107604,-0.39348090001573477,0.15044428340198354,-0.17613541935135002,-0.15456187546749972,-0.6440240920612152,0.32465005341512204,0.8404068826559215,0.46112051750279975
-5.2941101976469875,0.721069765452643,-0.9598242721781692,-0.30271576269653905,-0.2737621526312451,0.7243626069919001,-0.2723471748268574,-0.2153988649794651,-0.8901082021529996,-0.11920286198336608
-5.093892714266136,0.6964213932910457,-1.027717471931394,-0.35947892996445546,-0.23748954060828936,0.5758786267221604,-0.4399086467052236,0.38085402723394085,-0.714975019176785,-0.008045907007246894
-0.9799043744134568,-3.4781743630161994,2.3832576601480566,0.6068132845542918,-0.06422121749805115,-0.15050990704996625,0.4049003708774739,0.023268506327632495,-0.27513029647193216,-0.04429915934373064
-5.269475107713127,0.6591972937598742,-0.8597117554573659,-0.23243036596918626,-0.2566832626020125,0.5647235195054171,-0.3294578039897968,-0.12909246181942918,-0.5973371476184584,-0.00856856857538985
-5.274638880421267,0.3946662406076025,-0.38916202701723146,0.13571633774579014,-0.17756328488377474,-0.15193963292978635,-0.6381353073955149,0.3167398403466559,0.8118403015388023,0.46816364677133987
-5.089806346411917,0.6949188687943978,-1.025076285898555,-0.35714836519129706,-0.2362020798935148,0.5671510244479495,-0.4419824651089081,0.3830110445363862,-0.6916778625344575,0.0006608322299887446
-5.2701686602276165,0.638235676677181,-0.8210910016683007,-0.20413603654764,-0.25006261313829925,0.5061649759184085,-0.35516021073876297,-0.09349853982568271,-0.47820267691054524,0.03304467975068375
-0.2539003937681189,-3.7715024792847256,2.372169267520802,0.5186430547440388,-0.015113469715197279,-0.561524470738107,0.3599089842881673,0.1694804929109494,-0.21526644281830556,0.04848092383450341
-5.298190201217886,0.7291941373934014,-0.9767053304809236,-0.30088665747197163,-0.2757997941718689,0.74428073423699,-0.26478463804811053,-0.22225361356970347,-0.9283126212539228,-0.1446202324115358
-0.9698888690399847,-3.566935234328965,2.5223961351593833,0.7132211220468473,-0.052524403051544016,-0.32638092788352163,0.35344041234589046,0.07610669130131777,-0.05642150508330742,0.02557743742705367
1.6821890413942244,0.7423071975612058,5.134786408259323,1.0652635633869796,-0.27669586281502934,-0.821880910387195,0.6004706326724949,0.8139751058891713,-0.2842301844317356,-0.12980436055078295
-5.444875538344798,-0.041188932086234746,-0.4577215743785969,0.06950319570885886,-0.136010773179211,-0.4029365045129657,0.00028588788429513665,-0.2746454073336633,1.1586314959230457,-0.2831720896135517
-6.197672112743118,0.274345047431622,0.2077240238012004,0.5588632965158039,-0.39259826732097025,0.46255325325914914,0.2570001282538358,-2.687440273979373,-0.7956747405589988,-0.30195423933153315
-0.24031839766329957,-3.8018258856979084,2.412775248351969,0.5482788804137384,-0.010808916057771456,-0.6186879308575711,0.34378388427815176,0.20403613682081317,-0.15293031067179516,0.07477868218112174
-0.9821703091123961,-3.500534000530022,2.420190424130458,0.6322498796707426,-0.060008240109869646,-0.1974929391582141,0.3840371189563083,0.05641440171127343,-0.20518970681072382,-0.019340296435612088
-0.38739542734100396,-1.0480350933112292,4.036661405944346,1.0520831603588237,-0.21925698363805612,-0.24057388335851826,0.5044424304153162,0.3200517074618972,-0.19358621698440973,-0.12822309668751922
-0.398803458323698,-1.013280432025272,3.9771147744495123,1.0100547555464454,-0.2302772982650806,-0.14424108774635336,0.5417749001533729,0.26796943993059613,-0.3854737656376556,-0.19818698590957426
-5.272813781735148,0.6615752897155097,-0.8630965159736771,-0.23478796339087304,-0.2575781040046635,0.5721435178691429,-0.32772071027057686,-0.13165847941763992,-0.6124059860101858,-0.014623501697263291
-0.9875305431728683,-3.512018079778625,2.437756219530294,0.6412470354764469,-0.06686865065976627,-0.1901184865840213,0.4035223318015126,-0.004378870057446559,-0.2948441023884167,-0.05284071520119538
-0.9823943489552263,-3.4746865630005157,2.3768027400753127,0.6023213511487703,-0.06592111298108608,-0.13799030775329846,0.40946034159655936,0.017954470438110878,-0.30599114646739595,-0.055984239108691554
2.804309709518105,5.1481304665001835,7.801340612686933,1.6558126812182816,-0.5924182140371934,-0.6697515985355958,0.8991692714772979,1.15774598594362,-0.6766681727483351,-0.32039411835307285
-4.230650103409927,5.387142856753846,2.988100018796445,0.943465825959217,-0.46939644665525115,-0.40504192428954244,0.23170243561029924,0.4657165800179379,1.1944751361180481,-0.6168282018761093
-0.9816749073974032,-3.474768290893635,2.3760759747597575,0.6007872031578659,-0.06627941982256436,-0.13548651065377149,0.41052829405349284,0.01654101495683918,-0.3143581215249461,-0.05848066366151656
-5.27657214778446,0.6470139782396237,-0.8382123995246404,-0.21762400321369935,-0.25482584320805735,0.5415628431285672,-0.34219978673736934,-0.10908285579347035,-0.5652223008288781,0.0021412735881563504
-0.9732462022764172,-3.5104039584740536,2.439040308915375,0.6462717361938622,-0.054539154476329205,-0.23711252777063363,0.3697162787954966,0.0728156888717465,-0.10695462275926429,0.01585994310629537
2.5130559327783413,3.3674692890296565,6.668913890385353,1.2469884521850916,-0.47502135692929814,-0.34836154918513107,-1.1791072431607703,0.5376785354449314,-0.8029833143985555,-0.4132612888978936
-0.2558584914622324,-3.7410400016118985,2.3107530327946546,0.47346937131793915,-0.028445826941934465,-0.4583524651634752,0.40637353316594066,0.11283277622244671,-0.45778032113312433,-0.03446617210833792
-4.687906672792742,3.522252701374668,0.7605790770248615,0.10971406522694689,-0.44992629486550173,0.7894006124838042,-0.11011917796794495,0.13341786331681543,-1.0143924397503492,-0.38030693716931613
1.115925323008568,-1.545351155941408,3.6682797306252404,0.6881072359742321,-0.11847026551486069,-0.827235341260481,0.468379763857417,0.6174053208758891,-0.19068262339428718,-0.02169146407862322
-0.9697684812045033,-3.5329934553642306,2.4750482617162084,0.6707982919973777,-0.04978746134234141,-0.2870793812534977,0.3501598209827034,0.10400937724420152,-0.028055862580194074,0.045771339559526274
-5.272804358940763,0.6492584271777007,-0.8403900090975683,-0.21828415257684353,-0.25359580082600214,0.5373880970206147,-0.3429196759477036,-0.1108609756134328,-0.5409526422394318,0.010384397392614925
-5.297771569472303,0.7247302653246398,-0.9669829061693422,-0.3079898374167447,-0.2759585414138454,0.7398578765647,-0.26672447664281146,-0.22157539735742177,-0.9296089831155654,-0.13333462213114014
7.149450576485535,2.321494568164352,3.23398019598362,-1.056531846181467,-0.058286123568228,-0.6261565911287654,-0.4862472019548093,0.8105765250279481,0.46639252428176803,0.240135249701414
3.1302415178843943,-2.8429849270329215,-1.6226308184947802,-2.219369085964511,0.2264010631049673,0.9751012256383687,1.599912503053412,-0.6445469568727374,0.01289772739065019,-0.27375463312857645
9.930333747996256,3.2142054672233145,3.9491742928150364,-1.4914483176378945,-0.12234283346697575,-0.9798044088521007,-1.2664116726793118,-1.5743652985556538,-0.2904235383757749,-0.6605674414011103
2.1991508480452526,0.9775737173865306,-6.10550524695549,3.8667582889761403,-0.08854127350449921,0.7958304145067552,0.6839178650064146,-0.43310219794433974,0.06265618792518714,-0.833400758354746
1.7433901669964016,-2.2861559056021123,-1.5319129650798884,-2.023054286052337,0.18018628873354003,1.4568785995688744,1.152057886401251,0.3317725484149313,0.31054821433224356,-0.11078129357665437
7.7989011330445726,0.3416270496242342,1.2870105326982868,-2.029969899798508,0.17669597854733216,-0.45539397466060777,-1.9329666697432972,-0.23905845816424035,0.8951714394540908,-0.4009209524730626
-0.47667893204154355,0.4550985278871684,-4.451527456226957,-2.856377727061339,0.11780746577506718,0.7034967915582412,0.7355892919652766,0.15743948427157786,0.08987004487600254,-0.0603511729643298
2.8745558631586583,2.532797042412552,-9.054391830497497,2.8212667425369817,0.06859920332578189,-3.9003017662420514,-0.190171403663587,1.1034067670294543,-1.0704618590685313,-0.06902926834156944
8.260408511149649,2.334094827033061,2.1446121504832525,-1.972395248021298,-0.027336701169393917,0.12018525260836699,-1.4060881675217207,-1.1043342812976282,-0.03961223430828168,-0.758360479825738
3.0750113792946814,-2.9416660011673206,-1.3109804201310198,-2.0240137347863003,0.23387434647500369,0.7519351507208341,1.2957469538657387,0.2420854837386321,-0.06159763159531747,-0.1300450091000573
8.29049034117203,0.10797802393701993,1.1569939657453472,-2.1567242337830552,0.17981059762856577,-0.5004051394662513,-1.6493012938021527,-1.0413282261274512,0.6715594776240656,-0.49325234599475054
6.015910922020656,-1.2287802844407503,-4.185537374597858,3.101658369680521,0.10962655513672526,1.825392551485959,0.369256958105877,1.800291798746677,0.30218929266863725,0.288765046943797
8.914489343745958,-0.5428165822115023,1.8068993057366907,-1.9083466444645547,0.1850818779699496,-1.2801817879335462,-1.6168518377722951,-1.5567739595912753,0.36023104299238173,-0.5425258054755105
1.1181177668226048,6.8469763592523165,0.11290553395342914,-1.5179306355964775,-0.29922193844054185,0.2726090363179653,0.9994627171632879,0.6423683681023022,0.8949094215975271,0.08772217739370501
5.584725686939393,1.7322131280342894,0.6725320804569215,-2.2706615787980167,0.007094683338833113,1.3680351159887987,-1.930598128775488,0.06811572087289618,-0.21272025669342773,-1.0295339585348824
4.036456802168254,-3.016167760998023,-0.8460105920555776,-2.003804196742478,0.24537939907669126,0.47726782720325134,-0.7071028069999009,-0.08480954639352235,-0.20683298758949617,-0.23907239200141925
4.834808929694137,-3.0063017646372074,-1.4097536616718016,-2.409765823163055,0.2953416591047756,0.5527479420747179,-0.361598270067237,-0.8123331948710777,0.01268491034552336,-0.2760306062203521
1.875435128707982,-2.1163888977491876,-1.2485403780630588,-1.845832253522442,0.13458349421036672,1.5217022492837808,0.7750421211106778,0.500862173807297,-0.0850641578445475,0.40340874872672045
7.81727763130642,-1.8663914271241024,-0.04358618155170181,-2.177940092188391,0.376144874707866,-1.1036076324509743,-0.8575104985068172,1.3934610624356856,0.8744376458022267,0.4308915753567547
7.337301264557997,-1.9112500287436165,0.3501993515031425,-2.2037529590549307,0.2675488843689623,-0.5015600183954599,-1.5618991329811025,-2.021648284002349,0.614626368432997,-0.635695522006343
3.5717548837680906,1.1574076337116999,-7.067898713722537,2.3103705785084276,0.0591258364052132,0.8847177198329691,0.36831000166169764,1.2189944659599479,0.1395531854539852,-0.2620663132739257
5.19846094398443,0.8457060570975258,1.7828870130324723,-1.1566972399776658,-0.06721930528609575,0.2514271598324458,1.3091720677771619,0.13267797345185678,-0.48170375937189575,0.41324151218398397
5.268347533941495,-2.903781347162113,-1.5300052653534555,-2.703780348003231,0.3360417540028872,0.6784422790769533,-2.010629221373121,-0.9482773040748949,0.15718785236176772,-0.9163928820714637
7.7823994250052735,-0.32711086328184324,-2.80088314555562,6.438868370059152,-0.23118103184417155,1.713011321568422,-1.2948391642168668,-1.1839101633437539,-0.07605375014617521,1.0296985270949857
8.39805266311112,-2.53838128985568,-1.8572865015692905,-2.928771999137997,0.4128466034920795,-0.017980047246686448,-2.3909959969841,0.13836122804020554,0.35377275906263056,0.3854458398526075
0.569280130251327,4.76432410026749,-1.2768419483079303,-1.9112237617849717,-0.14914383046837187,0.3141750652674179,0.8927090320790473,0.4205505187667226,0.9926062780523983,0.158471114844999
1.9824080843207716,2.741013640653218,-8.841072719416559,3.0550551521199902,-0.00348385009946867,-3.621237865311278,-0.1277849470349948,0.3937271534561059,-1.1286914280752687,-0.23627184046950236
0.2982629005792177,0.24254365120662202,-4.773108121208722,-3.1187554852336916,0.14978013131715567,0.640093290426817,1.154034553123591,-0.6968383308274183,0.08713068184786561,-0.17001743825120544
10.117655878093025,5.393157856584151,5.038793969253967,-1.2199302959725469,-0.2370619280928009,-0.9092749352342699,-1.5150680449536937,-0.2224289255407337,0.00541319822761956,-0.4568874007483955
7.731231148789334,2.0322551782870937,3.03484612565178,-1.2242278832307985,-0.04474819280605255,-0.6947632063830571,-0.1838672061620875,-0.08310437020876739,0.33120512928515156,0.20130737646190403
2.8492998275667176,2.462078345337018,-8.414354014419406,3.2435986760903965,-0.0053184505644651315,-3.983971962906598,-0.23446315037962187,0.04552044695216356,-1.1974654598198173,0.41340277733118186
4.844512180147012,-3.0175140009112664,-1.3955453467965326,-2.398466948638251,0.2966673483816824,0.5320132898410603,-0.36205171820377224,-0.81492987733555,0.03604732448510841,-0.26685227951804663
5.125552655599341,-2.981367147467613,-1.327889948265644,-2.6066615431950635,0.3230406808892015,0.6037777726809002,-1.9563308004710283,-1.2485740859805636,0.20659910450027383,-0.928091718846029
2.216698806664875,0.9807980373116982,-6.1287971476567105,3.870539077832519,-0.09268072548080324,0.8189927748417152,0.7008904849951835,-0.4474804358202669,-0.03314149790165793,-0.8818020445989962
3.2456919058308284,-2.520566246907104,-1.1256875275246254,-2.117236481506346,0.2133473862543731,1.0448801112595159,-0.9192902520275522,0.6666707789983543,-0.33134077398895606,-0.25792316302961127
3.2669496624086483,0.9202236498159845,-6.412454638574045,2.3971046994447676,0.09043686171812902,0.3692407405797416,0.34869023521418246,0.7953464549417734,1.1972393927649818,0.1013180057482435
2.6920231547722535,2.614651274247231,-8.935260777934651,2.403085069614222,0.06757017231672234,-3.795011236003601,-0.2895777931615408,1.0289977411877618,-0.8560036506443648,0.3628167762817587
6.150747265620874,-1.8324286137773935,0.5562020178234074,-1.551806763633004,0.1871644434686887,-0.6668238247953027,1.2312171119797222,-0.19140519909404186,0.14238326191232276,0.724668577001811
7.34136282496714,-2.618176965823806,-3.4931102102608746,3.626280698892834,0.17609776852656028,0.41350556819662443,0.9842073267499148,1.059859834754231,-0.20260428067921124,-0.6759296926962143
2.1657479055854485,1.884187359555378,-7.71302671690034,3.8939314574379313,-0.05370797156346279,-4.050600199927814,0.23057077398465897,-0.4690514837359799,-1.4827687116913661,-0.13357197426606857
1.5583898611289744,2.492379285573646,-8.191881657150569,3.7749765817772163,-0.06290009404186789,-3.806444927048997,-0.03153216549338876,-0.17323135502183307,-1.110484632291934,-0.20671815951105457
3.282242296578631,0.8673542668521954,-6.316597072590772,2.432422448550407,0.09728641509598551,0.26225891664217876,0.32168596365776,0.7880706538756447,1.352031596820679,0.18459022801914257
2.0274868784917763,0.9849949242251519,-6.037432389014836,3.9422938909255363,-0.11619682398657034,0.8909221719361897,0.798928921171418,-0.8508718756834122,-0.06911467406290686,-0.9334467414065803
6.650727746153387,-2.905595839242741,-2.472707413862538,-3.1666409331859273,0.4902761234604514,0.1067577995121514,-1.239199738019048,2.679843165809654,-0.010301315850321104,0.05262026363487251
6.2569357756201,0.8736689496141923,0.9966519098708444,-1.9119254466483617,0.021877267516360953,0.5017329871691103,-0.02617793357722951,-0.6981324975616916,-0.17194163109751712,-0.29249269432149216
10.007568611263373,1.1867407247595345,-0.9782630859615702,3.3954308931846517,-0.035229000825734484,0.25578277636388524,-0.6390760570932168,0.614761654407708,-0.07057682336964144,-0.31730573877007373
-0.00753639493084269,2.498892610863635,-2.568355462383752,-2.15221232489729,0.001123809471457848,0.21425617443270087,0.7553853182622174,0.26613414972830873,1.028047303971195,0.18107201390079597
4.845905817473429,-3.0208867900510223,-1.3944985324819457,-2.39338561630866,0.29726200434375855,0.5254957520096172,-0.36644717137570715,-0.7959775963946243,0.030502260863836693,-0.27555387320632857
0.5688543477930242,4.705643562871872,-1.2017421479491146,-1.8283763025663153,-0.14369631097362787,0.21656179569326275,0.8594913635725038,0.503545563734296,1.0622100740328118,0.16682560746564945
6.763983925457985,-1.6007039820983608,-0.06956817010729084,-2.2085197758227575,0.21740265278217252,-0.09056973597491165,-0.01324814202797851,-1.1687491020520266,0.01787609615735116,-0.13618082889692404
3.128132749945043,1.0154483245086845,-1.9503443163975354,-2.4700046529362982,0.057672125107871494,0.4657566214031853,0.8990683587312049,0.2083982830659462,-0.33464079050976414,0.31756145380293577
5.266939898206476,-2.8973603092553906,-1.5420040296344049,-2.706428354752607,0.33684727877172504,0.6850346666648971,-2.016369496167326,-0.9258025996229833,0.15695569267485168,-0.9216281205436851
6.872952421656877,6.059116098738068,4.409109003752328,-0.8342285780039459,-0.4433557311240672,1.0728865299986334,-1.9644168851907189,-0.2901440277450149,-0.5993972552141696,-0.04052823803942451
4.665508566133988,8.74634682649299,-0.515331982660938,1.1837597753150417,-0.44041354335668137,0.22288830809308505,1.244490834364383,0.7847038624836864,1.1801549954087793,0.4422931009769063
8.468643131248644,1.5631962416000738,2.875259195231643,-1.4169333998338178,-0.0488125865706793,-0.8140209833935695,0.22910979629762598,-1.3025544605473844,-0.33834529180521555,-0.07116491646901571
7.473843502459165,-1.7484991102720437,0.2502346686109707,-2.367562561301864,0.2700807082832929,-0.5518794468324866,-2.01669097990356,-0.828902984125636,-0.16916436689514455,-0.8957713959870219
7.206668448666015,-0.8709595571420438,-1.2087152291000611,-2.870785150036694,0.3430746316620202,0.13419435259878146,-1.1049024397328093,2.804894434251028,-0.10554667750346952,0.03425293029048195
3.422429746913806,0.9324142396522151,-6.662121648657261,2.6607112745957737,0.06772924202253568,0.4940782935309853,0.5262304142703793,0.720350634182624,0.5990260940114196,-0.4262204719783074
7.657503604226626,0.2733184571726731,1.4718543214626885,-1.9521296490182374,0.16079050113554808,-0.5031997106551472,-1.8676041219030846,-0.5466658014303175,0.8903923358229405,-0.4227663649519653
8.091531513904409,0.7096950381077116,0.36032687560020304,-2.395146185526042,0.21386523854759767,-0.24521496886820326,-0.8269648242570228,2.424060046557623,0.058317271069092284,0.160994340365922
0.2508869470958915,0.005323679908842237,-4.297202820622957,-2.7425642906660808,0.20454043350241116,0.032960751796090954,1.014954595194968,-0.7665242183857579,1.379896595380917,0.24301805872262836
2.047091591819259,10.902620490292904,2.77123331709823,-0.8360000103145031,-0.6193980541963385,0.3774399290880902,1.3644363309351535,0.527882311951517,0.605775366858133,-0.02820815050790882
7.108500827305275,0.11246234943559455,1.8558742606802294,-1.4840483676470442,0.08892617139730627,-0.6804137459613901,-0.30420934625174145,-0.16524104097592315,0.3265932477534284,0.1391412780010617
10.232439550556197,-0.5204505748481707,-2.161603984732587,5.023411391150405,-0.1727525746193584,0.8677478010028148,-0.8523075740154286,-2.961163085924933,0.42380201249885746,2.472844987684624
7.653942153779229,4.361004281690628,3.992032904868968,-1.0593896677953532,-0.2540709652462468,-0.02781044095014358,0.04314004740524093,-0.16331339126084937,-0.3471506045643201,-0.0845272363922687
7.964322736395359,-3.1841074224666133,-2.991456063809774,3.906309813806979,0.20796769112656027,-0.3000513806793884,1.1758079246770423,0.2376091978253643,0.21127336396930463,-0.5737633014358251
5.697296193012142,3.2662389893568164,2.8339282612131202,-1.2096120850840277,-0.19527258798961042,0.6729346762017301,-0.3214643160895667,0.3236025113238161,-0.4954817400386376,-0.3333141281475584
2.0333353831735614,10.63861249735414,2.588265351660259,-0.9821432349709056,-0.5680206966808202,0.20105937698195323,1.6956845354673702,0.5289902304435333,0.9010627079812734,-0.5172646299367447
9.913359218073182,-0.9020758887528807,-2.1484852028098276,3.076308506515285,0.131084008074962,0.03146769506650713,-0.6881888137521259,0.327823555342333,0.0977742528828776,-0.2438892919102381
11.812848043046595,9.008846670168996,4.026975516709905,2.2263753144030236,-0.8047298298364582,1.4103481118445576,-0.5691598123117413,-1.3514107338701358,-0.6086710187601921,3.7618949859188313
0.10355635923551507,0.26584650543949023,-4.721731048659002,-3.0701600740446846,0.1156714585340906,0.7852450802640887,1.2826172678338954,-1.144270759039691,-0.14197598492707691,-0.2965572766962661
4.525732936795194,-1.4795540433467982,-3.096650879377033,4.74920863588801,-0.08457794750422766,1.8186112115768558,0.798111113330776,-0.27486279046265627,-0.31894692605911457,-0.4943211073867401
5.987579847684518,0.5707703158171016,1.3847187302224098,-1.527770562268123,-0.015648198674242504,0.09101357617244044,1.609416366363032,-0.5311430510187392,-0.3724573658918318,0.33191359838027423
11.675163967663952,2.891147175750814,-2.0827717176963834,6.181337621207967,-0.4769517840789089,2.429627164496139,-1.8378321023710833,-2.2409368622567896,-0.9898702703888786,4.031596123998977
3.267406663817825,-3.377020972181333,-0.706760003374676,-1.6568790687736061,0.2533051204181936,0.13845089179866646,1.210150901946565,0.26223807944570243,0.2702764206035623,0.07816031548629689
4.035270902062936,-3.0216420902584975,-0.841373923272013,-1.9928173755021021,0.24297590925669224,0.479701809164947,-0.6966686788557654,-0.10670691886958018,-0.23969671821407354,-0.2560046519929057
2.002392468099498,-1.966185149199396,-1.519299929178447,-2.0209215794551447,0.17012541025792682,1.5792223026794197,0.6628741311374637,0.9357692391341971,0.2300164606471175,0.5355353511531595
2.9428895798596546,0.961729859559694,-6.213539298955398,2.236826798129257,0.05868590382080853,0.5183572963283944,0.3672164107670859,0.31636640433390123,1.2425789994265104,0.354634109212178
0.980106121939285,6.763672286314274,0.30294476418898086,-1.384972864070239,-0.3231765866807706,0.2686305555403526,1.1220712850655221,0.23374022334708416,0.8282775043668463,0.04858159592930101
5.87559873580421,-2.7166675150837403,-2.5058643834628844,4.597138857774009,0.04896199958986973,0.4049679448259459,1.1597258943330115,-0.3654334386884817,-0.020142996391547957,-0.8041423238371856
-0.39682532722831826,0.2544399471033576,-4.12038664403324,-2.594171187289984,0.1823457058435717,0.14197141662897264,0.5258100513503315,0.4606872493216456,1.2013035672381476,0.3251139377403811
2.998071280576474,-2.453951284121293,-1.3464432457359252,-2.0052539579478967,0.19520187637998648,1.051719348224462,0.6478589549243401,1.12689803243752,-0.44582401861652005,0.4150670696918032
-0.5194936248410589,0.5127988308459106,-4.546237363140041,-2.9190383677733944,0.0973766280256577,0.8736348958761719,0.792979491828236,0.08040538955854508,-0.26055012867384125,-0.19428951593879737
6.532187368921858,-2.296097508674203,-2.532853946995864,3.7962011283373913,0.06502521501332309,0.7798554318491717,-0.8603791555130328,-0.7143301155669575,0.03954318744273497,-0.5550938397710689
5.7928984905132275,-1.0911021092125823,0.01722269902757406,-2.1832598411107234,0.16992414279976886,0.21318909510762832,-0.5835995163988161,0.23679097443051153,-0.5306509073816383,-0.33422844318212375
3.371054823864894,1.090122833572438,-6.835060394350006,2.3993881626604563,0.04634477489232326,0.8048166401889595,0.42711550095936446,0.844182949908167,0.2996271151541764,-0.22685770339320757
0.8561462094433382,0.2081766150643346,-4.928720226196934,-3.1822925455992213,0.25737732007706005,0.16705504152405495,0.754526245620316,0.48003916050983897,1.068519000445916,0.26695174748836115
3.424387220778469,-3.195958841598266,-1.1260449965572996,-1.9349684149257296,0.2520247598554413,0.3789609688228435,1.3013066799354653,0.007713379127794416,0.03331729586319704,-0.11647783636698647
6.5519688299606225,-2.303107758729262,-2.526197216401175,3.806828376175935,0.07186413214287643,0.7414293495474411,-0.8821468401190782,-0.6672851024753017,0.13097516187119546,-0.5268251647349609
4.551558456686313,-1.6689817864372591,-1.4272265459839553,-2.152164883043531,0.14761391596583262,1.090157872243895,0.6616680451141154,0.48011648528313366,-0.21439750476033706,1.4568561938910134
8.904968995317239,5.701048883138945,5.087077181578198,-0.9114944077542607,-0.3666273014938445,-0.3611623812504733,0.32426946456521677,-0.5809664149266042,-0.779959809337364,-0.17689878144781682
1.7883667283729958,0.7897438837666519,-5.357159199521617,3.694186052468056,-0.05362120153573991,0.3259420277969708,0.5816787848172273,-0.916243544295037,1.3664382022339563,-0.1281507708851057
0.7790455674026814,0.05056128952256371,-4.730479590966496,-3.079355032173137,0.2116282997562479,0.2617837594992133,1.3706420923746712,-1.5723257586989534,1.222121409479114,0.1523746581429425
-0.928290418287686,4.468129996457382,-5.115635402095167,-2.5526130409131116,-0.02482937079380303,-3.7621561940508443,-0.06227521211033331,1.085853705381954,-1.2166413202710125,0.4394492740382383
6.715392627600174,2.678329293590102,2.403899936714977,-1.5113595438733152,-0.14285622306897217,0.5061066291174126,0.2274463793606544,-0.946742773837361,-0.3478843633085143,-0.2835587403491728
0.6560622657264191,0.2044359270361552,-4.995567520548409,-3.2651924052725647,0.14657657470508495,0.76868486311483,1.5484309428361613,-1.7945433582006722,0.08977543947494228,-0.2634296501072639
5.907307966440858,-1.1579998845748978,-4.396010647228286,3.517503473133594,0.08155558430751546,1.9805512693403848,0.5941016906342551,1.4290407330255808,0.07589656017357786,-0.21604182402828612
-0.04136825103549384,2.640567015061205,-2.827929386247563,-2.368196459969229,-0.056317914772937315,0.6959406219681121,0.9662396887436585,-0.00795591767120996,0.025224534222580086,-0.14769686538441298
5.9969347382466145,-2.641298378466702,-2.676486773587399,4.4513914604151,0.06211693431914718,0.46772917627118527,1.0962653234877342,-0.07837529368346957,-0.07227784604777533,-0.7854910176383838
3.2600752866305576,-3.3504937278756284,-0.7481620353079329,-1.6930542337803416,0.24600037561347965,0.20521373675867408,1.2360267724965197,0.22222868022454545,0.1492089059775914,0.04003599674658683
6.773244424850025,7.044996677058749,5.340991150531165,-0.5874127357250778,-0.48537312030226265,0.6573619034431563,-0.0427937635593628,0.5858119757069012,-0.7320519447755965,-0.34089340777682575
1.8754596998224984,0.8488102009756813,-5.674084604151506,3.9215819595951054,-0.10581638401825065,0.6421314012616163,0.8131545808989751,-1.1144907205813046,0.3430060597942304,-0.7684281297219845
4.107297919258917,6.799818199089028,-1.7242219651495807,0.9028953009736247,-0.2995711763849346,0.2090058231470687,1.1233137847596693,0.6502987927476322,1.250135644366789,0.43092764864334443
3.419877590883567,0.8948739933675208,-6.6466461779225705,2.7925435215853507,0.05241168949112892,0.50697573851023,0.5585374256017511,0.643329413061529,0.38697526927842246,-0.541265858663013
7.172099104234915,-2.5848356178465526,-3.284206426174496,3.2810018443574123,0.19469493759172438,0.3597786699540893,0.8297448746720166,1.0568515317216918,0.37592040635985324,-0.11984319345013753
4.061787071739869,-2.9131548054701337,-0.9939284990794657,-2.1008404339652325,0.2525297037672309,0.5586164647641989,-0.7310601480250576,-0.07532532932460596,-0.15252065307596083,-0.22530316588310298
0.6867374774065756,-0.19011478188790296,-4.84933069694721,-3.1064178518454115,0.30209949242375483,-0.1793653998294528,1.1313989922741294,0.18990737693619766,1.5702907935295842,-0.2223086781351438
2.417313599965121,0.995644521060934,-6.250255636522701,3.7403219135179255,-0.07412313880021705,0.8235513097255237,0.6366627543656773,-0.07066039292816187,-0.08087068054318185,-0.8213777090543122
6.319156816551799,0.9337496631377167,1.2434461708260238,-1.8843705585347401,0.0272819307922686,0.2485695983244621,-0.45538888418124834,0.3909866959144719,-0.5479845897944624,-0.3317041254359385
8.22837144681643,-2.3079392934913407,0.6057422342475857,-2.143840060547148,0.37143082242682957,-1.4191071288199408,-2.005088823305442,-0.8302975302098489,1.1579269546886657,-0.28430856548346484
8.019613485179999,-2.248984560325442,-3.4522429670028876,2.9047305079345316,0.2079098015397848,0.6510352851568634,-1.0706501022675456,0.7939920191044977,0.10730678509917692,-0.3688708406168497
7.791063166264958,-2.9034027113233085,-2.2078467094896865,3.5364714808775624,0.17728145982453988,-0.17109189167169908,-0.9023424886220072,-0.47777341623061187,0.6544033399653811,-0.14608886400938617
3.2497454771331595,-3.318788144665588,-0.7991018845621644,-1.7320979438980106,0.23734970376395095,0.28633166503209445,1.266073268801331,0.17621051190963724,0.0021470401195838465,-0.012243862804431549
5.726823268652835,-1.474813589984806,0.27163562477555736,-1.7111656633464265,0.14724426906199922,-0.12768422207136923,1.249616745838048,-0.03041103687337782,-0.3044771114780403,0.5385218271549632
13.487508901753587,17.165800644342646,8.355406025847342,8.84512257054297,-1.5782305783578647,1.6882144630856886,0.348241662313593,-0.9568281536688521,-1.1811281371573905,1.162031891407163
2.3707426059803263,-2.386795211175779,-1.7042048843106916,-2.190861266625233,0.24250288266745984,1.1713810235614688,0.8781408001837643,1.4678369402878306,0.21090547986042618,-0.040527736156539436
3.318282476807218,-3.2103078353444325,-0.9898831657542184,-1.8341572722247204,0.2639333615847023,0.27219534446383276,1.120797171214195,0.5482604647175703,0.19434929319048483,0.02932077476757524
1.4492343152047784,-1.720997608444659,-1.6249324562900584,-2.034440285818134,0.1136777175027281,2.02446319864223,0.8958372940862571,0.0780025127546911,0.11847834389245772,0.36341262929281
8.009748568161363,-2.2357355469799645,-3.4711819260283887,2.887852374750305,0.2054114603122801,0.6812086525429156,-1.064453262274937,0.7919075441269471,0.06413322492533338,-0.3814075071659895
7.383499464162282,0.24637056300628224,1.3893964465137894,-1.7529784370873904,0.13870988483656155,-0.579372084793908,-0.28907906903820735,-0.0684554438013062,0.7702360197193786,0.2561328435683903
6.625364917458063,-3.8884373735117275,-0.9928032047428494,-2.333822392043736,0.3986011113137669,-0.6364029288186154,-0.1625350772164101,-1.4405387117124955,0.5348749133071313,0.04133878099672097
8.152283470612154,-3.5569757326453884,-1.9515383184398916,-3.068687656449025,0.6041482604546076,-0.8323455365980753,-2.591608057309948,1.3081797004094524,1.2825132635305985,-0.168611149831559
8.314053896653515,1.6195712235512298,-1.5629482671464572,6.717726604937026,-0.37667797154190324,1.7358511089001958,-1.1342805168984404,-1.1225042948140116,-0.2098002126230115,0.9864694038724056
1.6375484208871058,2.592923998416894,-7.871574049064612,4.0138516869237675,-0.11633532798614206,-3.751651573200445,-0.15785098578108317,-0.8635990620366985,-1.206624846150902,0.27375613203177823
7.089594379495753,0.24471580916533509,-3.2474903227263643,6.821315400878886,-0.2851788166974234,2.357927640223767,-1.4951353088262558,-0.5206067589032731,-0.18718434573106632,0.9601489630465523
4.781037498214517,8.886635360826405,-0.6680578767539279,3.381061793250111,-0.5519883172939687,0.4709794574413791,1.0230152784885123,0.14450524049750046,0.9542167478254353,0.31879407680103583
9.705125575154861,1.5342723646032776,-1.2342428898940856,3.2758985779361796,-0.03992415337101805,0.5392652158243401,-0.808293423028884,1.118542124607164,-0.11074226939154744,-0.372574373065583
-1.3418159934215934,1.9060998004736611,-6.338241641275493,-2.7836003300529533,0.12738375657977846,-3.970060467940245,0.054851591410056924,0.11000539889618963,-0.9981407165522852,0.537349735714478
6.289613391156335,0.48308080864759895,1.5494011350408925,-1.3914501354885274,0.007173153844181985,-0.16325636528839407,1.3691206451612332,0.08347509791145866,-0.29622370294305633,0.5676999409595774
10.607565568432587,3.8532643850755655,0.28915235595827654,-0.503068150885127,-0.5569936333423173,2.33048539526337,-1.5949130338949817,-2.4993622236086845,-0.41347817597182884,7.88735821741888
-0.1349630475026287,2.762158780199006,-2.9968642658319538,-2.483626690107697,-0.08374944884252107,0.9510645180951782,1.0214809660289692,-0.11826092056478152,-0.42589993473764504,-0.3334866940509395
6.777560574567787,-1.5997020729021525,-0.07102647440574102,-2.20759032743493,0.22267424257485008,-0.11126181380076423,-0.02410986076019293,-1.1448239309829802,0.10504595100088729,-0.09990770706229898
7.915919897442256,-1.6950886294309204,-0.3894566909974671,-2.4183518079510784,0.37124504974596784,-0.8133368237899591,-0.8553648328051874,1.6662940356059155,0.4523994476795492,0.3015691418391707
1.8712050972768277,-0.9717405857476682,-3.2181522497783965,-2.7214592750795767,0.16841236776696017,1.1269923457598419,0.9721676233524894,0.1844419679291617,-0.2994908522947372,0.5078690345512533
-0.6496786671146408,0.42828283773657017,-4.32439999267268,-2.7641733482088524,0.09509129425809519,0.7402651013899327,0.8315345413262811,-0.23471023399504548,0.04730405134040895,-0.10686681635769255
4.077814584784114,-2.9551702821547217,-0.9278573468620469,-2.0501241970542954,0.2586257124971686,0.4704264665145934,-0.7472460954722486,-0.07821503467186088,-0.025276315172553708,-0.18024118350336374
5.873899290231206,-2.7035177826082686,-2.526112479856208,4.582150987388761,0.04659210141858551,0.4329707672773103,1.1698667674823755,-0.3835468854446357,-0.05992420173458159,-0.8195899445265831
-0.6564246476301151,0.4325784990609078,-4.359251107979596,-2.7907132782462325,0.0738260863199634,0.8713743027983017,0.9154544495456967,-0.330228444651142,-0.31859218064067196,-0.2287119945045775
7.794138915572167,-4.015367041021341,-1.3581773946974813,-2.5720000902344826,0.524061439704943,-1.1876533979141162,-0.6969134335646888,0.48857358930690364,0.7696433809302395,0.32684779328567704
7.582768746064437,0.3565310082180104,1.2046684335067157,-2.133169830721877,0.10067771201766794,6.090930425861772e-05,-1.4716976312473966,-1.5340084375999297,0.12468542520362141,-0.7722556572814494
7.348778781367589,5.388023769011484,4.4233263782434165,-0.6398483429061286,-0.43203532934994343,0.5964864438831305,-0.0687142311368275,-0.5187976935215086,-0.6649106441875591,0.7799246312972119
3.727465337287827,1.0420433842508754,-7.118509995385399,2.7718732822553216,0.058540732473967974,0.731494322176725,0.46147372364805855,1.2527301804593145,-0.035235745708377876,-0.6718510780862129
9.795735290532358,5.56003231448979,4.932304481629321,-1.2894526521119194,-0.29315211282697007,-0.49868142260729426,-1.3028734089931675,-0.89136645084508,-0.5029727009505034,-0.7543263681493521
4.353224307328277,-2.892229182088717,-0.9050560592159497,-2.304100738838398,0.27590645680308173,0.621197342934041,-2.3185043586170675,-0.5428904079265409,-0.028340273190373782,-0.8966783988579075
3.4274746352732732,-2.4838743926463733,-2.297976848451556,-2.6175192039119515,0.29597239199527325,1.1747795714724178,1.1521262538067643,1.1422282503208077,0.0840220768457485,-0.10985278835910431
8.183526242587527,-1.2532492922710017,-1.0620502985049889,-3.0067575653382064,0.37935502308410946,-0.05375114938705611,-2.1607955920837303,0.7348402673638202,0.34056547140507176,-0.6024976029270858
-0.07727684356514135,2.6956860856151956,-2.919819751489679,-2.432655239015281,-0.07611303874732013,0.8603790927526488,1.0237799191978265,-0.08564083995556471,-0.31671669167988165,-0.2746445679186307
7.4617422452982565,-2.500985821890981,-3.7298858815796057,3.474902159401593,0.20498386175295083,0.47250331006149426,0.9057960422449209,1.4557047056998575,-0.009692345244676544,-0.5940072521361092
6.984712687015096,1.7121456580937193,-0.24724786272195853,-2.7230061083635473,0.16808399096424514,0.7425806988637729,-1.1866689096653833,3.7717892045965655,-0.291792034025733,-0.017271219020969543
-0.35539404728368545,1.8720397610825859,-7.122845794897062,-3.3309288864183526,0.1545894495732216,-3.6932689863855144,0.8731344751878667,-1.9423972800572495,-0.8916231551666305,0.30444468925640666
4.356587058645681,-2.9173768615834383,-0.8651531366747593,-2.276789943045889,0.2763700735577337,0.5829729518574414,-2.3156643648160102,-0.5697855026046121,0.003677496020162419,-0.8827914253875858
2.66307627943177,5.128870998242659,-7.829840489240917,2.6403419731815068,-0.12008561455491779,-3.3369329930837086,-0.2230579356250401,1.2012604844476016,-1.1276597751783828,0.1458663210618104
3.9704700799152324,-3.1951147300009035,-0.7833201082582065,-1.7455436397243418,0.23790540539521554,0.14459037720203952,0.763043642708935,0.5869925477789094,-0.33616560085473984,0.5270725967340505
1.9054289191118359,-2.508107312722243,-1.296073836180518,-1.9249393041354004,0.17071525016351086,1.28058357801281,1.1830974668714012,0.34379875326490683,-0.039266016246480455,-0.17703211019549
-0.5304432665151009,1.7135137249347683,-6.685260059882483,-3.057185143193857,0.16685904031626544,-4.0493369735821885,0.4727083865823208,-0.7721170041412156,-0.861120477021483,0.4725508088848445
0.9783570133685047,6.77181220932605,0.29111918622825517,-1.3953596978039748,-0.32483303213389486,0.28602677076391486,1.1286412720682986,0.22230787535807,0.8024649627708059,0.040744258655980796
6.768583644649335,-1.6162096792264364,-0.03566752785265061,-2.185112533790303,0.22350948502020307,-0.1413787846269044,-0.024449808653072985,-1.1783786729325922,0.15610039079886925,-0.08224419677129777
5.461339572397131,13.318405683544707,4.116519697431759,-1.1086323793065214,-0.800348715990246,-0.11828140317610682,2.00188822725826,0.012421908881159164,-0.796968337935578,-0.14720269042997078
9.766746698067697,-3.1626674845336273,-2.994065467078478,2.9168133109455914,0.31508728305546335,-0.5537477355762332,-0.8425780326403056,0.05737516213034115,0.6789969674474591,-0.0451239585131891
10.162429274809844,5.433396253257982,1.2652841489499147,3.9504413986885236,-0.3670445986755007,0.8164480773133894,-0.5121229216479731,1.1796562389816572,-0.41724381461472143,-0.41314370816476553
0.6422256471809241,0.2214099470606096,-5.02013975464067,-3.2786014339313665,0.14256741329570144,0.808389758388435,1.5594766625544445,-1.8122709584302923,0.025787843583071138,-0.292076690763849
2.7318957851032275,3.663906897339025,-1.689805954156581,-2.371556388084074,-0.08600070297352543,-0.36812703380819706,1.3647253123519725,-0.5930489254103869,-0.2038426893111156,-0.17882866928329108
3.601132928215421,7.68380127596866,0.7851869108020914,-1.7659847212588353,-0.4047927706936898,-0.14863113118452367,1.7292869817668226,-0.7281457579495094,-0.5160694482822734,-0.272121971459594
0.5556344464641779,4.721538716578713,-1.229365622872228,-1.8484370975394981,-0.15069528047840947,0.2709782020142423,0.8780700435608695,0.4800846125669588,0.9386150037562638,0.12121390625472475
3.7081838287138518,11.075187427391874,1.9832623237047151,2.707907526227267,-0.786145416161167,0.5026852302557377,1.3226296875040495,-0.795803565390473,0.9002785926352503,0.6572630889633336
8.038352876996306,-0.9951547853545427,-0.39108828365730225,2.906376065438722,0.05186376636659055,-0.3614391339077802,-0.865798239652723,-0.4884257652331889,0.983994611070794,0.5127795523150569
0.815929006298573,3.4362409858882645,-5.0564836813915,-2.696598484137993,0.03778442276716589,-4.651340197554865,0.527688440379301,-0.8411607270593358,-1.3228554673032624,0.3149934961559982
7.22084878824356,-0.9018407264837667,-1.1652301308409825,-2.8457698516511445,0.3433114924470926,0.09512759272795605,-1.1053501766548761,2.7829102426569796,-0.09349707205958518,0.04609350541668724
8.005818251241651,0.0767143785282736,1.326700750838823,-2.022912569129622,0.1365487527473657,-0.3889724207155852,-1.4879381108636438,-1.6294273088020619,0.44558636141192165,-0.6293470241433645
3.189193651449988,-3.35029897782915,-0.7332368259631832,-1.6762380464804576,0.21839364499219188,0.2799251658857639,1.2790670080054385,0.029882920413909258,-0.23326532985957124,-0.1273561441639078
0.7442282310823013,0.3662051046283431,-5.2047029713366015,-3.3772776765483647,0.19143458202917812,0.6841100500435843,0.9410122508290636,0.24552666247555588,-0.0846074063973178,-0.1537247250790885
1.0477047671906985,2.609895008345077,-8.01109982435983,3.979623898538568,-0.08937838063624957,-3.7774629684964602,-0.1539082381670144,-0.18205698177849827,-1.0017716907274583,-0.22792999476378736
3.2640573949482525,-2.4182903516432406,-1.2657977535241958,-2.2149453148939813,0.22054125077768927,1.1240347288302563,-0.9412453208723798,0.6604645054117338,-0.25747346297076196,-0.23220919121984238
8.523989274066738,8.663530608511536,5.569765642922907,-1.0942660737430807,-0.5224985401837173,0.8849054454177139,-1.2268048685057786,-0.27698806031768286,-0.4928107867609702,-0.9038263686163033
5.912473379821392,1.005080074273983,1.1066054729772505,-1.8190509978182834,-0.0023000056446849273,0.6169218345574675,-0.08922118388914445,-0.5920586964898841,-0.25014527003115067,-0.3305202874436294
7.429529954897532,2.020417791601843,3.1751286234221867,-1.1100472454253676,-0.09493064408545748,-0.5265908579088712,-0.001817350436245851,-0.7061328920530483,-0.00566269316906231,0.022172269593793724
9.020475034281697,3.9980293155811117,3.7544779289154198,-1.5611910077982023,-0.16165612626234485,-0.4040911135893032,-1.6045929639867231,-0.5576685158170109,-0.4717410760169241,-0.8649293892786153
4.877725496783128,-0.6395233031624794,-1.5922312342954832,-2.025578841304012,0.0016193734728042184,1.847785765070932,0.8404050539642548,-0.21487003124299842,-0.5861561254798688,2.162182423836776
4.676648497817321,11.479592650939997,3.1056278727729785,-1.2604180479215787,-0.6956698434637655,-0.048019254963509034,2.0034024652577,-0.5551194784495874,-0.8453897204040174,-0.27996203831572464
9.997141639011115,1.2173736597262113,-1.0274059949602792,3.3655448916784,-0.038395141633075155,0.3136241794068877,-0.6257684800505717,0.6171577789081288,-0.1368224513967677,-0.34418036096231597
8.25254730750693,6.216625458575785,5.429761267301242,-0.6206065292694569,-0.33735970512533336,-0.48082225473170065,-0.23792562741275156,0.9997172448982595,0.28320118038689873,0.26145537528587504
-0.5235924152235106,0.12016164954526813,-3.8521399595465553,-2.4147991713628616,0.16046177564952277,0.0581562918570667,0.6357626023052492,0.04118618450676863,1.1855644960829628,0.30872737219341023
1.164506217443892,1.7925298617648997,-3.3426797585011077,-2.695651885289563,0.10233505445839347,-0.023820105077411915,1.8557804412969445,-1.6966564005540645,1.5837977927506028,-0.35739083696621793
7.784489152256816,6.472542452954574,5.2068992986959985,-0.7292136135622855,-0.4199066824999667,0.16893974247699192,0.07913409448478949,0.1740565623296738,-0.5320778446602354,-0.16815068893684024
8.298583906316304,-3.8357039816685083,-1.90718371001736,-2.962842796560623,0.5663675791917812,-1.0481486869268792,-0.8984000202737285,1.514334912466112,0.4340008123434129,0.2941016223238031
8.094358764177416,4.223168933167102,3.771930081917401,-1.2629763314678284,-0.23017330501457087,-0.15875810377657268,0.015240284167258662,-0.1620871207192261,-0.6898892808246495,-0.265293330175987
7.014522055663717,-1.8115980146192112,-3.98619532823401,3.621861856073918,0.14421441700888246,1.128253572893765,0.5178552122570211,1.7682970264301967,-0.09802368533210201,-0.13186735643298544
6.820113359306461,0.08259942971419879,2.026971609892044,-1.348917018594874,0.04501041270222201,-0.5656739258050756,-0.1375047984457781,-0.7755369713134501,0.10361887336892021,0.0021887475200652816
7.445851357042163,4.29424539488662,4.2136657243723485,-0.6628473362318934,-0.2191927743874037,-0.6067898082913017,1.2100397568204029,1.3752837505544462,0.24846137029632087,0.91590135063481
4.836516484797106,-3.0080205319226687,-1.4120410704521391,-2.4129846994352784,0.2942753826596042,0.5566694363091392,-0.36113041118858136,-0.7999034098520212,-0.022821225449538775,-0.29014876581708865
-0.31329922220105827,0.48465470550583145,-4.595749552104597,-2.9669245214275146,0.13221508558385384,0.7191197995808721,0.657570387701035,0.5475938698854054,-0.03979857944247901,-0.07025254362941477
7.398463831178206,8.921962175452759,6.460039421152926,-0.357036542717094,-0.6190399708410677,0.6690003520945983,0.08905301819159374,0.6591151784575192,-0.783575790798524,-0.2883426450343619
8.411450793699727,4.329769025963193,3.4389986581507994,-1.5812022990221368,-0.1936071768759654,0.2211205499483139,-1.3625882036104846,-0.8685371322929212,-0.21518800402411128,-0.8263211682929008
7.998271359396167,-2.246811164749081,-3.4529385500474623,2.9042973499288833,0.2001330052630684,0.6857120211465608,-1.047568770095553,0.7386060948177421,0.001532480707141299,-0.409525124895581
7.998159308805557,-2.2419975718951832,-3.4577747275203787,2.8973908052072135,0.20378326350222978,0.6782847714705614,-1.0623518101565081,0.7768980364733687,0.05148220223734176,-0.3881557799003052
6.535135071899817,0.45895154278945954,1.697673230927561,-1.5533992051808416,0.022548297456205475,-0.09463098915816671,-0.19253498880638673,-0.3390340874769262,-0.2710113669539364,-0.1354548636413693
0.23048911361538912,1.892734298592281,-7.356651452128984,-3.496030824211248,0.25439014547537514,-4.072325880493433,0.07602243660231418,0.91225136458695,-0.8948180809256875,0.6003574722380396
-0.45265107831770707,0.36194622330035137,-4.346542442669437,-2.800624165739409,0.10526355495566675,0.6746135592785585,0.7785367298027577,0.11398798660340384,-0.14418627277047186,-0.11989143365164792
8.51114937048628,-0.92001319948889,-1.252518004547598,3.9515879752583265,0.0026396459084643766,0.10921966624952485,-0.5051581051877706,-1.033417161888534,0.16644138155898336,-0.404586391704902
0.9634304773911795,2.8551493238866743,-8.356214308663587,3.738471675969982,-0.09872601719573036,-3.426090327670039,-0.11361195417759222,-0.16565539135519303,-1.2092317648911297,-0.32954991997242605
3.013847381758665,-3.0588155924913623,-1.0916548327139894,-1.8694997664692259,0.23393350317437245,0.542997548244044,1.2244285656111156,0.18911381582438727,0.046070366569360574,-0.10682584097572614
3.7914549460454174,-2.9617022816828165,-1.051326694175667,-1.878171011852376,0.22507782754488476,0.47590372425126787,0.8682844305763544,0.350334270530563,-0.34995161517720447,0.42113909249628156
7.090209929694058,6.718601008102938,5.409978478559066,-0.5699397703592405,-0.4766792129678188,0.466359431184107,0.13118082934401545,-0.0027283323208552985,-0.6950949655751951,-0.2771339709664195
6.799424539571073,7.105602378563116,5.264540946600722,-0.6336741208813453,-0.4782612424800397,0.6737063351822385,-0.06402196511621493,0.5350761501954767,-0.627207545179596,-0.31027934382235073
2.965099802565654,0.7368134554121571,-5.955174929994677,2.692529635817725,0.05870035573554207,0.1974786151833002,0.46977731690419977,0.06528295568666957,1.3538894191310686,0.11585065131631182
3.814185883766896,-3.5219613795525926,-0.79174209105612,-1.764727705858295,0.27702617183086314,-0.08904700884225314,1.1529860812598434,0.27675122336095215,0.06446725018894368,0.048675869314042684
9.91301837026359,-0.9306986151657793,-2.090412745044897,3.1149372888202835,0.1379032266534252,-0.042721847814040995,-0.7053718402226863,0.313752999875596,0.2547326518839374,-0.1885478761789797
5.441457526925348,1.6349209403369798,0.9130557618823532,-2.1537358026878697,-0.004111352977298254,1.2556687916933582,-1.8749299183762138,-0.2640309829859452,-0.09665349899351171,-1.0106513665219237
7.684411909962607,4.2984438470647035,4.060954934656942,-1.023858202066879,-0.2605875105277953,-0.05002983246961536,0.08092584706371787,-0.20132323975501404,-0.46181307631422114,-0.1033518012024365
8.365767560863503,-3.2082423500230077,-2.1527465922944926,3.7570537148375287,0.18969917040076864,-0.4599156688285983,-0.6624657292154932,-1.2819599673964437,0.7447823315848556,-0.1944553088981393
4.06335408102861,-2.929850781473542,-0.9685371423218796,-2.08187470946881,0.25088904383299954,0.5393622732616212,-0.7286711156995912,-0.10010416138917223,-0.16576935541569646,-0.23130632130253895
6.639094228566606,-3.8857988260906855,-0.9952430499970226,-2.333576083415869,0.4044271221209678,-0.6580295643128539,-0.17403323439637938,-1.4187926678344758,0.634319840214581,0.08133099274184577
1.664121801907621,2.6944339047998036,-8.046395452123603,3.877915219677398,-0.12102610435989393,-3.5752849524426065,-0.13196009214157614,-0.8210825066924319,-1.3966244772755072,0.21136036423893845
7.347590074440213,0.35088094791083413,1.2103986022226363,-1.876112666227604,0.11543420564481477,-0.32278581811336854,-0.21875180441859818,-0.10573006043638701,0.31165638660761585,0.08518807734935788
4.0632237617859825,-2.917186598744761,-0.99365479629136,-2.093495909510859,0.24918212196847053,0.5676325165421291,-0.716284762577533,-0.10234672928841194,-0.2038963267991318,-0.24771684980473976
7.3547416535960135,0.35746598975255717,1.2027185180684166,-1.878814497957569,0.1199643712803136,-0.3333160960866223,-0.22860963679848165,-0.0851328489165853,0.3896212081408419,0.11613981632705819
4.8474785797296,-1.3010999244266628,-3.535916695163564,4.427718416843186,-0.04101063249392037,1.9644032151274362,0.6763518960710384,0.49890826969355556,-0.2700643811618462,-0.400370476047418
3.40060047872336,-2.1938606136498104,-2.1858688698381883,-2.551329324721888,0.2357179071047101,1.5683489333275102,1.3889396378931145,-0.5642147054097806,0.43331532715978904,0.45850212527525613
8.294757150510952,6.134264978443954,5.529487613227315,-0.5616480319313262,-0.3401298299435682,-0.5491339876433925,-0.21431537574969647,0.9707224238041493,0.23566055285689497,0.26597925642305953
4.374099260845337,-2.9196007847421273,-0.8636722018838867,-2.2750156840339915,0.2826295663118156,0.553507189355203,-2.336454803129499,-0.525128651289563,0.08606604030888022,-0.8542865201459242
-0.6633467162611475,0.39744323247740126,-4.306323497352327,-2.7616729444299373,0.06905378959244547,0.8443555700353008,0.9193588517838347,-0.3633161019682524,-0.3839979020642858,-0.2501960828771217
5.811834117426685,-1.7896158108239784,-2.9033549992651175,4.028917021930632,0.02670146587421348,1.3409512107326182,-1.0712301284370616,-0.005551271461163144,0.023105108520235708,-0.5973174905084672
4.3207493665695145,1.3155130774623573,0.6618063542271349,-1.795615882042963,-0.06638261181552035,1.2307007014562699,1.9993056917504475,-0.6308392638281163,-0.20161080104848267,-0.34830166627341225
7.643204509074801,4.399599602923685,3.9259619212324823,-1.1043079485228575,-0.2585010656489405,0.05006600973748303,0.05426054076373434,-0.13574143529661323,-0.4584593772881142,-0.1257112336396052
4.995736026950139,-0.08840196454408532,0.024659378839591958,-1.7933349340160334,-0.00809197033911046,0.8623778866951984,1.2240892315605914,0.04209449139050743,-0.7712073175018075,0.6560944333200792
0.10543826022877689,2.6850959304964404,-2.994019638103063,-2.496904720357839,-0.046537967868707474,0.7545041524195316,0.9020632389416325,0.3676472366182061,-0.1775264962932339,-0.1807880761067626
7.11443670046496,-2.748969364624555,-3.15173249028065,3.8899039509917444,0.17656490617309833,0.19754747888399468,1.028078563363143,0.6450421099499647,0.3251029390300125,-0.5428559494777371
4.636761599440757,-1.9160523564086185,-3.0735320039449907,4.734810752098667,-0.016222115859818285,1.3711410106980038,1.0710779500594343,-0.1518673707643965,0.13608022894821933,-0.9084625666737614
8.476377305006569,-3.7274602672469723,-1.9266172717606307,-3.1027707136282006,0.5748116518228563,-0.7973193967579978,-2.2088439360734324,0.17375473303025643,0.8584306144620444,-0.38236797077458384
5.438073421092327,3.2229661716733586,2.767801423769403,-0.9955577241024449,-0.21736538180057993,0.5758861668823312,1.2583565838569213,0.8001797553405646,-0.6271069542384149,0.33928926135795934
7.6615368331725575,4.379243244979462,3.9549443840584306,-1.0826879431282757,-0.25466671190702067,0.003285033366652799,0.04221627884842762,-0.12759829873929388,-0.39386756204077067,-0.10134203952190654
7.500346735327148,2.111964604627551,3.0050358439298375,-1.228295640610353,-0.07861427143725574,-0.49101416594080244,-0.08848979148180956,-0.42971224877789344,0.04870212111195479,0.04663864047437984
9.91383878925619,-0.9035783868025552,-2.1455758558794495,3.078363869222807,0.1317530286300198,0.02639918251613336,-0.690364559549171,0.3303992018392541,0.10967400817945709,-0.23974982941882153
6.53060448615285,4.726571522102399,4.382431710364538,-0.7422373404319301,-0.33904852448512685,0.35087545915333784,0.011574324050334001,-0.08147579309916299,-0.6104645683029231,-0.28660257361247043
3.5792080307213237,-1.3212253239201233,-2.1252898821644077,-2.4870653387591153,0.10793592721509178,2.2262771428185646,0.19553304906654798,0.7390701007774263,-0.9713504134596986,1.7382395825210715
1.613643613400015,0.7760896663471575,-5.045057135693056,2.9924021245429198,-0.044805634986618555,0.252026043657391,0.5809473770203819,-0.9921282351365224,1.4423678171580039,0.18612893365761427
1.182639087902388,3.992827486983275,-1.6713819354908053,-2.1457427315692703,-0.0695891391707062,-0.06373244392606439,1.6885671478008597,-0.8163878836115547,1.4410672932448656,-0.38566057565351347
-1.308821412002879,1.8360077477390533,-6.256161506140737,-2.743506049902788,0.12057519035167294,-4.0029840819654785,0.08834610571374342,0.06576268116325973,-1.1160244144254095,0.5200024699758887
-0.6944097265507363,0.4882489951561708,-4.421275397109263,-2.8312786488440733,0.07416783764308105,0.9158392204542958,0.8899235241383805,-0.3150373129001814,-0.31038954431892074,-0.2418187212670415
9.765016725502766,-3.16308498696877,-2.991487527920963,2.9190659382241453,0.3159112591365319,-0.5584968169094786,-0.8457559455112258,0.060290798726399905,0.695529648100034,-0.04021499351654637
4.2363177989464615,-3.580095572157226,-0.9248814759113122,-1.8707720753899089,0.3003052816010202,-0.21832070763235403,1.1896627155780855,0.09409142543823275,0.10754900597807525,0.0071411090364043245
3.2511270666311014,0.9197443675417639,-6.693536035416077,3.0867480626550488,-0.007610721512412286,0.7662661907415639,0.7201903221230056,0.13407951435107673,-0.18285038739254816,-0.8264787119731283
6.535666610643476,0.4339569335701166,1.7433270249554904,-1.5220884626202011,0.025332553065836195,-0.14425574502517413,-0.19631618470764176,-0.3666206738845554,-0.1901047185729193,-0.10683015449477054
2.057063614317353,-2.2010014876749673,-1.1824807293961508,-1.8428734921742544,0.16104296472847404,1.3764810822818105,0.7632672756668063,0.6630013564627986,0.2063175360247952,0.5655652265912918
8.478252240603473,3.2664099133172813,1.3548311813659442,4.731001558773608,-0.3612020018398147,0.5953208903529983,-0.27447504756208607,-0.8564886926261586,-0.24629189950948358,-0.5663616007956728
4.630519095565464,-0.8334447254014354,0.368815585889226,-1.753096887344856,0.10367691724647056,0.5342306849139391,-0.6000888252425568,0.05488555983074099,-0.20923898190442622,-0.25479020432593297
8.359600406263036,2.278718857593113,-1.3746821101430802,3.545175164226863,-0.12473129719926702,1.3470013378854742,-0.9762146136185206,1.7453973113463437,-0.2667080388126965,-0.5013342376367225
3.314584163992816,-2.5154973656848343,-1.143679989531384,-2.1416809848107516,0.2199901241229595,1.0251091615289991,-0.9221495899125792,0.6320334320861676,-0.2621622869126223,-0.20994938671830368
4.118189116136287,-3.0110780323276356,-0.8709276598055464,-2.0267849115745262,0.25385927264614877,0.4505062787077104,-0.7162066242770702,-0.09562935233962118,-0.12852878916055857,-0.19213020523008903
3.0698670784108466,5.658678358215311,-0.30220723413585543,-1.9606398458129624,-0.2371504786686437,-0.378012472887496,1.543993104300299,-0.7825669012932144,0.04192877679869007,-0.10178809342232001
1.154214735919621,3.3215769999983413,-5.04163075447826,-2.725699299842148,0.07630736341649673,-4.858186171673066,0.4145636075551377,-0.27025636390231306,-1.1467646594086165,0.47360495645857675
-0.5927160746632777,0.29992108250161525,-4.141146240250218,-2.64870550814125,0.1065546432330896,0.5411956317681514,0.813704021808063,-0.22592337843390548,0.2666850834427833,-0.007114576295004261
8.506575883545898,-0.944899028465563,-1.200184565387058,3.985889690506287,0.008665000756083662,0.044046893654591954,-0.5190758040089599,-1.0476417433097938,0.309448166923041,-0.3540981072561203
7.069545840695691,-0.2822315352344373,-1.2556862696528552,4.100799850517891,-0.08191881975353096,0.7972336222567189,-0.7210485471794559,-0.6064579942248125,-0.05701608921815345,-0.5878524697290438
9.64577631436142,-0.8030762593383235,0.8561903242473721,-1.5109966398500236,0.1675176567865563,-1.2515748453524422,-0.9135100084225197,-0.3391588850179605,0.6825413984302086,2.2848678987881503
0.7883814565721107,-0.017333207313975654,-4.637918451941637,-2.98514019341481,0.22239955181865909,0.12802993571845148,1.3232957106471268,-1.4752730526903175,1.3831807287946356,0.19279194962783464
7.708946600096462,2.080139673402251,2.985143986775528,-1.250626805830571,-0.036999503810436436,-0.6956114155524123,-0.2262152810775617,-0.034777231667257505,0.4614157946880134,0.2320634389672888
3.812482785661803,-3.216383865553849,-0.6760100627163335,-1.6689535087117018,0.2164761323646261,0.1870995110951667,0.8483068074591261,0.25224292820629246,-0.4014146611074931,0.4785611915763976
9.186643008224006,-0.48058834104064385,1.4351412083690818,-1.8083037492876568,0.2363298559494367,-1.6043531438027543,-0.5076094933841437,0.5419360088538261,0.3741602533101551,0.3069808216139681
0.4448063511356472,4.97727618851608,-1.6504335395012317,-2.1758231690277907,-0.233374794578408,0.9880580947592542,1.1430131583345815,0.09922574910593455,-0.48313220016619557,-0.3777272799263299
-1.0253358112296211,2.150159672113197,-6.323805629879886,-2.8015577734706674,0.08054732363971956,-3.6956640207830764,-0.10820466473815075,-0.19587977570690052,-1.3993196763582443,1.0237588856424757
7.058265688814054,3.8254529586795214,2.650665131925965,-1.4585874265612175,-0.24806251511480232,1.046907173323665,-1.7306238967029155,-1.1713267444875337,-0.3317829952383488,-0.0498048769532613
7.412315962621817,4.420909863012095,4.001132273858078,-0.8062623720341201,-0.2416881312508579,-0.3223743090241532,1.2828850861263132,1.3434562941549055,-0.19981518908099374,0.7508043287889546
0.40719814293988144,4.65814362941325,-1.0424318410657734,-1.709694558633216,-0.16463196619050724,0.21025220457455798,0.9503558435657039,0.09673085471429431,1.0654740499485533,0.1339444112208106
-0.09183344854608816,2.706781964949694,-2.9105888609086743,-2.4247086245165543,-0.06590105175652806,0.796621276710485,0.9723785965308667,-0.047868455814462835,-0.12514862891295175,-0.21783584756139188
0.47438721560350733,4.939377138344174,-1.594417259721006,-2.13803135928967,-0.22290087484319404,0.8910888739715686,1.1142437622221617,0.14422608331165251,-0.31094371227875967,-0.30928138698624646
3.710837164325566,-0.09760441866227686,-4.788292401083622,4.117471177381503,-0.08804286579430139,1.5480421758139298,0.5562427175989663,0.37367913081182963,-0.6888832050516195,-0.3307578555007607
4.119599247129909,-3.016204120347284,-0.8676566459832489,-2.015933512718361,0.2520667584899921,0.4512609970821378,-0.7040013824889358,-0.11785143342513836,-0.14914628931929816,-0.2034274547306871
0.05888252844712882,2.748614653209115,-3.0655757252511013,-2.539496995331669,-0.04861509697842055,0.8158189139212049,0.8860018106661698,0.36027585929827227,-0.19528264226964887,-0.20772674131501404
0.9697718502231214,-0.9005592119607987,-2.608895537862037,-2.2284404372656983,0.11469769839592656,1.0377042344271492,0.5522368967963436,0.6958767585499295,-0.34894358094699424,0.578872101792439
7.515520191011272,2.225990519155832,2.802176107582314,-1.3689638854068586,-0.0884743066329329,-0.2723343377173935,-0.04778088618208751,-0.38782834113313025,-0.238743309440161,-0.058916212862311225
3.33542467824105,5.284349813882523,-3.550920745978141,4.399584764357472,-0.39944135442451556,1.0029482714230877,1.0096979208936976,-0.13624861578859737,-0.3767600061937325,-1.0103184906410874
2.087903996911033,-2.1884329607134823,-1.2140724096699018,-1.833332419383695,0.17119768673309535,1.2803084213255143,0.6273446607080121,0.8914665455333285,0.23846577284809328,0.5583263513252594
8.091482342137132,-3.4190095505097187,-2.217627185173856,-3.259654838549471,0.5445445835469904,-0.31759993071621523,-2.20961348747295,0.39404572394458337,0.5104620821050105,-0.5267324883074727
7.155980567633956,-2.554428850529597,-3.3377985804761203,3.2424465360285915,0.18262996610626023,0.45672625957127144,0.864129746420497,1.0102884967314745,0.16242052003642168,-0.1969036886081277
2.252079716460405,-1.2543071332310285,-4.016206960511717,-2.6347803889735593,0.3770959864111196,-1.6843241961928972,1.1895604684567587,-0.6026966324310806,1.907725797688457,-0.041968794426118346
0.17391638155378766,4.472192310001174,-6.1929050605530165,-3.231484564242622,0.058992594529710785,-3.598608043479141,0.14172460521107064,1.0823264182168078,-1.2141244224435621,0.35910344720312615
7.386818098584178,0.2318440568507324,1.408604685754895,-1.7427051010911732,0.13718261143364102,-0.5930572310408432,-0.2856440507175022,-0.08011975344363527,0.7418731915043786,0.2448142572094563
0.8617869467118752,0.1355876521759669,-4.82603238740472,-3.080313003457415,0.2697323683421466,0.019468043925774975,0.6996193428515859,0.5871696384977462,1.2600179375291134,0.31717080444172147
9.201886617474837,-2.8587274362528214,-3.061714376609131,2.624733260928011,0.30599348261753706,-0.2631123277353197,-1.073910137342293,0.8820379241529349,0.5805131054126528,0.0014956440355464952
4.999595609362417,-3.594957195853757,-1.4640020143805295,-2.2529719162929553,0.3303052412020411,0.034007709460141644,1.8743229634898873,-1.3185650149999097,0.39870144556057263,-0.009376670954956761
6.893210278175409,0.49076135669860926,1.1857339179032564,-1.849547532915455,0.053492248706400715,0.06798669471931294,0.02618203294930423,-0.8845593537849431,-0.08506759723171048,-0.18771586247276942
6.825738422684831,-2.108371099841003,0.14410154492362612,-1.9663100578460542,0.2800991921459342,-1.0345387847375358,1.292169676333308,0.6564090942987221,-0.04147606342063429,0.10552972324285012
4.672609127438154,11.462747334609109,3.1387902567518715,-1.210287245378633,-0.6798015665586181,-0.13753041759124643,1.9630071394431932,-0.46909153928847475,-0.5533318042882422,-0.1786084809630816
8.59299770232428,2.096731564390441,2.621826819571447,-1.8348481361826372,-0.016722737915233498,-0.49402267611672784,-1.7672897236247602,-0.5888522943720361,-0.44835190145773834,-0.9104702474359321
3.1522581789872492,-3.230693155790913,-0.8781832889181064,-1.754131317581915,0.24269883465098097,0.3135849192842709,1.2055644613106424,0.20121101073368303,0.14614177510598997,-0.016434247345303472
3.521272754277096,1.0432085119969086,-6.992223915329925,2.7042955824623514,0.035297100226245944,0.8040015907922379,0.5674839422309393,0.8580941928844512,-0.15379161330659125,-0.7347567553108922
0.032333220293382446,2.4546453022590775,-2.522268451789532,-2.1269725497401875,0.0026123876127855696,0.1800184113392139,0.7740754162975455,0.27140106552711274,1.0385817010836558,0.20471820586501524
-0.48614786486692857,0.46028988157177597,-4.476424323277809,-2.875344536114559,0.10810481611293636,0.7663873469285556,0.7579201842836853,0.15456458838146495,-0.11225865653761435,-0.13086795263246495
2.5663940624670065,-2.7159395289074713,-1.287436744750494,-1.9560058688119901,0.24611174047351642,0.7866396234038506,0.8677712760224332,1.447590526786933,0.21638645438147075,0.051765006406893625
1.885336848246736,0.8355327343264363,-5.6556931499019205,3.9455736712113625,-0.10090636001522564,0.6015956622303155,0.8003100684487543,-1.0930829108379796,0.4246349688109552,-0.7464273200969889
5.429004281646542,1.6518880674468923,0.8860820333993914,-2.172160918343298,-0.009741154669205275,1.3036087883535437,-1.8590118723847635,-0.2861983909741862,-0.19179299546696757,-1.046715925202436
3.9756246416366805,-3.5017931228587167,-0.8985595464439865,-1.8410514872747097,0.29865387915468405,-0.1340002348062419,1.0684052760632534,0.6113740422847068,0.13190719941523796,0.09891554023079946
3.0374369285667133,-3.0598352275454763,-1.1043723203029052,-1.8739545623442235,0.23049576575016856,0.5600851911259799,1.247343588786141,0.15967452018407174,-0.011233820615744738,-0.12005748013369752
11.132213546205188,2.2844160334078376,-0.5233461504194776,5.237189232264982,-0.32235597696184104,0.782243453463718,-0.17046165067360994,-2.9057879865254606,0.20919874718685338,1.3133056406057158
1.3371787168764506,2.4970654187887753,-8.09150850868969,3.8781636704540086,-0.08462275421295433,-3.771215106120614,0.03806580969177832,-0.5571096659134699,-1.1097458549721773,-0.2791441166870455
6.332408915139497,0.7580938867897857,1.012620774317188,-1.6168264208467862,-0.03277668766234093,0.5579403642122357,1.8325992785262673,-1.6694852330365395,-0.06188406190838747,0.9445467501343621
2.387454722705433,3.4919598464208503,-1.2019197300772313,-1.9336230970279407,-0.05820632114966977,-0.7976736219931648,1.351012106653793,-1.0215062033442863,1.080924955205941,0.19112060574353723
8.5719249660702,-0.5160286677460547,1.6646625883858526,-1.7482595216179997,0.141219360651537,-1.1868902016003384,0.04819474185860519,-1.2856773792914307,-0.034271271427349086,0.014949503674016063
-0.5351446191504967,0.17742661656931433,-3.9403588852454954,-2.4708427282140555,0.15686079480891899,0.15309638750013108,0.6541423656805819,0.04382249322096936,1.108139608745988,0.2786285336008726
8.257366268619688,2.3145728087469255,2.1804575295576005,-1.9480247096857521,-0.026810592777829444,0.08846136630259538,-1.4036266130700288,-1.1388728311222185,0.0009060194933565754,-0.7443276372132077
0.41571499260951794,4.275799019321569,-1.0955552319399302,-1.7776962129064098,-0.11674048762761421,-0.06423666505953286,1.3314435979005512,0.034146085163828666,1.303297396927193,-0.3904066114576365
3.5960111865016224,-0.23522780145547695,-4.502646887496279,4.343112321277997,-0.0891714606067157,1.335247998725574,0.5760280684215834,0.08853567398575964,-0.38438544547728076,-0.26712690934708305
3.0905284634459407,0.9739923957134745,-6.277158985794807,2.0762280379772675,0.08575020115485514,0.4414312093973412,0.2718611645994199,0.6741155204624161,1.3694556405923268,0.45193952515696517
8.115350513440191,-3.4369353652592873,-2.154008149277715,-3.2054785989839822,0.5819299885253005,-0.5577816244541937,-2.5242710934876085,1.2892538334351367,0.8366828497246424,-0.332372134020546
2.5766552595872976,6.875145559628158,-0.5924424449943017,2.023699386861795,-0.4522001397731929,0.2672765084423837,1.3808547568132084,-1.0767752899069603,1.3767264912577637,0.2085120935590551
9.196662611293116,1.2795096158230312,2.859979356766302,-1.4553675520307139,0.020454863737484893,-1.3204196177606786,0.09582432159614042,-0.9864160654328195,0.07028310602762024,0.14006364514983408
9.91684000446646,-0.9321755176403964,-2.0894371233483935,3.1152827120603104,0.1381728732823133,-0.045747867221187746,-0.7049109279751234,0.31384517308076954,0.2576589797944951,-0.18644271023723266
8.2150199759407,6.344864002117202,5.216228291301097,-0.764363543032418,-0.3600869194420531,-0.1934264191668918,-0.1657298644607784,0.9680117490682673,-0.167296341555103,0.09441774083658541
-0.6054417568497922,0.3565109465275905,-4.232789627544682,-2.705192029503622,0.10072152879291767,0.6468022227326706,0.8375985963757172,-0.2254000571148953,0.14508071991914406,-0.05363042416996628
1.7711911545800252,5.358641216419182,-3.7033463046664847,-2.406445574671834,-0.06994341066616751,-4.863704752481642,0.5415328824625524,-0.07047232212270782,-1.260326344854752,0.46953971609918543
-0.6452316530625024,0.4197539174634339,-4.3394550802978795,-2.777365932208618,0.07810226386399013,0.8349908402292255,0.9042128912577991,-0.3143520514663981,-0.24677994780131057,-0.2009419915379211
7.117630522229701,-2.4798842337862115,-3.5698333839176972,3.6483309335117253,0.2028627313765503,0.43068783498443397,0.9486752568584912,1.0428872652958754,0.5511307170440042,-0.485012043333599
3.2071972937245126,-2.3308978835266463,-1.8913226350663757,-2.403476523605934,0.20537107956072154,1.455735549036267,1.1901949768855207,0.03245610502276876,-0.17065688108957183,0.32707278017265423
7.632300297951254,-1.8955065030121456,0.20721745881426873,-2.3192071275426747,0.31617800989394573,-0.6588106646843216,-1.7371738504339787,-1.4208916601606127,0.9378472871459819,-0.463820187464283
8.54924475929966,-0.26061375109095,-2.2377578839974284,3.1784183224838616,0.05817546560382077,0.7141535434902896,-0.9207410357420167,0.8847571646642475,-0.07563722168612169,-0.4185893671379291
3.137775306754103,-0.700037132986093,-0.7893108236634988,-1.434432879406587,-0.09295690697622727,1.895161576857761,0.9864766993573936,-0.7094620635807168,-0.4972142473019744,1.6622976513801082
3.272941047245005,0.8913054004677197,-6.649929678478715,3.116451407167773,0.001094485351719778,0.6893990434222346,0.6960057676517771,0.16952604134124502,-0.037530883819575235,-0.7702111914088275
0.7463579545013247,-0.38380414465536616,-3.261453249439512,-2.548436025611585,0.11382228937666958,1.3433115927672377,0.4803837813625661,0.8483294463444503,-0.24902852997746697,0.4434213110386612
5.123707587046351,-2.9881623763173835,-1.3190752261307392,-2.5953378110712175,0.32041344821197176,0.6043073294145334,-1.9437568470278808,-1.281357943516722,0.17797165228304723,-0.9416847023412249
0.17194306263836878,0.18118604869855548,-4.583475301480341,-2.9689857921939034,0.1482082411258625,0.5228733727332328,1.1944949550319444,-1.0269502592848971,0.41619128050457477,-0.09241521778057296
7.182126319321561,2.390944171090359,3.1404858190519116,-1.1147943425167106,-0.04909586918325412,-0.6046873144052521,-0.5171700467657753,0.7971991038705252,0.5815546879671971,0.2752022140606657
0.6530729146097384,4.945612311318307,-1.6971130223949848,-2.219412804057735,-0.19831001706754925,0.8287236493529264,1.0061564086083645,0.5733694799863734,-0.26360284840408876,-0.2550360012425561
3.1215284716177,5.5303564110856716,-0.09745245809797348,-1.7654287497561145,-0.18854855720655805,-0.7628309395266448,1.3987720458088806,-0.5376254748997711,0.8779887980492556,0.18120591257912247
0.7243694652080207,0.39047166349523177,-5.23931562782343,-3.400307020506788,0.18525531472096968,0.7433875607536119,0.9576278668687123,0.21821794029664132,-0.18398198875755606,-0.1942027688411557
8.042423812767446,-3.5361377844232043,-2.228935917182641,-3.1532994201639855,0.55994994807165,-0.6767229711747066,-0.9894121363222629,2.011795370058837,0.28137991473545987,0.2509394202090919
7.697534559981808,8.47731110702745,6.664200272022065,-0.2467278273263706,-0.6132900876423408,0.38269825528148915,0.2735304650314069,0.09037138744623267,-0.7557953029604955,-0.21614181239808908
9.038320260505685,-2.910564408080731,-2.729502401523639,2.3740619393578153,0.3186776559248545,-0.4166600712712558,-1.219347706556968,0.7918726652149658,1.1091440102309176,0.5315104875329986
3.1563512333080874,0.7150531882641201,-6.20910927647914,3.101841384640569,0.03245597952239724,0.2912984298695996,0.6610309305424001,-0.01554572279955419,0.7014046643871813,-0.48686909515111015
6.763982795340838,-1.6247319187316338,-0.023412884396871076,-2.1790912993007554,0.22079734309624494,-0.14207687027221444,-0.019320859686822494,-1.1941058092964458,0.1106766379222627,-0.10183905962069748
8.208169216566414,4.3407689654872765,3.530496869790008,-1.5536213218445738,-0.20855281163756853,0.26893458657601527,-1.2871783358461324,-1.1708916919559529,-0.1552964156322408,-0.8365459241046639
9.211881690200364,-2.8704226708285803,-3.0421855487878844,2.6391406217613085,0.3103262796005725,-0.29919131089910855,-1.0877219016409176,0.8973428255445347,0.6550443178981447,0.028423860634832064
6.040585654487044,0.3485138586582699,1.326685120148025,-1.598711104231542,0.016634699529521017,-0.1367694136669479,1.7285466396225075,-0.27101720795100614,-0.5622560189668513,-0.24806612085342353
3.186252140319185,-1.7249231820303779,-2.734420284102824,-2.801196464108763,0.2590488208909342,1.896952349772573,0.8582703194998729,1.232431517994827,0.2525053950112027,0.481220703678547
3.7866417749354304,-2.953601649659031,-1.0614911731516983,-1.8860466937620886,0.22663324834206142,0.48153522894918865,0.8609225683471118,0.37323587054796054,-0.33013397478049405,0.4288237788521253
9.136691391580614,-0.9906478487531017,-0.8075294014442264,0.7035209757492522,0.2009133913253189,-0.532023215459499,-1.0127586905041335,0.8081975326512253,0.9116291176903074,1.056606491600725
4.448469536013354,-2.7570034886927495,-1.9097106464883444,-2.453556154449568,0.27713425090831273,0.9187628698629914,1.5455038805477093,-0.967593517818101,0.3139140566050738,0.4558711943023614
5.380822693816645,-0.9728632452497208,-0.14355979777044542,-2.110911422819944,0.1462088792307361,0.5880608454287383,-0.22276926649492176,-0.6933746923351889,-0.10859992501375432,-0.30400853530677996
8.328267732249984,1.6406554050514413,-1.6087309647116854,6.691410937563895,-0.3784436797433806,1.7758136180750737,-1.1297563001470496,-1.095033382216349,-0.2837232733919713,0.9567104584771076
9.362676333963515,1.3753839018663196,2.883721820597051,-1.6922531118682138,0.02398786910173428,-1.073718544454321,-1.406975915116243,-1.6716237057332575,0.02075000107311405,-0.626002243056335
5.001890089398864,1.005424991193052,1.0976503429408635,-1.6869405076298438,-0.020415735242193415,0.5012598022769174,1.586382868181309,0.22703044548549517,-0.34308591991208504,-0.24831655297429903
4.827892347496626,-3.016289231579326,-1.3981016402850028,-2.4033461385705697,0.2899857982281741,0.5623323722843567,-0.34532220636637245,-0.8445399261848976,-0.07148339712287746,-0.30752339123878586
2.5478793525075916,3.5113955041004794,-1.3065824117213651,-2.036046370691791,-0.04059914023172609,-0.8225567304737502,1.2660937122150036,-0.6866210488920927,1.0521889660051333,0.214141586686118
6.895491736265774,-3.736339829733778,-0.9746621411484585,-2.6372942681081297,0.41528425918521034,-0.5808520637501593,-2.1368970999681913,-0.977188177552177,-0.02050165823685222,-0.8737288997593693
3.357105011460312,1.1429492684724765,-6.942227077860574,2.4093419088883192,0.028980269868680714,0.9521265268692133,0.4730285122407035,0.7779789709720984,0.030721904436208314,-0.3380416356716169
2.006472686063834,0.9984629409942066,-6.049933665085953,3.918214404275952,-0.12090147833668145,0.930373533004855,0.8058535180547656,-0.867653845479211,-0.14046107455119472,-0.9506531217156997
-0.4324017081611306,0.2613666096347294,-4.208289027889136,-2.7051937863480107,0.11215312933950977,0.4625126611682656,0.6865054417661054,0.2545061950580483,-0.0962253997169167,-0.1086079248418618
7.510725629767426,2.101301795907863,3.0188167831470056,-1.2171135951217618,-0.07799475099229497,-0.5102161125963832,-0.09199227595536495,-0.43318590656957084,0.058684710253002335,0.05014981786616448
3.162283560061785,-3.26241967147397,-0.8339948594960508,-1.7131031339042304,0.24887927312947838,0.24563691663132445,1.1826939444713251,0.24455590529595053,0.2424327055624011,0.013425805658692275
7.052095376847591,0.4012464038017227,1.4381934643267948,-1.8003075308894005,0.05632993047467409,-0.24802686076477937,-0.2577600115653472,-0.34762648626390125,-0.4933765913494296,-0.2852867340745773
