pc_1,pc_2,pc_3,pc_4,pc_5,pc_6,pc_7,pc_8,pc_9,pc_10,Filename,pslist.nproc,pslist.nppid,pslist.avg_threads,pslist.nprocs64bit,pslist.avg_handlers,dlllist.ndlls,dlllist.avg_dlls_per_proc,handles.nhandles,handles.avg_handles_per_proc,handles.nport,handles.nfile,handles.nevent,handles.ndesktop,handles.nkey,handles.nthread,handles.ndirectory,handles.nsemaphore,handles.ntimer,handles.nsection,handles.nmutant,ldrmodules.not_in_load,ldrmodules.not_in_init,ldrmodules.not_in_mem,ldrmodules.not_in_load_avg,ldrmodules.not_in_init_avg,ldrmodules.not_in_mem_avg,malfind.ninjections,malfind.commitCharge,malfind.protection,malfind.uniqueInjections,psxview.not_in_pslist,psxview.not_in_eprocess_pool,psxview.not_in_ethread_pool,psxview.not_in_pspcid_list,psxview.not_in_csrss_handles,psxview.not_in_session,psxview.not_in_deskthrd,psxview.not_in_pslist_false_avg,psxview.not_in_eprocess_pool_false_avg,psxview.not_in_ethread_pool_false_avg,psxview.not_in_pspcid_list_false_avg,psxview.not_in_csrss_handles_false_avg,psxview.not_in_session_false_avg,psxview.not_in_deskthrd_false_avg,modules.nmodules,svcscan.nservices,svcscan.kernel_drivers,svcscan.fs_drivers,svcscan.process_services,svcscan.shared_process_services,svcscan.interactive_process_services,svcscan.nactive,callbacks.ncallbacks,callbacks.nanonymous,callbacks.ngeneric,label
-5.087845502433201,0.6864821218200892,-1.014591300521486,-0.3511510274106076,-0.2360341864678857,0.5570765574406426,-0.4446740743252841,0.3910779091910478,-0.6941310302218431,0.0019050868829822,Spyware-TIBS-3b63fad1545031b6e3e133a2f900fb18873bbee514e0b3ce8417d33afe1bce31-6.raw,0.0,0.0,0.6648867611857852,,0.688241771687263,0.0443243243243243,0.7995059288537549,0.0420550617819206,0.6664080172671623,,0.1683029453015427,0.073829531812725,0.0,0.0386100386100386,0.0712643678160919,0.0181818181818181,0.0203488372093023,0.0196078431372549,0.021505376344086,0.0610687022900763,0.238095238095238,0.15625,0.238095238095238,0.523978816875774,0.4344045308964054,0.523978816875774,0.0,0.0,0.0,0.0,0.0,0.0,0.0,0.0,0.0,0.0,0.0666666666666666,0.0,0.0,0.0,0.0,0.4007890843333884,0.2829705505761845,0.4818181818181817,0.0,0.6363636363636364,0.5,,0.6666666666666666,0.6666666666666666,,0.1818181818181818,1.0,,,1
-5.26157139430077,0.4788053262537192,-0.5039906649835291,0.0293396165261708,-0.1832493955012814,-0.0206020736646904,-0.5901452651009992,0.1991696232720252,0.7383230076120145,0.451413306354666,Spyware-TIBS-0cfbc1046bbbe2d1603df1fedde6652a4542e1ec4f2c0df4ab1d426ff60ba715-3.raw,0.0,0.0,0.9484441171055056,,0.7278639148049596,0.041081081081081,0.7909090909090911,0.0635161500108389,0.708805067552865,,0.1626928471248246,0.0672268907563025,0.0,0.0328185328185328,0.3448275862068966,0.0181818181818181,0.0203488372093023,0.0196078431372549,0.010752688172043,0.0610687022900763,0.2142857142857142,0.140625,0.2142857142857142,0.4724320173716093,0.3901419099051962,0.4724320173716093,0.0,0.0,0.0,0.0,0.0,0.0,0.0,0.0,0.0,0.0,0.0666666666666666,0.0,0.0,0.0,0.0,0.4007890843333884,0.2829705505761845,0.4818181818181817,0.0,0.6363636363636364,0.5,,0.6666666666666666,0.6666666666666666,,0.1818181818181818,1.0,,,1
-0.9770010896211484,-3.4831260028160655,2.390306861788919,0.6104927628378892,-0.0632830383979307,-0.1601334479098728,0.4014056609122973,0.0285402769751212,-0.2626266143998024,-0.0394116207756604,Spyware-TIBS-3b63fad1545031b6e3e133a2f900fb18873bbee514e0b3ce8417d33afe1bce31-9.raw,0.1470588235294117,0.0714285714285714,0.6234511071557657,,0.9525969158552396,0.3394594594594594,0.938647342995169,0.472794277043139,0.9492770763001668,,0.2622720897615708,0.6122448979591837,0.2592592592592592,0.4247104247104247,0.4022988505747126,0.2,0.4331395348837209,0.4509803921568627,0.3494623655913978,0.4122137404580153,0.3333333333333333,0.296875,0.3333333333333333,0.3688370824387161,0.2427740071603362,0.3688370824387161,0.0112359550561797,4.630058338735068e-05,0.0112359550561797,0.0,0.0,0.0,0.0,0.0,0.0,0.0,0.0666666666666666,0.0,0.0,0.0,0.0,0.2555756479807115,0.1966614501825767,0.3156136528685546,1.0,1.0,1.0,,1.0,1.0,,0.7272727272727273,1.0,,,1
-5.2751108539728175,0.6579413720249682,-0.8517199805672584,-0.2254443795602919,-0.2541580581927664,0.5502038085349944,-0.3393432707013931,-0.1200142586573541,-0.5465420575410573,0.0064296999661243,Spyware-TIBS-03d5ee287fdddbfbc90cd0547b7dd0dffe3f47af2095015eca70cafb4d1ae254-4.raw,0.0,0.0,0.6803535260541336,,0.6606263386052318,0.041081081081081,0.7909090909090911,0.0270973336223715,0.636858557977127,,0.1626928471248246,0.0288115246098439,0.0,0.0328185328185328,0.0942528735632183,0.0181818181818181,0.0203488372093023,0.0196078431372549,0.010752688172043,0.0610687022900763,0.2142857142857142,0.140625,0.2142857142857142,0.4724320173716093,0.3901419099051962,0.4724320173716093,0.0,0.0,0.0,0.0,0.0,0.0,0.0,0.0,0.0,0.0,0.0666666666666666,0.0,0.0,0.0,0.0,0.4007890843333884,0.2829705505761845,0.4818181818181817,0.0,0.6363636363636364,0.5,,0.6666666666666666,0.6666666666666666,,0.1818181818181818,1.0,,,1
-5.298146010376784,0.7193715820087955,-0.9560968953306233,-0.3003409900172265,-0.2737321848325053,0.7226222884934582,-0.2749770056136227,-0.2116530918721654,-0.8893790600651574,-0.1196655632606386,Spyware-TIBS-3fa74a3335d8bb79d987b491455387ad398bccb2332470a47679b5e78c2183d8-5.raw,0.0,0.0,0.6287976431596394,,0.6354122475303341,0.041081081081081,0.7909090909090911,0.0134402774766962,0.6098786168862255,,0.1626928471248246,0.017406962785114,0.0,0.0328185328185328,0.0160919540229885,0.0181818181818181,0.0203488372093023,0.0196078431372549,0.010752688172043,0.0610687022900763,0.2142857142857142,0.140625,0.2142857142857142,0.4724320173716093,0.3901419099051962,0.4724320173716093,0.0,0.0,0.0,0.0,0.0,0.0,0.0,0.0,0.0,0.0,0.0666666666666666,0.0,0.0,0.0,0.0,0.4007890843333884,0.2829705505761845,0.4818181818181817,0.0,0.6363636363636364,0.5,,0.6666666666666666,0.6666666666666666,,0.1818181818181818,1.0,,,1
-5.302046616237056,0.7291832285638247,-0.9734367589785184,-0.3127121780235409,-0.277289283956786,0.7521793260381783,-0.2635667024259305,-0.2268706948373011,-0.9521535463898544,-0.1423964025252252,Spyware-TIBS-0cfbc1046bbbe2d1603df1fedde6652a4542e1ec4f2c0df4ab1d426ff60ba715-5.raw,0.0,0.0,0.6184864665807401,,0.6318102345196345,0.041081081081081,0.7909090909090911,0.0114892694558855,0.6060243395875252,,0.1626928471248246,0.0150060024009603,0.0,0.0328185328185328,0.0022988505747126,0.0181818181818181,0.0203488372093023,0.0196078431372549,0.010752688172043,0.0610687022900763,0.2142857142857142,0.140625,0.2142857142857142,0.4724320173716093,0.3901419099051962,0.4724320173716093,0.0,0.0,0.0,0.0,0.0,0.0,0.0,0.0,0.0,0.0,0.0666666666666666,0.0,0.0,0.0,0.0,0.4007890843333884,0.2829705505761845,0.4818181818181817,0.0,0.6363636363636364,0.5,,0.6666666666666666,0.6666666666666666,,0.1818181818181818,1.0,,,1
-0.9876241562350196,-3.5068452392703384,2.4310066022566685,0.6368294426665292,-0.0669424424524191,-0.1837230068734505,0.4055086061301448,-0.010075312055883,-0.2936627457632493,-0.0533965447590237,Spyware-TIBS-3fa74a3335d8bb79d987b491455387ad398bccb2332470a47679b5e78c2183d8-9.raw,0.1470588235294117,0.0714285714285714,0.6234511071557657,,0.9522708076814312,0.3448648648648648,0.9503220611916272,0.4725774983741599,0.9489281293842348,,0.2622720897615708,0.6122448979591837,0.2592592592592592,0.4247104247104247,0.3977011494252873,0.2,0.4331395348837209,0.4509803921568627,0.3494623655913978,0.4274809160305343,0.3333333333333333,0.296875,0.3333333333333333,0.3634562067807559,0.2332154601568117,0.3634562067807559,0.0112359550561797,4.630058338735068e-05,0.0112359550561797,0.0,0.0,0.0,0.0,0.0,0.0,0.0,0.0666666666666666,0.0,0.0,0.0,0.0,0.2555756479807115,0.1966614501825767,0.3156136528685546,1.0,1.0,1.0,,1.0,1.0,,0.7272727272727273,1.0,,,1
-5.298226554460611,0.7303310751884433,-0.9770029930892552,-0.3156509016029478,-0.2776994791921074,0.7557018800767016,-0.2603220489893846,-0.2309060293888861,-0.961145180045788,-0.1445355697455221,Spyware-TIBS-3a9761469b4af524762205221f937a180f559960410e9f87fbfe6f68d9eb2adf-5.raw,0.0,0.0,0.6133308782912907,,0.6310097871839234,0.041081081081081,0.7909090909090911,0.0110557121179275,0.6051678335211473,,0.1626928471248246,0.0150060024009603,0.0,0.0328185328185328,0.0022988505747126,0.0181818181818181,0.0203488372093023,0.0196078431372549,0.010752688172043,0.0610687022900763,0.2142857142857142,0.140625,0.2142857142857142,0.4724320173716093,0.3901419099051962,0.4724320173716093,0.0,0.0,0.0,0.0,0.0,0.0,0.0,0.0,0.0,0.0,0.0666666666666666,0.0,0.0,0.0,0.0,0.4007890843333884,0.2829705505761845,0.4818181818181817,0.0,0.6363636363636364,0.5,,0.6666666666666666,0.6666666666666666,,0.1818181818181818,1.0,,,1
-0.1887881612590803,-3.8732280445527953,2.5067407601329807,0.5906125453183954,-0.0024236086279482,-0.7174873191324067,0.3336052273091831,0.2445208631672674,-0.026999300634684,0.1529718472828096,Spyware-TIBS-1f1f72fe1f6c70cc59e2a4c2b95df0da7c4eb26381c2eed8445227f40db3f7a1-9.raw,0.1764705882352941,0.1428571428571428,0.6461056895599337,,0.9682268147570467,0.4097297297297297,0.9839285714285714,0.5410795577715153,0.9660016034851792,,0.2650771388499299,0.6698679471788715,0.2962962962962963,0.4459459459459459,0.5149425287356322,0.2363636363636363,0.6918604651162791,0.5098039215686274,0.3709677419354839,0.4503816793893129,0.3809523809523809,0.34375,0.3809523809523809,0.3849663257870951,0.2418309410358664,0.3849663257870951,0.0112359550561797,4.630058338735068e-05,0.0112359550561797,0.0,0.0,0.0,0.0,0.0,0.0,0.0,0.0666666666666666,0.0,0.0,0.0,0.0,0.2327563936967193,0.1830985915492957,0.2894957983193275,1.0,1.0,1.0,,1.0,1.0,,0.8181818181818182,1.0,,,1
-4.84995497871409,2.7846218963375775,1.2568703151317595,0.4809122301278071,-0.3146712055308784,-0.3130835980229011,0.145734265594792,0.0685815794525388,1.0249730160960695,-0.5268759566475333,Spyware-TIBS-03d5ee287fdddbfbc90cd0547b7dd0dffe3f47af2095015eca70cafb4d1ae254-1.raw,0.0,0.0,0.9535997053949548,,0.757480466226268,0.0389189189189189,0.7851778656126482,0.0795577715152829,0.7404957920088445,,0.1739130434782608,0.0612244897959183,0.0,0.0173745173745173,0.3149425287356321,0.0181818181818181,0.0203488372093023,0.0196078431372549,0.010752688172043,0.0610687022900763,0.1904761904761904,0.125,0.1904761904761904,0.4189987635880066,0.3429125217635632,0.4189987635880066,0.0,0.0,0.0,0.0,0.1,0.0,0.0769230769230769,0.1,0.0769230769230769,0.1,0.0666666666666666,0.2304347826086956,0.0,0.177257525083612,0.2304347826086956,0.554210236653825,0.4856093080220452,0.4427962489343561,0.0,0.6363636363636364,0.5,,0.6666666666666666,0.6666666666666666,,0.1818181818181818,1.0,,,1
-0.2734893136610389,-3.422752068590303,2.52537148033771,0.6434165175270318,-0.0986627370213466,-0.2025254701017991,0.0123266518034928,0.0910879771341429,-0.9583681402787064,0.4913962845208647,Spyware-TIBS-3a9761469b4af524762205221f937a180f559960410e9f87fbfe6f68d9eb2adf-10.raw,0.1764705882352941,0.1428571428571428,0.5367335665623273,,0.9304914403592406,0.414054054054054,0.9929347826086958,0.5150661174940386,0.9256234603559388,,0.2636746143057503,0.6410564225690276,0.2962962962962963,0.4459459459459459,0.3908045977011494,0.2363636363636363,0.6918604651162791,0.5098039215686274,0.3709677419354839,0.465648854961832,0.3809523809523809,0.34375,0.3809523809523809,0.3808289981733425,0.2345716518677132,0.3808289981733425,0.0112359550561797,4.630058338735068e-05,0.0112359550561797,0.0,0.0,0.0,0.0,0.0,0.0,0.0,0.1333333333333333,0.0,0.0,0.0,0.0,0.2327563936967193,0.1830985915492957,0.4305322128851538,1.0,1.0,1.0,,1.0,1.0,,0.7272727272727273,1.0,,,1
-0.2539859276746945,-3.745082620916411,2.3174866803807297,0.4779167622990543,-0.0271686325127126,-0.4692891811406837,0.4022243986572115,0.1184541200994707,-0.436110960926299,-0.0264137635403892,Spyware-TIBS-4f4091323fa48a901e1e188199a12a30ff363129ad53d4a08d68528c666b1e68-10.raw,0.1764705882352941,0.1428571428571428,0.5610384827840177,,0.9374095923321716,0.4086486486486486,0.9816770186335404,0.519835248211576,0.9330261199296328,,0.2636746143057503,0.6476590636254502,0.2962962962962963,0.4459459459459459,0.425287356321839,0.2363636363636363,0.6918604651162791,0.5098039215686274,0.3709677419354839,0.4503816793893129,0.3809523809523809,0.34375,0.3809523809523809,0.3860046145838139,0.243652706029865,0.3860046145838139,0.0112359550561797,4.630058338735068e-05,0.0112359550561797,0.0,0.0,0.0,0.0,0.0,0.0,0.0,0.0666666666666666,0.0,0.0,0.0,0.0,0.2327563936967193,0.1830985915492957,0.2894957983193275,1.0,1.0,1.0,,1.0,1.0,,0.7272727272727273,1.0,,,1
-5.100188585696337,0.6977409772356065,-1.0279065815422477,-0.3594848099783369,-0.2379485307100294,0.5800085140082613,-0.4411340461646524,0.3816739300497254,-0.7212134381783579,-0.0118324793441709,Spyware-TIBS-1f1f72fe1f6c70cc59e2a4c2b95df0da7c4eb26381c2eed8445227f40db3f7a1-6.raw,0.0,0.0,0.6700423494752348,,0.6834390876729965,0.0443243243243243,0.7995059288537549,0.0394537177541729,0.6612689808688952,,0.1683029453015427,0.0702280912364946,0.0,0.0386100386100386,0.0597701149425287,0.0181818181818181,0.0203488372093023,0.0196078431372549,0.021505376344086,0.0610687022900763,0.238095238095238,0.15625,0.238095238095238,0.523978816875774,0.4344045308964054,0.523978816875774,0.0,0.0,0.0,0.0,0.0,0.0,0.0,0.0,0.0,0.0,0.0666666666666666,0.0,0.0,0.0,0.0,0.4007890843333884,0.2829705505761845,0.4818181818181817,0.0,0.6363636363636364,0.5,,0.6666666666666666,0.6666666666666666,,0.1818181818181818,1.0,,,1
-5.277384266482835,0.4522390359009671,-0.4627218471478114,0.0684749823955728,-0.1809091310495959,-0.0653709388795136,-0.6119497621477634,0.2437707474983004,0.7771772481169101,0.4584930879310753,Spyware-TIBS-5d380e4063a71521883a8c322328dbdaf828d587613fcb87fff06f1250696a27-3.raw,0.0,0.0,0.9690664702633032,,0.7454737561906025,0.041081081081081,0.7909090909090911,0.0730544114459137,0.7276482010131773,,0.1669004207573632,0.0696278511404561,0.0,0.0328185328185328,0.3471264367816092,0.0181818181818181,0.0203488372093023,0.0196078431372549,0.010752688172043,0.0610687022900763,0.2142857142857142,0.140625,0.2142857142857142,0.4724320173716093,0.3901419099051962,0.4724320173716093,0.0,0.0,0.0,0.0,0.0,0.0,0.0,0.0,0.0,0.0,0.0666666666666666,0.0,0.0,0.0,0.0,0.4007890843333884,0.2829705505761845,0.4818181818181817,0.0,0.6363636363636364,0.5,,0.6666666666666666,0.6666666666666666,,0.1818181818181818,1.0,,,1
-0.972038719311759,-3.5135630282638624,2.4448390513359524,0.6503395438418272,-0.0532798060399656,-0.2470942488397827,0.3656706581367503,0.0778874279291755,-0.0847006724581767,0.0237896005119413,Spyware-TIBS-0cfbc1046bbbe2d1603df1fedde6652a4542e1ec4f2c0df4ab1d426ff60ba715-8.raw,0.1470588235294117,0.0714285714285714,0.6570579048943991,,0.9653151346337596,0.3394594594594594,0.938647342995169,0.4812486451333189,0.9628860060215036,,0.2622720897615708,0.617046818727491,0.2592592592592592,0.4247104247104247,0.4390804597701149,0.2,0.4331395348837209,0.4509803921568627,0.3494623655913978,0.4122137404580153,0.3333333333333333,0.296875,0.3333333333333333,0.3688370824387161,0.2427740071603362,0.3688370824387161,0.0112359550561797,4.630058338735068e-05,0.0112359550561797,0.0,0.0,0.0,0.0,0.0,0.0,0.0,0.0666666666666666,0.0,0.0,0.0,0.0,0.2555756479807115,0.1966614501825767,0.3156136528685546,1.0,1.0,1.0,,1.0,1.0,,0.7272727272727273,1.0,,,1
-5.271395300860961,0.4638035756819335,-0.4849557522409241,0.0513738512601165,-0.1839346334478973,-0.0356623582467297,-0.5970974003632761,0.2220464525920489,0.7206218761504218,0.4397898100520331,Spyware-TIBS-4e65b0d172187e6938edfb8f499cde610cc5a34985b4ba9b309e5c7069e7b8bd-3.raw,0.0,0.0,0.9535997053949548,,0.739070177504914,0.041081081081081,0.7909090909090911,0.0695859527422501,0.7207961524821543,,0.1669004207573632,0.0696278511404561,0.0,0.0328185328185328,0.3379310344827586,0.0181818181818181,0.0203488372093023,0.0196078431372549,0.010752688172043,0.0610687022900763,0.2142857142857142,0.140625,0.2142857142857142,0.4724320173716093,0.3901419099051962,0.4724320173716093,0.0,0.0,0.0,0.0,0.0,0.0,0.0,0.0,0.0,0.0,0.0666666666666666,0.0,0.0,0.0,0.0,0.4007890843333884,0.2829705505761845,0.4818181818181817,0.0,0.6363636363636364,0.5,,0.6666666666666666,0.6666666666666666,,0.1818181818181818,1.0,,,1
-0.232354785454506,-3.8018366507244976,2.422497953106258,0.5537338465690324,-0.004003591297821,-0.6531067511189034,0.3284981660549099,0.2116673409450133,-0.0234102155671552,0.1201175171461201,Spyware-TIBS-1efdeb94cc56a153cab3066f602f5eb47a42fdf70441069ac36bc090e294ba26-9.raw,0.1764705882352941,0.1428571428571428,0.6339532314490886,,0.95659174098439,0.4086486486486486,0.9816770186335404,0.5330587470192933,0.9535516760203302,,0.2636746143057503,0.6596638655462185,0.2962962962962963,0.4459459459459459,0.5126436781609195,0.2363636363636363,0.6918604651162791,0.5098039215686274,0.3709677419354839,0.4503816793893129,0.3809523809523809,0.34375,0.3809523809523809,0.3860046145838139,0.243652706029865,0.3860046145838139,0.0112359550561797,4.630058338735068e-05,0.0112359550561797,0.0,0.0,0.0,0.0,0.0,0.0,0.0,0.0666666666666666,0.0,0.0,0.0,0.0,0.2327563936967193,0.1830985915492957,0.2894957983193275,1.0,1.0,1.0,,1.0,1.0,,0.7272727272727273,1.0,,,1
-5.272891927602451,0.6458074500392463,-0.8314655501131353,-0.2112652535055393,-0.2510042256271394,0.5200461026745763,-0.3512430185154067,-0.1021936749713773,-0.4921474514110569,0.026517432155691,Spyware-TIBS-4e65b0d172187e6938edfb8f499cde610cc5a34985b4ba9b309e5c7069e7b8bd-4.raw,0.0,0.0,0.6906647026330326,,0.6658292462873536,0.041081081081081,0.7909090909090911,0.0299154563190982,0.6424258474085829,,0.1626928471248246,0.0330132052821128,0.0,0.0328185328185328,0.1057471264367816,0.0181818181818181,0.0203488372093023,0.0196078431372549,0.010752688172043,0.0610687022900763,0.2142857142857142,0.140625,0.2142857142857142,0.4724320173716093,0.3901419099051962,0.4724320173716093,0.0,0.0,0.0,0.0,0.0,0.0,0.0,0.0,0.0,0.0,0.0666666666666666,0.0,0.0,0.0,0.0,0.4007890843333884,0.2829705505761845,0.4818181818181817,0.0,0.6363636363636364,0.5,,0.6666666666666666,0.6666666666666666,,0.1818181818181818,1.0,,,1
-5.298720284693932,0.7232939591996791,-0.9654450513978236,-0.3073678438425727,-0.2763502884114632,0.7404486601768919,-0.2666617876310819,-0.220418687719144,-0.9379301689969596,-0.1359571099174348,Spyware-TIBS-3ba4be964cd4c7a5ef3da7abfed484aacf492d7eb879c54e79db734db7a1f3cf-5.raw,0.0,0.0,0.6184864665807401,,0.634611800194623,0.041081081081081,0.7909090909090911,0.0130067201387383,0.6090221108198476,,0.1626928471248246,0.0168067226890756,0.0,0.0328185328185328,0.0068965517241379,0.0181818181818181,0.0203488372093023,0.0196078431372549,0.010752688172043,0.0610687022900763,0.2142857142857142,0.140625,0.2142857142857142,0.4724320173716093,0.3901419099051962,0.4724320173716093,0.0,0.0,0.0,0.0,0.0,0.0,0.0,0.0,0.0,0.0,0.0666666666666666,0.0,0.0,0.0,0.0,0.4007890843333884,0.2829705505761845,0.4818181818181817,0.0,0.6363636363636364,0.5,,0.6666666666666666,0.6666666666666666,,0.1818181818181818,1.0,,,1
-5.279614252058101,0.3996760696711188,-0.3976258808340329,0.1321975363322338,-0.1792844174664748,-0.1369287328273382,-0.6338438010136163,0.3111793633512001,0.7813723906232717,0.4541545450885471,Spyware-TIBS-0f624c1b97ad1d04f9173ecb49bb1ac94277c66c6879746033efa0d49952742a-2.raw,0.0,0.0,0.9742220585527528,,0.7782920969547552,0.041081081081081,0.7909090909090911,0.0908302623021894,0.7627649497346682,,0.1767180925666199,0.0834333733493397,0.0,0.0328185328185328,0.3494252873563218,0.0181818181818181,0.0203488372093023,0.0196078431372549,0.010752688172043,0.0610687022900763,0.2142857142857142,0.140625,0.2142857142857142,0.4724320173716093,0.3901419099051962,0.4724320173716093,0.0,0.0,0.0,0.0,0.0,0.0,0.0,0.0,0.0,0.0,0.0666666666666666,0.0,0.0,0.0,0.0,0.4007890843333884,0.2829705505761845,0.4818181818181817,0.0,0.6363636363636364,0.5,,0.6666666666666666,0.6666666666666666,,0.1818181818181818,1.0,,,1
-0.2402611133072047,-3.7873442151048367,2.394651039678078,0.5332354299823838,-0.0110287316682043,-0.6003066811057717,0.349219554888151,0.1869124390506965,-0.1497300865994273,0.0754423634844384,Spyware-TIBS-3b63fad1545031b6e3e133a2f900fb18873bbee514e0b3ce8417d33afe1bce31-10.raw,0.1764705882352941,0.1428571428571428,0.61369913459768,,0.9521892806379794,0.4086486486486486,0.9816770186335404,0.5300238456535877,0.948840892655252,,0.2636746143057503,0.6584633853541416,0.2962962962962963,0.4459459459459459,0.4850574712643678,0.2363636363636363,0.6918604651162791,0.5098039215686274,0.3709677419354839,0.4503816793893129,0.3809523809523809,0.34375,0.3809523809523809,0.3860046145838139,0.243652706029865,0.3860046145838139,0.0112359550561797,4.630058338735068e-05,0.0112359550561797,0.0,0.0,0.0,0.0,0.0,0.0,0.0,0.0666666666666666,0.0,0.0,0.0,0.0,0.2327563936967193,0.1830985915492957,0.2894957983193275,1.0,1.0,1.0,,1.0,1.0,,0.7272727272727273,1.0,,,1
-0.2508032256823597,-3.813337925576709,2.4268266464204777,0.5497873875946677,-0.0256241676266947,-0.5786162601303299,0.3840748009416558,0.0964769647733019,-0.3692360941931654,-0.0022282590147239,Spyware-TIBS-0f624c1b97ad1d04f9173ecb49bb1ac94277c66c6879746033efa0d49952742a-10.raw,0.1764705882352941,0.1428571428571428,0.5772417602651445,,0.9487302046515136,0.4172972972972973,0.9996894409937888,0.527639280294819,0.9451395628684048,,0.2636746143057503,0.6602641056422569,0.2962962962962963,0.4459459459459459,0.4459770114942529,0.2363636363636363,0.6918604651162791,0.5098039215686274,0.3709677419354839,0.4809160305343511,0.3809523809523809,0.34375,0.3809523809523809,0.3777425203109119,0.2291561669445515,0.3777425203109119,0.0112359550561797,4.630058338735068e-05,0.0112359550561797,0.0,0.0,0.0,0.0,0.0,0.0,0.0,0.0666666666666666,0.0,0.0,0.0,0.0,0.2327563936967193,0.1830985915492957,0.2894957983193275,1.0,1.0,1.0,,1.0,1.0,,0.7272727272727273,1.0,,,1
-0.9205508881144696,-3.573622529702174,2.5126316005247733,0.6729603902338271,-0.0516882697042133,-0.2983583297161712,0.3782511566115374,0.0930614852952246,-0.0842893288051478,0.06005936250698,Spyware-TIBS-03d5ee287fdddbfbc90cd0547b7dd0dffe3f47af2095015eca70cafb4d1ae254-8.raw,0.1470588235294117,0.0714285714285714,0.6612587546117282,,0.9695545408932662,0.3405405405405405,0.9409822866344602,0.4840667678300455,0.9674223159286156,,0.2622720897615708,0.6224489795918368,0.2592592592592592,0.4247104247104247,0.4459770114942529,0.2,0.4331395348837209,0.4509803921568627,0.3494623655913978,0.4122137404580153,0.3333333333333333,0.296875,0.3333333333333333,0.3677574413646678,0.2408561408855519,0.3677574413646678,0.0112359550561797,4.630058338735068e-05,0.0112359550561797,0.0,0.0,0.0,0.0,0.0,0.0,0.0,0.0666666666666666,0.0,0.0,0.0,0.0,0.2555756479807115,0.1966614501825767,0.3156136528685546,1.0,1.0,1.0,,1.0,1.0,,0.8181818181818182,1.0,,,1
-0.968277947515447,-3.5727107293416664,2.5358333803828113,0.7076814809301272,-0.0559203616234783,-0.3247256133074829,0.3631102081697911,0.0334691412547968,-0.09240850520208,0.0226677791520954,Spyware-TIBS-0f624c1b97ad1d04f9173ecb49bb1ac94277c66c6879746033efa0d49952742a-8.raw,0.1470588235294117,0.0714285714285714,0.6570579048943991,,0.9718372981099236,0.3481081081081081,0.9573268921095008,0.4855842185128983,0.9698649443401374,,0.2622720897615708,0.6308523409363745,0.2592592592592592,0.4247104247104247,0.4459770114942529,0.2,0.4331395348837209,0.4509803921568627,0.3494623655913978,0.4427480916030534,0.3333333333333333,0.296875,0.3333333333333333,0.3602483604917942,0.2275170661625533,0.3602483604917942,0.0112359550561797,4.630058338735068e-05,0.0112359550561797,0.0,0.0,0.0,0.0,0.0,0.0,0.0,0.0666666666666666,0.0,0.0,0.0,0.0,0.2555756479807115,0.1966614501825767,0.3156136528685546,1.0,1.0,1.0,,1.0,1.0,,0.7272727272727273,1.0,,,1
-5.281382054344649,0.6624013676399683,-0.8625951649785463,-0.2341877593386665,-0.2584818978642117,0.5778329434422252,-0.3288996698886007,-0.1298784573734229,-0.626457427100006,-0.0213495856079217,Spyware-TIBS-3b63fad1545031b6e3e133a2f900fb18873bbee514e0b3ce8417d33afe1bce31-4.raw,0.0,0.0,0.6700423494752348,,0.6602261149373764,0.041081081081081,0.7909090909090911,0.0268805549533925,0.6364303049439382,,0.1626928471248246,0.031812725090036,0.0,0.0328185328185328,0.0758620689655172,0.0181818181818181,0.0203488372093023,0.0196078431372549,0.010752688172043,0.0610687022900763,0.2142857142857142,0.140625,0.2142857142857142,0.4724320173716093,0.3901419099051962,0.4724320173716093,0.0,0.0,0.0,0.0,0.0,0.0,0.0,0.0,0.0,0.0,0.0666666666666666,0.0,0.0,0.0,0.0,0.4007890843333884,0.2829705505761845,0.4818181818181817,0.0,0.6363636363636364,0.5,,0.6666666666666666,0.6666666666666666,,0.1818181818181818,1.0,,,1
-5.090767404112442,0.689971289260927,-1.0189314840626529,-0.3535396348578436,-0.2365496727484607,0.5634311405625804,-0.4432777675831099,0.3880537436946104,-0.7008445094146841,-0.0015772960703889,Spyware-TIBS-3ba4be964cd4c7a5ef3da7abfed484aacf492d7eb879c54e79db734db7a1f3cf-6.raw,0.0,0.0,0.6648867611857852,,0.6870411006836963,0.0443243243243243,0.7995059288537549,0.0414047257749837,0.6651232581675954,,0.1683029453015427,0.070828331332533,0.0,0.0386100386100386,0.0689655172413793,0.0181818181818181,0.0203488372093023,0.0196078431372549,0.021505376344086,0.0610687022900763,0.238095238095238,0.15625,0.238095238095238,0.523978816875774,0.4344045308964054,0.523978816875774,0.0,0.0,0.0,0.0,0.0,0.0,0.0,0.0,0.0,0.0,0.0666666666666666,0.0,0.0,0.0,0.0,0.4007890843333884,0.2829705505761845,0.4818181818181817,0.0,0.6363636363636364,0.5,,0.6666666666666666,0.6666666666666666,,0.1818181818181818,1.0,,,1
-0.2489118642823842,-3.759394529065446,2.34133073109966,0.4946575072454462,-0.022941648659957,-0.5073920362158894,0.3878757451306261,0.1391454727345168,-0.3632721480133967,0.0005019092593485,Spyware-TIBS-0cfbc1046bbbe2d1603df1fedde6652a4542e1ec4f2c0df4ab1d426ff60ba715-10.raw,0.1764705882352941,0.1428571428571428,0.5731909408948628,,0.9430698984918428,0.4086486486486486,0.9816770186335404,0.5237372642531974,0.939082841399019,,0.2636746143057503,0.6518607442977191,0.2962962962962963,0.4459459459459459,0.4413793103448276,0.2363636363636363,0.6918604651162791,0.5098039215686274,0.3709677419354839,0.4503816793893129,0.3809523809523809,0.34375,0.3809523809523809,0.3860046145838139,0.243652706029865,0.3860046145838139,0.0112359550561797,4.630058338735068e-05,0.0112359550561797,0.0,0.0,0.0,0.0,0.0,0.0,0.0,0.0666666666666666,0.0,0.0,0.0,0.0,0.2327563936967193,0.1830985915492957,0.2894957983193275,1.0,1.0,1.0,,1.0,1.0,,0.7272727272727273,1.0,,,1
-5.090667492971857,0.6969335398078914,-1.0324628901114694,-0.363545270688429,-0.2391854020899952,0.5850838024061794,-0.4335964335294756,0.3755004535326083,-0.7488042392442263,-0.0180946903193819,Spyware-TIBS-4b3f335e9a8b663f8c39314ce147f474d53abdbd1fccdd262097b640b4a11342-6.raw,0.0,0.0,0.6545755846068864,,0.6842395350087076,0.0443243243243243,0.7995059288537549,0.0398872750921309,0.6621254869352731,,0.1683029453015427,0.0696278511404561,0.0,0.0386100386100386,0.0597701149425287,0.0181818181818181,0.0203488372093023,0.0196078431372549,0.021505376344086,0.0610687022900763,0.238095238095238,0.15625,0.238095238095238,0.523978816875774,0.4344045308964054,0.523978816875774,0.0,0.0,0.0,0.0,0.0,0.0,0.0,0.0,0.0,0.0,0.0666666666666666,0.0,0.0,0.0,0.0,0.4007890843333884,0.2829705505761845,0.4818181818181817,0.0,0.6363636363636364,0.5,,0.6666666666666666,0.6666666666666666,,0.1818181818181818,1.0,,,1
-5.450796968870517,-0.0345106648258295,-0.4687966948281695,0.0618484682954592,-0.1386961198622913,-0.3815710291556231,0.0073130173956775,-0.2837478100031348,1.1121631538710646,-0.3006277208209774,Spyware-TIBS-0cfbc1046bbbe2d1603df1fedde6652a4542e1ec4f2c0df4ab1d426ff60ba715-1.raw,0.0,0.0,0.9535997053949548,,0.7630835975762454,0.0389189189189189,0.7851778656126482,0.0825926728809885,0.7464913344734895,,0.1739130434782608,0.0654261704681872,0.0,0.0173745173745173,0.3241379310344827,0.0181818181818181,0.0203488372093023,0.0196078431372549,0.010752688172043,0.0610687022900763,0.1904761904761904,0.125,0.1904761904761904,0.4189987635880066,0.3429125217635632,0.4189987635880066,0.0,0.0,0.0,0.0,0.0,0.0,0.0,0.0,0.0,0.0,0.0,0.0,0.0,0.0,0.0,0.4007890843333884,0.2829705505761845,0.3023172905525847,0.0,0.6363636363636364,0.5,,0.6666666666666666,0.6666666666666666,,0.1818181818181818,1.0,,,1
-5.26856388752792,0.4410352951563219,-0.4443776557748317,0.080271905351968,-0.1768011146471264,-0.0984250240607951,-0.6233740068362117,0.2584214120546957,0.8467484289435603,0.4847974863442758,Spyware-TIBS-1f1f72fe1f6c70cc59e2a4c2b95df0da7c4eb26381c2eed8445227f40db3f7a1-3.raw,0.0,0.0,0.9793776468422024,,0.7482753218655911,0.041081081081081,0.7909090909090911,0.0745718621287665,0.7306459722454997,,0.1669004207573632,0.0768307322929171,0.0,0.0328185328185328,0.3632183908045977,0.0181818181818181,0.0203488372093023,0.0196078431372549,0.010752688172043,0.0610687022900763,0.2142857142857142,0.140625,0.2142857142857142,0.4724320173716093,0.3901419099051962,0.4724320173716093,0.0,0.0,0.0,0.0,0.0,0.0,0.0,0.0,0.0,0.0,0.0666666666666666,0.0,0.0,0.0,0.0,0.4007890843333884,0.2829705505761845,0.4818181818181817,0.0,0.6363636363636364,0.5,,0.6666666666666666,0.6666666666666666,,0.1818181818181818,1.0,,,1
-0.96804594632331,-3.5673564372496394,2.5284235889662625,0.7050110624494336,-0.0514373993251413,-0.3332244918572113,0.3506192651158986,0.074239840106882,-0.0301680513013397,0.0459023869602836,Spyware-TIBS-3a9761469b4af524762205221f937a180f559960410e9f87fbfe6f68d9eb2adf-7.raw,0.1470588235294117,0.0714285714285714,0.6654596043290577,,0.9780333534122791,0.3448648648648648,0.9503220611916272,0.4897030132234988,0.97649493574284,,0.2622720897615708,0.6296518607442977,0.2592592592592592,0.4247104247104247,0.4574712643678161,0.2,0.4331395348837209,0.4509803921568627,0.3494623655913978,0.4274809160305343,0.3333333333333333,0.296875,0.3333333333333333,0.3634562067807559,0.2332154601568117,0.3634562067807559,0.0112359550561797,4.630058338735068e-05,0.0112359550561797,0.0,0.0,0.0,0.0,0.0,0.0,0.0,0.0666666666666666,0.0,0.0,0.0,0.0,0.2555756479807115,0.1966614501825767,0.3156136528685546,1.0,1.0,1.0,,1.0,1.0,,0.7272727272727273,1.0,,,1
-0.9641913555724546,-3.52331081957138,2.459193802888117,0.6596062605644982,-0.0505851000553866,-0.2717294247107633,0.3583083593958999,0.0891376133178319,-0.0408507017917401,0.0413749761157679,Spyware-TIBS-4be371dc9c56aee4db39813c6f66bf51613aeb5f82eef40bda40c2024339e79c-8.raw,0.1470588235294117,0.0714285714285714,0.6612587546117282,,0.9685762163718412,0.3394594594594594,0.938647342995169,0.4834164318231086,0.9663754751808202,,0.2622720897615708,0.6218487394957983,0.2592592592592592,0.4247104247104247,0.4505747126436781,0.2,0.4331395348837209,0.4509803921568627,0.3494623655913978,0.4122137404580153,0.3333333333333333,0.296875,0.3333333333333333,0.3688370824387161,0.2427740071603362,0.3688370824387161,0.0112359550561797,4.630058338735068e-05,0.0112359550561797,0.0,0.0,0.0,0.0,0.0,0.0,0.0,0.0666666666666666,0.0,0.0,0.0,0.0,0.2555756479807115,0.1966614501825767,0.3156136528685546,1.0,1.0,1.0,,1.0,1.0,,0.7272727272727273,1.0,,,1
-0.9588705445358056,-3.6015682209254023,2.5872790606158,0.7466203114240041,-0.0408654818087628,-0.4266379429819925,0.313810135822487,0.1259458541798181,0.1545446173573276,0.1132600320014359,Spyware-TIBS-3ba4be964cd4c7a5ef3da7abfed484aacf492d7eb879c54e79db734db7a1f3cf-7.raw,0.1470588235294117,0.0714285714285714,0.699066402067691,,0.9914037885384156,0.3448648648648648,0.9503220611916272,0.4985909386516367,0.99080175929604,,0.2622720897615708,0.641656662665066,0.2592592592592592,0.4227799227799227,0.496551724137931,0.2,0.4331395348837209,0.4509803921568627,0.3494623655913978,0.4274809160305343,0.3333333333333333,0.296875,0.3333333333333333,0.3634562067807559,0.2332154601568117,0.3634562067807559,0.0112359550561797,4.630058338735068e-05,0.0112359550561797,0.0,0.0,0.0,0.0,0.0,0.0,0.0,0.0666666666666666,0.0,0.0,0.0,0.0,0.2555756479807115,0.1966614501825767,0.3156136528685546,1.0,1.0,1.0,,1.0,1.0,,0.7272727272727273,1.0,,,1
-5.2583590480848725,0.4564562921604814,-0.4715755975431083,0.0518962087198091,-0.180449391625223,-0.0615833771602572,-0.6039948503826875,0.2273087927215369,0.7815803722561265,0.4701566874167968,Spyware-TIBS-4be371dc9c56aee4db39813c6f66bf51613aeb5f82eef40bda40c2024339e79c-3.raw,0.0,0.0,0.9535997053949548,,0.739870624840625,0.041081081081081,0.7909090909090911,0.0700195100802081,0.7216526585485322,,0.1626928471248246,0.0732292917166866,0.0,0.0328185328185328,0.3563218390804598,0.0181818181818181,0.0203488372093023,0.0196078431372549,0.010752688172043,0.0610687022900763,0.2142857142857142,0.140625,0.2142857142857142,0.4724320173716093,0.3901419099051962,0.4724320173716093,0.0,0.0,0.0,0.0,0.0,0.0,0.0,0.0,0.0,0.0,0.0666666666666666,0.0,0.0,0.0,0.0,0.4007890843333884,0.2829705505761845,0.4818181818181817,0.0,0.6363636363636364,0.5,,0.6666666666666666,0.6666666666666666,,0.1818181818181818,1.0,,,1
-0.9861638221330862,-3.508883416049992,2.433872109929475,0.6388805082190071,-0.0664889823881119,-0.1885250941022802,0.404246587110284,-0.0077067287364263,-0.2862598565472643,-0.0503187946036914,Spyware-TIBS-3a9761469b4af524762205221f937a180f559960410e9f87fbfe6f68d9eb2adf-8.raw,0.1470588235294117,0.0714285714285714,0.6234511071557657,,0.953249132202856,0.3448648648648648,0.9503220611916272,0.4732278343810969,0.9499749701320302,,0.2622720897615708,0.6122448979591837,0.2592592592592592,0.4247104247104247,0.4,0.2,0.4331395348837209,0.4509803921568627,0.3494623655913978,0.4274809160305343,0.3333333333333333,0.296875,0.3333333333333333,0.3634562067807559,0.2332154601568117,0.3634562067807559,0.0112359550561797,4.630058338735068e-05,0.0112359550561797,0.0,0.0,0.0,0.0,0.0,0.0,0.0,0.0666666666666666,0.0,0.0,0.0,0.0,0.2555756479807115,0.1966614501825767,0.3156136528685546,1.0,1.0,1.0,,1.0,1.0,,0.7272727272727273,1.0,,,1
-0.2641611997933352,-3.440185928083522,2.551941802134077,0.6617332033874371,-0.094284221794353,-0.2451477965992348,-0.0015657303380069,0.1133162616137793,-0.8855996707475889,0.519885141080044,Spyware-TIBS-3ba4be964cd4c7a5ef3da7abfed484aacf492d7eb879c54e79db734db7a1f3cf-10.raw,0.1764705882352941,0.1428571428571428,0.5448352053028908,,0.9377240537854868,0.414054054054054,0.9929347826086958,0.520052026880555,0.9333626044557096,,0.2636746143057503,0.6458583433373349,0.2962962962962963,0.4459459459459459,0.4091954022988506,0.2363636363636363,0.6918604651162791,0.5098039215686274,0.3709677419354839,0.465648854961832,0.3809523809523809,0.34375,0.3809523809523809,0.3808289981733425,0.2345716518677132,0.3808289981733425,0.0112359550561797,4.630058338735068e-05,0.0112359550561797,0.0,0.0,0.0,0.0,0.0,0.0,0.0,0.1333333333333333,0.0,0.0,0.0,0.0,0.2327563936967193,0.1830985915492957,0.4305322128851538,1.0,1.0,1.0,,1.0,1.0,,0.7272727272727273,1.0,,,1
-5.280326650161359,0.4033481776640437,-0.4044181407971848,0.1274842441257208,-0.1806283743600843,-0.1259764347172907,-0.6291482764083289,0.3051782777365326,0.757600173789677,0.4457519952348644,Spyware-TIBS-4be371dc9c56aee4db39813c6f66bf51613aeb5f82eef40bda40c2024339e79c-2.raw,0.0,0.0,0.9690664702633032,,0.7770914259511887,0.041081081081081,0.7909090909090911,0.0901799262952525,0.7614801906351016,,0.1767180925666199,0.0816326530612244,0.0,0.0328185328185328,0.3448275862068966,0.0181818181818181,0.0203488372093023,0.0196078431372549,0.010752688172043,0.0610687022900763,0.2142857142857142,0.140625,0.2142857142857142,0.4724320173716093,0.3901419099051962,0.4724320173716093,0.0,0.0,0.0,0.0,0.0,0.0,0.0,0.0,0.0,0.0,0.0666666666666666,0.0,0.0,0.0,0.0,0.4007890843333884,0.2829705505761845,0.4818181818181817,0.0,0.6363636363636364,0.5,,0.6666666666666666,0.6666666666666666,,0.1818181818181818,1.0,,,1
-5.335446380731394,3.764220035455758,1.764396091366981,1.295374006145221,20.470016972814612,0.428590527144615,-0.4827690222247278,0.0921268929068641,-0.5723004226997767,0.7008182846947764,Spyware-TIBS-3a9761469b4af524762205221f937a180f559960410e9f87fbfe6f68d9eb2adf-2.raw,0.0,0.0,0.9690664702633032,,0.7754905312797666,0.041081081081081,0.7909090909090911,0.0893128116193366,0.7597671785023459,,0.1837307152875175,0.0780312124849939,0.0,0.0328185328185328,0.3333333333333333,0.0181818181818181,0.0203488372093023,0.0196078431372549,0.0161290322580645,0.0610687022900763,0.2142857142857142,0.140625,0.2142857142857142,0.4724320173716093,0.3901419099051962,0.4724320173716093,0.0,0.0,0.0,0.0,0.1,1.0,0.0,0.1,0.0769230769230769,0.1,0.1333333333333333,0.2304347826086956,1.0,0.0,0.2304347826086956,0.554210236653825,0.4856093080220452,0.6144927536231886,0.0,0.6363636363636364,0.5,,0.6666666666666666,0.6666666666666666,,0.1818181818181818,1.0,,,1
-0.9531290668780116,-3.626086875603256,2.6224575349695662,0.7711609549279409,-0.0417634855285268,-0.458868863801027,0.3126852901842915,0.1103491719700968,0.1494897896777903,0.1109118895844672,Spyware-TIBS-0f624c1b97ad1d04f9173ecb49bb1ac94277c66c6879746033efa0d49952742a-7.raw,0.1470588235294117,0.0714285714285714,0.699066402067691,,0.9943387621026892,0.3481081081081081,0.9573268921095008,0.5005419466724474,0.9939422815394252,,0.2636746143057503,0.6482593037214885,0.2592592592592592,0.4227799227799227,0.4988505747126436,0.2,0.4331395348837209,0.4509803921568627,0.3494623655913978,0.4427480916030534,0.3333333333333333,0.296875,0.3333333333333333,0.3602483604917942,0.2275170661625533,0.3602483604917942,0.0112359550561797,4.630058338735068e-05,0.0112359550561797,0.0,0.0,0.0,0.0,0.0,0.0,0.0,0.0666666666666666,0.0,0.0,0.0,0.0,0.2555756479807115,0.1966614501825767,0.3156136528685546,1.0,1.0,1.0,,1.0,1.0,,0.7272727272727273,1.0,,,1
-5.274684140135588,0.6622034530273543,-0.8639946159437861,-0.2353718011760727,-0.2580246523914832,0.575136696752712,-0.3271261990837018,-0.1321937788742328,-0.620033272836844,-0.0176216499291325,Spyware-TIBS-0cfbc1046bbbe2d1603df1fedde6652a4542e1ec4f2c0df4ab1d426ff60ba715-4.raw,0.0,0.0,0.6648867611857852,,0.6598258912695207,0.041081081081081,0.7909090909090911,0.0266637762844136,0.6360020519107491,,0.1626928471248246,0.0306122448979591,0.0,0.0328185328185328,0.0804597701149425,0.0181818181818181,0.0203488372093023,0.0196078431372549,0.010752688172043,0.0610687022900763,0.2142857142857142,0.140625,0.2142857142857142,0.4724320173716093,0.3901419099051962,0.4724320173716093,0.0,0.0,0.0,0.0,0.0,0.0,0.0,0.0,0.0,0.0,0.0666666666666666,0.0,0.0,0.0,0.0,0.4007890843333884,0.2829705505761845,0.4818181818181817,0.0,0.6363636363636364,0.5,,0.6666666666666666,0.6666666666666666,,0.1818181818181818,1.0,,,1
-0.9520207150959668,-3.571434903268909,2.5385634884527457,0.7180014742354849,-0.0373530160640888,-0.394820373181112,0.3108484223795303,0.1600091405498503,0.186518454011563,0.1233312623416403,Spyware-TIBS-0cfbc1046bbbe2d1603df1fedde6652a4542e1ec4f2c0df4ab1d426ff60ba715-7.raw,0.1470588235294117,0.0714285714285714,0.7032672517850201,,0.988468814974142,0.3394594594594594,0.938647342995169,0.4966399306308259,0.9876612370526549,,0.2636746143057503,0.6386554621848739,0.2592592592592592,0.4227799227799227,0.4988505747126436,0.2,0.4331395348837209,0.4509803921568627,0.3494623655913978,0.4122137404580153,0.3333333333333333,0.296875,0.3333333333333333,0.3688370824387161,0.2427740071603362,0.3688370824387161,0.0112359550561797,4.630058338735068e-05,0.0112359550561797,0.0,0.0,0.0,0.0,0.0,0.0,0.0,0.0666666666666666,0.0,0.0,0.0,0.0,0.2555756479807115,0.1966614501825767,0.3156136528685546,1.0,1.0,1.0,,1.0,1.0,,0.7272727272727273,1.0,,,1
-0.9236769800902228,-3.592055055414108,2.5426357917162914,0.6931992685838607,-0.0487187214974401,-0.3341827785397755,0.3619668162828064,0.1197187449599506,-0.0357275600667663,0.0779512860816431,Spyware-TIBS-1f1f72fe1f6c70cc59e2a4c2b95df0da7c4eb26381c2eed8445227f40db3f7a1-7.raw,0.1470588235294117,0.0714285714285714,0.678062153481045,,0.9780333534122791,0.3405405405405405,0.9409822866344602,0.4897030132234988,0.97649493574284,,0.2622720897615708,0.6332533013205283,0.2592592592592592,0.4247104247104247,0.4528735632183908,0.2,0.4331395348837209,0.4509803921568627,0.3494623655913978,0.4122137404580153,0.3333333333333333,0.296875,0.3333333333333333,0.3677574413646678,0.2408561408855519,0.3677574413646678,0.0112359550561797,4.630058338735068e-05,0.0112359550561797,0.0,0.0,0.0,0.0,0.0,0.0,0.0,0.0666666666666666,0.0,0.0,0.0,0.0,0.2555756479807115,0.1966614501825767,0.3156136528685546,1.0,1.0,1.0,,1.0,1.0,,0.8181818181818182,1.0,,,1
-5.282947361422302,0.673017085683114,-0.8788638734164239,-0.2454464307178791,-0.2603209188598417,0.5996731894248714,-0.3208814642468319,-0.1440393786771921,-0.6565471316074546,-0.0332812348247278,Spyware-TIBS-4be371dc9c56aee4db39813c6f66bf51613aeb5f82eef40bda40c2024339e79c-4.raw,0.0,0.0,0.6648867611857852,,0.6550232072552546,0.041081081081081,0.7909090909090911,0.0240624322566659,0.6308630155124823,,0.1626928471248246,0.0282112845138055,0.0,0.0328185328185328,0.0689655172413793,0.0181818181818181,0.0203488372093023,0.0196078431372549,0.010752688172043,0.0610687022900763,0.2142857142857142,0.140625,0.2142857142857142,0.4724320173716093,0.3901419099051962,0.4724320173716093,0.0,0.0,0.0,0.0,0.0,0.0,0.0,0.0,0.0,0.0,0.0666666666666666,0.0,0.0,0.0,0.0,0.4007890843333884,0.2829705505761845,0.4818181818181817,0.0,0.6363636363636364,0.5,,0.6666666666666666,0.6666666666666666,,0.1818181818181818,1.0,,,1
-5.274914595394003,0.4135156094132587,-0.4166037733652488,0.1167072648251257,-0.1794667027281705,-0.1198119683945319,-0.6265708871785163,0.2926621071803795,0.7834660400248279,0.455533835489217,Spyware-TIBS-4b3f335e9a8b663f8c39314ce147f474d53abdbd1fccdd262097b640b4a11342-3.raw,0.0,0.0,0.9690664702633032,,0.7698873999297892,0.041081081081081,0.7909090909090911,0.086277910253631,0.7537716360377009,,0.1753155680224404,0.0768307322929171,0.0,0.0328185328185328,0.3517241379310344,0.0181818181818181,0.0203488372093023,0.0196078431372549,0.010752688172043,0.0610687022900763,0.2142857142857142,0.140625,0.2142857142857142,0.4724320173716093,0.3901419099051962,0.4724320173716093,0.0,0.0,0.0,0.0,0.0,0.0,0.0,0.0,0.0,0.0,0.0666666666666666,0.0,0.0,0.0,0.0,0.4007890843333884,0.2829705505761845,0.4818181818181817,0.0,0.6363636363636364,0.5,,0.6666666666666666,0.6666666666666666,,0.1818181818181818,1.0,,,1
-0.935030772320262,-3.528442965343869,2.4390808827341868,0.6214301322847035,-0.0637071682275443,-0.1845777523702397,0.4205348816473567,0.0292742722822038,-0.289524659909793,-0.0167481804794027,Spyware-TIBS-03d5ee287fdddbfbc90cd0547b7dd0dffe3f47af2095015eca70cafb4d1ae254-9.raw,0.1470588235294117,0.0714285714285714,0.6276519568730948,,0.9506402668123904,0.3405405405405405,0.9409822866344602,0.4714936050292651,0.9471833948045764,,0.2622720897615708,0.6092436974789915,0.2592592592592592,0.4247104247104247,0.4,0.2,0.4331395348837209,0.4509803921568627,0.3494623655913978,0.4122137404580153,0.3333333333333333,0.296875,0.3333333333333333,0.3677574413646678,0.2408561408855519,0.3677574413646678,0.0112359550561797,4.630058338735068e-05,0.0112359550561797,0.0,0.0,0.0,0.0,0.0,0.0,0.0,0.0666666666666666,0.0,0.0,0.0,0.0,0.2555756479807115,0.1966614501825767,0.3156136528685546,1.0,1.0,1.0,,1.0,1.0,,0.8181818181818182,1.0,,,1
-0.9594331621847704,-3.5975390440814077,2.5792889175073737,0.7438428500780109,-0.0420975041706572,-0.4158726033816278,0.318609355485209,0.1204348452375287,0.1323234873417884,0.1031961556707442,Spyware-TIBS-4d5aa73b369603d2d1e968ddb66faebb6ce7fd90156f8f9b703abadc446598b8-7.raw,0.1470588235294117,0.0714285714285714,0.6948655523503616,,0.9900993558431828,0.3448648648648648,0.9503220611916272,0.4977238239757208,0.9894059716323133,,0.2636746143057503,0.6392557022809123,0.2592592592592592,0.4227799227799227,0.4919540229885057,0.2,0.4331395348837209,0.4509803921568627,0.3494623655913978,0.4274809160305343,0.3333333333333333,0.296875,0.3333333333333333,0.3634562067807559,0.2332154601568117,0.3634562067807559,0.0112359550561797,4.630058338735068e-05,0.0112359550561797,0.0,0.0,0.0,0.0,0.0,0.0,0.0,0.0666666666666666,0.0,0.0,0.0,0.0,0.2555756479807115,0.1966614501825767,0.3156136528685546,1.0,1.0,1.0,,1.0,1.0,,0.7272727272727273,1.0,,,1
-0.2542936868817222,-3.794081201327822,2.4025243339043305,0.5358071801297974,-0.0215207625039938,-0.568897504516625,0.3760159783965897,0.1216107342227358,-0.3054379662443269,0.0180824112169803,Spyware-TIBS-5d380e4063a71521883a8c322328dbdaf828d587613fcb87fff06f1250696a27-10.raw,0.1764705882352941,0.1428571428571428,0.5893942183759897,,0.9465289744783082,0.414054054054054,0.9929347826086958,0.5261218296119662,0.9427841711858658,,0.2636746143057503,0.6548619447779112,0.2962962962962963,0.4459459459459459,0.4551724137931034,0.2363636363636363,0.6918604651162791,0.5098039215686274,0.3709677419354839,0.465648854961832,0.3809523809523809,0.34375,0.3809523809523809,0.3808289981733425,0.2345716518677132,0.3808289981733425,0.0112359550561797,4.630058338735068e-05,0.0112359550561797,0.0,0.0,0.0,0.0,0.0,0.0,0.0,0.0666666666666666,0.0,0.0,0.0,0.0,0.2327563936967193,0.1830985915492957,0.2894957983193275,1.0,1.0,1.0,,1.0,1.0,,0.7272727272727273,1.0,,,1
-0.2361725569847227,-3.8739100516509457,2.5220742077112024,0.6414578738172256,-0.0037830806269824,-0.7527377878074472,0.3092354543755568,0.237951289092712,-0.0136742272759936,0.1120457869862886,Spyware-TIBS-3ba4be964cd4c7a5ef3da7abfed484aacf492d7eb879c54e79db734db7a1f3cf-9.raw,0.1764705882352941,0.1428571428571428,0.6461056895599337,,0.9839498874227994,0.414054054054054,0.9929347826086958,0.5519184912204639,0.9828258297890292,,0.2748948106591865,0.6746698679471789,0.2962962962962963,0.4459459459459459,0.5172413793103449,0.2363636363636363,0.6918604651162791,0.5098039215686274,0.3709677419354839,0.465648854961832,0.3809523809523809,0.34375,0.3809523809523809,0.3808289981733425,0.2345716518677132,0.3808289981733425,0.0112359550561797,4.630058338735068e-05,0.0112359550561797,0.0,0.0,0.0,0.0,0.0,0.0,0.0,0.0666666666666666,0.0,0.0,0.0,0.0,0.2327563936967193,0.1830985915492957,0.2894957983193275,1.0,1.0,1.0,,1.0,1.0,,0.7272727272727273,1.0,,,1
-5.300503060533261,0.7312552347965586,-0.9737954296806988,-0.3122065544531462,-0.2756118707127838,0.7459059207804911,-0.2666969511768622,-0.2267091653258318,-0.918994774096952,-0.1318642986470921,Spyware-TIBS-03d5ee287fdddbfbc90cd0547b7dd0dffe3f47af2095015eca70cafb4d1ae254-5.raw,0.0,0.0,0.6236420548701895,,0.6298091161803566,0.041081081081081,0.7909090909090911,0.0104053761109906,0.6038830744215805,,0.1626928471248246,0.0120048019207683,0.0,0.0328185328185328,0.0091954022988505,0.0181818181818181,0.0203488372093023,0.0196078431372549,0.010752688172043,0.0610687022900763,0.2142857142857142,0.140625,0.2142857142857142,0.4724320173716093,0.3901419099051962,0.4724320173716093,0.0,0.0,0.0,0.0,0.0,0.0,0.0,0.0,0.0,0.0,0.0666666666666666,0.0,0.0,0.0,0.0,0.4007890843333884,0.2829705505761845,0.4818181818181817,0.0,0.6363636363636364,0.5,,0.6666666666666666,0.6666666666666666,,0.1818181818181818,1.0,,,1
-0.270084297664883,-3.3885497907110973,2.4701046101866653,0.6077596106993862,-0.0974060318606126,-0.1555354841895351,0.0158606422293168,0.1153258668160322,-0.9632816806498516,0.4902640106439706,Spyware-TIBS-1efdeb94cc56a153cab3066f602f5eb47a42fdf70441069ac36bc090e294ba26-10.raw,0.1764705882352941,0.1428571428571428,0.5326827471920457,,0.9264034414661448,0.4086486486486486,0.9816770186335404,0.512247994797312,0.9212491615169376,,0.2636746143057503,0.6350540216086434,0.2962962962962963,0.4459459459459459,0.3862068965517241,0.2363636363636363,0.6918604651162791,0.5098039215686274,0.3709677419354839,0.4503816793893129,0.3809523809523809,0.34375,0.3809523809523809,0.3860046145838139,0.243652706029865,0.3860046145838139,0.0112359550561797,4.630058338735068e-05,0.0112359550561797,0.0,0.0,0.0,0.0,0.0,0.0,0.0,0.1333333333333333,0.0,0.0,0.0,0.0,0.2327563936967193,0.1830985915492957,0.4305322128851538,1.0,1.0,1.0,,1.0,1.0,,0.7272727272727273,1.0,,,1
-5.276231800732734,0.6615491124228375,-0.8611188424390332,-0.2330391616627534,-0.2571696533983535,0.5700546044272067,-0.3304172923616529,-0.1291185635510797,-0.6032286170926635,-0.0125429711351012,Spyware-TIBS-3fa74a3335d8bb79d987b491455387ad398bccb2332470a47679b5e78c2183d8-4.raw,0.0,0.0,0.6700423494752348,,0.6598258912695207,0.041081081081081,0.7909090909090911,0.0266637762844136,0.6360020519107491,,0.1626928471248246,0.0306122448979591,0.0,0.0328185328185328,0.0827586206896551,0.0181818181818181,0.0203488372093023,0.0196078431372549,0.010752688172043,0.0610687022900763,0.2142857142857142,0.140625,0.2142857142857142,0.4724320173716093,0.3901419099051962,0.4724320173716093,0.0,0.0,0.0,0.0,0.0,0.0,0.0,0.0,0.0,0.0,0.0666666666666666,0.0,0.0,0.0,0.0,0.4007890843333884,0.2829705505761845,0.4818181818181817,0.0,0.6363636363636364,0.5,,0.6666666666666666,0.6666666666666666,,0.1818181818181818,1.0,,,1
-5.271404244924113,0.6619793611220677,-0.8634163933743816,-0.234807041285359,-0.2571589563124448,0.5703515366212623,-0.3280493103698792,-0.131969184508482,-0.6044317496561594,-0.0118131836881812,Spyware-TIBS-4f4091323fa48a901e1e188199a12a30ff363129ad53d4a08d68528c666b1e68-4.raw,0.0,0.0,0.6648867611857852,,0.6594256676016653,0.041081081081081,0.7909090909090911,0.0264469976154346,0.6355737988775603,,0.1626928471248246,0.0294117647058823,0.0,0.0328185328185328,0.0850574712643678,0.0181818181818181,0.0203488372093023,0.0196078431372549,0.010752688172043,0.0610687022900763,0.2142857142857142,0.140625,0.2142857142857142,0.4724320173716093,0.3901419099051962,0.4724320173716093,0.0,0.0,0.0,0.0,0.0,0.0,0.0,0.0,0.0,0.0,0.0666666666666666,0.0,0.0,0.0,0.0,0.4007890843333884,0.2829705505761845,0.4818181818181817,0.0,0.6363636363636364,0.5,,0.6666666666666666,0.6666666666666666,,0.1818181818181818,1.0,,,1
-0.2232082903370007,-3.452530589225763,2.5451565146698623,0.63493488432368,-0.0954679143464583,-0.2123162766902167,0.0236973156630023,0.1378804374772661,-0.9577791811974268,0.527675182221262,Spyware-TIBS-1f1f72fe1f6c70cc59e2a4c2b95df0da7c4eb26381c2eed8445227f40db3f7a1-10.raw,0.1764705882352941,0.1428571428571428,0.5448352053028908,,0.932378209079131,0.4097297297297297,0.9839285714285714,0.5163667895079124,0.9276423675124008,,0.2636746143057503,0.6458583433373349,0.2962962962962963,0.4459459459459459,0.3908045977011494,0.2363636363636363,0.6918604651162791,0.5098039215686274,0.3709677419354839,0.4503816793893129,0.3809523809523809,0.34375,0.3809523809523809,0.3849663257870951,0.2418309410358664,0.3849663257870951,0.0112359550561797,4.630058338735068e-05,0.0112359550561797,0.0,0.0,0.0,0.0,0.0,0.0,0.0,0.1333333333333333,0.0,0.0,0.0,0.0,0.2327563936967193,0.1830985915492957,0.4305322128851538,1.0,1.0,1.0,,1.0,1.0,,0.8181818181818182,1.0,,,1
-0.9766352883074848,-3.5617852659141085,2.5211487361086458,0.7006995207338257,-0.0532991293926414,-0.3176289551857671,0.3538670088444736,0.069408525784385,-0.0597427970523073,0.0334073784005563,Spyware-TIBS-4d5aa73b369603d2d1e968ddb66faebb6ce7fd90156f8f9b703abadc446598b8-8.raw,0.1470588235294117,0.0714285714285714,0.6654596043290577,,0.9767289207170464,0.3448648648648648,0.9503220611916272,0.4888358985475829,0.9750991480791128,,0.2622720897615708,0.6266506602641057,0.2592592592592592,0.4247104247104247,0.4482758620689655,0.2,0.4331395348837209,0.4509803921568627,0.3494623655913978,0.4274809160305343,0.3333333333333333,0.296875,0.3333333333333333,0.3634562067807559,0.2332154601568117,0.3634562067807559,0.0112359550561797,4.630058338735068e-05,0.0112359550561797,0.0,0.0,0.0,0.0,0.0,0.0,0.0,0.0666666666666666,0.0,0.0,0.0,0.0,0.2555756479807115,0.1966614501825767,0.3156136528685546,1.0,1.0,1.0,,1.0,1.0,,0.7272727272727273,1.0,,,1
-5.094093735655567,0.6958605586250726,-1.0269231916433474,-0.3588839690388118,-0.2374886682937835,0.5751618064238667,-0.4401826823779585,0.3816017365764532,-0.7150678868075794,-0.0080165886781795,Spyware-TIBS-0cfbc1046bbbe2d1603df1fedde6652a4542e1ec4f2c0df4ab1d426ff60ba715-6.raw,0.0,0.0,0.6648867611857852,,0.6842395350087076,0.0443243243243243,0.7995059288537549,0.0398872750921309,0.6621254869352731,,0.1683029453015427,0.0690276110444177,0.0,0.0386100386100386,0.064367816091954,0.0181818181818181,0.0203488372093023,0.0196078431372549,0.021505376344086,0.0610687022900763,0.238095238095238,0.15625,0.238095238095238,0.523978816875774,0.4344045308964054,0.523978816875774,0.0,0.0,0.0,0.0,0.0,0.0,0.0,0.0,0.0,0.0,0.0666666666666666,0.0,0.0,0.0,0.0,0.4007890843333884,0.2829705505761845,0.4818181818181817,0.0,0.6363636363636364,0.5,,0.6666666666666666,0.6666666666666666,,0.1818181818181818,1.0,,,1
-5.479328256250035,0.3545340213503282,-0.2221055729329111,0.2646903153135711,-0.2074230483154099,-0.1163451086491534,-0.5119713569369492,-0.2166513079742985,0.7425847747281732,0.3933064667928707,Spyware-TIBS-4d5aa73b369603d2d1e968ddb66faebb6ce7fd90156f8f9b703abadc446598b8-2.raw,0.0,0.0,0.9690664702633032,,0.7586811372298348,0.0389189189189189,0.7851778656126482,0.0802081075222198,0.7417805511084115,,0.1739130434782608,0.0630252100840336,0.0,0.0173745173745173,0.3310344827586207,0.0181818181818181,0.0203488372093023,0.0196078431372549,0.010752688172043,0.0610687022900763,0.1904761904761904,0.125,0.1904761904761904,0.4189987635880066,0.3429125217635632,0.4189987635880066,0.0,0.0,0.0,0.0,0.0,0.0,0.0,0.0,0.0,0.0,0.0666666666666666,0.0,0.0,0.0,0.0,0.4007890843333884,0.2829705505761845,0.4818181818181817,0.0,0.6363636363636364,0.5,,0.6666666666666666,0.6666666666666666,,0.1818181818181818,1.0,,,1
-0.2546571987635627,-3.8060453148234634,2.426989192152226,0.5544347276720973,-0.016305815206233,-0.6098255602586685,0.35745010516725,0.1447157696790392,-0.2094451205013911,0.0506325564905186,Spyware-TIBS-4d5aa73b369603d2d1e968ddb66faebb6ce7fd90156f8f9b703abadc446598b8-10.raw,0.1764705882352941,0.1428571428571428,0.6096483152273984,,0.9512458962780344,0.414054054054054,0.9929347826086958,0.5293735096466508,0.9478314390770212,,0.2636746143057503,0.6548619447779112,0.2962962962962963,0.4459459459459459,0.4735632183908046,0.2363636363636363,0.6918604651162791,0.5098039215686274,0.3709677419354839,0.465648854961832,0.3809523809523809,0.34375,0.3809523809523809,0.3808289981733425,0.2345716518677132,0.3808289981733425,0.0112359550561797,4.630058338735068e-05,0.0112359550561797,0.0,0.0,0.0,0.0,0.0,0.0,0.0,0.0666666666666666,0.0,0.0,0.0,0.0,0.2327563936967193,0.1830985915492957,0.2894957983193275,1.0,1.0,1.0,,1.0,1.0,,0.7272727272727273,1.0,,,1
-0.991363840578954,-3.502586606116256,2.4238860627832155,0.6321698424793231,-0.0686748676556975,-0.170263729583338,0.4101406133906036,-0.0157806457748271,-0.3232899009944213,-0.0644828622902586,Spyware-TIBS-5d380e4063a71521883a8c322328dbdaf828d587613fcb87fff06f1250696a27-9.raw,0.1470588235294117,0.0714285714285714,0.6192502574384364,,0.9512924831600068,0.3448648648648648,0.9503220611916272,0.471927162367223,0.94788128863644,,0.2622720897615708,0.60984393757503,0.2592592592592592,0.4247104247104247,0.3908045977011494,0.2,0.4331395348837209,0.4509803921568627,0.3494623655913978,0.4274809160305343,0.3333333333333333,0.296875,0.3333333333333333,0.3634562067807559,0.2332154601568117,0.3634562067807559,0.0112359550561797,4.630058338735068e-05,0.0112359550561797,0.0,0.0,0.0,0.0,0.0,0.0,0.0,0.0666666666666666,0.0,0.0,0.0,0.0,0.2555756479807115,0.1966614501825767,0.3156136528685546,1.0,1.0,1.0,,1.0,1.0,,0.7272727272727273,1.0,,,1
-0.9739847168193304,-3.484805202658807,2.3894648992668484,0.6095044055523279,-0.0643836905325541,-0.1567509610296933,0.4052820891185424,0.0269213284703874,-0.2855836095542853,-0.0456675933845407,Spyware-TIBS-4b3f335e9a8b663f8c39314ce147f474d53abdbd1fccdd262097b640b4a11342-9.raw,0.1470588235294117,0.0714285714285714,0.6150494077211073,,0.9542274567242804,0.3394594594594594,0.938647342995169,0.4738781703880338,0.9510218108798252,,0.2622720897615708,0.6122448979591837,0.2592592592592592,0.4247104247104247,0.4,0.2,0.4331395348837209,0.4509803921568627,0.3494623655913978,0.4122137404580153,0.3333333333333333,0.296875,0.3333333333333333,0.3688370824387161,0.2427740071603362,0.3688370824387161,0.0112359550561797,4.630058338735068e-05,0.0112359550561797,0.0,0.0,0.0,0.0,0.0,0.0,0.0,0.0666666666666666,0.0,0.0,0.0,0.0,0.2555756479807115,0.1966614501825767,0.3156136528685546,1.0,1.0,1.0,,1.0,1.0,,0.7272727272727273,1.0,,,1
-5.2792301304709515,0.6513745458144492,-0.841585247537852,-0.2188889708933894,-0.2540689274322956,0.5424769932737067,-0.3438751020269786,-0.1108379297426218,-0.5469711526619234,0.0064892507797635,Spyware-TIBS-1f1f72fe1f6c70cc59e2a4c2b95df0da7c4eb26381c2eed8445227f40db3f7a1-4.raw,0.0,0.0,0.6855091143435834,,0.6642283516159315,0.041081081081081,0.7909090909090911,0.0290483416431823,0.6407128352758272,,0.1626928471248246,0.0342136854741896,0.0,0.0328185328185328,0.0919540229885057,0.0181818181818181,0.0203488372093023,0.0196078431372549,0.010752688172043,0.0610687022900763,0.2142857142857142,0.140625,0.2142857142857142,0.4724320173716093,0.3901419099051962,0.4724320173716093,0.0,0.0,0.0,0.0,0.0,0.0,0.0,0.0,0.0,0.0,0.0666666666666666,0.0,0.0,0.0,0.0,0.4007890843333884,0.2829705505761845,0.4818181818181817,0.0,0.6363636363636364,0.5,,0.6666666666666666,0.6666666666666666,,0.1818181818181818,1.0,,,1
-6.30313724890435,2.062858444904871,-2.61751304737221,-0.0708952901723228,-0.2619612612741596,-4.189744044799946,-1.0682543131313862,-0.1417123753317183,-1.810736149872634,0.5045654189149621,Spyware-TIBS-3a9761469b4af524762205221f937a180f559960410e9f87fbfe6f68d9eb2adf-6.raw,0.0,0.0,0.71644264408028,,0.7802932152940327,0.1027027027027027,0.9542490118577076,0.0919141556470843,0.7649062149006127,,0.1753155680224404,0.1212484993997599,0.0,0.0694980694980695,0.1264367816091954,0.0181818181818181,0.0726744186046511,0.0392156862745098,0.032258064516129,0.1145038167938931,0.2619047619047619,0.171875,0.2619047619047619,0.4976648562826438,0.3472970469551091,0.4976648562826438,0.0,0.0,0.0,0.0,0.0,0.0,0.0,0.0,0.0,0.0,0.0666666666666666,0.0,0.0,0.0,0.0,0.4007890843333884,0.2829705505761845,0.4818181818181817,0.0,0.0,0.0,,0.0,0.0,,0.0909090909090909,1.0,,,1
-4.258627441462677,5.785842261652761,3.1656113646094046,1.092556107635722,-0.5423752012087709,-0.0757689808146495,-0.2203583937485234,0.475745359232584,0.70488568674771,-0.0136781174685923,Spyware-TIBS-3b63fad1545031b6e3e133a2f900fb18873bbee514e0b3ce8417d33afe1bce31-2.raw,0.0,0.0,0.9793776468422024,,0.7618829265726788,0.0389189189189189,0.7851778656126482,0.0819423368740516,0.7452065753739227,,0.1739130434782608,0.0672268907563025,0.0,0.0173745173745173,0.3448275862068966,0.0181818181818181,0.0203488372093023,0.0196078431372549,0.010752688172043,0.0610687022900763,0.1904761904761904,0.125,0.1904761904761904,0.4189987635880066,0.3429125217635632,0.4189987635880066,0.0,0.0,0.0,0.0,0.2,0.0,0.1538461538461538,0.2,0.1538461538461538,0.2,0.2,0.4416666666666666,0.0,0.3397435897435896,0.4416666666666666,0.6948462929475591,0.6713615023474178,0.7361111111111113,0.0,0.6363636363636364,0.5,,0.6666666666666666,0.6666666666666666,,0.1818181818181818,1.0,,,1
-5.276168903129415,0.6618596778908518,-0.8593572266230314,-0.2313205609695637,-0.255896379027511,0.5638973511521145,-0.3337629500661713,-0.1271017626612808,-0.5783568573636628,-0.0046832926610553,Spyware-TIBS-5d380e4063a71521883a8c322328dbdaf828d587613fcb87fff06f1250696a27-4.raw,0.0,0.0,0.6751979377646842,,0.6590254439338099,0.041081081081081,0.7909090909090911,0.0262302189464556,0.6351455458443716,,0.1626928471248246,0.0294117647058823,0.0,0.0328185328185328,0.0873563218390804,0.0181818181818181,0.0203488372093023,0.0196078431372549,0.010752688172043,0.0610687022900763,0.2142857142857142,0.140625,0.2142857142857142,0.4724320173716093,0.3901419099051962,0.4724320173716093,0.0,0.0,0.0,0.0,0.0,0.0,0.0,0.0,0.0,0.0,0.0666666666666666,0.0,0.0,0.0,0.0,0.4007890843333884,0.2829705505761845,0.4818181818181817,0.0,0.6363636363636364,0.5,,0.6666666666666666,0.6666666666666666,,0.1818181818181818,1.0,,,1
-0.9461578212143164,-3.5752008067246805,2.543648893148536,0.7212281701124034,-0.035979930846047,-0.4060931955144742,0.3084055055710822,0.1635466179874148,0.2089218349842911,0.1325638208544311,Spyware-TIBS-4be371dc9c56aee4db39813c6f66bf51613aeb5f82eef40bda40c2024339e79c-7.raw,0.1470588235294117,0.0714285714285714,0.7032672517850201,,0.9894471394955664,0.3394594594594594,0.938647342995169,0.4972902666377628,0.9887080778004496,,0.2636746143057503,0.6398559423769508,0.2592592592592592,0.4227799227799227,0.5057471264367817,0.2,0.4331395348837209,0.4509803921568627,0.3494623655913978,0.4122137404580153,0.3333333333333333,0.296875,0.3333333333333333,0.3688370824387161,0.2427740071603362,0.3688370824387161,0.0112359550561797,4.630058338735068e-05,0.0112359550561797,0.0,0.0,0.0,0.0,0.0,0.0,0.0,0.0666666666666666,0.0,0.0,0.0,0.0,0.2555756479807115,0.1966614501825767,0.3156136528685546,1.0,1.0,1.0,,1.0,1.0,,0.7272727272727273,1.0,,,1
-5.5098951713323645,3.3317828148088053,1.7256926511201376,1.2370811587123118,20.5129569811396,0.1588276799680981,0.1249547400102995,-0.4822753126813402,-0.1663266752283417,0.0084374483484483,Spyware-TIBS-3a9761469b4af524762205221f937a180f559960410e9f87fbfe6f68d9eb2adf-1.raw,0.0,0.0,0.9587552936844044,,0.7634838212441009,0.0389189189189189,0.7851778656126482,0.0828094515499674,0.7469195875066783,,0.1739130434782608,0.0660264105642256,0.0,0.0173745173745173,0.328735632183908,0.0181818181818181,0.0203488372093023,0.0196078431372549,0.010752688172043,0.0610687022900763,0.1904761904761904,0.125,0.1904761904761904,0.4189987635880066,0.3429125217635632,0.4189987635880066,0.0,0.0,0.0,0.0,0.1,1.0,0.0,0.1,0.0769230769230769,0.1,0.0666666666666666,0.2304347826086956,1.0,0.0,0.2304347826086956,0.554210236653825,0.4856093080220452,0.4427962489343561,0.0,0.6363636363636364,0.5,,0.6666666666666666,0.6666666666666666,,0.1818181818181818,1.0,,,1
-4.834810471077318,2.758353545635601,1.296226157740367,0.5075394926541374,-0.3082732083340516,-0.376166549593995,0.1258689383950129,0.1010103709495322,1.1304421555952613,-0.4847566826530577,Spyware-TIBS-4be371dc9c56aee4db39813c6f66bf51613aeb5f82eef40bda40c2024339e79c-1.raw,0.0,0.0,0.963910881973854,,0.7682865052583673,0.0389189189189189,0.7851778656126482,0.0854107955777151,0.7520586239049455,,0.1739130434782608,0.0702280912364946,0.0,0.0173745173745173,0.3425287356321839,0.0181818181818181,0.0203488372093023,0.0196078431372549,0.010752688172043,0.0610687022900763,0.1904761904761904,0.125,0.1904761904761904,0.4189987635880066,0.3429125217635632,0.4189987635880066,0.0,0.0,0.0,0.0,0.1,0.0,0.0769230769230769,0.1,0.0769230769230769,0.1,0.0666666666666666,0.2304347826086956,0.0,0.177257525083612,0.2304347826086956,0.554210236653825,0.4856093080220452,0.4427962489343561,0.0,0.6363636363636364,0.5,,0.6666666666666666,0.6666666666666666,,0.1818181818181818,1.0,,,1
-5.2890324566179965,0.4231971808064996,-0.4391468618067735,0.1162271001968193,-0.1858398491868099,-0.0773682171926887,-0.6129720971310559,0.2818139919885494,0.6642819442968535,0.3983454345891973,Spyware-TIBS-03d5ee287fdddbfbc90cd0547b7dd0dffe3f47af2095015eca70cafb4d1ae254-2.raw,0.0,0.0,0.963910881973854,,0.7690869525940783,0.041081081081081,0.7909090909090911,0.085844352915673,0.7529151299713233,,0.1837307152875175,0.0714285714285714,0.0,0.0328185328185328,0.3195402298850575,0.0181818181818181,0.0203488372093023,0.0196078431372549,0.0161290322580645,0.0610687022900763,0.2142857142857142,0.140625,0.2142857142857142,0.4724320173716093,0.3901419099051962,0.4724320173716093,0.0,0.0,0.0,0.0,0.0,0.0,0.0,0.0,0.0,0.0,0.0666666666666666,0.0,0.0,0.0,0.0,0.4007890843333884,0.2829705505761845,0.4818181818181817,0.0,0.6363636363636364,0.5,,0.6666666666666666,0.6666666666666666,,0.1818181818181818,1.0,,,1
-5.293653494850354,0.7175730612158768,-0.95756137267645,-0.3020386101790696,-0.2749788809838741,0.7266838243990273,-0.2700814106429544,-0.2142282380893677,-0.9158595961983254,-0.1266282433537025,Spyware-TIBS-4b3f335e9a8b663f8c39314ce147f474d53abdbd1fccdd262097b640b4a11342-5.raw,0.0,0.0,0.6184864665807401,,0.6370131422017562,0.041081081081081,0.7909090909090911,0.0143073921526121,0.6115916290189811,,0.1626928471248246,0.0180072028811524,0.0,0.0328185328185328,0.0137931034482758,0.0181818181818181,0.0203488372093023,0.0196078431372549,0.010752688172043,0.0610687022900763,0.2142857142857142,0.140625,0.2142857142857142,0.4724320173716093,0.3901419099051962,0.4724320173716093,0.0,0.0,0.0,0.0,0.0,0.0,0.0,0.0,0.0,0.0,0.0666666666666666,0.0,0.0,0.0,0.0,0.4007890843333884,0.2829705505761845,0.4818181818181817,0.0,0.6363636363636364,0.5,,0.6666666666666666,0.6666666666666666,,0.1818181818181818,1.0,,,1
-5.284117321016189,0.4038728450435275,-0.403071892723003,0.1421272943889445,-0.1783048084563969,-0.138096574094468,-0.6382111876321996,0.3140905520453294,0.7989741125462757,0.4459375812983246,Spyware-TIBS-5d380e4063a71521883a8c322328dbdaf828d587613fcb87fff06f1250696a27-2.raw,0.0,0.0,0.9896888234211012,,0.775890754947622,0.041081081081081,0.7909090909090911,0.0895295902883156,0.7601954315355347,,0.1837307152875175,0.0768307322929171,0.0,0.0328185328185328,0.3471264367816092,0.0181818181818181,0.0203488372093023,0.0196078431372549,0.0161290322580645,0.0610687022900763,0.2142857142857142,0.140625,0.2142857142857142,0.4724320173716093,0.3901419099051962,0.4724320173716093,0.0,0.0,0.0,0.0,0.0,0.0,0.0,0.0,0.0,0.0,0.0666666666666666,0.0,0.0,0.0,0.0,0.4007890843333884,0.2829705505761845,0.4818181818181817,0.0,0.6363636363636364,0.5,,0.6666666666666666,0.6666666666666666,,0.1818181818181818,1.0,,,1
-5.2714962476124345,0.4763869887224508,-0.4900886084200208,0.0415739107562842,-0.1790531133614129,-0.0452762235783245,-0.6068991409189756,0.2149985236155344,0.8230156643918425,0.4763604829727302,Spyware-TIBS-1efdeb94cc56a153cab3066f602f5eb47a42fdf70441069ac36bc090e294ba26-3.raw,0.0,0.0,0.9742220585527528,,0.728264138472815,0.041081081081081,0.7909090909090911,0.0637329286798179,0.7092333205860537,,0.1626928471248246,0.063625450180072,0.0,0.0328185328185328,0.3563218390804598,0.0181818181818181,0.0203488372093023,0.0196078431372549,0.010752688172043,0.0610687022900763,0.2142857142857142,0.140625,0.2142857142857142,0.4724320173716093,0.3901419099051962,0.4724320173716093,0.0,0.0,0.0,0.0,0.0,0.0,0.0,0.0,0.0,0.0,0.0666666666666666,0.0,0.0,0.0,0.0,0.4007890843333884,0.2829705505761845,0.4818181818181817,0.0,0.6363636363636364,0.5,,0.6666666666666666,0.6666666666666666,,0.1818181818181818,1.0,,,1
-5.284726290256565,0.4209040402864815,-0.4339514917606626,0.1068180662279681,-0.185574456835152,-0.0804396112666683,-0.6114104214566829,0.2793258902942699,0.6719917992610126,0.4142049283016109,Spyware-TIBS-4f4091323fa48a901e1e188199a12a30ff363129ad53d4a08d68528c666b1e68-2.raw,0.0,0.0,0.9535997053949548,,0.7698873999297892,0.041081081081081,0.7909090909090911,0.086277910253631,0.7537716360377009,,0.1767180925666199,0.0756302521008403,0.0,0.0328185328185328,0.3264367816091954,0.0181818181818181,0.0203488372093023,0.0196078431372549,0.010752688172043,0.0610687022900763,0.2142857142857142,0.140625,0.2142857142857142,0.4724320173716093,0.3901419099051962,0.4724320173716093,0.0,0.0,0.0,0.0,0.0,0.0,0.0,0.0,0.0,0.0,0.0666666666666666,0.0,0.0,0.0,0.0,0.4007890843333884,0.2829705505761845,0.4818181818181817,0.0,0.6363636363636364,0.5,,0.6666666666666666,0.6666666666666666,,0.1818181818181818,1.0,,,1
-0.9646423500391794,-3.522793683811894,2.4552440352906975,0.6564720758636863,-0.052583456748641,-0.2611546411666059,0.3638188151978852,0.0852258766580042,-0.0789126721924241,0.0290696390941738,Spyware-TIBS-4b3f335e9a8b663f8c39314ce147f474d53abdbd1fccdd262097b640b4a11342-8.raw,0.1470588235294117,0.0714285714285714,0.6528570551770698,,0.9695545408932662,0.3394594594594594,0.938647342995169,0.4840667678300455,0.9674223159286156,,0.2622720897615708,0.6218487394957983,0.2592592592592592,0.4247104247104247,0.4436781609195402,0.2,0.4331395348837209,0.4509803921568627,0.3494623655913978,0.4122137404580153,0.3333333333333333,0.296875,0.3333333333333333,0.3688370824387161,0.2427740071603362,0.3688370824387161,0.0112359550561797,4.630058338735068e-05,0.0112359550561797,0.0,0.0,0.0,0.0,0.0,0.0,0.0,0.0666666666666666,0.0,0.0,0.0,0.0,0.2555756479807115,0.1966614501825767,0.3156136528685546,1.0,1.0,1.0,,1.0,1.0,,0.7272727272727273,1.0,,,1
-5.297481780312924,0.7153784107011119,-0.9504331136322351,-0.2961873866781651,-0.2732804025586507,0.7153281878201273,-0.2772157308369075,-0.2066315363604983,-0.8823089790232661,-0.1164915050543648,Spyware-TIBS-4d5aa73b369603d2d1e968ddb66faebb6ce7fd90156f8f9b703abadc446598b8-5.raw,0.0,0.0,0.6287976431596394,,0.637813589537467,0.041081081081081,0.7909090909090911,0.0147409494905701,0.6124481350853588,,0.1626928471248246,0.017406962785114,0.0,0.0328185328185328,0.0183908045977011,0.0181818181818181,0.0203488372093023,0.0196078431372549,0.010752688172043,0.0610687022900763,0.2142857142857142,0.140625,0.2142857142857142,0.4724320173716093,0.3901419099051962,0.4724320173716093,0.0,0.0,0.0,0.0,0.0,0.0,0.0,0.0,0.0,0.0,0.0666666666666666,0.0,0.0,0.0,0.0,0.4007890843333884,0.2829705505761845,0.4818181818181817,0.0,0.6363636363636364,0.5,,0.6666666666666666,0.6666666666666666,,0.1818181818181818,1.0,,,1
-5.294506403824749,0.7245166712660975,-0.9670378211511754,-0.3085839893517692,-0.2754739450858945,0.7375717722716258,-0.2667587296064731,-0.2223880737784693,-0.9221770838721786,-0.1301573427168258,Spyware-TIBS-4f4091323fa48a901e1e188199a12a30ff363129ad53d4a08d68528c666b1e68-5.raw,0.0,0.0,0.6184864665807401,,0.6330109055232009,0.041081081081081,0.7909090909090911,0.0121396054628224,0.6073090986870919,,0.1626928471248246,0.0162064825930372,0.0,0.0328185328185328,0.0114942528735632,0.0181818181818181,0.0203488372093023,0.0196078431372549,0.010752688172043,0.0610687022900763,0.2142857142857142,0.140625,0.2142857142857142,0.4724320173716093,0.3901419099051962,0.4724320173716093,0.0,0.0,0.0,0.0,0.0,0.0,0.0,0.0,0.0,0.0,0.0666666666666666,0.0,0.0,0.0,0.0,0.4007890843333884,0.2829705505761845,0.4818181818181817,0.0,0.6363636363636364,0.5,,0.6666666666666666,0.6666666666666666,,0.1818181818181818,1.0,,,1
-0.2654396797199791,-3.524424213686139,2.005373372234112,0.290435125666477,0.0088277083747734,-0.311072263287263,0.3852471554860962,0.3716871813222959,0.0788320192600294,0.1091414712189061,Spyware-TIBS-0cfbc1046bbbe2d1603df1fedde6652a4542e1ec4f2c0df4ab1d426ff60ba715-9.raw,0.1764705882352941,0.1428571428571428,0.6339532314490886,,0.9292335945459808,0.3772972972972973,0.91638198757764,0.5141990028181227,0.924277522251631,,0.2678821879382889,0.6506602641056423,0.2962962962962963,0.4362934362934363,0.4850574712643678,0.2363636363636363,0.4651162790697674,0.5098039215686274,0.3709677419354839,0.4274809160305343,0.3809523809523809,0.359375,0.3809523809523809,0.4168218060056705,0.3390281267277534,0.4168218060056705,0.0112359550561797,4.630058338735068e-05,0.0112359550561797,0.0,0.0,0.0,0.0,0.0,0.0,0.0,0.0666666666666666,0.0,0.0,0.0,0.0,0.2327563936967193,0.1830985915492957,0.2894957983193275,1.0,1.0,1.0,,1.0,1.0,,0.7272727272727273,1.0,,,1
-0.9561405757013606,-3.602212865730161,2.588475040619649,0.7500261390612576,-0.0395747586778658,-0.4336663563949426,0.3114121869042783,0.1281830924710292,0.1770035438099078,0.1190285905309455,Spyware-TIBS-3fa74a3335d8bb79d987b491455387ad398bccb2332470a47679b5e78c2183d8-7.raw,0.1470588235294117,0.0714285714285714,0.7032672517850201,,0.9907515721907992,0.3448648648648648,0.9503220611916272,0.4981573813136787,0.9901038654641766,,0.2636746143057503,0.6422569027611045,0.2592592592592592,0.4227799227799227,0.5011494252873563,0.2,0.4331395348837209,0.4509803921568627,0.3494623655913978,0.4274809160305343,0.3333333333333333,0.296875,0.3333333333333333,0.3634562067807559,0.2332154601568117,0.3634562067807559,0.0112359550561797,4.630058338735068e-05,0.0112359550561797,0.0,0.0,0.0,0.0,0.0,0.0,0.0,0.0666666666666666,0.0,0.0,0.0,0.0,0.2555756479807115,0.1966614501825767,0.3156136528685546,1.0,1.0,1.0,,1.0,1.0,,0.7272727272727273,1.0,,,1
-0.1956664856528751,-3.834140302480771,2.4451331493646555,0.5450729017057045,-0.0109648023854953,-0.6286906891167818,0.3675431380969678,0.1892219765465704,-0.1695088435111647,0.1012971441515335,Spyware-TIBS-03d5ee287fdddbfbc90cd0547b7dd0dffe3f47af2095015eca70cafb4d1ae254-10.raw,0.1764705882352941,0.1428571428571428,0.6177499539679617,,0.950616973371404,0.4097297297297297,0.9839285714285714,0.5289399523086928,0.9471584700248667,,0.2636746143057503,0.6566626650660264,0.2962962962962963,0.4459459459459459,0.4850574712643678,0.2363636363636363,0.6918604651162791,0.5098039215686274,0.3709677419354839,0.4503816793893129,0.3809523809523809,0.34375,0.3809523809523809,0.3849663257870951,0.2418309410358664,0.3849663257870951,0.0112359550561797,4.630058338735068e-05,0.0112359550561797,0.0,0.0,0.0,0.0,0.0,0.0,0.0,0.0666666666666666,0.0,0.0,0.0,0.0,0.2327563936967193,0.1830985915492957,0.2894957983193275,1.0,1.0,1.0,,1.0,1.0,,0.8181818181818182,1.0,,,1
-0.2419285383188762,-3.841941762653576,2.4803595261056097,0.5966355375013541,-0.0084160150883459,-0.6917491925852898,0.3293446751225833,0.1931487565027638,-0.0807852549774925,0.0966411754431367,Spyware-TIBS-3a9761469b4af524762205221f937a180f559960410e9f87fbfe6f68d9eb2adf-9.raw,0.1764705882352941,0.1428571428571428,0.6299024120788067,,0.967283430397102,0.414054054054054,0.9929347826086958,0.5404292217645784,0.9649921499069484,,0.2664796633941094,0.6656662665066027,0.2962962962962963,0.4459459459459459,0.503448275862069,0.2363636363636363,0.6918604651162791,0.5098039215686274,0.3709677419354839,0.465648854961832,0.3809523809523809,0.34375,0.3809523809523809,0.3808289981733425,0.2345716518677132,0.3808289981733425,0.0112359550561797,4.630058338735068e-05,0.0112359550561797,0.0,0.0,0.0,0.0,0.0,0.0,0.0,0.0666666666666666,0.0,0.0,0.0,0.0,0.2327563936967193,0.1830985915492957,0.2894957983193275,1.0,1.0,1.0,,1.0,1.0,,0.7272727272727273,1.0,,,1
-0.959671078236544,-3.5408434568773197,2.4861020707435824,0.6783825854123949,-0.0470783244152351,-0.3101782332071549,0.3447456245238436,0.1123181245520826,0.0174348306350863,0.0644436607444696,Spyware-TIBS-4f4091323fa48a901e1e188199a12a30ff363129ad53d4a08d68528c666b1e68-7.raw,0.1470588235294117,0.0714285714285714,0.6696604540463869,,0.9767289207170464,0.3394594594594594,0.938647342995169,0.4888358985475829,0.9750991480791128,,0.2622720897615708,0.6284513805522209,0.2592592592592592,0.4227799227799227,0.464367816091954,0.2,0.4331395348837209,0.4509803921568627,0.3494623655913978,0.4122137404580153,0.3333333333333333,0.296875,0.3333333333333333,0.3688370824387161,0.2427740071603362,0.3688370824387161,0.0112359550561797,4.630058338735068e-05,0.0112359550561797,0.0,0.0,0.0,0.0,0.0,0.0,0.0,0.0666666666666666,0.0,0.0,0.0,0.0,0.2555756479807115,0.1966614501825767,0.3156136528685546,1.0,1.0,1.0,,1.0,1.0,,0.7272727272727273,1.0,,,1
-5.280654926677469,0.6587187618002991,-0.8551697674641563,-0.2283155553064152,-0.2567568412195146,0.5643815894938019,-0.3344840528164038,-0.1228401009719568,-0.5945155863291137,-0.010315848927602,Spyware-TIBS-4d5aa73b369603d2d1e968ddb66faebb6ce7fd90156f8f9b703abadc446598b8-4.raw,0.0,0.0,0.6751979377646842,,0.6618270096087986,0.041081081081081,0.7909090909090911,0.0277476696293084,0.6381433170766939,,0.1626928471248246,0.0306122448979591,0.0,0.0328185328185328,0.0827586206896551,0.0181818181818181,0.0203488372093023,0.0196078431372549,0.010752688172043,0.0610687022900763,0.2142857142857142,0.140625,0.2142857142857142,0.4724320173716093,0.3901419099051962,0.4724320173716093,0.0,0.0,0.0,0.0,0.0,0.0,0.0,0.0,0.0,0.0,0.0666666666666666,0.0,0.0,0.0,0.0,0.4007890843333884,0.2829705505761845,0.4818181818181817,0.0,0.6363636363636364,0.5,,0.6666666666666666,0.6666666666666666,,0.1818181818181818,1.0,,,1
-5.298146010376784,0.7193715820087955,-0.9560968953306233,-0.3003409900172265,-0.2737321848325053,0.7226222884934582,-0.2749770056136227,-0.2116530918721654,-0.8893790600651574,-0.1196655632606386,Spyware-TIBS-4be371dc9c56aee4db39813c6f66bf51613aeb5f82eef40bda40c2024339e79c-5.raw,0.0,0.0,0.6287976431596394,,0.6354122475303341,0.041081081081081,0.7909090909090911,0.0134402774766962,0.6098786168862255,,0.1626928471248246,0.017406962785114,0.0,0.0328185328185328,0.0160919540229885,0.0181818181818181,0.0203488372093023,0.0196078431372549,0.010752688172043,0.0610687022900763,0.2142857142857142,0.140625,0.2142857142857142,0.4724320173716093,0.3901419099051962,0.4724320173716093,0.0,0.0,0.0,0.0,0.0,0.0,0.0,0.0,0.0,0.0,0.0666666666666666,0.0,0.0,0.0,0.0,0.4007890843333884,0.2829705505761845,0.4818181818181817,0.0,0.6363636363636364,0.5,,0.6666666666666666,0.6666666666666666,,0.1818181818181818,1.0,,,1
-5.091077759436841,0.6947650665857985,-1.0273123046018982,-0.359442848915644,-0.2378953742710818,0.5758170792692153,-0.4380341716323526,0.3805572393949177,-0.7244309909866898,-0.0100384825822064,Spyware-TIBS-4d5aa73b369603d2d1e968ddb66faebb6ce7fd90156f8f9b703abadc446598b8-6.raw,0.0,0.0,0.659731172896336,,0.6850399823444187,0.0443243243243243,0.7995059288537549,0.0403208324300888,0.6629819930016508,,0.1683029453015427,0.0690276110444177,0.0,0.0386100386100386,0.064367816091954,0.0181818181818181,0.0203488372093023,0.0196078431372549,0.021505376344086,0.0610687022900763,0.238095238095238,0.15625,0.238095238095238,0.523978816875774,0.4344045308964054,0.523978816875774,0.0,0.0,0.0,0.0,0.0,0.0,0.0,0.0,0.0,0.0,0.0666666666666666,0.0,0.0,0.0,0.0,0.4007890843333884,0.2829705505761845,0.4818181818181817,0.0,0.6363636363636364,0.5,,0.6666666666666666,0.6666666666666666,,0.1818181818181818,1.0,,,1
0.5054948399287945,-3.94435225237243,2.174851368839259,0.3263887850024168,0.0282255757899704,-0.8060277333102998,0.377575177633349,0.2961243933021153,-0.2908881203047308,0.0273075597933652,Spyware-TIBS-4e65b0d172187e6938edfb8f499cde610cc5a34985b4ba9b309e5c7069e7b8bd-10.raw,0.2058823529411764,0.1428571428571428,0.5615972164902635,,0.920233490882136,0.4637837837837837,0.9934782608695656,0.5647084326902233,0.9146471030570132,,0.2791023842917251,0.6764705882352942,0.3333333333333333,0.4671814671814672,0.4873563218390804,0.3454545454545454,0.7034883720930233,0.5686274509803921,0.4516129032258064,0.6335877862595419,0.4285714285714285,0.390625,0.4285714285714285,0.4146516514157817,0.2672319393056032,0.4146516514157817,0.0112359550561797,4.630058338735068e-05,0.0112359550561797,0.0,0.0,0.0,0.0,0.0,0.0,0.0,0.0666666666666666,0.0,0.0,0.0,0.0,0.2115108810874854,0.1704711024769306,0.2651791751183234,1.0,1.0,1.0,,1.0,1.0,,0.7272727272727273,1.0,,,1
-5.283709974235716,0.3902131823193011,-0.3809090242920819,0.1575154201894706,-0.1755683789539771,-0.1678959393035931,-0.650330406692381,0.3337172595071736,0.8452087470606606,0.4632736321369441,Spyware-TIBS-1f1f72fe1f6c70cc59e2a4c2b95df0da7c4eb26381c2eed8445227f40db3f7a1-2.raw,0.0,0.0,1.0,,0.7822943336333106,0.041081081081081,0.7909090909090911,0.0929980489919791,0.7670474800665575,,0.1837307152875175,0.0822328931572629,0.0,0.0328185328185328,0.3563218390804598,0.0181818181818181,0.0203488372093023,0.0196078431372549,0.0161290322580645,0.0610687022900763,0.2142857142857142,0.140625,0.2142857142857142,0.4724320173716093,0.3901419099051962,0.4724320173716093,0.0,0.0,0.0,0.0,0.0,0.0,0.0,0.0,0.0,0.0,0.0666666666666666,0.0,0.0,0.0,0.0,0.4007890843333884,0.2829705505761845,0.4818181818181817,0.0,0.6363636363636364,0.5,,0.6666666666666666,0.6666666666666666,,0.1818181818181818,1.0,,,1
-5.292962442268386,0.40813075175677,-0.4069697604145614,0.126838558392723,-0.1811944001360895,-0.1175808777511881,-0.6316739512166596,0.3055139309224401,0.753825644512785,0.440563570506731,Spyware-TIBS-3fa74a3335d8bb79d987b491455387ad398bccb2332470a47679b5e78c2183d8-2.raw,0.0,0.0,0.9793776468422024,,0.7754905312797666,0.041081081081081,0.7909090909090911,0.0893128116193366,0.7597671785023459,,0.1767180925666199,0.0798319327731092,0.0,0.0328185328185328,0.3379310344827586,0.0181818181818181,0.0203488372093023,0.0196078431372549,0.010752688172043,0.0610687022900763,0.2142857142857142,0.140625,0.2142857142857142,0.4724320173716093,0.3901419099051962,0.4724320173716093,0.0,0.0,0.0,0.0,0.0,0.0,0.0,0.0,0.0,0.0,0.0666666666666666,0.0,0.0,0.0,0.0,0.4007890843333884,0.2829705505761845,0.4818181818181817,0.0,0.6363636363636364,0.5,,0.6666666666666666,0.6666666666666666,,0.1818181818181818,1.0,,,1
-5.288345330643581,0.4203170283278359,-0.4311795379379719,0.1091618288817315,-0.1851651339143363,-0.0832453450068982,-0.614381039220494,0.2826135155033429,0.6810763005477404,0.4163147771928404,Spyware-TIBS-0cfbc1046bbbe2d1603df1fedde6652a4542e1ec4f2c0df4ab1d426ff60ba715-2.raw,0.0,0.0,0.9587552936844044,,0.7702876235976448,0.041081081081081,0.7909090909090911,0.08649468892261,0.75419988907089,,0.1767180925666199,0.0756302521008403,0.0,0.0328185328185328,0.3264367816091954,0.0181818181818181,0.0203488372093023,0.0196078431372549,0.010752688172043,0.0610687022900763,0.2142857142857142,0.140625,0.2142857142857142,0.4724320173716093,0.3901419099051962,0.4724320173716093,0.0,0.0,0.0,0.0,0.0,0.0,0.0,0.0,0.0,0.0,0.0666666666666666,0.0,0.0,0.0,0.0,0.4007890843333884,0.2829705505761845,0.4818181818181817,0.0,0.6363636363636364,0.5,,0.6666666666666666,0.6666666666666666,,0.1818181818181818,1.0,,,1
-0.975495677859464,-3.5402447030830864,2.48717604497755,0.6763560068380162,-0.0567170558998992,-0.2745153878655748,0.3711863029345497,0.038741852718954,-0.1166784999398353,0.0117681591850899,Spyware-TIBS-4e65b0d172187e6938edfb8f499cde610cc5a34985b4ba9b309e5c7069e7b8bd-8.raw,0.1470588235294117,0.0714285714285714,0.6528570551770698,,0.9653151346337596,0.3448648648648648,0.9503220611916272,0.4812486451333189,0.9628860060215036,,0.2622720897615708,0.6218487394957983,0.2592592592592592,0.4247104247104247,0.4367816091954023,0.2,0.4331395348837209,0.4509803921568627,0.3494623655913978,0.4274809160305343,0.3333333333333333,0.296875,0.3333333333333333,0.3634562067807559,0.2332154601568117,0.3634562067807559,0.0112359550561797,4.630058338735068e-05,0.0112359550561797,0.0,0.0,0.0,0.0,0.0,0.0,0.0,0.0666666666666666,0.0,0.0,0.0,0.0,0.2555756479807115,0.1966614501825767,0.3156136528685546,1.0,1.0,1.0,,1.0,1.0,,0.7272727272727273,1.0,,,1
-4.248802094331585,5.422180018962347,2.9361820581930007,0.905581375229187,-0.4776737420612031,-0.3222076480447823,0.2582287027480803,0.4211490229061583,1.0588067090853217,-0.6687627410964903,Spyware-TIBS-3fa74a3335d8bb79d987b491455387ad398bccb2332470a47679b5e78c2183d8-1.raw,0.0,0.0,0.9742220585527528,,0.7654849395833784,0.0389189189189189,0.7851778656126482,0.0838933448948623,0.7490608526726228,,0.1739130434782608,0.0678271308523409,0.0,0.0173745173745173,0.335632183908046,0.0181818181818181,0.0203488372093023,0.0196078431372549,0.010752688172043,0.0610687022900763,0.1904761904761904,0.125,0.1904761904761904,0.4189987635880066,0.3429125217635632,0.4189987635880066,0.0,0.0,0.0,0.0,0.2,0.0,0.1538461538461538,0.2,0.1538461538461538,0.2,0.1333333333333333,0.4416666666666666,0.0,0.3397435897435896,0.4416666666666666,0.6948462929475591,0.6713615023474178,0.5715686274509806,0.0,0.6363636363636364,0.5,,0.6666666666666666,0.6666666666666666,,0.1818181818181818,1.0,,,1
-5.304492436931407,0.7238918738938517,-0.962654567821862,-0.3050522074835789,-0.2755086034477597,0.7372200965522121,-0.2714987558826017,-0.2167359794661255,-0.9196437777968997,-0.1316961735575257,Spyware-TIBS-1f1f72fe1f6c70cc59e2a4c2b95df0da7c4eb26381c2eed8445227f40db3f7a1-5.raw,0.0,0.0,0.6287976431596394,,0.633811352858912,0.041081081081081,0.7909090909090911,0.0125731628007804,0.6081656047534697,,0.1626928471248246,0.0180072028811524,0.0,0.0328185328185328,0.0068965517241379,0.0181818181818181,0.0203488372093023,0.0196078431372549,0.010752688172043,0.0610687022900763,0.2142857142857142,0.140625,0.2142857142857142,0.4724320173716093,0.3901419099051962,0.4724320173716093,0.0,0.0,0.0,0.0,0.0,0.0,0.0,0.0,0.0,0.0,0.0666666666666666,0.0,0.0,0.0,0.0,0.4007890843333884,0.2829705505761845,0.4818181818181817,0.0,0.6363636363636364,0.5,,0.6666666666666666,0.6666666666666666,,0.1818181818181818,1.0,,,1
-5.283854677287877,0.3970058543416438,-0.3974970642883503,0.1464593252792168,-0.1795343501426473,-0.1393157374866923,-0.634863790392433,0.3197843643399098,0.7735801045613557,0.4404104367478791,Spyware-TIBS-3ba4be964cd4c7a5ef3da7abfed484aacf492d7eb879c54e79db734db7a1f3cf-2.raw,0.0,0.0,0.9793776468422024,,0.7814938862975995,0.041081081081081,0.7909090909090911,0.0925644916540212,0.7661909740001797,,0.1837307152875175,0.081032412965186,0.0,0.0328185328185328,0.3448275862068966,0.0181818181818181,0.0203488372093023,0.0196078431372549,0.010752688172043,0.0610687022900763,0.2142857142857142,0.140625,0.2142857142857142,0.4724320173716093,0.3901419099051962,0.4724320173716093,0.0,0.0,0.0,0.0,0.0,0.0,0.0,0.0,0.0,0.0,0.0666666666666666,0.0,0.0,0.0,0.0,0.4007890843333884,0.2829705505761845,0.4818181818181817,0.0,0.6363636363636364,0.5,,0.6666666666666666,0.6666666666666666,,0.1818181818181818,1.0,,,1
-0.9828789637773994,-3.531817416944548,2.4665429991442607,0.6590371722408385,-0.0686823170237646,-0.2125216626115247,0.4059646956122877,-0.0267628384792672,-0.3136240122722666,-0.0584885634991451,Spyware-TIBS-0f624c1b97ad1d04f9173ecb49bb1ac94277c66c6879746033efa0d49952742a-9.raw,0.1470588235294117,0.0714285714285714,0.6192502574384364,,0.9561841057671298,0.3481081081081081,0.9573268921095008,0.4751788424019076,0.9531154923754156,,0.2622720897615708,0.6182472989195679,0.2592592592592592,0.4247104247104247,0.3977011494252873,0.2,0.4331395348837209,0.4509803921568627,0.3494623655913978,0.4427480916030534,0.3333333333333333,0.296875,0.3333333333333333,0.3602483604917942,0.2275170661625533,0.3602483604917942,0.0112359550561797,4.630058338735068e-05,0.0112359550561797,0.0,0.0,0.0,0.0,0.0,0.0,0.0,0.0666666666666666,0.0,0.0,0.0,0.0,0.2555756479807115,0.1966614501825767,0.3156136528685546,1.0,1.0,1.0,,1.0,1.0,,0.7272727272727273,1.0,,,1
-5.282754019760076,0.4398508838723227,-0.4622590106058067,0.0842728146007451,-0.1879424836329179,-0.0459193050348792,-0.5976886401267513,0.2524381213204172,0.6347362296440998,0.4014437595141646,Spyware-TIBS-03d5ee287fdddbfbc90cd0547b7dd0dffe3f47af2095015eca70cafb4d1ae254-3.raw,0.0,0.0,0.943288528816056,,0.7594815845655458,0.041081081081081,0.7909090909090911,0.0806416648601777,0.7426370571747893,,0.1753155680224404,0.0696278511404561,0.0,0.0328185328185328,0.3195402298850575,0.0181818181818181,0.0203488372093023,0.0196078431372549,0.010752688172043,0.0610687022900763,0.2142857142857142,0.140625,0.2142857142857142,0.4724320173716093,0.3901419099051962,0.4724320173716093,0.0,0.0,0.0,0.0,0.0,0.0,0.0,0.0,0.0,0.0,0.0666666666666666,0.0,0.0,0.0,0.0,0.4007890843333884,0.2829705505761845,0.4818181818181817,0.0,0.6363636363636364,0.5,,0.6666666666666666,0.6666666666666666,,0.1818181818181818,1.0,,,1
-4.838950310972546,2.7743163388736636,1.2687050644357496,0.4880711913617141,-0.3131910178000126,-0.3325477440773547,0.1430668465863513,0.0767516973972175,1.0443939639084343,-0.5160866010344568,Spyware-TIBS-4f4091323fa48a901e1e188199a12a30ff363129ad53d4a08d68528c666b1e68-1.raw,0.0,0.0,0.9484441171055056,,0.7618829265726788,0.0389189189189189,0.7851778656126482,0.0819423368740516,0.7452065753739227,,0.1739130434782608,0.0654261704681872,0.0,0.0173745173745173,0.3241379310344827,0.0181818181818181,0.0203488372093023,0.0196078431372549,0.010752688172043,0.0610687022900763,0.1904761904761904,0.125,0.1904761904761904,0.4189987635880066,0.3429125217635632,0.4189987635880066,0.0,0.0,0.0,0.0,0.1,0.0,0.0769230769230769,0.1,0.0769230769230769,0.1,0.0666666666666666,0.2304347826086956,0.0,0.177257525083612,0.2304347826086956,0.554210236653825,0.4856093080220452,0.4427962489343561,0.0,0.6363636363636364,0.5,,0.6666666666666666,0.6666666666666666,,0.1818181818181818,1.0,,,1
-0.976452401222646,-3.5435347345079737,2.491766662950509,0.679779538294997,-0.0567009286524283,-0.2787361740045146,0.3696287846575837,0.0430195150656347,-0.11720209436474,0.0119538970065032,Spyware-TIBS-5d380e4063a71521883a8c322328dbdaf828d587613fcb87fff06f1250696a27-8.raw,0.1470588235294117,0.0714285714285714,0.6528570551770698,,0.9675978918504168,0.3448648648648648,0.9503220611916272,0.4827660958161717,0.9653286344330252,,0.2622720897615708,0.6218487394957983,0.2592592592592592,0.4247104247104247,0.4367816091954023,0.2,0.4331395348837209,0.4509803921568627,0.3494623655913978,0.4274809160305343,0.3333333333333333,0.296875,0.3333333333333333,0.3634562067807559,0.2332154601568117,0.3634562067807559,0.0112359550561797,4.630058338735068e-05,0.0112359550561797,0.0,0.0,0.0,0.0,0.0,0.0,0.0,0.0666666666666666,0.0,0.0,0.0,0.0,0.2555756479807115,0.1966614501825767,0.3156136528685546,1.0,1.0,1.0,,1.0,1.0,,0.7272727272727273,1.0,,,1
-0.9365567314351672,-3.5378713625909426,2.4526478443564024,0.6302309944475478,-0.0632071563344895,-0.1977462584028702,0.4150407503710677,0.0410017286975911,-0.2844392012910106,-0.0138623642687646,Spyware-TIBS-1f1f72fe1f6c70cc59e2a4c2b95df0da7c4eb26381c2eed8445227f40db3f7a1-8.raw,0.1470588235294117,0.0714285714285714,0.6318528065904236,,0.9555318894195132,0.3405405405405405,0.9409822866344602,0.4747452850639497,0.952417598543552,,0.2622720897615708,0.6152460984393757,0.2592592592592592,0.4247104247104247,0.4,0.2,0.4331395348837209,0.4509803921568627,0.3494623655913978,0.4122137404580153,0.3333333333333333,0.296875,0.3333333333333333,0.3677574413646678,0.2408561408855519,0.3677574413646678,0.0112359550561797,4.630058338735068e-05,0.0112359550561797,0.0,0.0,0.0,0.0,0.0,0.0,0.0,0.0666666666666666,0.0,0.0,0.0,0.0,0.2555756479807115,0.1966614501825767,0.3156136528685546,1.0,1.0,1.0,,1.0,1.0,,0.8181818181818182,1.0,,,1
-4.898903690229953,5.9609688763014805,3.3983054764226974,1.654404923554875,19.91193453894035,0.134228622227237,0.2351263001497004,-0.1107350130549317,-0.0862924446222795,-0.1465768970978256,Spyware-TIBS-1f1f72fe1f6c70cc59e2a4c2b95df0da7c4eb26381c2eed8445227f40db3f7a1-1.raw,0.0,0.0,0.9896888234211012,,0.7714882946012113,0.0389189189189189,0.7851778656126482,0.0871450249295469,0.7554846481704566,,0.1767180925666199,0.0714285714285714,0.0,0.0173745173745173,0.3494252873563218,0.0181818181818181,0.0203488372093023,0.0196078431372549,0.010752688172043,0.0610687022900763,0.1904761904761904,0.125,0.1904761904761904,0.4189987635880066,0.3429125217635632,0.4189987635880066,0.0,0.0,0.0,0.0,0.2,1.0,0.0769230769230769,0.2,0.1538461538461538,0.2,0.1333333333333333,0.4416666666666666,0.958333333333332,0.1698717948717946,0.4416666666666666,0.6948462929475591,0.6713615023474178,0.5715686274509806,0.0,0.6363636363636364,0.5,,0.6666666666666666,0.6666666666666666,,0.1818181818181818,1.0,,,1
-5.281912254156316,0.4160323339856365,-0.4219070832571115,0.113221241268253,-0.1821326790196625,-0.1037064237939429,-0.6214579450836977,0.2888428175109568,0.7362205836090004,0.4383626885321238,Spyware-TIBS-4d5aa73b369603d2d1e968ddb66faebb6ce7fd90156f8f9b703abadc446598b8-3.raw,0.0,0.0,0.963910881973854,,0.7706878472655002,0.041081081081081,0.7909090909090911,0.0867114675915889,0.7546281421040788,,0.1753155680224404,0.0756302521008403,0.0,0.0328185328185328,0.3402298850574712,0.0181818181818181,0.0203488372093023,0.0196078431372549,0.010752688172043,0.0610687022900763,0.2142857142857142,0.140625,0.2142857142857142,0.4724320173716093,0.3901419099051962,0.4724320173716093,0.0,0.0,0.0,0.0,0.0,0.0,0.0,0.0,0.0,0.0,0.0666666666666666,0.0,0.0,0.0,0.0,0.4007890843333884,0.2829705505761845,0.4818181818181817,0.0,0.6363636363636364,0.5,,0.6666666666666666,0.6666666666666666,,0.1818181818181818,1.0,,,1
-4.245244752439627,5.409092799025022,2.957917020363896,0.920935322617762,-0.4740857529842983,-0.3558331644183655,0.2454563457818757,0.4402034677887791,1.120862775359471,-0.645726798292847,Spyware-TIBS-3b63fad1545031b6e3e133a2f900fb18873bbee514e0b3ce8417d33afe1bce31-1.raw,0.0,0.0,0.9845332351316516,,0.7710880709333559,0.0389189189189189,0.7851778656126482,0.0869282462605679,0.7550563951372679,,0.1739130434782608,0.0714285714285714,0.0,0.0173745173745173,0.3494252873563218,0.0181818181818181,0.0203488372093023,0.0196078431372549,0.010752688172043,0.0610687022900763,0.1904761904761904,0.125,0.1904761904761904,0.4189987635880066,0.3429125217635632,0.4189987635880066,0.0,0.0,0.0,0.0,0.2,0.0,0.1538461538461538,0.2,0.1538461538461538,0.2,0.1333333333333333,0.4416666666666666,0.0,0.3397435897435896,0.4416666666666666,0.6948462929475591,0.6713615023474178,0.5715686274509806,0.0,0.6363636363636364,0.5,,0.6666666666666666,0.6666666666666666,,0.1818181818181818,1.0,,,1
-5.097549967298679,0.7025463626814059,-1.035921028053472,-0.3648272415224445,-0.2384418003436597,0.5878514812521441,-0.4368176237926535,0.3743528725133223,-0.729071355621393,-0.0145644555618971,Spyware-TIBS-4e65b0d172187e6938edfb8f499cde610cc5a34985b4ba9b309e5c7069e7b8bd-6.raw,0.0,0.0,0.6648867611857852,,0.6810377456658636,0.0443243243243243,0.7995059288537549,0.0381530457402991,0.6586994626697619,,0.1683029453015427,0.0666266506602641,0.0,0.0386100386100386,0.0597701149425287,0.0181818181818181,0.0203488372093023,0.0196078431372549,0.021505376344086,0.0610687022900763,0.238095238095238,0.15625,0.238095238095238,0.523978816875774,0.4344045308964054,0.523978816875774,0.0,0.0,0.0,0.0,0.0,0.0,0.0,0.0,0.0,0.0,0.0666666666666666,0.0,0.0,0.0,0.0,0.4007890843333884,0.2829705505761845,0.4818181818181817,0.0,0.6363636363636364,0.5,,0.6666666666666666,0.6666666666666666,,0.1818181818181818,1.0,,,1
-5.29943678769054,0.7283837328208213,-0.9697202085584032,-0.3092428729653718,-0.275161833067941,0.7400454607037471,-0.2683876050546772,-0.223183028499189,-0.9117389577934714,-0.1287488770989532,Spyware-TIBS-1efdeb94cc56a153cab3066f602f5eb47a42fdf70441069ac36bc090e294ba26-5.raw,0.0,0.0,0.6236420548701895,,0.6314100108517788,0.041081081081081,0.7909090909090911,0.0112724907869065,0.6055960865543362,,0.1626928471248246,0.0120048019207683,0.0,0.0328185328185328,0.0114942528735632,0.0181818181818181,0.0203488372093023,0.0196078431372549,0.010752688172043,0.0610687022900763,0.2142857142857142,0.140625,0.2142857142857142,0.4724320173716093,0.3901419099051962,0.4724320173716093,0.0,0.0,0.0,0.0,0.0,0.0,0.0,0.0,0.0,0.0,0.0666666666666666,0.0,0.0,0.0,0.0,0.4007890843333884,0.2829705505761845,0.4818181818181817,0.0,0.6363636363636364,0.5,,0.6666666666666666,0.6666666666666666,,0.1818181818181818,1.0,,,1
-4.852092161892368,2.772432658715696,1.2837905142458557,0.5014593263943032,-0.3085871573683399,-0.3585939871346315,0.1238904243500336,0.0943728042647746,1.138356857236579,-0.4890882121832976,Spyware-TIBS-1efdeb94cc56a153cab3066f602f5eb47a42fdf70441069ac36bc090e294ba26-1.raw,0.0,0.0,0.9793776468422024,,0.7618829265726788,0.0389189189189189,0.7851778656126482,0.0819423368740516,0.7452065753739227,,0.1739130434782608,0.0618247298919567,0.0,0.0173745173745173,0.335632183908046,0.0181818181818181,0.0203488372093023,0.0196078431372549,0.010752688172043,0.0610687022900763,0.1904761904761904,0.125,0.1904761904761904,0.4189987635880066,0.3429125217635632,0.4189987635880066,0.0,0.0,0.0,0.0,0.1,0.0,0.0769230769230769,0.1,0.0769230769230769,0.1,0.0666666666666666,0.2304347826086956,0.0,0.177257525083612,0.2304347826086956,0.554210236653825,0.4856093080220452,0.4427962489343561,0.0,0.6363636363636364,0.5,,0.6666666666666666,0.6666666666666666,,0.1818181818181818,1.0,,,1
0.5103140829377706,-3.9575078269990462,2.1985152022220955,0.343244239749762,0.0331580588829394,-0.8462913922796499,0.3615577551473556,0.3169535922636557,-0.2038232491884435,0.058466951452508,Spyware-TIBS-3fa74a3335d8bb79d987b491455387ad398bccb2332470a47679b5e78c2183d8-10.raw,0.2058823529411764,0.1428571428571428,0.5772417602651445,,0.9247877602060088,0.4637837837837837,0.9934782608695656,0.5679601127249079,0.9195203272277832,,0.2791023842917251,0.6800720288115246,0.3333333333333333,0.4671814671814672,0.5057471264367817,0.3454545454545454,0.7034883720930233,0.5686274509803921,0.4516129032258064,0.6335877862595419,0.4285714285714285,0.390625,0.4285714285714285,0.4146516514157817,0.2672319393056032,0.4146516514157817,0.0112359550561797,4.630058338735068e-05,0.0112359550561797,0.0,0.0,0.0,0.0,0.0,0.0,0.0,0.0666666666666666,0.0,0.0,0.0,0.0,0.2115108810874854,0.1704711024769306,0.2651791751183234,1.0,1.0,1.0,,1.0,1.0,,0.7272727272727273,1.0,,,1
-5.4563918520478865,-0.0332769475405258,-0.4677536579138751,0.0659395495018297,-0.1378380691216704,-0.3843767550288096,0.003003083244557,-0.2799424246164841,1.1305346071014022,-0.2985537253584864,Spyware-TIBS-4e65b0d172187e6938edfb8f499cde610cc5a34985b4ba9b309e5c7069e7b8bd-1.raw,0.0,0.0,0.963910881973854,,0.7622831502405344,0.0389189189189189,0.7851778656126482,0.0821591155430305,0.7456348284071117,,0.1753155680224404,0.0648259303721488,0.0,0.0173745173745173,0.3241379310344827,0.0181818181818181,0.0203488372093023,0.0196078431372549,0.010752688172043,0.0610687022900763,0.1904761904761904,0.125,0.1904761904761904,0.4189987635880066,0.3429125217635632,0.4189987635880066,0.0,0.0,0.0,0.0,0.0,0.0,0.0,0.0,0.0,0.0,0.0,0.0,0.0,0.0,0.0,0.4007890843333884,0.2829705505761845,0.3023172905525847,0.0,0.6363636363636364,0.5,,0.6666666666666666,0.6666666666666666,,0.1818181818181818,1.0,,,1
-5.259373034095423,0.4621133269693409,-0.4755672625315447,0.0494179792617026,-0.178763125603081,-0.0629035295630459,-0.6072926711583511,0.2244375636552329,0.8164311362623071,0.4798829691091901,Spyware-TIBS-3ba4be964cd4c7a5ef3da7abfed484aacf492d7eb879c54e79db734db7a1f3cf-3.raw,0.0,0.0,0.963910881973854,,0.735067940826359,0.041081081081081,0.7909090909090911,0.0674181660524604,0.7165136221502654,,0.1626928471248246,0.0726290516206482,0.0,0.0328185328185328,0.360919540229885,0.0181818181818181,0.0203488372093023,0.0196078431372549,0.010752688172043,0.0610687022900763,0.2142857142857142,0.140625,0.2142857142857142,0.4724320173716093,0.3901419099051962,0.4724320173716093,0.0,0.0,0.0,0.0,0.0,0.0,0.0,0.0,0.0,0.0,0.0666666666666666,0.0,0.0,0.0,0.0,0.4007890843333884,0.2829705505761845,0.4818181818181817,0.0,0.6363636363636364,0.5,,0.6666666666666666,0.6666666666666666,,0.1818181818181818,1.0,,,1
-5.273157045703462,0.658299716333214,-0.8587014174506767,-0.2318052040086122,-0.2575472140520393,0.568075039040279,-0.3290827640490896,-0.1278216375001543,-0.6131244060607316,-0.0143183981582061,Spyware-TIBS-3ba4be964cd4c7a5ef3da7abfed484aacf492d7eb879c54e79db734db7a1f3cf-4.raw,0.0,0.0,0.6648867611857852,,0.6618270096087986,0.041081081081081,0.7909090909090911,0.0277476696293084,0.6381433170766939,,0.1626928471248246,0.031812725090036,0.0,0.0328185328185328,0.0827586206896551,0.0181818181818181,0.0203488372093023,0.0196078431372549,0.010752688172043,0.0610687022900763,0.2142857142857142,0.140625,0.2142857142857142,0.4724320173716093,0.3901419099051962,0.4724320173716093,0.0,0.0,0.0,0.0,0.0,0.0,0.0,0.0,0.0,0.0,0.0666666666666666,0.0,0.0,0.0,0.0,0.4007890843333884,0.2829705505761845,0.4818181818181817,0.0,0.6363636363636364,0.5,,0.6666666666666666,0.6666666666666666,,0.1818181818181818,1.0,,,1
-0.9734116334195656,-3.5463271426364886,2.498561681277321,0.6844876447569245,-0.0542116232172197,-0.2942366413351742,0.3630909993244761,0.0488361832313496,-0.0720435583893737,0.0275482180495218,Spyware-TIBS-3fa74a3335d8bb79d987b491455387ad398bccb2332470a47679b5e78c2183d8-8.raw,0.1470588235294117,0.0714285714285714,0.6612587546117282,,0.9672717836766088,0.3448648648648648,0.9503220611916272,0.4825493171471927,0.9649796875170938,,0.2622720897615708,0.6236494597839136,0.2592592592592592,0.4247104247104247,0.4459770114942529,0.2,0.4331395348837209,0.4509803921568627,0.3494623655913978,0.4274809160305343,0.3333333333333333,0.296875,0.3333333333333333,0.3634562067807559,0.2332154601568117,0.3634562067807559,0.0112359550561797,4.630058338735068e-05,0.0112359550561797,0.0,0.0,0.0,0.0,0.0,0.0,0.0,0.0666666666666666,0.0,0.0,0.0,0.0,0.2555756479807115,0.1966614501825767,0.3156136528685546,1.0,1.0,1.0,,1.0,1.0,,0.7272727272727273,1.0,,,1
-5.295697272765846,0.7134033758778502,-0.9483677420958868,-0.2955685614903949,-0.2731999451038595,0.7131582355096485,-0.2774653927541555,-0.2055889414032171,-0.8831640923437811,-0.1159866510441377,Spyware-TIBS-3b63fad1545031b6e3e133a2f900fb18873bbee514e0b3ce8417d33afe1bce31-5.raw,0.0,0.0,0.6287976431596394,,0.6382138132053227,0.041081081081081,0.7909090909090911,0.0149577281595491,0.6128763881185478,,0.1626928471248246,0.0210084033613445,0.0,0.0328185328185328,0.0183908045977011,0.0181818181818181,0.0203488372093023,0.0196078431372549,0.010752688172043,0.0610687022900763,0.2142857142857142,0.140625,0.2142857142857142,0.4724320173716093,0.3901419099051962,0.4724320173716093,0.0,0.0,0.0,0.0,0.0,0.0,0.0,0.0,0.0,0.0,0.0666666666666666,0.0,0.0,0.0,0.0,0.4007890843333884,0.2829705505761845,0.4818181818181817,0.0,0.6363636363636364,0.5,,0.6666666666666666,0.6666666666666666,,0.1818181818181818,1.0,,,1
-0.968140516262342,-3.4968925405619733,2.4122666207275505,0.625858465875898,-0.0589418448629189,-0.1983414887353449,0.388715411029934,0.0469850467283564,-0.1884845994748604,-0.0112151173451554,Spyware-TIBS-4f4091323fa48a901e1e188199a12a30ff363129ad53d4a08d68528c666b1e68-8.raw,0.1470588235294117,0.0714285714285714,0.6318528065904236,,0.9578146466361712,0.3394594594594594,0.938647342995169,0.4762627357468025,0.9548602269550744,,0.2622720897615708,0.6152460984393757,0.2592592592592592,0.4247104247104247,0.4206896551724138,0.2,0.4331395348837209,0.4509803921568627,0.3494623655913978,0.4122137404580153,0.3333333333333333,0.296875,0.3333333333333333,0.3688370824387161,0.2427740071603362,0.3688370824387161,0.0112359550561797,4.630058338735068e-05,0.0112359550561797,0.0,0.0,0.0,0.0,0.0,0.0,0.0,0.0666666666666666,0.0,0.0,0.0,0.0,0.2555756479807115,0.1966614501825767,0.3156136528685546,1.0,1.0,1.0,,1.0,1.0,,0.7272727272727273,1.0,,,1
-5.275611734101779,0.4094394300137755,-0.4094916360013917,0.1214396349261247,-0.1785418935267797,-0.1289722852566994,-0.6309378116845012,0.2989738978858896,0.799264020504397,0.4611260673338179,Spyware-TIBS-3b63fad1545031b6e3e133a2f900fb18873bbee514e0b3ce8417d33afe1bce31-3.raw,0.0,0.0,0.9742220585527528,,0.7714882946012113,0.041081081081081,0.7909090909090911,0.0871450249295469,0.7554846481704566,,0.1753155680224404,0.0798319327731092,0.0,0.0328185328185328,0.3540229885057471,0.0181818181818181,0.0203488372093023,0.0196078431372549,0.010752688172043,0.0610687022900763,0.2142857142857142,0.140625,0.2142857142857142,0.4724320173716093,0.3901419099051962,0.4724320173716093,0.0,0.0,0.0,0.0,0.0,0.0,0.0,0.0,0.0,0.0,0.0666666666666666,0.0,0.0,0.0,0.0,0.4007890843333884,0.2829705505761845,0.4818181818181817,0.0,0.6363636363636364,0.5,,0.6666666666666666,0.6666666666666666,,0.1818181818181818,1.0,,,1
-0.9668838541057074,-3.5330726774200056,2.4755531134647097,0.6714649595142875,-0.0489364610313406,-0.291736203566123,0.3491811143422053,0.1043214387290481,-0.0123453668784593,0.0515033342081974,Spyware-TIBS-1efdeb94cc56a153cab3066f602f5eb47a42fdf70441069ac36bc090e294ba26-7.raw,0.1470588235294117,0.0714285714285714,0.6696604540463869,,0.9737939471527728,0.3394594594594594,0.938647342995169,0.4868848905267721,0.9719586258357276,,0.2622720897615708,0.6242496998799519,0.2592592592592592,0.4247104247104247,0.4551724137931034,0.2,0.4331395348837209,0.4509803921568627,0.3494623655913978,0.4122137404580153,0.3333333333333333,0.296875,0.3333333333333333,0.3688370824387161,0.2427740071603362,0.3688370824387161,0.0112359550561797,4.630058338735068e-05,0.0112359550561797,0.0,0.0,0.0,0.0,0.0,0.0,0.0,0.0666666666666666,0.0,0.0,0.0,0.0,0.2555756479807115,0.1966614501825767,0.3156136528685546,1.0,1.0,1.0,,1.0,1.0,,0.7272727272727273,1.0,,,1
-4.834630015852906,2.754356303002918,1.3036008494501818,0.5128437684092727,-0.3069416433159839,-0.3875934793336385,0.1208953158244097,0.1077100183042503,1.154248545746348,-0.4764040704171676,Spyware-TIBS-0f624c1b97ad1d04f9173ecb49bb1ac94277c66c6879746033efa0d49952742a-1.raw,0.0,0.0,0.9690664702633032,,0.7698873999297892,0.0389189189189189,0.7851778656126482,0.086277910253631,0.7537716360377009,,0.1739130434782608,0.0714285714285714,0.0,0.0173745173745173,0.3471264367816092,0.0181818181818181,0.0203488372093023,0.0196078431372549,0.010752688172043,0.0610687022900763,0.1904761904761904,0.125,0.1904761904761904,0.4189987635880066,0.3429125217635632,0.4189987635880066,0.0,0.0,0.0,0.0,0.1,0.0,0.0769230769230769,0.1,0.0769230769230769,0.1,0.0666666666666666,0.2304347826086956,0.0,0.177257525083612,0.2304347826086956,0.554210236653825,0.4856093080220452,0.4427962489343561,0.0,0.6363636363636364,0.5,,0.6666666666666666,0.6666666666666666,,0.1818181818181818,1.0,,,1
-2.1532290344632425,-2.3137386186279603,2.231845944957771,0.6369030258300876,-0.1641613953069749,0.8893435618580847,-0.3670575879196319,0.7829782260291415,-0.4406614305941494,0.6439357212567078,Spyware-TIBS-1efdeb94cc56a153cab3066f602f5eb47a42fdf70441069ac36bc090e294ba26-6.raw,0.088235294117647,0.0,0.7224231264960411,,0.9344913900454084,0.2421621621621621,0.9380869565217396,0.346629091697377,0.9299035435276384,,0.2244039270687237,0.4417767106842737,0.1481481481481481,0.3166023166023166,0.3471264367816092,0.1272727272727272,0.3226744186046512,0.2941176470588235,0.1666666666666666,0.3206106870229007,0.3095238095238095,0.265625,0.3095238095238095,0.4267101625717797,0.3394591256899875,0.4267101625717797,0.0,0.0,0.0,0.0,0.0,0.0,0.0,0.0,0.0,0.0,0.1333333333333333,0.0,0.0,0.0,0.0,0.3066907775768539,0.2270422535211269,0.5320784313725492,1.0,1.0,1.0,,1.0,1.0,,0.5454545454545454,1.0,,,1
-5.290601023794427,0.7076614822005596,-0.9392177882720378,-0.2879215041754154,-0.2710663381740952,0.6943952880550331,-0.2826627324110596,-0.1973239501998442,-0.8447542716705516,-0.1013954108271314,Spyware-TIBS-1efdeb94cc56a153cab3066f602f5eb47a42fdf70441069ac36bc090e294ba26-4.raw,0.0,0.0,0.6287976431596394,,0.641415602548167,0.041081081081081,0.7909090909090911,0.0166919575113808,0.6163024123840593,,0.1626928471248246,0.0162064825930372,0.0,0.0328185328185328,0.0298850574712643,0.0181818181818181,0.0203488372093023,0.0196078431372549,0.010752688172043,0.0610687022900763,0.2142857142857142,0.140625,0.2142857142857142,0.4724320173716093,0.3901419099051962,0.4724320173716093,0.0,0.0,0.0,0.0,0.0,0.0,0.0,0.0,0.0,0.0,0.0666666666666666,0.0,0.0,0.0,0.0,0.4007890843333884,0.2829705505761845,0.4818181818181817,0.0,0.6363636363636364,0.5,,0.6666666666666666,0.6666666666666666,,0.1818181818181818,1.0,,,1
-5.091640879251855,0.692356822012491,-1.0202389605395166,-0.3541857773497638,-0.2357122995179077,0.5621753383972411,-0.4452027447899672,0.3873412647027397,-0.6834484745682448,0.0032755351314452,Spyware-TIBS-3fa74a3335d8bb79d987b491455387ad398bccb2332470a47679b5e78c2183d8-6.raw,0.0,0.0,0.6700423494752348,,0.6850399823444187,0.0443243243243243,0.7995059288537549,0.0403208324300888,0.6629819930016508,,0.1683029453015427,0.0702280912364946,0.0,0.0386100386100386,0.0712643678160919,0.0181818181818181,0.0203488372093023,0.0196078431372549,0.021505376344086,0.0610687022900763,0.238095238095238,0.15625,0.238095238095238,0.523978816875774,0.4344045308964054,0.523978816875774,0.0,0.0,0.0,0.0,0.0,0.0,0.0,0.0,0.0,0.0,0.0666666666666666,0.0,0.0,0.0,0.0,0.4007890843333884,0.2829705505761845,0.4818181818181817,0.0,0.6363636363636364,0.5,,0.6666666666666666,0.6666666666666666,,0.1818181818181818,1.0,,,1
-0.2434312896062197,-3.771674843625818,2.361031014851228,0.508487527450947,-0.0195137247600054,-0.5392058887360148,0.3766610303941853,0.1560283293406163,-0.3048734101357906,0.0225740264828339,Spyware-TIBS-4b3f335e9a8b663f8c39314ce147f474d53abdbd1fccdd262097b640b4a11342-10.raw,0.1764705882352941,0.1428571428571428,0.5812925796354264,,0.9481012817448836,0.4086486486486486,0.9816770186335404,0.5272057229568611,0.944466593816251,,0.2636746143057503,0.6548619447779112,0.2962962962962963,0.4459459459459459,0.4551724137931034,0.2363636363636363,0.6918604651162791,0.5098039215686274,0.3709677419354839,0.4503816793893129,0.3809523809523809,0.34375,0.3809523809523809,0.3860046145838139,0.243652706029865,0.3860046145838139,0.0112359550561797,4.630058338735068e-05,0.0112359550561797,0.0,0.0,0.0,0.0,0.0,0.0,0.0,0.0666666666666666,0.0,0.0,0.0,0.0,0.2327563936967193,0.1830985915492957,0.2894957983193275,1.0,1.0,1.0,,1.0,1.0,,0.7272727272727273,1.0,,,1
-5.27389000997174,0.6574137470274823,-0.8573247054159673,-0.2306192595343459,-0.2575587336130753,0.5668835871123893,-0.3296348976871406,-0.126375366417591,-0.6131831003740337,-0.0143390174469312,Spyware-TIBS-4b3f335e9a8b663f8c39314ce147f474d53abdbd1fccdd262097b640b4a11342-4.raw,0.0,0.0,0.6648867611857852,,0.6626274569445096,0.041081081081081,0.7909090909090911,0.0281812269672664,0.6389998231430717,,0.1626928471248246,0.0312124849939975,0.0,0.0328185328185328,0.0827586206896551,0.0181818181818181,0.0203488372093023,0.0196078431372549,0.010752688172043,0.0610687022900763,0.2142857142857142,0.140625,0.2142857142857142,0.4724320173716093,0.3901419099051962,0.4724320173716093,0.0,0.0,0.0,0.0,0.0,0.0,0.0,0.0,0.0,0.0,0.0666666666666666,0.0,0.0,0.0,0.0,0.4007890843333884,0.2829705505761845,0.4818181818181817,0.0,0.6363636363636364,0.5,,0.6666666666666666,0.6666666666666666,,0.1818181818181818,1.0,,,1
-4.84597382876999,2.7638507566029005,1.2951162765382869,0.5085933297198425,-0.3071468120469955,-0.3757202271508643,0.119669005782862,0.1030521199343952,1.159513622401396,-0.4792751108980633,Spyware-TIBS-5d380e4063a71521883a8c322328dbdaf828d587613fcb87fff06f1250696a27-1.raw,0.0,0.0,0.9793776468422024,,0.7654849395833784,0.0389189189189189,0.7851778656126482,0.0838933448948623,0.7490608526726228,,0.1739130434782608,0.0660264105642256,0.0,0.0173745173745173,0.3425287356321839,0.0181818181818181,0.0203488372093023,0.0196078431372549,0.010752688172043,0.0610687022900763,0.1904761904761904,0.125,0.1904761904761904,0.4189987635880066,0.3429125217635632,0.4189987635880066,0.0,0.0,0.0,0.0,0.1,0.0,0.0769230769230769,0.1,0.0769230769230769,0.1,0.0666666666666666,0.2304347826086956,0.0,0.177257525083612,0.2304347826086956,0.554210236653825,0.4856093080220452,0.4427962489343561,0.0,0.6363636363636364,0.5,,0.6666666666666666,0.6666666666666666,,0.1818181818181818,1.0,,,1
-5.270592797413039,0.4623605355851537,-0.4757157777365773,0.0500606011355243,-0.1810171620302399,-0.0517541795975676,-0.6059724538455483,0.22614902722242,0.7779915782408233,0.4649096260305285,Spyware-TIBS-3fa74a3335d8bb79d987b491455387ad398bccb2332470a47679b5e78c2183d8-3.raw,0.0,0.0,0.963910881973854,,0.7374692828334921,0.041081081081081,0.7909090909090911,0.0687188380663342,0.7190831403493989,,0.1626928471248246,0.0714285714285714,0.0,0.0328185328185328,0.3494252873563218,0.0181818181818181,0.0203488372093023,0.0196078431372549,0.010752688172043,0.0610687022900763,0.2142857142857142,0.140625,0.2142857142857142,0.4724320173716093,0.3901419099051962,0.4724320173716093,0.0,0.0,0.0,0.0,0.0,0.0,0.0,0.0,0.0,0.0,0.0666666666666666,0.0,0.0,0.0,0.0,0.4007890843333884,0.2829705505761845,0.4818181818181817,0.0,0.6363636363636364,0.5,,0.6666666666666666,0.6666666666666666,,0.1818181818181818,1.0,,,1
-0.9815538019631502,-3.4720474200965135,2.3744895542825586,0.6004254858648502,-0.0651336557489964,-0.1383461860062573,0.4084567608456352,0.0157688692084473,-0.290541691753831,-0.0513446036542787,Spyware-TIBS-1efdeb94cc56a153cab3066f602f5eb47a42fdf70441069ac36bc090e294ba26-8.raw,0.1470588235294117,0.0714285714285714,0.6192502574384364,,0.9480314014219248,0.3394594594594594,0.938647342995169,0.4697593756774333,0.9443918194771228,,0.2622720897615708,0.6056422569027611,0.2592592592592592,0.4247104247104247,0.3954022988505747,0.2,0.4331395348837209,0.4509803921568627,0.3494623655913978,0.4122137404580153,0.3333333333333333,0.296875,0.3333333333333333,0.3688370824387161,0.2427740071603362,0.3688370824387161,0.0112359550561797,4.630058338735068e-05,0.0112359550561797,0.0,0.0,0.0,0.0,0.0,0.0,0.0,0.0666666666666666,0.0,0.0,0.0,0.0,0.2555756479807115,0.1966614501825767,0.3156136528685546,1.0,1.0,1.0,,1.0,1.0,,0.7272727272727273,1.0,,,1
-0.2475232327723178,-3.769331355585005,2.362626884274194,0.5104623658158585,-0.0177020819205619,-0.545536186360528,0.3706084861296467,0.158860191438518,-0.2672286658396549,0.0331332437751446,Spyware-TIBS-4be371dc9c56aee4db39813c6f66bf51613aeb5f82eef40bda40c2024339e79c-10.raw,0.1764705882352941,0.1428571428571428,0.5934450377462713,,0.9459000515716782,0.4086486486486486,0.9816770186335404,0.5256882722740083,0.942111202133712,,0.2636746143057503,0.6536614645858343,0.2962962962962963,0.4459459459459459,0.4597701149425287,0.2363636363636363,0.6918604651162791,0.5098039215686274,0.3709677419354839,0.4503816793893129,0.3809523809523809,0.34375,0.3809523809523809,0.3860046145838139,0.243652706029865,0.3860046145838139,0.0112359550561797,4.630058338735068e-05,0.0112359550561797,0.0,0.0,0.0,0.0,0.0,0.0,0.0,0.0666666666666666,0.0,0.0,0.0,0.0,0.2327563936967193,0.1830985915492957,0.2894957983193275,1.0,1.0,1.0,,1.0,1.0,,0.7272727272727273,1.0,,,1
-0.9862079429159564,-3.5190939487420057,2.449275785378738,0.6498033335349765,-0.0651708510767115,-0.2074327647867044,0.3970940544827676,0.0060186302192874,-0.2653071769925599,-0.0418591496614991,Spyware-TIBS-3ba4be964cd4c7a5ef3da7abfed484aacf492d7eb879c54e79db734db7a1f3cf-8.raw,0.1470588235294117,0.0714285714285714,0.6276519568730948,,0.9587929711575954,0.3448648648648648,0.9503220611916272,0.4769130717537394,0.9559070677028692,,0.2622720897615708,0.6146458583433373,0.2592592592592592,0.4247104247104247,0.4045977011494253,0.2,0.4331395348837209,0.4509803921568627,0.3494623655913978,0.4274809160305343,0.3333333333333333,0.296875,0.3333333333333333,0.3634562067807559,0.2332154601568117,0.3634562067807559,0.0112359550561797,4.630058338735068e-05,0.0112359550561797,0.0,0.0,0.0,0.0,0.0,0.0,0.0,0.0666666666666666,0.0,0.0,0.0,0.0,0.2555756479807115,0.1966614501825767,0.3156136528685546,1.0,1.0,1.0,,1.0,1.0,,0.7272727272727273,1.0,,,1
-5.273691375667334,0.66149635294871,-0.8633590703196353,-0.2353598690450095,-0.2579848598213405,0.5744101307466193,-0.3271140122059584,-0.1320463360668485,-0.6204143956817043,-0.0173838820885527,Spyware-TIBS-0f624c1b97ad1d04f9173ecb49bb1ac94277c66c6879746033efa0d49952742a-4.raw,0.0,0.0,0.6648867611857852,,0.6598258912695207,0.041081081081081,0.7909090909090911,0.0266637762844136,0.6360020519107491,,0.1626928471248246,0.0324129651860744,0.0,0.0328185328185328,0.0804597701149425,0.0181818181818181,0.0203488372093023,0.0196078431372549,0.010752688172043,0.0610687022900763,0.2142857142857142,0.140625,0.2142857142857142,0.4724320173716093,0.3901419099051962,0.4724320173716093,0.0,0.0,0.0,0.0,0.0,0.0,0.0,0.0,0.0,0.0,0.0666666666666666,0.0,0.0,0.0,0.0,0.4007890843333884,0.2829705505761845,0.4818181818181817,0.0,0.6363636363636364,0.5,,0.6666666666666666,0.6666666666666666,,0.1818181818181818,1.0,,,1
-5.09252139010063,0.7035374460466095,-1.039012859276867,-0.3671900820706937,-0.2384319755722567,0.5888652337444934,-0.434175606128145,0.3707545422134073,-0.7301816205540943,-0.0138639864440445,Spyware-TIBS-03d5ee287fdddbfbc90cd0547b7dd0dffe3f47af2095015eca70cafb4d1ae254-6.raw,0.0,0.0,0.659731172896336,,0.6802372983301526,0.0443243243243243,0.7995059288537549,0.0377194884023412,0.657842956603384,,0.1683029453015427,0.0654261704681872,0.0,0.0386100386100386,0.0620689655172413,0.0181818181818181,0.0203488372093023,0.0196078431372549,0.021505376344086,0.0610687022900763,0.238095238095238,0.15625,0.238095238095238,0.523978816875774,0.4344045308964054,0.523978816875774,0.0,0.0,0.0,0.0,0.0,0.0,0.0,0.0,0.0,0.0,0.0666666666666666,0.0,0.0,0.0,0.0,0.4007890843333884,0.2829705505761845,0.4818181818181817,0.0,0.6363636363636364,0.5,,0.6666666666666666,0.6666666666666666,,0.1818181818181818,1.0,,,1
-0.9594702357467884,-3.5965442191082695,2.5793870934434984,0.7438993111067734,-0.0413140955586318,-0.4183981707595699,0.3167117019977227,0.1206444748892214,0.1476007861894095,0.1078626710762477,Spyware-TIBS-4e65b0d172187e6938edfb8f499cde610cc5a34985b4ba9b309e5c7069e7b8bd-7.raw,0.1470588235294117,0.0714285714285714,0.699066402067691,,0.98879492314795,0.3448648648648648,0.9503220611916272,0.4968567092998049,0.9880101839685864,,0.2636746143057503,0.6398559423769508,0.2592592592592592,0.4227799227799227,0.4942528735632184,0.2,0.4331395348837209,0.4509803921568627,0.3494623655913978,0.4274809160305343,0.3333333333333333,0.296875,0.3333333333333333,0.3634562067807559,0.2332154601568117,0.3634562067807559,0.0112359550561797,4.630058338735068e-05,0.0112359550561797,0.0,0.0,0.0,0.0,0.0,0.0,0.0,0.0666666666666666,0.0,0.0,0.0,0.0,0.2555756479807115,0.1966614501825767,0.3156136528685546,1.0,1.0,1.0,,1.0,1.0,,0.7272727272727273,1.0,,,1
-4.843321682684597,2.754921613882674,1.307291234100598,0.5169164459060505,-0.3061901907390961,-0.3912771831723171,0.1152078045066168,0.1132918213675761,1.173145620692032,-0.4726099706980757,Spyware-TIBS-4b3f335e9a8b663f8c39314ce147f474d53abdbd1fccdd262097b640b4a11342-1.raw,0.0,0.0,0.9793776468422024,,0.7702876235976448,0.0389189189189189,0.7851778656126482,0.08649468892261,0.75419988907089,,0.1739130434782608,0.0684273709483793,0.0,0.0173745173745173,0.3471264367816092,0.0181818181818181,0.0203488372093023,0.0196078431372549,0.010752688172043,0.0610687022900763,0.1904761904761904,0.125,0.1904761904761904,0.4189987635880066,0.3429125217635632,0.4189987635880066,0.0,0.0,0.0,0.0,0.1,0.0,0.0769230769230769,0.1,0.0769230769230769,0.1,0.0666666666666666,0.2304347826086956,0.0,0.177257525083612,0.2304347826086956,0.554210236653825,0.4856093080220452,0.4427962489343561,0.0,0.6363636363636364,0.5,,0.6666666666666666,0.6666666666666666,,0.1818181818181818,1.0,,,1
-0.9485162476434994,-3.573060682680211,2.538899201517133,0.7175666086551541,-0.0376414273140958,-0.3950508004646891,0.3126128190724563,0.1593092115226871,0.1785098766045693,0.1219268510064708,Spyware-TIBS-3b63fad1545031b6e3e133a2f900fb18873bbee514e0b3ce8417d33afe1bce31-7.raw,0.1470588235294117,0.0714285714285714,0.699066402067691,,0.9891210313217584,0.3394594594594594,0.938647342995169,0.4970734879687838,0.9883591308845182,,0.2636746143057503,0.6404561824729892,0.2592592592592592,0.4227799227799227,0.4988505747126436,0.2,0.4331395348837209,0.4509803921568627,0.3494623655913978,0.4122137404580153,0.3333333333333333,0.296875,0.3333333333333333,0.3688370824387161,0.2427740071603362,0.3688370824387161,0.0112359550561797,4.630058338735068e-05,0.0112359550561797,0.0,0.0,0.0,0.0,0.0,0.0,0.0,0.0666666666666666,0.0,0.0,0.0,0.0,0.2555756479807115,0.1966614501825767,0.3156136528685546,1.0,1.0,1.0,,1.0,1.0,,0.7272727272727273,1.0,,,1
-5.086403056978252,0.6949555439338141,-1.0276870969844358,-0.3600560787451545,-0.2369916302509122,0.5717389937282605,-0.4383970246953166,0.3794338578830281,-0.7090248553892767,-0.0040508851588101,Spyware-TIBS-4f4091323fa48a901e1e188199a12a30ff363129ad53d4a08d68528c666b1e68-6.raw,0.0,0.0,0.659731172896336,,0.6838393113408522,0.0443243243243243,0.7995059288537549,0.0396704964231519,0.6616972339020842,,0.1683029453015427,0.0696278511404561,0.0,0.0386100386100386,0.0689655172413793,0.0181818181818181,0.0203488372093023,0.0196078431372549,0.021505376344086,0.0610687022900763,0.238095238095238,0.15625,0.238095238095238,0.523978816875774,0.4344045308964054,0.523978816875774,0.0,0.0,0.0,0.0,0.0,0.0,0.0,0.0,0.0,0.0,0.0666666666666666,0.0,0.0,0.0,0.0,0.4007890843333884,0.2829705505761845,0.4818181818181817,0.0,0.6363636363636364,0.5,,0.6666666666666666,0.6666666666666666,,0.1818181818181818,1.0,,,1
-4.677063461414643,3.1971960520424725,1.33591546816974,0.5592379442727344,-0.3507760493676997,-0.1009887470819702,-0.4868912820855872,0.6758754756513496,0.7480114232068057,0.2196265962892348,Spyware-TIBS-4b3f335e9a8b663f8c39314ce147f474d53abdbd1fccdd262097b640b4a11342-2.raw,0.0,0.0,0.9845332351316516,,0.7782920969547552,0.041081081081081,0.7909090909090911,0.0908302623021894,0.7627649497346682,,0.1781206171107994,0.0786314525810324,0.0,0.0328185328185328,0.3471264367816092,0.0181818181818181,0.0203488372093023,0.0196078431372549,0.010752688172043,0.0610687022900763,0.2142857142857142,0.140625,0.2142857142857142,0.4724320173716093,0.3901419099051962,0.4724320173716093,0.0,0.0,0.0,0.0,0.1,0.0,0.0769230769230769,0.1,0.0769230769230769,0.1,0.1333333333333333,0.2304347826086956,0.0,0.177257525083612,0.2304347826086956,0.554210236653825,0.4856093080220452,0.6144927536231886,0.0,0.6363636363636364,0.5,,0.6666666666666666,0.6666666666666666,,0.1818181818181818,1.0,,,1
-5.456134702284705,-0.0440716372941172,-0.4478171523344329,0.0777244055214355,-0.1347810597877522,-0.412787346330242,-0.0091740367526074,-0.2632871130214207,1.1856992645216398,-0.2767839062817286,Spyware-TIBS-4d5aa73b369603d2d1e968ddb66faebb6ce7fd90156f8f9b703abadc446598b8-1.raw,0.0,0.0,0.9742220585527528,,0.7670858342548006,0.0389189189189189,0.7851778656126482,0.0847604595707782,0.7507738648053786,,0.1739130434782608,0.0672268907563025,0.0,0.0173745173745173,0.335632183908046,0.0181818181818181,0.0203488372093023,0.0196078431372549,0.010752688172043,0.0610687022900763,0.1904761904761904,0.125,0.1904761904761904,0.4189987635880066,0.3429125217635632,0.4189987635880066,0.0,0.0,0.0,0.0,0.0,0.0,0.0,0.0,0.0,0.0,0.0,0.0,0.0,0.0,0.0,0.4007890843333884,0.2829705505761845,0.3023172905525847,0.0,0.6363636363636364,0.5,,0.6666666666666666,0.6666666666666666,,0.1818181818181818,1.0,,,1
-0.2317082057183769,-3.8330362086736263,2.4586204603952786,0.5969310146307862,-0.0026072024445322,-0.6969100833005403,0.3154503544923601,0.2531238075368306,-0.0173393495916769,0.1125504956172878,Spyware-TIBS-4f4091323fa48a901e1e188199a12a30ff363129ad53d4a08d68528c666b1e68-9.raw,0.1764705882352941,0.1428571428571428,0.6420548701896519,,0.975144966729978,0.4086486486486486,0.9816770186335404,0.5458486884890527,0.9734042630588732,,0.273492286115007,0.6692677070828331,0.2962962962962963,0.4459459459459459,0.5126436781609195,0.2363636363636363,0.6918604651162791,0.5098039215686274,0.3709677419354839,0.4503816793893129,0.3809523809523809,0.34375,0.3809523809523809,0.3860046145838139,0.243652706029865,0.3860046145838139,0.0112359550561797,4.630058338735068e-05,0.0112359550561797,0.0,0.0,0.0,0.0,0.0,0.0,0.0,0.0666666666666666,0.0,0.0,0.0,0.0,0.2327563936967193,0.1830985915492957,0.2894957983193275,1.0,1.0,1.0,,1.0,1.0,,0.7272727272727273,1.0,,,1
-0.9779938540894022,-3.4824189027374213,2.3896713161647685,0.610480830706826,-0.0633228309680734,-0.1594068819037803,0.4013934740345538,0.0283928341677368,-0.2622454915549421,-0.0396493886162401,Spyware-TIBS-4be371dc9c56aee4db39813c6f66bf51613aeb5f82eef40bda40c2024339e79c-9.raw,0.1470588235294117,0.0714285714285714,0.6234511071557657,,0.9525969158552396,0.3394594594594594,0.938647342995169,0.472794277043139,0.9492770763001668,,0.2622720897615708,0.6104441776710684,0.2592592592592592,0.4247104247104247,0.4022988505747126,0.2,0.4331395348837209,0.4509803921568627,0.3494623655913978,0.4122137404580153,0.3333333333333333,0.296875,0.3333333333333333,0.3688370824387161,0.2427740071603362,0.3688370824387161,0.0112359550561797,4.630058338735068e-05,0.0112359550561797,0.0,0.0,0.0,0.0,0.0,0.0,0.0,0.0666666666666666,0.0,0.0,0.0,0.0,0.2555756479807115,0.1966614501825767,0.3156136528685546,1.0,1.0,1.0,,1.0,1.0,,0.7272727272727273,1.0,,,1
-5.261131138876382,0.4732150142366601,-0.4946037156148542,0.0358417688866355,-0.1818895574741069,-0.0339470213383163,-0.59565883443191,0.2074629845166912,0.7616895806049386,0.4599830671424107,Spyware-TIBS-3a9761469b4af524762205221f937a180f559960410e9f87fbfe6f68d9eb2adf-3.raw,0.0,0.0,0.9535997053949548,,0.7302652568120925,0.041081081081081,0.7909090909090911,0.0648168220247127,0.7113745857519983,,0.1626928471248246,0.0696278511404561,0.0,0.0328185328185328,0.3494252873563218,0.0181818181818181,0.0203488372093023,0.0196078431372549,0.010752688172043,0.0610687022900763,0.2142857142857142,0.140625,0.2142857142857142,0.4724320173716093,0.3901419099051962,0.4724320173716093,0.0,0.0,0.0,0.0,0.0,0.0,0.0,0.0,0.0,0.0,0.0666666666666666,0.0,0.0,0.0,0.0,0.4007890843333884,0.2829705505761845,0.4818181818181817,0.0,0.6363636363636364,0.5,,0.6666666666666666,0.6666666666666666,,0.1818181818181818,1.0,,,1
-5.091171833976326,0.6923713911842346,-1.0225830081021805,-0.3564953615915756,-0.2369731820132085,0.5688072233019289,-0.4415789891201329,0.3846259020728909,-0.7083544076147383,-0.0045342057248081,Spyware-TIBS-0f624c1b97ad1d04f9173ecb49bb1ac94277c66c6879746033efa0d49952742a-6.raw,0.0,0.0,0.6648867611857852,,0.6854402060122744,0.0443243243243243,0.7995059288537549,0.0405376110990678,0.66341024603484,,0.1683029453015427,0.0720288115246098,0.0,0.0386100386100386,0.0666666666666666,0.0181818181818181,0.0203488372093023,0.0196078431372549,0.021505376344086,0.0610687022900763,0.238095238095238,0.15625,0.238095238095238,0.523978816875774,0.4344045308964054,0.523978816875774,0.0,0.0,0.0,0.0,0.0,0.0,0.0,0.0,0.0,0.0,0.0666666666666666,0.0,0.0,0.0,0.0,0.4007890843333884,0.2829705505761845,0.4818181818181817,0.0,0.6363636363636364,0.5,,0.6666666666666666,0.6666666666666666,,0.1818181818181818,1.0,,,1
-5.304184998523596,0.7303576573698985,-0.9727850916740094,-0.3115813924925723,-0.2764758221628107,0.749257440315353,-0.2663219112361549,-0.2254383410065573,-0.9347820325392252,-0.1376141282299087,Spyware-TIBS-4e65b0d172187e6938edfb8f499cde610cc5a34985b4ba9b309e5c7069e7b8bd-5.raw,0.0,0.0,0.6236420548701895,,0.6310097871839234,0.041081081081081,0.7909090909090911,0.0110557121179275,0.6051678335211473,,0.1626928471248246,0.0132052821128451,0.0,0.0328185328185328,0.0045977011494252,0.0181818181818181,0.0203488372093023,0.0196078431372549,0.010752688172043,0.0610687022900763,0.2142857142857142,0.140625,0.2142857142857142,0.4724320173716093,0.3901419099051962,0.4724320173716093,0.0,0.0,0.0,0.0,0.0,0.0,0.0,0.0,0.0,0.0,0.0666666666666666,0.0,0.0,0.0,0.0,0.4007890843333884,0.2829705505761845,0.4818181818181817,0.0,0.6363636363636364,0.5,,0.6666666666666666,0.6666666666666666,,0.1818181818181818,1.0,,,1
-5.257244607202754,0.4539058534995026,-0.4663718981560488,0.055419579075035,-0.1791071793606251,-0.0711020346737176,-0.608142303642505,0.2318144596511802,0.8055383243513101,0.4785006006123445,Spyware-TIBS-0f624c1b97ad1d04f9173ecb49bb1ac94277c66c6879746033efa0d49952742a-3.raw,0.0,0.0,0.9587552936844044,,0.7402708485084807,0.041081081081081,0.7909090909090911,0.070236288749187,0.7220809115817213,,0.1626928471248246,0.0750300120048019,0.0,0.0328185328185328,0.360919540229885,0.0181818181818181,0.0203488372093023,0.0196078431372549,0.010752688172043,0.0610687022900763,0.2142857142857142,0.140625,0.2142857142857142,0.4724320173716093,0.3901419099051962,0.4724320173716093,0.0,0.0,0.0,0.0,0.0,0.0,0.0,0.0,0.0,0.0,0.0666666666666666,0.0,0.0,0.0,0.0,0.4007890843333884,0.2829705505761845,0.4818181818181817,0.0,0.6363636363636364,0.5,,0.6666666666666666,0.6666666666666666,,0.1818181818181818,1.0,,,1
-0.9921623583239584,-3.502585210553096,2.4241181682680137,0.6326509636477066,-0.0686990921432969,-0.1703823216943629,0.4099099861944463,-0.0152678463587958,-0.3231106183014054,-0.0646148402094909,Spyware-TIBS-4d5aa73b369603d2d1e968ddb66faebb6ce7fd90156f8f9b703abadc446598b8-9.raw,0.1470588235294117,0.0714285714285714,0.6192502574384364,,0.9516185913338148,0.3448648648648648,0.9503220611916272,0.472143941036202,0.9482302355523714,,0.2622720897615708,0.6086434573829532,0.2592592592592592,0.4247104247104247,0.3908045977011494,0.2,0.4331395348837209,0.4509803921568627,0.3494623655913978,0.4274809160305343,0.3333333333333333,0.296875,0.3333333333333333,0.3634562067807559,0.2332154601568117,0.3634562067807559,0.0112359550561797,4.630058338735068e-05,0.0112359550561797,0.0,0.0,0.0,0.0,0.0,0.0,0.0,0.0666666666666666,0.0,0.0,0.0,0.0,0.2555756479807115,0.1966614501825767,0.3156136528685546,1.0,1.0,1.0,,1.0,1.0,,0.7272727272727273,1.0,,,1
-5.093829816662818,0.6967319587590602,-1.0259558561153923,-0.3577603292712659,-0.2362162662374467,0.5697213734470684,-0.443254304409742,0.3828708281237391,-0.6901032594477836,-0.0001862285332009,Spyware-TIBS-5d380e4063a71521883a8c322328dbdaf828d587613fcb87fff06f1250696a27-6.raw,0.0,0.0,0.6700423494752348,,0.6830388640051411,0.0443243243243243,0.7995059288537549,0.039236939085194,0.6608407278357064,,0.1683029453015427,0.0678271308523409,0.0,0.0386100386100386,0.0689655172413793,0.0181818181818181,0.0203488372093023,0.0196078431372549,0.021505376344086,0.0610687022900763,0.238095238095238,0.15625,0.238095238095238,0.523978816875774,0.4344045308964054,0.523978816875774,0.0,0.0,0.0,0.0,0.0,0.0,0.0,0.0,0.0,0.0,0.0666666666666666,0.0,0.0,0.0,0.0,0.4007890843333884,0.2829705505761845,0.4818181818181817,0.0,0.6363636363636364,0.5,,0.6666666666666666,0.6666666666666666,,0.1818181818181818,1.0,,,1
-5.258354396692614,0.4782706688804183,-0.5051740582301266,0.0281857757236949,-0.1836569737930855,-0.0192299805210479,-0.5877227186826579,0.1973774167479773,0.7290527710636981,0.4493620941215714,Spyware-TIBS-4f4091323fa48a901e1e188199a12a30ff363129ad53d4a08d68528c666b1e68-3.raw,0.0,0.0,0.943288528816056,,0.728264138472815,0.041081081081081,0.7909090909090911,0.0637329286798179,0.7092333205860537,,0.1626928471248246,0.0672268907563025,0.0,0.0328185328185328,0.3448275862068966,0.0181818181818181,0.0203488372093023,0.0196078431372549,0.010752688172043,0.0610687022900763,0.2142857142857142,0.140625,0.2142857142857142,0.4724320173716093,0.3901419099051962,0.4724320173716093,0.0,0.0,0.0,0.0,0.0,0.0,0.0,0.0,0.0,0.0,0.0666666666666666,0.0,0.0,0.0,0.0,0.4007890843333884,0.2829705505761845,0.4818181818181817,0.0,0.6363636363636364,0.5,,0.6666666666666666,0.6666666666666666,,0.1818181818181818,1.0,,,1
-5.297466098397526,0.4201420294604601,-0.4204546025266494,0.1190162794092702,-0.1809723410324911,-0.1050522137273576,-0.6300387723475307,0.2954515784768026,0.7661404278507455,0.4411446804946348,Spyware-TIBS-1efdeb94cc56a153cab3066f602f5eb47a42fdf70441069ac36bc090e294ba26-2.raw,0.0,0.0,0.9845332351316516,,0.7690869525940783,0.041081081081081,0.7909090909090911,0.085844352915673,0.7529151299713233,,0.1767180925666199,0.0720288115246098,0.0,0.0328185328185328,0.3379310344827586,0.0181818181818181,0.0203488372093023,0.0196078431372549,0.010752688172043,0.0610687022900763,0.2142857142857142,0.140625,0.2142857142857142,0.4724320173716093,0.3901419099051962,0.4724320173716093,0.0,0.0,0.0,0.0,0.0,0.0,0.0,0.0,0.0,0.0,0.0666666666666666,0.0,0.0,0.0,0.0,0.4007890843333884,0.2829705505761845,0.4818181818181817,0.0,0.6363636363636364,0.5,,0.6666666666666666,0.6666666666666666,,0.1818181818181818,1.0,,,1
-5.448728508765158,-0.0504061294180199,-0.4413794212056149,0.0813278927283263,-0.1342239864686442,-0.4229134760869872,-0.0095644152815204,-0.259276726564901,1.1904911911004388,-0.2722666323423804,Spyware-TIBS-3ba4be964cd4c7a5ef3da7abfed484aacf492d7eb879c54e79db734db7a1f3cf-1.raw,0.0,0.0,0.9690664702633032,,0.7698873999297892,0.0389189189189189,0.7851778656126482,0.086277910253631,0.7537716360377009,,0.1739130434782608,0.0702280912364946,0.0,0.0173745173745173,0.3402298850574712,0.0181818181818181,0.0203488372093023,0.0196078431372549,0.010752688172043,0.0610687022900763,0.1904761904761904,0.125,0.1904761904761904,0.4189987635880066,0.3429125217635632,0.4189987635880066,0.0,0.0,0.0,0.0,0.0,0.0,0.0,0.0,0.0,0.0,0.0,0.0,0.0,0.0,0.0,0.4007890843333884,0.2829705505761845,0.3023172905525847,0.0,0.6363636363636364,0.5,,0.6666666666666666,0.6666666666666666,,0.1818181818181818,1.0,,,1
-5.274671797656692,0.6657147264358643,-0.8686015630081696,-0.2383585379353541,-0.258068806534155,0.5794473642502728,-0.3257682075977705,-0.136079768394179,-0.6191878118380114,-0.0180060094150495,Spyware-TIBS-3a9761469b4af524762205221f937a180f559960410e9f87fbfe6f68d9eb2adf-4.raw,0.0,0.0,0.6648867611857852,,0.6578247729302432,0.041081081081081,0.7909090909090911,0.0255798829395187,0.6338607867448046,,0.1626928471248246,0.0288115246098439,0.0,0.0328185328185328,0.0804597701149425,0.0181818181818181,0.0203488372093023,0.0196078431372549,0.010752688172043,0.0610687022900763,0.2142857142857142,0.140625,0.2142857142857142,0.4724320173716093,0.3901419099051962,0.4724320173716093,0.0,0.0,0.0,0.0,0.0,0.0,0.0,0.0,0.0,0.0,0.0666666666666666,0.0,0.0,0.0,0.0,0.4007890843333884,0.2829705505761845,0.4818181818181817,0.0,0.6363636363636364,0.5,,0.6666666666666666,0.6666666666666666,,0.1818181818181818,1.0,,,1
-0.9644296964566672,-3.531250266583845,2.4710559111535937,0.6675118006142019,-0.0496852440231423,-0.2853556352756107,0.3528750378879774,0.0994196425195651,-0.0275324358907645,0.0469415707942329,Spyware-TIBS-3b63fad1545031b6e3e133a2f900fb18873bbee514e0b3ce8417d33afe1bce31-8.raw,0.1470588235294117,0.0714285714285714,0.6654596043290577,,0.9724895144575398,0.3394594594594594,0.938647342995169,0.4860177758508562,0.9705628381720008,,0.2622720897615708,0.6260504201680672,0.2592592592592592,0.4247104247104247,0.4528735632183908,0.2,0.4331395348837209,0.4509803921568627,0.3494623655913978,0.4122137404580153,0.3333333333333333,0.296875,0.3333333333333333,0.3688370824387161,0.2427740071603362,0.3688370824387161,0.0112359550561797,4.630058338735068e-05,0.0112359550561797,0.0,0.0,0.0,0.0,0.0,0.0,0.0,0.0666666666666666,0.0,0.0,0.0,0.0,0.2555756479807115,0.1966614501825767,0.3156136528685546,1.0,1.0,1.0,,1.0,1.0,,0.7272727272727273,1.0,,,1
-5.299124714557816,0.7256940611229871,-0.9690965754373516,-0.3103235705763051,-0.2767737976762109,0.7458247429162407,-0.2649630091681046,-0.2238465293408638,-0.9454400671970136,-0.138914019571854,Spyware-TIBS-0f624c1b97ad1d04f9173ecb49bb1ac94277c66c6879746033efa0d49952742a-5.raw,0.0,0.0,0.6184864665807401,,0.6330109055232009,0.041081081081081,0.7909090909090911,0.0121396054628224,0.6073090986870919,,0.1626928471248246,0.0180072028811524,0.0,0.0328185328185328,0.0045977011494252,0.0181818181818181,0.0203488372093023,0.0196078431372549,0.010752688172043,0.0610687022900763,0.2142857142857142,0.140625,0.2142857142857142,0.4724320173716093,0.3901419099051962,0.4724320173716093,0.0,0.0,0.0,0.0,0.0,0.0,0.0,0.0,0.0,0.0,0.0666666666666666,0.0,0.0,0.0,0.0,0.4007890843333884,0.2829705505761845,0.4818181818181817,0.0,0.6363636363636364,0.5,,0.6666666666666666,0.6666666666666666,,0.1818181818181818,1.0,,,1
-0.9582821920983392,-3.5949547171720044,2.575565950643363,0.7409123719204763,-0.0420980633355846,-0.4124969753598052,0.3199484334437613,0.116817425114263,0.1326452416148485,0.1031162077706784,Spyware-TIBS-5d380e4063a71521883a8c322328dbdaf828d587613fcb87fff06f1250696a27-7.raw,0.1470588235294117,0.0714285714285714,0.6948655523503616,,0.9881427068003336,0.3448648648648648,0.9503220611916272,0.4964231519618469,0.9873122901367228,,0.2636746143057503,0.6398559423769508,0.2592592592592592,0.4227799227799227,0.4919540229885057,0.2,0.4331395348837209,0.4509803921568627,0.3494623655913978,0.4274809160305343,0.3333333333333333,0.296875,0.3333333333333333,0.3634562067807559,0.2332154601568117,0.3634562067807559,0.0112359550561797,4.630058338735068e-05,0.0112359550561797,0.0,0.0,0.0,0.0,0.0,0.0,0.0,0.0666666666666666,0.0,0.0,0.0,0.0,0.2555756479807115,0.1966614501825767,0.3156136528685546,1.0,1.0,1.0,,1.0,1.0,,0.7272727272727273,1.0,,,1
-0.9467454904472103,-3.5751536754544633,2.540354928118682,0.7185830613340171,-0.0379759836468056,-0.3961213814187364,0.3136934587620724,0.1602459759485411,0.1707850653800486,0.1202850178073243,Spyware-TIBS-4b3f335e9a8b663f8c39314ce147f474d53abdbd1fccdd262097b640b4a11342-7.raw,0.1470588235294117,0.0714285714285714,0.6948655523503616,,0.9907515721907992,0.3394594594594594,0.938647342995169,0.4981573813136787,0.9901038654641766,,0.2636746143057503,0.6398559423769508,0.2592592592592592,0.4227799227799227,0.4988505747126436,0.2,0.4331395348837209,0.4509803921568627,0.3494623655913978,0.4122137404580153,0.3333333333333333,0.296875,0.3333333333333333,0.3688370824387161,0.2427740071603362,0.3688370824387161,0.0112359550561797,4.630058338735068e-05,0.0112359550561797,0.0,0.0,0.0,0.0,0.0,0.0,0.0,0.0666666666666666,0.0,0.0,0.0,0.0,0.2555756479807115,0.1966614501825767,0.3156136528685546,1.0,1.0,1.0,,1.0,1.0,,0.7272727272727273,1.0,,,1
-0.6540234048170315,-3.4098077825094615,2.118177168345997,0.4086257450078108,-0.0179360718109283,-0.2077208496973734,0.203364247050913,0.8219778507741954,-0.1620801637256083,0.0642289216249935,Spyware-TIBS-4e65b0d172187e6938edfb8f499cde610cc5a34985b4ba9b309e5c7069e7b8bd-9.raw,0.1470588235294117,0.0714285714285714,0.6486562054597407,,0.970858973588499,0.347027027027027,0.9549919484702092,0.4849338825059614,0.9688181035923424,,0.2664796633941094,0.6260504201680672,0.2592592592592592,0.4266409266409266,0.4344827586206896,0.2,0.4418604651162791,0.4509803921568627,0.3548387096774194,0.4351145038167939,0.3809523809523809,0.328125,0.3809523809523809,0.4479331422063406,0.3100822364241165,0.4479331422063406,0.0112359550561797,4.630058338735068e-05,0.0112359550561797,0.0,0.0,0.0,0.0,0.0,0.0,0.0,0.0666666666666666,0.0,0.0,0.0,0.0,0.2555756479807115,0.1966614501825767,0.3156136528685546,1.0,1.0,1.0,,1.0,1.0,,0.7272727272727273,1.0,,,1
-5.301380654465448,0.731176298029759,-0.9740579840266568,-0.3127784601072828,-0.2760186265294608,0.7481725336579678,-0.2660902531122438,-0.2270970219750404,-0.9270031837684704,-0.1346246790383817,Spyware-TIBS-5d380e4063a71521883a8c322328dbdaf828d587613fcb87fff06f1250696a27-5.raw,0.0,0.0,0.6236420548701895,,0.6298091161803566,0.041081081081081,0.7909090909090911,0.0104053761109906,0.6038830744215805,,0.1626928471248246,0.0138055222088835,0.0,0.0328185328185328,0.0068965517241379,0.0181818181818181,0.0203488372093023,0.0196078431372549,0.010752688172043,0.0610687022900763,0.2142857142857142,0.140625,0.2142857142857142,0.4724320173716093,0.3901419099051962,0.4724320173716093,0.0,0.0,0.0,0.0,0.0,0.0,0.0,0.0,0.0,0.0,0.0666666666666666,0.0,0.0,0.0,0.0,0.4007890843333884,0.2829705505761845,0.4818181818181817,0.0,0.6363636363636364,0.5,,0.6666666666666666,0.6666666666666666,,0.1818181818181818,1.0,,,1
-0.9031781376563144,-3.620473429108586,2.588664738094353,0.7285581884440638,-0.0383516645012206,-0.4203285016570532,0.3332839338894467,0.1599543724235609,0.143528454484027,0.1432124139420466,Spyware-TIBS-03d5ee287fdddbfbc90cd0547b7dd0dffe3f47af2095015eca70cafb4d1ae254-7.raw,0.1470588235294117,0.0714285714285714,0.699066402067691,,0.9881427068003336,0.3405405405405405,0.9409822866344602,0.4964231519618469,0.9873122901367228,,0.2636746143057503,0.6392557022809123,0.2592592592592592,0.4227799227799227,0.496551724137931,0.2,0.4331395348837209,0.4509803921568627,0.3494623655913978,0.4122137404580153,0.3333333333333333,0.296875,0.3333333333333333,0.3677574413646678,0.2408561408855519,0.3677574413646678,0.0112359550561797,4.630058338735068e-05,0.0112359550561797,0.0,0.0,0.0,0.0,0.0,0.0,0.0,0.0666666666666666,0.0,0.0,0.0,0.0,0.2555756479807115,0.1966614501825767,0.3156136528685546,1.0,1.0,1.0,,1.0,1.0,,0.8181818181818182,1.0,,,1
-5.091640879251855,0.692356822012491,-1.0202389605395166,-0.3541857773497638,-0.2357122995179077,0.5621753383972411,-0.4452027447899672,0.3873412647027397,-0.6834484745682448,0.0032755351314452,Spyware-TIBS-4be371dc9c56aee4db39813c6f66bf51613aeb5f82eef40bda40c2024339e79c-6.raw,0.0,0.0,0.6700423494752348,,0.6850399823444187,0.0443243243243243,0.7995059288537549,0.0403208324300888,0.6629819930016508,,0.1683029453015427,0.0702280912364946,0.0,0.0386100386100386,0.0712643678160919,0.0181818181818181,0.0203488372093023,0.0196078431372549,0.021505376344086,0.0610687022900763,0.238095238095238,0.15625,0.238095238095238,0.523978816875774,0.4344045308964054,0.523978816875774,0.0,0.0,0.0,0.0,0.0,0.0,0.0,0.0,0.0,0.0,0.0666666666666666,0.0,0.0,0.0,0.0,0.4007890843333884,0.2829705505761845,0.4818181818181817,0.0,0.6363636363636364,0.5,,0.6666666666666666,0.6666666666666666,,0.1818181818181818,1.0,,,1
-5.295251826547442,0.4193783035494052,-0.4262016362336852,0.1191538319797701,-0.1834065730800558,-0.0933451636863723,-0.6222690149822085,0.2919582165792385,0.7158047867635783,0.4215269774328667,Spyware-TIBS-4e65b0d172187e6938edfb8f499cde610cc5a34985b4ba9b309e5c7069e7b8bd-2.raw,0.0,0.0,0.9742220585527528,,0.7706878472655002,0.041081081081081,0.7909090909090911,0.0867114675915889,0.7546281421040788,,0.1795231416549789,0.0744297719087635,0.0,0.0328185328185328,0.328735632183908,0.0181818181818181,0.0203488372093023,0.0196078431372549,0.010752688172043,0.0610687022900763,0.2142857142857142,0.140625,0.2142857142857142,0.4724320173716093,0.3901419099051962,0.4724320173716093,0.0,0.0,0.0,0.0,0.0,0.0,0.0,0.0,0.0,0.0,0.0666666666666666,0.0,0.0,0.0,0.0,0.4007890843333884,0.2829705505761845,0.4818181818181817,0.0,0.6363636363636364,0.5,,0.6666666666666666,0.6666666666666666,,0.1818181818181818,1.0,,,1
-5.084270322048383,0.6894853056053918,-1.027299622867097,-0.3478096263793563,-0.2379195576874375,0.5707164771954208,-0.4362048051809028,0.3860321797266414,-0.7362710108180568,-0.0225978347571966,Spyware-TIBS-6e274cbbdefce4f2bcb3543da3f4043319541e51a110356e68cea2ae85153427-6.raw,0.0,0.0,0.659731172896336,,0.6874413243515519,0.0443243243243243,0.7995059288537549,0.0416215044439627,0.6655515112007845,,0.1753155680224404,0.0714285714285714,0.0,0.0424710424710424,0.0620689655172413,0.0181818181818181,0.0203488372093023,0.0196078431372549,0.021505376344086,0.0610687022900763,0.238095238095238,0.15625,0.238095238095238,0.523978816875774,0.4344045308964054,0.523978816875774,0.0,0.0,0.0,0.0,0.0,0.0,0.0,0.0,0.0,0.0,0.0666666666666666,0.0,0.0,0.0,0.0,0.4007890843333884,0.2829705505761845,0.4818181818181817,0.0,0.6363636363636364,0.5,,0.6666666666666666,0.6666666666666666,,0.1818181818181818,1.0,,,1
-0.983100510307368,-3.484173393824348,2.3948347611537213,0.6157216184614417,-0.0626394585891705,-0.1659301145400151,0.397091892319426,0.0345891736032761,-0.245668002544158,-0.0346470288856667,Spyware-TIBS-7cbae8b99aad8d5f683842fe9b1d44647599dfa2c73feac803baa1f9cbf789a8-9.raw,0.1470588235294117,0.0714285714285714,0.6276519568730948,,0.954553564898089,0.3394594594594594,0.938647342995169,0.4740949490570127,0.9513707577957572,,0.2622720897615708,0.6092436974789915,0.2592592592592592,0.4208494208494208,0.4045977011494253,0.2,0.4331395348837209,0.4509803921568627,0.3494623655913978,0.4122137404580153,0.3333333333333333,0.296875,0.3333333333333333,0.3688370824387161,0.2427740071603362,0.3688370824387161,0.0112359550561797,4.630058338735068e-05,0.0112359550561797,0.0,0.0,0.0,0.0,0.0,0.0,0.0,0.0666666666666666,0.0,0.0,0.0,0.0,0.2555756479807115,0.1966614501825767,0.3156136528685546,1.0,1.0,1.0,,1.0,1.0,,0.7272727272727273,1.0,,,1
-0.9619875020405628,-3.5376281755297527,2.481945214879061,0.6758305118064293,-0.0475738809421809,-0.3040466105238137,0.3462179592769555,0.1091910038042885,0.0104878634675194,0.06110160877407,Spyware-TIBS-45f85eaf165337665b247db9aecc04e018d6402f73da2730fc66b885252abe7e-7.raw,0.1470588235294117,0.0714285714285714,0.6696604540463869,,0.975424488021814,0.3394594594594594,0.938647342995169,0.487968783871667,0.9737033604153866,,0.2622720897615708,0.6266506602641057,0.2592592592592592,0.4227799227799227,0.4620689655172413,0.2,0.4331395348837209,0.4509803921568627,0.3494623655913978,0.4122137404580153,0.3333333333333333,0.296875,0.3333333333333333,0.3688370824387161,0.2427740071603362,0.3688370824387161,0.0112359550561797,4.630058338735068e-05,0.0112359550561797,0.0,0.0,0.0,0.0,0.0,0.0,0.0,0.0666666666666666,0.0,0.0,0.0,0.0,0.2555756479807115,0.1966614501825767,0.3156136528685546,1.0,1.0,1.0,,1.0,1.0,,0.7272727272727273,1.0,,,1
-0.9706657652871488,-3.531202280917333,2.4735656970111246,0.6707055001933614,-0.0494420675184989,-0.2873189693517143,0.3498395374852913,0.1032965462381099,-0.0184848770442521,0.0489454363163341,Spyware-TIBS-8d05ac658cc148b5089cba5909d167e79b2ee62d09dfdba71234792f184da271-8.raw,0.1470588235294117,0.0714285714285714,0.6696604540463869,,0.9734678389789648,0.3394594594594594,0.938647342995169,0.4866681118577932,0.9716096789197962,,0.2622720897615708,0.6254501800720288,0.2592592592592592,0.4208494208494208,0.4528735632183908,0.2,0.4331395348837209,0.4509803921568627,0.3494623655913978,0.4122137404580153,0.3333333333333333,0.296875,0.3333333333333333,0.3688370824387161,0.2427740071603362,0.3688370824387161,0.0112359550561797,4.630058338735068e-05,0.0112359550561797,0.0,0.0,0.0,0.0,0.0,0.0,0.0,0.0666666666666666,0.0,0.0,0.0,0.0,0.2555756479807115,0.1966614501825767,0.3156136528685546,1.0,1.0,1.0,,1.0,1.0,,0.7272727272727273,1.0,,,1
-5.279702773071266,0.6914509759265719,-0.9180467954039478,-0.2748283188581593,-0.2686198040426842,0.6636106185357328,-0.2902329603932117,-0.1811991800572469,-0.8101022014850677,-0.0847174188707395,Spyware-TIBS-76ba065d9bbd91b3a2a24ae4c092e3dce4f2555b79ea5c14bc3ff9495ff7e965-4.raw,0.0,0.0,0.6287976431596394,,0.6482194049017107,0.041081081081081,0.7909090909090911,0.0203771948840234,0.6235827139482706,,0.1626928471248246,0.0252100840336134,0.0,0.0328185328185328,0.0413793103448275,0.0181818181818181,0.0203488372093023,0.0196078431372549,0.010752688172043,0.0610687022900763,0.2142857142857142,0.140625,0.2142857142857142,0.4724320173716093,0.3901419099051962,0.4724320173716093,0.0,0.0,0.0,0.0,0.0,0.0,0.0,0.0,0.0,0.0,0.0666666666666666,0.0,0.0,0.0,0.0,0.4007890843333884,0.2829705505761845,0.4818181818181817,0.0,0.6363636363636364,0.5,,0.6666666666666666,0.6666666666666666,,0.1818181818181818,1.0,,,1
-5.273936258525846,0.4445064279544873,-0.4501619858042086,0.0773307548007034,-0.1786677158098179,-0.0858936962481677,-0.6192044874904756,0.2545809787387157,0.8157397004498494,0.4730385258938339,Spyware-TIBS-89a8dd64095295fe228f580ae94893cd8a6cd628ee3f36ae208b6d7ff79a7e55-3.raw,0.0,0.0,0.9742220585527528,,0.7486755455334465,0.041081081081081,0.7909090909090911,0.0747886407977455,0.7310742252786884,,0.1669004207573632,0.0714285714285714,0.0,0.0328185328185328,0.3563218390804598,0.0181818181818181,0.0203488372093023,0.0196078431372549,0.010752688172043,0.0610687022900763,0.2142857142857142,0.140625,0.2142857142857142,0.4724320173716093,0.3901419099051962,0.4724320173716093,0.0,0.0,0.0,0.0,0.0,0.0,0.0,0.0,0.0,0.0,0.0666666666666666,0.0,0.0,0.0,0.0,0.4007890843333884,0.2829705505761845,0.4818181818181817,0.0,0.6363636363636364,0.5,,0.6666666666666666,0.6666666666666666,,0.1818181818181818,1.0,,,1
-5.303824088074774,0.7223631721045317,-0.9580357082543792,-0.3009728409823011,-0.2738126921266753,0.7264035808360655,-0.276269156377362,-0.2120390462971201,-0.8871692522370509,-0.1209089037581282,Spyware-TIBS-6e996c9ce02c848f4a648e77d67ca89da64badb09faf00c5edbdea6cf7e2b93d-5.raw,0.0,0.0,0.6339532314490886,,0.6342115765267674,0.041081081081081,0.7909090909090911,0.0127899414697593,0.6085938577866585,,0.1626928471248246,0.0156062424969987,0.0,0.0328185328185328,0.0137931034482758,0.0181818181818181,0.0203488372093023,0.0196078431372549,0.010752688172043,0.0610687022900763,0.2142857142857142,0.140625,0.2142857142857142,0.4724320173716093,0.3901419099051962,0.4724320173716093,0.0,0.0,0.0,0.0,0.0,0.0,0.0,0.0,0.0,0.0,0.0666666666666666,0.0,0.0,0.0,0.0,0.4007890843333884,0.2829705505761845,0.4818181818181817,0.0,0.6363636363636364,0.5,,0.6666666666666666,0.6666666666666666,,0.1818181818181818,1.0,,,1
-5.278094791373122,0.4139987235027881,-0.4265566255162129,0.1245057238212507,-0.1831005235896549,-0.1020306075552425,-0.6187152004638612,0.2912040538780516,0.7087945604173002,0.4168858944003923,Spyware-TIBS-19f82488e174dbe2b094ad9e520ee3956ef6c14f8faf5bd0bb368f0ea73de6ef-2.raw,0.0,0.0,0.963910881973854,,0.7722887419369223,0.041081081081081,0.7909090909090911,0.0875785822675048,0.7563411542368345,,0.1837307152875175,0.073829531812725,0.0,0.0328185328185328,0.3333333333333333,0.0181818181818181,0.0203488372093023,0.0196078431372549,0.0161290322580645,0.0610687022900763,0.2142857142857142,0.140625,0.2142857142857142,0.4724320173716093,0.3901419099051962,0.4724320173716093,0.0,0.0,0.0,0.0,0.0,0.0,0.0,0.0,0.0,0.0,0.0666666666666666,0.0,0.0,0.0,0.0,0.4007890843333884,0.2829705505761845,0.4818181818181817,0.0,0.6363636363636364,0.5,,0.6666666666666666,0.6666666666666666,,0.1818181818181818,1.0,,,1
-5.763421403018828,2.7028272126197237,2.681005287112151,1.547303443302531,-0.4973745045691806,-0.3480680755544293,0.1733327408712064,-2.3484447001243756,0.8151824162772232,-0.0120923470728314,Spyware-TIBS-40a45471e1b7f0ad943f0e2f736afb24b7048c09caf44befbfaf8c10c89aca25-3.raw,0.0,0.0,0.9690664702633032,,0.7458739798584579,0.0302702702702702,0.7622529644268777,0.0732711901148926,0.728076454046366,,0.1725105189340813,0.0618247298919567,0.0,0.0038610038610038,0.3402298850574712,0.0181818181818181,0.0087209302325581,0.0196078431372549,0.0053763440860215,0.0610687022900763,0.0714285714285714,0.046875,0.0714285714285714,0.1443570581308702,0.0975043438656661,0.1443570581308702,0.0,0.0,0.0,0.0,0.1,0.0,0.0769230769230769,0.1,0.0769230769230769,0.1,0.1333333333333333,0.2304347826086956,0.0,0.177257525083612,0.2304347826086956,0.554210236653825,0.4856093080220452,0.6144927536231886,0.0,0.6363636363636364,0.5,,0.6666666666666666,0.6666666666666666,,0.1818181818181818,1.0,,,1
-0.9618150992566272,-3.5587929964119396,2.5218500335022997,0.7049751673365859,-0.0401661527259017,-0.366500836587061,0.3185452614158943,0.1458478663265128,0.1437719047670878,0.1072719001092617,Spyware-TIBS-10f9ff1e9f0cddbac2bf5dd5921a15f8c925fa57b2a1d2f9f10772a3b6bba6b2-7.raw,0.1470588235294117,0.0714285714285714,0.699066402067691,,0.983903300540827,0.3394594594594594,0.938647342995169,0.4936050292651203,0.9827759802296108,,0.2622720897615708,0.631452581032413,0.2592592592592592,0.4227799227799227,0.4873563218390804,0.2,0.4331395348837209,0.4509803921568627,0.3494623655913978,0.4122137404580153,0.3333333333333333,0.296875,0.3333333333333333,0.3688370824387161,0.2427740071603362,0.3688370824387161,0.0112359550561797,4.630058338735068e-05,0.0112359550561797,0.0,0.0,0.0,0.0,0.0,0.0,0.0,0.0666666666666666,0.0,0.0,0.0,0.0,0.2555756479807115,0.1966614501825767,0.3156136528685546,1.0,1.0,1.0,,1.0,1.0,,0.7272727272727273,1.0,,,1
-4.842780994333352,2.764443700758654,1.2839338881833486,0.5188017210999113,-0.3089589950176933,-0.3656929681830306,0.1276920101576512,0.1024558262536536,1.1176031185310646,-0.5069837467452283,Spyware-TIBS-8fdea52e2c3a415a4be17226fc6cd3fe62e4b49fc156b4a828a0bec730b1cdc5-1.raw,0.0,0.0,0.9742220585527528,,0.7666856105869452,0.0389189189189189,0.7851778656126482,0.0845436809017992,0.7503456117721897,,0.1837307152875175,0.0654261704681872,0.0,0.0173745173745173,0.3333333333333333,0.0181818181818181,0.0203488372093023,0.0196078431372549,0.010752688172043,0.0610687022900763,0.1904761904761904,0.125,0.1904761904761904,0.4189987635880066,0.3429125217635632,0.4189987635880066,0.0,0.0,0.0,0.0,0.1,0.0,0.0769230769230769,0.1,0.0769230769230769,0.1,0.0666666666666666,0.2304347826086956,0.0,0.177257525083612,0.2304347826086956,0.554210236653825,0.4856093080220452,0.4427962489343561,0.0,0.6363636363636364,0.5,,0.6666666666666666,0.6666666666666666,,0.1818181818181818,1.0,,,1
-4.0748437940457505,5.863012457779928,2.9352708490857258,0.9352363111232204,-0.5235188859624056,-0.0132664073981623,-0.3137961199635211,0.9634653950335508,0.5806813723708582,-0.0263911853784061,Spyware-TIBS-49bb6d6117975b63789c7307ca5c4b166239b7d2c342f80a2487dfe99ef438f2-2.raw,0.0,0.0,0.9690664702633032,,0.7694871762619337,0.041081081081081,0.7909090909090911,0.086061131584652,0.7533433830045121,,0.1837307152875175,0.0720288115246098,0.0,0.0328185328185328,0.3218390804597701,0.0181818181818181,0.0203488372093023,0.0196078431372549,0.0161290322580645,0.0610687022900763,0.2142857142857142,0.140625,0.2142857142857142,0.4724320173716093,0.3901419099051962,0.4724320173716093,0.0,0.0,0.0,0.0,0.2,0.0,0.1538461538461538,0.2,0.1538461538461538,0.2,0.2,0.4416666666666666,0.0,0.3397435897435896,0.4416666666666666,0.6948462929475591,0.6713615023474178,0.7361111111111113,0.0,0.6363636363636364,0.5,,0.6666666666666666,0.6666666666666666,,0.1818181818181818,1.0,,,1
-5.275552145440557,0.4432409599360501,-0.4609307884751332,0.0876276745454016,-0.1826419083524686,-0.0673069277295725,-0.6080169814010933,0.2546358319675524,0.7332385250432295,0.4316205067542218,Spyware-TIBS-8fdea52e2c3a415a4be17226fc6cd3fe62e4b49fc156b4a828a0bec730b1cdc5-3.raw,0.0,0.0,0.963910881973854,,0.7526777822120019,0.041081081081081,0.7909090909090911,0.0769564274875352,0.7353567556105777,,0.1767180925666199,0.0720288115246098,0.0,0.0328185328185328,0.3379310344827586,0.0181818181818181,0.0203488372093023,0.0196078431372549,0.010752688172043,0.0610687022900763,0.2142857142857142,0.140625,0.2142857142857142,0.4724320173716093,0.3901419099051962,0.4724320173716093,0.0,0.0,0.0,0.0,0.0,0.0,0.0,0.0,0.0,0.0,0.0666666666666666,0.0,0.0,0.0,0.0,0.4007890843333884,0.2829705505761845,0.4818181818181817,0.0,0.6363636363636364,0.5,,0.6666666666666666,0.6666666666666666,,0.1818181818181818,1.0,,,1
-5.455560439099055,-0.024788452884344,-0.4857659752707849,0.0500642864607466,-0.1422788750521613,-0.352246434571802,0.0184411603254722,-0.2983159988306808,1.049549881812148,-0.323487753650216,Spyware-TIBS-10ef7e0a4f5ea636cdbf2eeeb6403c3ab328568bf47e67dc37b2a73b82bd06d4-1.raw,0.0,0.0,0.943288528816056,,0.7598818082334012,0.0389189189189189,0.7851778656126482,0.0808584435291567,0.7430653102079781,,0.1739130434782608,0.0618247298919567,0.0,0.0173745173745173,0.3103448275862069,0.0181818181818181,0.0203488372093023,0.0196078431372549,0.010752688172043,0.0610687022900763,0.1904761904761904,0.125,0.1904761904761904,0.4189987635880066,0.3429125217635632,0.4189987635880066,0.0,0.0,0.0,0.0,0.0,0.0,0.0,0.0,0.0,0.0,0.0,0.0,0.0,0.0,0.0,0.4007890843333884,0.2829705505761845,0.3023172905525847,0.0,0.6363636363636364,0.5,,0.6666666666666666,0.6666666666666666,,0.1818181818181818,1.0,,,1
-0.9887043406974004,-3.4713358480394145,2.3737829190183435,0.6006183440678917,-0.066503877909615,-0.1310519611431375,0.409338097084536,0.0164599065151022,-0.3133416262031768,-0.060470680292516,Spyware-TIBS-10f9ff1e9f0cddbac2bf5dd5921a15f8c925fa57b2a1d2f9f10772a3b6bba6b2-9.raw,0.1470588235294117,0.0714285714285714,0.6192502574384364,,0.9493358341171576,0.3394594594594594,0.938647342995169,0.4706264903533492,0.9457876071408496,,0.2622720897615708,0.6038415366146459,0.2592592592592592,0.4247104247104247,0.3885057471264367,0.2,0.4331395348837209,0.4509803921568627,0.3494623655913978,0.4122137404580153,0.3333333333333333,0.296875,0.3333333333333333,0.3688370824387161,0.2427740071603362,0.3688370824387161,0.0112359550561797,4.630058338735068e-05,0.0112359550561797,0.0,0.0,0.0,0.0,0.0,0.0,0.0,0.0666666666666666,0.0,0.0,0.0,0.0,0.2555756479807115,0.1966614501825767,0.3156136528685546,1.0,1.0,1.0,,1.0,1.0,,0.7272727272727273,1.0,,,1
-4.062833682131051,6.089268657712927,2.5381375743508556,0.6047794669424682,-0.5896187686900346,0.5930112971372147,-0.0500680988336602,0.5759965583255168,-0.5903428712531257,-0.4045412071034333,Spyware-TIBS-8b374a972ae3f2aa202e216b2ebb61cd7668d1e3803cfcc9bdeb9f7e1a0e70c2-4.raw,0.0,0.0,0.6958202909224818,,0.6650287989516426,0.041081081081081,0.7909090909090911,0.0294818989811402,0.641569341342205,,0.1626928471248246,0.031812725090036,0.0,0.0328185328185328,0.1034482758620689,0.0181818181818181,0.0203488372093023,0.0196078431372549,0.010752688172043,0.0610687022900763,0.2142857142857142,0.140625,0.2142857142857142,0.4724320173716093,0.3901419099051962,0.4724320173716093,0.0,0.0,0.0,0.0,0.2,0.0,0.1538461538461538,0.2,0.1538461538461538,0.2,0.2,0.4416666666666666,0.0,0.3397435897435896,0.4416666666666666,0.6948462929475591,0.6713615023474178,0.7361111111111113,0.0,0.6363636363636364,0.5,,0.6666666666666666,0.6666666666666666,,0.1818181818181818,1.0,,,1
-4.2325148857931145,5.406703900333859,2.955739343481555,0.9186335210266916,-0.4744419194661664,-0.3572188654171817,0.2515268380779864,0.4357991519248987,1.1085607212644122,-0.646042650422112,Spyware-TIBS-8dc489ff4bb652a015176896e29487c60c306a301e7e19e17fc8c357d8265615-1.raw,0.0,0.0,0.9690664702633032,,0.7722887419369223,0.0389189189189189,0.7851778656126482,0.0875785822675048,0.7563411542368345,,0.1739130434782608,0.0702280912364946,0.0,0.0173745173745173,0.3540229885057471,0.0181818181818181,0.0203488372093023,0.0196078431372549,0.010752688172043,0.0610687022900763,0.1904761904761904,0.125,0.1904761904761904,0.4189987635880066,0.3429125217635632,0.4189987635880066,0.0,0.0,0.0,0.0,0.2,0.0,0.1538461538461538,0.2,0.1538461538461538,0.2,0.1333333333333333,0.4416666666666666,0.0,0.3397435897435896,0.4416666666666666,0.6948462929475591,0.6713615023474178,0.5715686274509806,0.0,0.6363636363636364,0.5,,0.6666666666666666,0.6666666666666666,,0.1818181818181818,1.0,,,1
2.241718320036595,3.020226981207877,6.435470882394212,1.3245993937263856,-0.4355234170948161,-0.6894282314496979,0.7528478453838467,1.0160270345229994,-0.4940611059398697,-0.2351987976135293,Spyware-TIBS-6e996c9ce02c848f4a648e77d67ca89da64badb09faf00c5edbdea6cf7e2b93d-10.raw,0.2058823529411764,0.1428571428571428,0.5772417602651445,,0.9211443447469104,0.4583783783783783,0.982608695652174,0.5653587686971602,0.915621747891167,,0.2805049088359046,0.6728691476590636,0.3333333333333333,0.4671814671814672,0.4988505747126436,0.3454545454545454,0.7034883720930233,0.5686274509803921,0.478494623655914,0.6183206106870229,0.4285714285714285,0.390625,0.4285714285714285,0.4197687317956325,0.2761118206540299,0.4197687317956325,0.0112359550561797,4.630058338735068e-05,0.0112359550561797,0.0,0.3,0.0,0.2307692307692307,0.3,0.2307692307692307,0.3,0.2666666666666666,0.4968750000000002,0.0,0.3822115384615385,0.4968750000000002,0.5600700723327309,0.6179577464788735,0.5715686274509806,1.0,1.0,1.0,,1.0,1.0,,0.7272727272727273,1.0,,,1
-5.267960344628398,0.6285767220565669,-0.8025146308963206,-0.1911900591564094,-0.2460457512765298,0.4749839108535502,-0.3687027755017364,-0.0770398492691659,-0.4065732501998854,0.0581144367067369,Spyware-TIBS-92a05114ea36ed4ce64ac63d8b6472026537aedd164228ba9c18a95a44d4cbc3-4.raw,0.0,0.0,0.706131467501381,,0.6726330486408976,0.041081081081081,0.7909090909090911,0.0336006936917407,0.6497061489727946,,0.1626928471248246,0.0396158463385354,0.0,0.0328185328185328,0.1241379310344827,0.0181818181818181,0.0203488372093023,0.0196078431372549,0.010752688172043,0.0610687022900763,0.2142857142857142,0.140625,0.2142857142857142,0.4724320173716093,0.3901419099051962,0.4724320173716093,0.0,0.0,0.0,0.0,0.0,0.0,0.0,0.0,0.0,0.0,0.0666666666666666,0.0,0.0,0.0,0.0,0.4007890843333884,0.2829705505761845,0.4818181818181817,0.0,0.6363636363636364,0.5,,0.6666666666666666,0.6666666666666666,,0.1818181818181818,1.0,,,1
-4.075628537170094,5.9038284808242905,2.8850714814911544,0.8735093586803858,-0.5268502888722667,0.0542537783280683,-0.291181426716053,0.9053826642752782,0.5425255022290318,-0.023761946704674,Spyware-TIBS-8b374a972ae3f2aa202e216b2ebb61cd7668d1e3803cfcc9bdeb9f7e1a0e70c2-3.raw,0.0,0.0,0.9535997053949548,,0.7446733088548915,0.041081081081081,0.7909090909090911,0.0726208541079557,0.7267916949467994,,0.1697054698457223,0.0684273709483793,0.0,0.0328185328185328,0.3149425287356321,0.0181818181818181,0.0203488372093023,0.0196078431372549,0.010752688172043,0.0610687022900763,0.2142857142857142,0.140625,0.2142857142857142,0.4724320173716093,0.3901419099051962,0.4724320173716093,0.0,0.0,0.0,0.0,0.2,0.0,0.1538461538461538,0.2,0.1538461538461538,0.2,0.2,0.4416666666666666,0.0,0.3397435897435896,0.4416666666666666,0.6948462929475591,0.6713615023474178,0.7361111111111113,0.0,0.6363636363636364,0.5,,0.6666666666666666,0.6666666666666666,,0.1818181818181818,1.0,,,1
-5.263261297476799,0.4754362469328802,-0.4975140732438231,0.0340600544961067,-0.1823643788700334,-0.0290358245207653,-0.5945243764847274,0.2053339711701509,0.7545021109364433,0.4567677703586868,Spyware-TIBS-90c50fdd82efd7f377529b07f07b58d9c836a94bbee69bc016385c907f926021-3.raw,0.0,0.0,0.9535997053949548,,0.7294648094763817,0.041081081081081,0.7909090909090911,0.0643832646867548,0.7105180796856206,,0.1626928471248246,0.0684273709483793,0.0,0.0328185328185328,0.3471264367816092,0.0181818181818181,0.0203488372093023,0.0196078431372549,0.010752688172043,0.0610687022900763,0.2142857142857142,0.140625,0.2142857142857142,0.4724320173716093,0.3901419099051962,0.4724320173716093,0.0,0.0,0.0,0.0,0.0,0.0,0.0,0.0,0.0,0.0,0.0666666666666666,0.0,0.0,0.0,0.0,0.4007890843333884,0.2829705505761845,0.4818181818181817,0.0,0.6363636363636364,0.5,,0.6666666666666666,0.6666666666666666,,0.1818181818181818,1.0,,,1
-5.082699509208536,0.6908445462655959,-1.0305050906056985,-0.3498399346464209,-0.2383856348160961,0.5743432968180707,-0.4333927780718756,0.3828660561041772,-0.7439425346474773,-0.0242408993339325,Spyware-TIBS-56d78fb94fce19e41d4fd8aa8cc8e76887afbe16f9d0ddf162abf6bbba3cc1e7-6.raw,0.0,0.0,0.6545755846068864,,0.6870411006836963,0.0443243243243243,0.7995059288537549,0.0414047257749837,0.6651232581675954,,0.1753155680224404,0.0726290516206482,0.0,0.0386100386100386,0.0620689655172413,0.0181818181818181,0.0203488372093023,0.0196078431372549,0.021505376344086,0.0610687022900763,0.238095238095238,0.15625,0.238095238095238,0.523978816875774,0.4344045308964054,0.523978816875774,0.0,0.0,0.0,0.0,0.0,0.0,0.0,0.0,0.0,0.0,0.0666666666666666,0.0,0.0,0.0,0.0,0.4007890843333884,0.2829705505761845,0.4818181818181817,0.0,0.6363636363636364,0.5,,0.6666666666666666,0.6666666666666666,,0.1818181818181818,1.0,,,1
-4.840084118911422,2.7589450338080295,1.297938868856139,0.509863368422795,-0.3079302063634738,-0.3777613399907368,0.1228780091682965,0.1040522581462972,1.140161861623422,-0.4830431134961281,Spyware-TIBS-25ac33bc94decabf1572c58b136cd489a8ec017b0d1ea345b6e37a84423ca2d8-1.raw,0.0,0.0,0.9690664702633032,,0.7686867289262227,0.0389189189189189,0.7851778656126482,0.0856275742466941,0.7524868769381342,,0.1739130434782608,0.0672268907563025,0.0,0.0173745173745173,0.3425287356321839,0.0181818181818181,0.0203488372093023,0.0196078431372549,0.010752688172043,0.0610687022900763,0.1904761904761904,0.125,0.1904761904761904,0.4189987635880066,0.3429125217635632,0.4189987635880066,0.0,0.0,0.0,0.0,0.1,0.0,0.0769230769230769,0.1,0.0769230769230769,0.1,0.0666666666666666,0.2304347826086956,0.0,0.177257525083612,0.2304347826086956,0.554210236653825,0.4856093080220452,0.4427962489343561,0.0,0.6363636363636364,0.5,,0.6666666666666666,0.6666666666666666,,0.1818181818181818,1.0,,,1
-0.970107638339586,-3.503229218661151,2.4259397542331955,0.6363812730648396,-0.056138785360249,-0.2202441927150467,0.3779657002829538,0.0602236847517324,-0.1361402773316357,0.0060754887523964,Spyware-TIBS-90c50fdd82efd7f377529b07f07b58d9c836a94bbee69bc016385c907f926021-8.raw,0.1470588235294117,0.0714285714285714,0.6444553557424114,,0.9604235120266362,0.3394594594594594,0.938647342995169,0.4779969650986343,0.9576518022825276,,0.2622720897615708,0.6152460984393757,0.2592592592592592,0.4247104247104247,0.4298850574712644,0.2,0.4331395348837209,0.4509803921568627,0.3494623655913978,0.4122137404580153,0.3333333333333333,0.296875,0.3333333333333333,0.3688370824387161,0.2427740071603362,0.3688370824387161,0.0112359550561797,4.630058338735068e-05,0.0112359550561797,0.0,0.0,0.0,0.0,0.0,0.0,0.0,0.0666666666666666,0.0,0.0,0.0,0.0,0.2555756479807115,0.1966614501825767,0.3156136528685546,1.0,1.0,1.0,,1.0,1.0,,0.7272727272727273,1.0,,,1
-0.9584676608313356,-3.5895835553035997,2.563024595805283,0.7462004052369556,-0.0428412655468306,-0.4028347136052857,0.3249095131299707,0.113599624379234,0.1174277284409881,0.0865280726285709,Spyware-TIBS-8fdea52e2c3a415a4be17226fc6cd3fe62e4b49fc156b4a828a0bec730b1cdc5-7.raw,0.1470588235294117,0.0714285714285714,0.6948655523503616,,0.9865121659312928,0.3448648648648648,0.9503220611916272,0.4953392586169521,0.9855675555570644,,0.270687237026648,0.634453781512605,0.2592592592592592,0.4227799227799227,0.4873563218390804,0.2,0.4331395348837209,0.4509803921568627,0.3494623655913978,0.4274809160305343,0.3333333333333333,0.296875,0.3333333333333333,0.3634562067807559,0.2332154601568117,0.3634562067807559,0.0112359550561797,4.630058338735068e-05,0.0112359550561797,0.0,0.0,0.0,0.0,0.0,0.0,0.0,0.0666666666666666,0.0,0.0,0.0,0.0,0.2555756479807115,0.1966614501825767,0.3156136528685546,1.0,1.0,1.0,,1.0,1.0,,0.7272727272727273,1.0,,,1
-0.9544141501732748,-3.5622953411905134,2.523263293690996,0.7074125245733839,-0.0399097607793902,-0.3713577064633198,0.3200440521668363,0.1467118941252979,0.1426386313237509,0.1071807657641905,Spyware-TIBS-85ae85a36eb35350175eb3c1b00dcab52d5fe726bab65975a6bb3177c8719da6-7.raw,0.1470588235294117,0.0714285714285714,0.6948655523503616,,0.984881625062252,0.3394594594594594,0.938647342995169,0.4942553652720572,0.983822820977406,,0.2636746143057503,0.6350540216086434,0.2592592592592592,0.4227799227799227,0.4896551724137931,0.2,0.4331395348837209,0.4509803921568627,0.3494623655913978,0.4122137404580153,0.3333333333333333,0.296875,0.3333333333333333,0.3688370824387161,0.2427740071603362,0.3688370824387161,0.0112359550561797,4.630058338735068e-05,0.0112359550561797,0.0,0.0,0.0,0.0,0.0,0.0,0.0,0.0666666666666666,0.0,0.0,0.0,0.0,0.2555756479807115,0.1966614501825767,0.3156136528685546,1.0,1.0,1.0,,1.0,1.0,,0.7272727272727273,1.0,,,1
-0.9447374248236552,-3.572309527746645,2.53527288598799,0.7151858985799834,-0.0383710675821207,-0.3910386713309109,0.3167644350729016,0.1555354459784208,0.1641145698324093,0.1181666109972095,Spyware-TIBS-8dc489ff4bb652a015176896e29487c60c306a301e7e19e17fc8c357d8265615-7.raw,0.1470588235294117,0.0714285714285714,0.6906647026330326,,0.9894471394955664,0.3394594594594594,0.938647342995169,0.4972902666377628,0.9887080778004496,,0.2636746143057503,0.6374549819927972,0.2592592592592592,0.4227799227799227,0.4988505747126436,0.2,0.4331395348837209,0.4509803921568627,0.3494623655913978,0.4122137404580153,0.3333333333333333,0.296875,0.3333333333333333,0.3688370824387161,0.2427740071603362,0.3688370824387161,0.0112359550561797,4.630058338735068e-05,0.0112359550561797,0.0,0.0,0.0,0.0,0.0,0.0,0.0,0.0666666666666666,0.0,0.0,0.0,0.0,0.2555756479807115,0.1966614501825767,0.3156136528685546,1.0,1.0,1.0,,1.0,1.0,,0.7272727272727273,1.0,,,1
-5.466863496573035,0.3414318273524766,-0.204222138149241,0.2765355361054628,-0.204206284378811,-0.1480691567241399,-0.5196710252351419,-0.2028891047107175,0.794006257624732,0.415150178374992,Spyware-TIBS-97a0246b1c3df21db4449c71eabd9e2e4c622adfc1c6d9a86e151c844c6f4c30-2.raw,0.0,0.0,0.9690664702633032,,0.7638840449119565,0.0389189189189189,0.7851778656126482,0.0830262302189464,0.7473478405398674,,0.1739130434782608,0.0666266506602641,0.0,0.0173745173745173,0.3471264367816092,0.0181818181818181,0.0203488372093023,0.0196078431372549,0.010752688172043,0.0610687022900763,0.1904761904761904,0.125,0.1904761904761904,0.4189987635880066,0.3429125217635632,0.4189987635880066,0.0,0.0,0.0,0.0,0.0,0.0,0.0,0.0,0.0,0.0,0.0666666666666666,0.0,0.0,0.0,0.0,0.4007890843333884,0.2829705505761845,0.4818181818181817,0.0,0.6363636363636364,0.5,,0.6666666666666666,0.6666666666666666,,0.1818181818181818,1.0,,,1
-5.452649400411233,-0.0617316061852007,-0.4126425398720064,0.1006393461297921,-0.1273304504135061,-0.4712939570434397,-0.0344124014715864,-0.2328743867956045,1.3211273107438073,-0.2274597350676178,Spyware-TIBS-6c524355af15275aa5b7f957574769ce268cbe125214f26c32a1037bc831ee8d-1.raw,0.0,0.0,1.0,,0.7730891892726335,0.0389189189189189,0.7851778656126482,0.0880121396054628,0.7571976603032123,,0.1725105189340813,0.0714285714285714,0.0,0.0173745173745173,0.3632183908045977,0.0181818181818181,0.0203488372093023,0.0196078431372549,0.010752688172043,0.0610687022900763,0.1904761904761904,0.125,0.1904761904761904,0.4189987635880066,0.3429125217635632,0.4189987635880066,0.0,0.0,0.0,0.0,0.0,0.0,0.0,0.0,0.0,0.0,0.0,0.0,0.0,0.0,0.0,0.4007890843333884,0.2829705505761845,0.3023172905525847,0.0,0.6363636363636364,0.5,,0.6666666666666666,0.6666666666666666,,0.1818181818181818,1.0,,,1
-5.094152514466113,0.6980144626754216,-1.029729729590254,-0.3606768065697848,-0.2375178136173961,0.5777966446561428,-0.4393686999449159,0.379260313343993,-0.7145352020186225,-0.0082630555591016,Spyware-TIBS-6c020f140af8dd853073669a31bb0996b4f0a332a4a3b23b3e708d311b9ec587-6.raw,0.0,0.0,0.6648867611857852,,0.6830388640051411,0.0443243243243243,0.7995059288537549,0.039236939085194,0.6608407278357064,,0.1683029453015427,0.0678271308523409,0.0,0.0386100386100386,0.064367816091954,0.0181818181818181,0.0203488372093023,0.0196078431372549,0.021505376344086,0.0610687022900763,0.238095238095238,0.15625,0.238095238095238,0.523978816875774,0.4344045308964054,0.523978816875774,0.0,0.0,0.0,0.0,0.0,0.0,0.0,0.0,0.0,0.0,0.0666666666666666,0.0,0.0,0.0,0.0,0.4007890843333884,0.2829705505761845,0.4818181818181817,0.0,0.6363636363636364,0.5,,0.6666666666666666,0.6666666666666666,,0.1818181818181818,1.0,,,1
-0.6875646810769129,-3.5347533232272035,2.612178019795436,0.5102072732447386,-0.0155485159555499,-0.3058637242312894,-1.26582530914116,-0.3248674928077522,0.3141235226125078,-0.5515950184856899,Spyware-TIBS-7c5d590afd39575ec7211e69d22acd56638f9356d955ac4ebca7bc93ad4f439b-7.raw,0.1470588235294117,0.0714285714285714,0.699066402067691,,0.9878165986265256,0.3394594594594594,0.938647342995169,0.496206373292868,0.9869633432207914,,0.2636746143057503,0.6380552220888356,0.2592592592592592,0.4227799227799227,0.4988505747126436,0.2,0.4331395348837209,0.4509803921568627,0.3494623655913978,0.4122137404580153,0.3333333333333333,0.296875,0.3333333333333333,0.3688370824387161,0.2427740071603362,0.3688370824387161,0.0112359550561797,4.630058338735068e-05,0.0112359550561797,0.0,0.0,0.0,0.0,0.0,0.0,0.0,0.0666666666666666,0.0,0.0,0.0,0.0,0.2555756479807115,0.1966614501825767,0.3156136528685546,1.0,1.0,1.0,,1.0,1.0,,0.7272727272727273,0.5,,,1
-5.296960039584731,0.4268082837111539,-0.4380916719541318,0.1049824586436833,-0.1861422272401689,-0.0706104137039787,-0.6133880249195438,0.278166124795153,0.6684030052457095,0.4089578669153427,Spyware-TIBS-85ae85a36eb35350175eb3c1b00dcab52d5fe726bab65975a6bb3177c8719da6-2.raw,0.0,0.0,0.963910881973854,,0.7674860579226562,0.041081081081081,0.7909090909090911,0.0849772382397572,0.7512021178385676,,0.1767180925666199,0.073829531812725,0.0,0.0328185328185328,0.3195402298850575,0.0181818181818181,0.0203488372093023,0.0196078431372549,0.010752688172043,0.0610687022900763,0.2142857142857142,0.140625,0.2142857142857142,0.4724320173716093,0.3901419099051962,0.4724320173716093,0.0,0.0,0.0,0.0,0.0,0.0,0.0,0.0,0.0,0.0,0.0666666666666666,0.0,0.0,0.0,0.0,0.4007890843333884,0.2829705505761845,0.4818181818181817,0.0,0.6363636363636364,0.5,,0.6666666666666666,0.6666666666666666,,0.1818181818181818,1.0,,,1
-5.970554565394145,0.2501382734576027,0.1253992753292566,0.5045278168758625,-0.354461921699228,0.306746099419991,0.0934947583518708,-2.0783571471147897,-0.6109743378976936,-0.1912178075868001,Spyware-TIBS-9aa88b8359d2090f6588d882078813d7c548776d7403627c25f1091a0564fce6-7.raw,0.0,0.0,0.6545755846068864,,0.6750343906480307,0.0356756756756756,0.7765810276679844,0.0349013657056145,0.6522756671719281,,0.1753155680224404,0.0654261704681872,0.0,0.025096525096525,0.0758620689655172,0.0181818181818181,0.0087209302325581,0.0196078431372549,0.0161290322580645,0.0610687022900763,0.119047619047619,0.078125,0.119047619047619,0.2527937177603244,0.1920534017514077,0.2527937177603244,0.0,0.0,0.0,0.0,0.0,0.0,0.0,0.0,0.0,0.0,0.0666666666666666,0.0,0.0,0.0,0.0,0.4007890843333884,0.2829705505761845,0.4818181818181817,0.0,0.6363636363636364,0.5,,0.6666666666666666,0.6666666666666666,,0.1818181818181818,1.0,,,1
-0.9778245396670636,-3.5009621721833692,2.4239624028052793,0.6364853168408858,-0.0571503495069776,-0.2134317446188411,0.3785308153170237,0.0602510386547568,-0.1494962671933265,0.0002027648178268,Spyware-TIBS-7cbae8b99aad8d5f683842fe9b1d44647599dfa2c73feac803baa1f9cbf789a8-8.raw,0.1470588235294117,0.0714285714285714,0.6444553557424114,,0.9610757283742528,0.3394594594594594,0.938647342995169,0.4784305224365922,0.9583496961143908,,0.2622720897615708,0.6134453781512605,0.2592592592592592,0.4208494208494208,0.425287356321839,0.2,0.4331395348837209,0.4509803921568627,0.3494623655913978,0.4122137404580153,0.3333333333333333,0.296875,0.3333333333333333,0.3688370824387161,0.2427740071603362,0.3688370824387161,0.0112359550561797,4.630058338735068e-05,0.0112359550561797,0.0,0.0,0.0,0.0,0.0,0.0,0.0,0.0666666666666666,0.0,0.0,0.0,0.0,0.2555756479807115,0.1966614501825767,0.3156136528685546,1.0,1.0,1.0,,1.0,1.0,,0.7272727272727273,1.0,,,1
1.6783612615101733,1.0599592590944624,5.295307400136926,1.1813707142318888,-0.3493231848293989,-0.5212101459989845,0.2611934526905988,0.7682101598926978,-0.8896718116426444,0.3301305122678621,Spyware-TIBS-25ac33bc94decabf1572c58b136cd489a8ec017b0d1ea345b6e37a84423ca2d8-10.raw,0.2058823529411764,0.1428571428571428,0.5459526727153823,,0.920233490882136,0.467027027027027,1.0,0.5647084326902233,0.9146471030570132,,0.2805049088359046,0.6698679471788715,0.3333333333333333,0.4671814671814672,0.4735632183908046,0.3454545454545454,0.7034883720930233,0.5686274509803921,0.478494623655914,0.648854961832061,0.4285714285714285,0.390625,0.4285714285714285,0.4115994237203857,0.2619352822723866,0.4115994237203857,0.0112359550561797,4.630058338735068e-05,0.0112359550561797,0.0,0.2,0.0,0.1538461538461538,0.2,0.1538461538461538,0.2,0.2666666666666666,0.3419354838709675,0.0,0.2630272952853595,0.3419354838709675,0.4513795718369017,0.4784189004997728,0.6034155597722959,1.0,1.0,1.0,,1.0,1.0,,0.7272727272727273,1.0,,,1
-0.979726527602979,-3.543481028787559,2.4921769324425074,0.6790944568291811,-0.0571464438954897,-0.275425652978169,0.3691021578493812,0.0432386164091493,-0.1259725819905037,0.0083130832402535,Spyware-TIBS-8d1b6b6cb2f44e01ad43b8efaebec065c4047400f1848f23a9e2034b3b710182-8.raw,0.1470588235294117,0.0714285714285714,0.6570579048943991,,0.9669456755028004,0.3448648648648648,0.9503220611916272,0.4823325384782137,0.964630740601162,,0.2622720897615708,0.6272509003601441,0.2592592592592592,0.4247104247104247,0.432183908045977,0.2,0.4331395348837209,0.4509803921568627,0.3494623655913978,0.4274809160305343,0.3333333333333333,0.296875,0.3333333333333333,0.3634562067807559,0.2332154601568117,0.3634562067807559,0.0112359550561797,4.630058338735068e-05,0.0112359550561797,0.0,0.0,0.0,0.0,0.0,0.0,0.0,0.0666666666666666,0.0,0.0,0.0,0.0,0.2555756479807115,0.1966614501825767,0.3156136528685546,1.0,1.0,1.0,,1.0,1.0,,0.7272727272727273,1.0,,,1
-0.9758716770086326,-3.484928479569504,2.3929605209203415,0.6125398510133452,-0.062842842523671,-0.164693346470004,0.4001395795998557,0.0308597126921154,-0.2550966842355306,-0.0364131265671881,Spyware-TIBS-97a0246b1c3df21db4449c71eabd9e2e4c622adfc1c6d9a86e151c844c6f4c30-8.raw,0.1470588235294117,0.0714285714285714,0.6234511071557657,,0.953575240376664,0.3394594594594594,0.938647342995169,0.4734446130500758,0.9503239170479616,,0.2622720897615708,0.6116446578631453,0.2592592592592592,0.4247104247104247,0.4045977011494253,0.2,0.4331395348837209,0.4509803921568627,0.3494623655913978,0.4122137404580153,0.3333333333333333,0.296875,0.3333333333333333,0.3688370824387161,0.2427740071603362,0.3688370824387161,0.0112359550561797,4.630058338735068e-05,0.0112359550561797,0.0,0.0,0.0,0.0,0.0,0.0,0.0,0.0666666666666666,0.0,0.0,0.0,0.0,0.2555756479807115,0.1966614501825767,0.3156136528685546,1.0,1.0,1.0,,1.0,1.0,,0.7272727272727273,1.0,,,1
-5.479900863218548,0.351387841702645,-0.211975210062043,0.2702321234067326,-0.2044721812190411,-0.1353230247808427,-0.5213048620665569,-0.2082467403676471,0.8005650763893175,0.4149828007238004,Spyware-TIBS-8d05ac658cc148b5089cba5909d167e79b2ee62d09dfdba71234792f184da271-2.raw,0.0,0.0,0.9793776468422024,,0.7590813608976902,0.0389189189189189,0.7851778656126482,0.0804248861911987,0.7422088041416003,,0.1725105189340813,0.0648259303721488,0.0,0.0135135135135135,0.3425287356321839,0.0181818181818181,0.0203488372093023,0.0196078431372549,0.010752688172043,0.0610687022900763,0.1904761904761904,0.125,0.1904761904761904,0.4189987635880066,0.3429125217635632,0.4189987635880066,0.0,0.0,0.0,0.0,0.0,0.0,0.0,0.0,0.0,0.0,0.0666666666666666,0.0,0.0,0.0,0.0,0.4007890843333884,0.2829705505761845,0.4818181818181817,0.0,0.6363636363636364,0.5,,0.6666666666666666,0.6666666666666666,,0.1818181818181818,1.0,,,1
-5.292778288003193,0.7211737692379308,-0.962538902946113,-0.3056123531099526,-0.2749973790609565,0.731226934857487,-0.2684412588991257,-0.2187636417469038,-0.915175349465272,-0.126883409274967,Spyware-TIBS-28e57139370f05830b5ffa383fde31916f358d49a03010d6cee044c63e852a82-5.raw,0.0,0.0,0.6184864665807401,,0.634611800194623,0.041081081081081,0.7909090909090911,0.0130067201387383,0.6090221108198476,,0.1626928471248246,0.017406962785114,0.0,0.0328185328185328,0.0137931034482758,0.0181818181818181,0.0203488372093023,0.0196078431372549,0.010752688172043,0.0610687022900763,0.2142857142857142,0.140625,0.2142857142857142,0.4724320173716093,0.3901419099051962,0.4724320173716093,0.0,0.0,0.0,0.0,0.0,0.0,0.0,0.0,0.0,0.0,0.0666666666666666,0.0,0.0,0.0,0.0,0.4007890843333884,0.2829705505761845,0.4818181818181817,0.0,0.6363636363636364,0.5,,0.6666666666666666,0.6666666666666666,,0.1818181818181818,1.0,,,1
-5.254880668166943,0.4580149441634765,-0.4831638287873769,0.0508736509446811,-0.183749657583601,-0.0431701994065855,-0.5921410545514427,0.220016888087017,0.7148720869824249,0.4430855344407921,Spyware-TIBS-45f85eaf165337665b247db9aecc04e018d6402f73da2730fc66b885252abe7e-3.raw,0.0,0.0,0.9381329405266068,,0.7410712958441918,0.041081081081081,0.7909090909090911,0.070669846087145,0.7229374176480992,,0.1669004207573632,0.0726290516206482,0.0,0.0328185328185328,0.3448275862068966,0.0181818181818181,0.0203488372093023,0.0196078431372549,0.010752688172043,0.0610687022900763,0.2142857142857142,0.140625,0.2142857142857142,0.4724320173716093,0.3901419099051962,0.4724320173716093,0.0,0.0,0.0,0.0,0.0,0.0,0.0,0.0,0.0,0.0,0.0666666666666666,0.0,0.0,0.0,0.0,0.4007890843333884,0.2829705505761845,0.4818181818181817,0.0,0.6363636363636364,0.5,,0.6666666666666666,0.6666666666666666,,0.1818181818181818,1.0,,,1
2.809579798299361,5.139979771287626,7.820278259660006,1.670112226138598,-0.5863924815562771,-0.7098805385683259,0.8821682848112875,1.1750117006182903,-0.5658618602764625,-0.2824182121172361,Spyware-TIBS-49bb6d6117975b63789c7307ca5c4b166239b7d2c342f80a2487dfe99ef438f2-10.raw,0.2058823529411764,0.1428571428571428,0.5772417602651445,,0.927216703845408,0.4637837837837837,0.9934782608695656,0.5696943420767396,0.9221193801188609,,0.2805049088359046,0.6788715486194478,0.3333333333333333,0.4671814671814672,0.5126436781609195,0.3454545454545454,0.7034883720930233,0.5686274509803921,0.478494623655914,0.6335877862595419,0.4285714285714285,0.390625,0.4285714285714285,0.4146516514157817,0.2672319393056032,0.4146516514157817,0.0112359550561797,4.630058338735068e-05,0.0112359550561797,0.0,0.4,0.0,0.3076923076923077,0.4,0.3076923076923077,0.4,0.3333333333333333,0.6424242424242426,0.0,0.4941724941724942,0.6424242424242426,0.6621732697682067,0.7490396927016647,0.661319073083779,1.0,1.0,1.0,,1.0,1.0,,0.7272727272727273,1.0,,,1
-5.299713049162185,0.7240010592783233,-0.9660805970219744,-0.3073797759736359,-0.2763900809816059,0.7411752261829844,-0.2666739745088253,-0.2205661305265283,-0.9375490461520992,-0.1361948777580145,Spyware-TIBS-7ee08dbd8e61fb131cc2258ad23f01c675265c04b502aa8676da524f962a98ab-5.raw,0.0,0.0,0.6184864665807401,,0.634611800194623,0.041081081081081,0.7909090909090911,0.0130067201387383,0.6090221108198476,,0.1626928471248246,0.0150060024009603,0.0,0.0328185328185328,0.0068965517241379,0.0181818181818181,0.0203488372093023,0.0196078431372549,0.010752688172043,0.0610687022900763,0.2142857142857142,0.140625,0.2142857142857142,0.4724320173716093,0.3901419099051962,0.4724320173716093,0.0,0.0,0.0,0.0,0.0,0.0,0.0,0.0,0.0,0.0,0.0666666666666666,0.0,0.0,0.0,0.0,0.4007890843333884,0.2829705505761845,0.4818181818181817,0.0,0.6363636363636364,0.5,,0.6666666666666666,0.6666666666666666,,0.1818181818181818,1.0,,,1
-5.282423900117861,0.4136387610674312,-0.4201044174883998,0.1168165562951308,-0.1824797872312561,-0.1046108203642404,-0.6214081687318764,0.2917159181728142,0.7275446425997213,0.4337704084002657,Spyware-TIBS-9c8a2292cad7ae8b939c0fb6a7369ee7a84c470bf463fa473805bfad8c69a7f9-2.raw,0.0,0.0,0.963910881973854,,0.7722887419369223,0.041081081081081,0.7909090909090911,0.0875785822675048,0.7563411542368345,,0.1767180925666199,0.0774309723889555,0.0,0.0328185328185328,0.3379310344827586,0.0181818181818181,0.0203488372093023,0.0196078431372549,0.010752688172043,0.0610687022900763,0.2142857142857142,0.140625,0.2142857142857142,0.4724320173716093,0.3901419099051962,0.4724320173716093,0.0,0.0,0.0,0.0,0.0,0.0,0.0,0.0,0.0,0.0,0.0666666666666666,0.0,0.0,0.0,0.0,0.4007890843333884,0.2829705505761845,0.4818181818181817,0.0,0.6363636363636364,0.5,,0.6666666666666666,0.6666666666666666,,0.1818181818181818,1.0,,,1
-5.088474436768123,0.6950228725796855,-1.027790916666499,-0.3600449556047105,-0.2374373063232261,0.574015352313536,-0.4380765491811765,0.3796462677689474,-0.7167450098467295,-0.007019715061612,Spyware-TIBS-28e57139370f05830b5ffa383fde31916f358d49a03010d6cee044c63e852a82-6.raw,0.0,0.0,0.659731172896336,,0.6842395350087076,0.0443243243243243,0.7995059288537549,0.0398872750921309,0.6621254869352731,,0.1683029453015427,0.0696278511404561,0.0,0.0386100386100386,0.0666666666666666,0.0181818181818181,0.0203488372093023,0.0196078431372549,0.021505376344086,0.0610687022900763,0.238095238095238,0.15625,0.238095238095238,0.523978816875774,0.4344045308964054,0.523978816875774,0.0,0.0,0.0,0.0,0.0,0.0,0.0,0.0,0.0,0.0,0.0666666666666666,0.0,0.0,0.0,0.0,0.4007890843333884,0.2829705505761845,0.4818181818181817,0.0,0.6363636363636364,0.5,,0.6666666666666666,0.6666666666666666,,0.1818181818181818,1.0,,,1
-5.290243699538892,0.7165524346184025,-0.9559770212776156,-0.3008749119856913,-0.2740990484002823,0.7209396553005866,-0.2712744953092855,-0.2132067867786433,-0.9004779815967219,-0.1207112028368238,Spyware-TIBS-8dc489ff4bb652a015176896e29487c60c306a301e7e19e17fc8c357d8265615-5.raw,0.0,0.0,0.6184864665807401,,0.6370131422017562,0.041081081081081,0.7909090909090911,0.0143073921526121,0.6115916290189811,,0.1626928471248246,0.017406962785114,0.0,0.0328185328185328,0.0183908045977011,0.0181818181818181,0.0203488372093023,0.0196078431372549,0.010752688172043,0.0610687022900763,0.2142857142857142,0.140625,0.2142857142857142,0.4724320173716093,0.3901419099051962,0.4724320173716093,0.0,0.0,0.0,0.0,0.0,0.0,0.0,0.0,0.0,0.0,0.0666666666666666,0.0,0.0,0.0,0.0,0.4007890843333884,0.2829705505761845,0.4818181818181817,0.0,0.6363636363636364,0.5,,0.6666666666666666,0.6666666666666666,,0.1818181818181818,1.0,,,1
-0.224159867114956,-3.8497081270250977,2.47654525117808,0.6222495448321628,-0.0005021828090131,-0.7271270718543933,0.3082692911627473,0.2749295316216602,0.0083688334213663,0.1147192693667818,Spyware-TIBS-56d78fb94fce19e41d4fd8aa8cc8e76887afbe16f9d0ddf162abf6bbba3cc1e7-9.raw,0.1764705882352941,0.1428571428571428,0.6461056895599337,,0.9839498874227994,0.4086486486486486,0.9816770186335404,0.5519184912204639,0.9828258297890292,,0.2805049088359046,0.673469387755102,0.2962962962962963,0.4459459459459459,0.5195402298850574,0.2363636363636363,0.6918604651162791,0.5098039215686274,0.3709677419354839,0.4503816793893129,0.3809523809523809,0.34375,0.3809523809523809,0.3860046145838139,0.243652706029865,0.3860046145838139,0.0112359550561797,4.630058338735068e-05,0.0112359550561797,0.0,0.0,0.0,0.0,0.0,0.0,0.0,0.0666666666666666,0.0,0.0,0.0,0.0,0.2327563936967193,0.1830985915492957,0.2894957983193275,1.0,1.0,1.0,,1.0,1.0,,0.7272727272727273,1.0,,,1
-5.091813110790143,0.6974008685353211,-1.0311756771828098,-0.3624025530263973,-0.2383321477258772,0.5814353506772617,-0.4363394554619567,0.3770802501707366,-0.7318138482384571,-0.0130746481834856,Spyware-TIBS-49bb6d6117975b63789c7307ca5c4b166239b7d2c342f80a2487dfe99ef438f2-6.raw,0.0,0.0,0.659731172896336,,0.6834390876729965,0.0443243243243243,0.7995059288537549,0.0394537177541729,0.6612689808688952,,0.1683029453015427,0.0696278511404561,0.0,0.0386100386100386,0.0620689655172413,0.0181818181818181,0.0203488372093023,0.0196078431372549,0.021505376344086,0.0610687022900763,0.238095238095238,0.15625,0.238095238095238,0.523978816875774,0.4344045308964054,0.523978816875774,0.0,0.0,0.0,0.0,0.0,0.0,0.0,0.0,0.0,0.0,0.0666666666666666,0.0,0.0,0.0,0.0,0.4007890843333884,0.2829705505761845,0.4818181818181817,0.0,0.6363636363636364,0.5,,0.6666666666666666,0.6666666666666666,,0.1818181818181818,1.0,,,1
-5.454843056701591,-0.0590410709761497,-0.4185973739244459,0.0998117680653487,-0.1286723862243808,-0.4619747622004524,-0.0301583535611454,-0.2362407228551098,1.298193407660554,-0.2372567186764428,Spyware-TIBS-7cbae8b99aad8d5f683842fe9b1d44647599dfa2c73feac803baa1f9cbf789a8-1.raw,0.0,0.0,0.9948444117105508,,0.7730891892726335,0.0389189189189189,0.7851778656126482,0.0880121396054628,0.7571976603032123,,0.1739130434782608,0.070828331332533,0.0,0.0135135135135135,0.3586206896551724,0.0181818181818181,0.0203488372093023,0.0196078431372549,0.010752688172043,0.0610687022900763,0.1904761904761904,0.125,0.1904761904761904,0.4189987635880066,0.3429125217635632,0.4189987635880066,0.0,0.0,0.0,0.0,0.0,0.0,0.0,0.0,0.0,0.0,0.0,0.0,0.0,0.0,0.0,0.4007890843333884,0.2829705505761845,0.3023172905525847,0.0,0.6363636363636364,0.5,,0.6666666666666666,0.6666666666666666,,0.1818181818181818,1.0,,,1
-4.479953792211253,3.488930031435916,0.7070926443600327,0.0635422742116762,-0.4101256792024993,0.6123830928694923,-0.2867351579199731,0.7418902947305698,-0.7773067801680738,-0.24592712332227,Spyware-TIBS-6ff85480282c694f5e64a1fce32938d3f71e0f2aa3e91e8bc139184713b33c56-6.raw,0.0,0.0,0.659731172896336,,0.6858404296801297,0.0443243243243243,0.7995059288537549,0.0407543897680468,0.6638384990680287,,0.1683029453015427,0.0702280912364946,0.0,0.0386100386100386,0.0620689655172413,0.0181818181818181,0.0203488372093023,0.0196078431372549,0.021505376344086,0.0610687022900763,0.238095238095238,0.15625,0.238095238095238,0.523978816875774,0.4344045308964054,0.523978816875774,0.0,0.0,0.0,0.0,0.1,0.0,0.0769230769230769,0.1,0.0769230769230769,0.1,0.1333333333333333,0.2304347826086956,0.0,0.177257525083612,0.2304347826086956,0.554210236653825,0.4856093080220452,0.6144927536231886,0.0,0.6363636363636364,0.5,,0.6666666666666666,0.6666666666666666,,0.1818181818181818,1.0,,,1
-5.288602963134595,0.7100313210748337,-0.9503166122153714,-0.2845652872823215,-0.2728589099026925,0.7079512271610572,-0.2757068398995976,-0.2013690059146941,-0.8864288443971804,-0.126082027326553,Spyware-TIBS-6e274cbbdefce4f2bcb3543da3f4043319541e51a110356e68cea2ae85153427-5.raw,0.0,0.0,0.6287976431596394,,0.6398147078767449,0.041081081081081,0.7909090909090911,0.0158248428354649,0.6145894002513035,,0.1697054698457223,0.0198079231692677,0.0,0.0366795366795366,0.0183908045977011,0.0181818181818181,0.0203488372093023,0.0196078431372549,0.010752688172043,0.0610687022900763,0.2142857142857142,0.140625,0.2142857142857142,0.4724320173716093,0.3901419099051962,0.4724320173716093,0.0,0.0,0.0,0.0,0.0,0.0,0.0,0.0,0.0,0.0,0.0666666666666666,0.0,0.0,0.0,0.0,0.4007890843333884,0.2829705505761845,0.4818181818181817,0.0,0.6363636363636364,0.5,,0.6666666666666666,0.6666666666666666,,0.1818181818181818,1.0,,,1
-5.274692187175667,0.4657897142060098,-0.4931533653908104,0.0455833144846947,-0.1878879707754067,-0.0140518914361858,-0.5868270145027981,0.2147568645555277,0.6473698740770818,0.4153888968322289,Spyware-TIBS-10ef7e0a4f5ea636cdbf2eeeb6403c3ab328568bf47e67dc37b2a73b82bd06d4-3.raw,0.0,0.0,0.9381329405266068,,0.7410712958441918,0.041081081081081,0.7909090909090911,0.070669846087145,0.7229374176480992,,0.1669004207573632,0.0672268907563025,0.0,0.0328185328185328,0.3241379310344827,0.0181818181818181,0.0203488372093023,0.0196078431372549,0.010752688172043,0.0610687022900763,0.2142857142857142,0.140625,0.2142857142857142,0.4724320173716093,0.3901419099051962,0.4724320173716093,0.0,0.0,0.0,0.0,0.0,0.0,0.0,0.0,0.0,0.0,0.0666666666666666,0.0,0.0,0.0,0.0,0.4007890843333884,0.2829705505761845,0.4818181818181817,0.0,0.6363636363636364,0.5,,0.6666666666666666,0.6666666666666666,,0.1818181818181818,1.0,,,1
-0.9727106253429127,-3.5402233734372053,2.485564607282655,0.6749310572817705,-0.0570498675050406,-0.2728133102462195,0.3733835179717227,0.0366722916424975,-0.1241563560948532,0.0100729120603654,Spyware-TIBS-49bb6d6117975b63789c7307ca5c4b166239b7d2c342f80a2487dfe99ef438f2-8.raw,0.1470588235294117,0.0714285714285714,0.6486562054597407,,0.9653151346337596,0.3448648648648648,0.9503220611916272,0.4812486451333189,0.9628860060215036,,0.2622720897615708,0.6218487394957983,0.2592592592592592,0.4247104247104247,0.4367816091954023,0.2,0.4331395348837209,0.4509803921568627,0.3494623655913978,0.4274809160305343,0.3333333333333333,0.296875,0.3333333333333333,0.3634562067807559,0.2332154601568117,0.3634562067807559,0.0112359550561797,4.630058338735068e-05,0.0112359550561797,0.0,0.0,0.0,0.0,0.0,0.0,0.0,0.0666666666666666,0.0,0.0,0.0,0.0,0.2555756479807115,0.1966614501825767,0.3156136528685546,1.0,1.0,1.0,,1.0,1.0,,0.7272727272727273,1.0,,,1
-1.7263039703315093,-3.905287993386405,3.4415294462319457,1.3994045794105825,-0.1475898566321908,-0.5149701039285165,0.7746332577843787,-1.878643627395837,0.0567348683861557,-0.1095454624808486,Spyware-TIBS-9aa88b8359d2090f6588d882078813d7c548776d7403627c25f1091a0564fce6-8.raw,0.1470588235294117,0.0714285714285714,0.6654596043290577,,0.9695545408932662,0.3362162162162162,0.9316425120772948,0.4840667678300455,0.9674223159286156,,0.2692847124824684,0.6236494597839136,0.2592592592592592,0.4111969111969112,0.4620689655172413,0.2,0.4215116279069767,0.4509803921568627,0.3440860215053763,0.4274809160305343,0.2142857142857142,0.21875,0.2142857142857142,0.1526015245504051,0.0441713549366145,0.1526015245504051,0.0112359550561797,4.630058338735068e-05,0.0112359550561797,0.0,0.0,0.0,0.0,0.0,0.0,0.0,0.0666666666666666,0.0,0.0,0.0,0.0,0.2555756479807115,0.1966614501825767,0.3156136528685546,1.0,1.0,1.0,,1.0,1.0,,0.7272727272727273,1.0,,,1
-5.284825996508544,0.407513507704436,-0.4040457660471612,0.1247086812408303,-0.1791863529682833,-0.1296103542398718,-0.633535869233236,0.3046753309402706,0.7933992499104867,0.4602529498068679,Spyware-TIBS-7cbae8b99aad8d5f683842fe9b1d44647599dfa2c73feac803baa1f9cbf789a8-3.raw,0.0,0.0,0.9742220585527528,,0.775090307611911,0.041081081081081,0.7909090909090911,0.0890960329503576,0.7593389254691568,,0.1739130434782608,0.0768307322929171,0.0,0.0289575289575289,0.3517241379310344,0.0181818181818181,0.0203488372093023,0.0196078431372549,0.010752688172043,0.0610687022900763,0.2142857142857142,0.140625,0.2142857142857142,0.4724320173716093,0.3901419099051962,0.4724320173716093,0.0,0.0,0.0,0.0,0.0,0.0,0.0,0.0,0.0,0.0,0.0666666666666666,0.0,0.0,0.0,0.0,0.4007890843333884,0.2829705505761845,0.4818181818181817,0.0,0.6363636363636364,0.5,,0.6666666666666666,0.6666666666666666,,0.1818181818181818,1.0,,,1
-4.668400927123587,3.203201539647691,1.3163371728442848,0.5534091615238362,-0.3544175388807176,-0.0758163627450228,-0.4723352448955177,0.6602951710017776,0.6716580574021819,0.186568866216204,Spyware-TIBS-67ec0e775d5272086f87e4fa67b7efec044decd79e7eecdb47993d5cb5e9b535-2.raw,0.0,0.0,0.9690664702633032,,0.7754905312797666,0.041081081081081,0.7909090909090911,0.0893128116193366,0.7597671785023459,,0.1837307152875175,0.0774309723889555,0.0,0.0328185328185328,0.3333333333333333,0.0181818181818181,0.0203488372093023,0.0196078431372549,0.0161290322580645,0.0610687022900763,0.2142857142857142,0.140625,0.2142857142857142,0.4724320173716093,0.3901419099051962,0.4724320173716093,0.0,0.0,0.0,0.0,0.1,0.0,0.0769230769230769,0.1,0.0769230769230769,0.1,0.1333333333333333,0.2304347826086956,0.0,0.177257525083612,0.2304347826086956,0.554210236653825,0.4856093080220452,0.6144927536231886,0.0,0.6363636363636364,0.5,,0.6666666666666666,0.6666666666666666,,0.1818181818181818,1.0,,,1
-5.0147248348276,0.6919147418492776,-0.775406167439025,-0.4319320862689582,-0.2336811600625546,0.6430004778559051,-1.9152508757649984,-0.6024592329481119,-0.4448016768026051,-0.6772304320478466,Spyware-TIBS-7c5d590afd39575ec7211e69d22acd56638f9356d955ac4ebca7bc93ad4f439b-4.raw,0.0,0.0,0.6751979377646842,,0.6622272332766539,0.041081081081081,0.7909090909090911,0.0279644482982874,0.6385715701098826,,0.1626928471248246,0.031812725090036,0.0,0.0328185328185328,0.0873563218390804,0.0181818181818181,0.0203488372093023,0.0196078431372549,0.010752688172043,0.0610687022900763,0.2142857142857142,0.140625,0.2142857142857142,0.4724320173716093,0.3901419099051962,0.4724320173716093,0.0,0.0,0.0,0.0,0.0,0.0,0.0,0.0,0.0,0.0,0.0666666666666666,0.0,0.0,0.0,0.0,0.4007890843333884,0.2829705505761845,0.4818181818181817,0.0,0.6363636363636364,0.5,,0.6666666666666666,0.6666666666666666,,0.1818181818181818,0.5,,,1
-0.9710158085001968,-3.5550799878684183,2.5087420401035745,0.690232063286801,-0.0590209594220416,-0.28953756367595,0.3768937096190812,0.0106922264888288,-0.1411648195297595,0.0034205784745184,Spyware-TIBS-25ac33bc94decabf1572c58b136cd489a8ec017b0d1ea345b6e37a84423ca2d8-8.raw,0.1470588235294117,0.0714285714285714,0.6444553557424114,,0.9646629182861431,0.3481081081081081,0.9573268921095008,0.4808150877953609,0.9621881121896402,,0.2622720897615708,0.6188475390156063,0.2592592592592592,0.4247104247104247,0.4367816091954023,0.2,0.4331395348837209,0.4509803921568627,0.3494623655913978,0.4427480916030534,0.3333333333333333,0.296875,0.3333333333333333,0.3602483604917942,0.2275170661625533,0.3602483604917942,0.0112359550561797,4.630058338735068e-05,0.0112359550561797,0.0,0.0,0.0,0.0,0.0,0.0,0.0,0.0666666666666666,0.0,0.0,0.0,0.0,0.2555756479807115,0.1966614501825767,0.3156136528685546,1.0,1.0,1.0,,1.0,1.0,,0.7272727272727273,1.0,,,1
-5.091685070092957,0.702179377397097,-1.0408473956898163,-0.3547314448045088,-0.2377799088572713,0.5838337841407727,-0.4350103772244552,0.3767407430052019,-0.7223820357570097,-0.0216791340194517,Spyware-TIBS-8fdea52e2c3a415a4be17226fc6cd3fe62e4b49fc156b4a828a0bec730b1cdc5-6.raw,0.0,0.0,0.6648867611857852,,0.681437969333719,0.0443243243243243,0.7995059288537549,0.0383698244092781,0.6591277157029507,,0.1753155680224404,0.063625450180072,0.0,0.0386100386100386,0.0620689655172413,0.0181818181818181,0.0203488372093023,0.0196078431372549,0.021505376344086,0.0610687022900763,0.238095238095238,0.15625,0.238095238095238,0.523978816875774,0.4344045308964054,0.523978816875774,0.0,0.0,0.0,0.0,0.0,0.0,0.0,0.0,0.0,0.0,0.0666666666666666,0.0,0.0,0.0,0.0,0.4007890843333884,0.2829705505761845,0.4818181818181817,0.0,0.6363636363636364,0.5,,0.6666666666666666,0.6666666666666666,,0.1818181818181818,1.0,,,1
-5.297374833462979,0.7135455699655215,-0.9464980974205646,-0.2938348602797408,-0.2723590826152832,0.7090351521511348,-0.2804865126519525,-0.2033105830250381,-0.8661395280205202,-0.111016546526034,Spyware-TIBS-92a05114ea36ed4ce64ac63d8b6472026537aedd164228ba9c18a95a44d4cbc3-5.raw,0.0,0.0,0.6339532314490886,,0.637813589537467,0.041081081081081,0.7909090909090911,0.0147409494905701,0.6124481350853588,,0.1626928471248246,0.0204081632653061,0.0,0.0328185328185328,0.0206896551724137,0.0181818181818181,0.0203488372093023,0.0196078431372549,0.010752688172043,0.0610687022900763,0.2142857142857142,0.140625,0.2142857142857142,0.4724320173716093,0.3901419099051962,0.4724320173716093,0.0,0.0,0.0,0.0,0.0,0.0,0.0,0.0,0.0,0.0,0.0666666666666666,0.0,0.0,0.0,0.0,0.4007890843333884,0.2829705505761845,0.4818181818181817,0.0,0.6363636363636364,0.5,,0.6666666666666666,0.6666666666666666,,0.1818181818181818,1.0,,,1
-0.9592954283397488,-3.59250135189768,2.570634859331735,0.7373376175719585,-0.0433418436894047,-0.4033604124077739,0.3237756137840934,0.1124059282802507,0.1101894511619167,0.0952923402863801,Spyware-TIBS-49bb6d6117975b63789c7307ca5c4b166239b7d2c342f80a2487dfe99ef438f2-7.raw,0.1470588235294117,0.0714285714285714,0.6906647026330326,,0.9874904904527172,0.3448648648648648,0.9503220611916272,0.495989594623889,0.9866143963048594,,0.2636746143057503,0.6392557022809123,0.2592592592592592,0.4227799227799227,0.4873563218390804,0.2,0.4331395348837209,0.4509803921568627,0.3494623655913978,0.4274809160305343,0.3333333333333333,0.296875,0.3333333333333333,0.3634562067807559,0.2332154601568117,0.3634562067807559,0.0112359550561797,4.630058338735068e-05,0.0112359550561797,0.0,0.0,0.0,0.0,0.0,0.0,0.0,0.0666666666666666,0.0,0.0,0.0,0.0,0.2555756479807115,0.1966614501825767,0.3156136528685546,1.0,1.0,1.0,,1.0,1.0,,0.7272727272727273,1.0,,,1
-5.332134646202369,7.781009190970937,0.4819164065404697,0.6173682829804361,-0.6254477949260546,-3.6761036497701807,-0.5374708265853293,-0.1650738651598817,-1.855633353317414,-0.0183860314016236,Spyware-TIBS-8b374a972ae3f2aa202e216b2ebb61cd7668d1e3803cfcc9bdeb9f7e1a0e70c2-6.raw,0.0,0.0,0.6803535260541336,,0.7026498237300617,0.0583783783783783,0.8367588932806326,0.0498590938651636,0.6818251264619631,,0.1725105189340813,0.0768307322929171,0.0,0.0482625482625482,0.0827586206896551,0.0181818181818181,0.0232558139534883,0.0196078431372549,0.0268817204301075,0.0839694656488549,0.2142857142857142,0.15625,0.2142857142857142,0.4487515395208594,0.4027616566708165,0.4487515395208594,0.0,0.0,0.0,0.0,0.2,0.0,0.1538461538461538,0.2,0.1538461538461538,0.2,0.2,0.4416666666666666,0.0,0.3397435897435896,0.4416666666666666,0.6948462929475591,0.6713615023474178,0.7361111111111113,0.0,0.0,0.0,,0.0,0.0,,0.0,1.0,,,1
-7.075442853186224,-0.334663525120195,0.954007035469328,0.8491818728242234,-0.3458749571067588,-0.1930033216474756,0.91270622592912,-4.47301737647691,1.1115599140282049,-0.4810513956460694,Spyware-TIBS-40a45471e1b7f0ad943f0e2f736afb24b7048c09caf44befbfaf8c10c89aca25-1.raw,0.0,0.0,0.9123549990793596,,0.6105983801232918,0.0,0.6820158102766801,0.0,0.5833269288285128,,0.0,0.0,0.0,0.0,0.2459770114942528,0.0,0.0,0.0,0.0053763440860215,0.0,0.0,0.0,0.0,0.0,0.0,0.0,0.0,0.0,0.0,0.0,0.0,0.0,0.0,0.0,0.0,0.0,0.0,0.0,0.0,0.0,0.0,0.4007890843333884,0.2829705505761845,0.3023172905525847,0.0,0.6363636363636364,0.5,,0.6666666666666666,0.6666666666666666,,0.0909090909090909,1.0,,,1
-0.950463617317229,-3.5665082386375384,2.5268577626497963,0.7089458948138198,-0.0401491638892711,-0.3747265775466693,0.3209306252935253,0.1486037863893364,0.1339497342576658,0.1061202581675513,Spyware-TIBS-7f0fb3e6faacd89fae2a13bf11a019edae5ef581472e8458204f6213af272dee-7.raw,0.1470588235294117,0.0714285714285714,0.6906647026330326,,0.9868382741051008,0.3394594594594594,0.938647342995169,0.495556037285931,0.985916502472996,,0.2636746143057503,0.6386554621848739,0.2592592592592592,0.4227799227799227,0.4896551724137931,0.2,0.4331395348837209,0.4509803921568627,0.3494623655913978,0.4122137404580153,0.3333333333333333,0.296875,0.3333333333333333,0.3688370824387161,0.2427740071603362,0.3688370824387161,0.0112359550561797,4.630058338735068e-05,0.0112359550561797,0.0,0.0,0.0,0.0,0.0,0.0,0.0,0.0666666666666666,0.0,0.0,0.0,0.0,0.2555756479807115,0.1966614501825767,0.3156136528685546,1.0,1.0,1.0,,1.0,1.0,,0.7272727272727273,1.0,,,1
-5.0938803717872405,0.699932666699556,-1.032324418995778,-0.3624656667237371,-0.2375336947509611,0.5801892942197214,-0.4385506552192921,0.376968037713994,-0.7141295581779524,-0.0084302664931639,Spyware-TIBS-27d7f533077c5f1cb54d2b03d7bb5c27a0f9b37b8ad7e87b5a8996f1d2135ef4-6.raw,0.0,0.0,0.6648867611857852,,0.6818381930015744,0.0443243243243243,0.7995059288537549,0.0385866030782571,0.6595559687361394,,0.1683029453015427,0.0672268907563025,0.0,0.0386100386100386,0.064367816091954,0.0181818181818181,0.0203488372093023,0.0196078431372549,0.021505376344086,0.0610687022900763,0.238095238095238,0.15625,0.238095238095238,0.523978816875774,0.4344045308964054,0.523978816875774,0.0,0.0,0.0,0.0,0.0,0.0,0.0,0.0,0.0,0.0,0.0666666666666666,0.0,0.0,0.0,0.0,0.4007890843333884,0.2829705505761845,0.4818181818181817,0.0,0.6363636363636364,0.5,,0.6666666666666666,0.6666666666666666,,0.1818181818181818,1.0,,,1
-5.279799864814198,0.453939079167524,-0.4822198374890332,0.0694099146000972,-0.1884099675678769,-0.0257224389922615,-0.5905172727942369,0.2339577976435261,0.6293377659565078,0.3977419713846767,Spyware-TIBS-6c020f140af8dd853073669a31bb0996b4f0a332a4a3b23b3e708d311b9ec587-3.raw,0.0,0.0,0.943288528816056,,0.7498762165370133,0.041081081081081,0.7909090909090911,0.0754389768046824,0.7323589843782553,,0.1753155680224404,0.0696278511404561,0.0,0.0328185328185328,0.3172413793103448,0.0181818181818181,0.0203488372093023,0.0196078431372549,0.010752688172043,0.0610687022900763,0.2142857142857142,0.140625,0.2142857142857142,0.4724320173716093,0.3901419099051962,0.4724320173716093,0.0,0.0,0.0,0.0,0.0,0.0,0.0,0.0,0.0,0.0,0.0666666666666666,0.0,0.0,0.0,0.0,0.4007890843333884,0.2829705505761845,0.4818181818181817,0.0,0.6363636363636364,0.5,,0.6666666666666666,0.6666666666666666,,0.1818181818181818,1.0,,,1
-5.259358108401186,0.374223202657549,-0.3630399278491096,0.1671022085725105,-0.1719013320082438,-0.204791068496992,-0.6527818896003852,0.3452677575008296,0.902182270000316,0.4936808638508085,Spyware-TIBS-56d78fb94fce19e41d4fd8aa8cc8e76887afbe16f9d0ddf162abf6bbba3cc1e7-3.raw,0.0,0.0,0.9845332351316516,,0.7890981359868543,0.041081081081081,0.7909090909090911,0.0966832863646217,0.7743277816307689,,0.182328190743338,0.0864345738295318,0.0,0.0328185328185328,0.3816091954022989,0.0181818181818181,0.0203488372093023,0.0196078431372549,0.010752688172043,0.0610687022900763,0.2142857142857142,0.140625,0.2142857142857142,0.4724320173716093,0.3901419099051962,0.4724320173716093,0.0,0.0,0.0,0.0,0.0,0.0,0.0,0.0,0.0,0.0,0.0666666666666666,0.0,0.0,0.0,0.0,0.4007890843333884,0.2829705505761845,0.4818181818181817,0.0,0.6363636363636364,0.5,,0.6666666666666666,0.6666666666666666,,0.1818181818181818,1.0,,,1
-0.9604990413201138,-3.5918399875260936,2.5735253842222376,0.7404519153876657,-0.0414098079463881,-0.4127242526084445,0.3182448465192021,0.1160719269277718,0.1488866263040348,0.1072013975736748,Spyware-TIBS-19f82488e174dbe2b094ad9e520ee3956ef6c14f8faf5bd0bb368f0ea73de6ef-7.raw,0.1470588235294117,0.0714285714285714,0.699066402067691,,0.9865121659312928,0.3448648648648648,0.9503220611916272,0.4953392586169521,0.9855675555570644,,0.2636746143057503,0.6362545018007203,0.2592592592592592,0.4227799227799227,0.4942528735632184,0.2,0.4331395348837209,0.4509803921568627,0.3494623655913978,0.4274809160305343,0.3333333333333333,0.296875,0.3333333333333333,0.3634562067807559,0.2332154601568117,0.3634562067807559,0.0112359550561797,4.630058338735068e-05,0.0112359550561797,0.0,0.0,0.0,0.0,0.0,0.0,0.0,0.0666666666666666,0.0,0.0,0.0,0.0,0.2555756479807115,0.1966614501825767,0.3156136528685546,1.0,1.0,1.0,,1.0,1.0,,0.7272727272727273,1.0,,,1
-5.278772225798133,0.661601871896965,-0.8588786145584313,-0.2307184542804973,-0.2563544469753667,0.5656990781077941,-0.3337205725173472,-0.1261907910353109,-0.5860428385036228,-0.0077020601816497,Spyware-TIBS-6c020f140af8dd853073669a31bb0996b4f0a332a4a3b23b3e708d311b9ec587-4.raw,0.0,0.0,0.6751979377646842,,0.6598258912695207,0.041081081081081,0.7909090909090911,0.0266637762844136,0.6360020519107491,,0.1626928471248246,0.0288115246098439,0.0,0.0328185328185328,0.0850574712643678,0.0181818181818181,0.0203488372093023,0.0196078431372549,0.010752688172043,0.0610687022900763,0.2142857142857142,0.140625,0.2142857142857142,0.4724320173716093,0.3901419099051962,0.4724320173716093,0.0,0.0,0.0,0.0,0.0,0.0,0.0,0.0,0.0,0.0,0.0666666666666666,0.0,0.0,0.0,0.0,0.4007890843333884,0.2829705505761845,0.4818181818181817,0.0,0.6363636363636364,0.5,,0.6666666666666666,0.6666666666666666,,0.1818181818181818,1.0,,,1
-5.2674708446062075,0.4099771479692219,-0.4107156236538093,0.1196372922359463,-0.177154425493165,-0.1346196547924348,-0.6310608820383918,0.29629013061044,0.8221949229759913,0.4702616258424608,Spyware-TIBS-27d7f533077c5f1cb54d2b03d7bb5c27a0f9b37b8ad7e87b5a8996f1d2135ef4-3.raw,0.0,0.0,0.9742220585527528,,0.7690869525940783,0.041081081081081,0.7909090909090911,0.085844352915673,0.7529151299713233,,0.1753155680224404,0.0822328931572629,0.0,0.0328185328185328,0.360919540229885,0.0181818181818181,0.0203488372093023,0.0196078431372549,0.010752688172043,0.0610687022900763,0.2142857142857142,0.140625,0.2142857142857142,0.4724320173716093,0.3901419099051962,0.4724320173716093,0.0,0.0,0.0,0.0,0.0,0.0,0.0,0.0,0.0,0.0,0.0666666666666666,0.0,0.0,0.0,0.0,0.4007890843333884,0.2829705505761845,0.4818181818181817,0.0,0.6363636363636364,0.5,,0.6666666666666666,0.6666666666666666,,0.1818181818181818,1.0,,,1
-4.8382572799260455,2.752722487154126,1.3099348282063503,0.518100030984534,-0.3052440372052664,-0.3982322956142451,0.1140350313031912,0.1145590106906078,1.1878920305522007,-0.4662966504468975,Spyware-TIBS-27d7f533077c5f1cb54d2b03d7bb5c27a0f9b37b8ad7e87b5a8996f1d2135ef4-1.raw,0.0,0.0,0.9793776468422024,,0.7702876235976448,0.0389189189189189,0.7851778656126482,0.08649468892261,0.75419988907089,,0.1739130434782608,0.070828331332533,0.0,0.0173745173745173,0.3517241379310344,0.0181818181818181,0.0203488372093023,0.0196078431372549,0.010752688172043,0.0610687022900763,0.1904761904761904,0.125,0.1904761904761904,0.4189987635880066,0.3429125217635632,0.4189987635880066,0.0,0.0,0.0,0.0,0.1,0.0,0.0769230769230769,0.1,0.0769230769230769,0.1,0.0666666666666666,0.2304347826086956,0.0,0.177257525083612,0.2304347826086956,0.554210236653825,0.4856093080220452,0.4427962489343561,0.0,0.6363636363636364,0.5,,0.6666666666666666,0.6666666666666666,,0.1818181818181818,1.0,,,1
-0.9709432296466084,-3.5022329981248532,2.426270035654119,0.6369188552619865,-0.055379601235823,-0.2228883522040137,0.37583741959931,0.0609461138194574,-0.1206836957909995,0.0106100262386674,Spyware-TIBS-6c020f140af8dd853073669a31bb0996b4f0a332a4a3b23b3e708d311b9ec587-8.raw,0.1470588235294117,0.0714285714285714,0.6486562054597407,,0.959445187505212,0.3394594594594594,0.938647342995169,0.4773466290916974,0.9566049615347326,,0.2622720897615708,0.6146458583433373,0.2592592592592592,0.4247104247104247,0.432183908045977,0.2,0.4331395348837209,0.4509803921568627,0.3494623655913978,0.4122137404580153,0.3333333333333333,0.296875,0.3333333333333333,0.3688370824387161,0.2427740071603362,0.3688370824387161,0.0112359550561797,4.630058338735068e-05,0.0112359550561797,0.0,0.0,0.0,0.0,0.0,0.0,0.0,0.0666666666666666,0.0,0.0,0.0,0.0,0.2555756479807115,0.1966614501825767,0.3156136528685546,1.0,1.0,1.0,,1.0,1.0,,0.7272727272727273,1.0,,,1
-5.478470429403588,0.3489436068499109,-0.2097919928332298,0.2705446399712265,-0.2047939098187685,-0.1357955157197684,-0.5210795201074621,-0.2071623847135167,0.7907038721023292,0.411972784569872,Spyware-TIBS-92a05114ea36ed4ce64ac63d8b6472026537aedd164228ba9c18a95a44d4cbc3-2.raw,0.0,0.0,0.9793776468422024,,0.7598818082334012,0.0389189189189189,0.7851778656126482,0.0808584435291567,0.7430653102079781,,0.1725105189340813,0.0666266506602641,0.0,0.0173745173745173,0.3402298850574712,0.0181818181818181,0.0203488372093023,0.0196078431372549,0.010752688172043,0.0610687022900763,0.1904761904761904,0.125,0.1904761904761904,0.4189987635880066,0.3429125217635632,0.4189987635880066,0.0,0.0,0.0,0.0,0.0,0.0,0.0,0.0,0.0,0.0,0.0666666666666666,0.0,0.0,0.0,0.0,0.4007890843333884,0.2829705505761845,0.4818181818181817,0.0,0.6363636363636364,0.5,,0.6666666666666666,0.6666666666666666,,0.1818181818181818,1.0,,,1
-5.036819499696061,0.7537344540679191,-0.8777589120404302,-0.504538190378567,-0.2515752565147741,0.8069950916618005,-1.854836966446365,-0.6916934086239163,-0.754758509926186,-0.7927056364092743,Spyware-TIBS-7c5d590afd39575ec7211e69d22acd56638f9356d955ac4ebca7bc93ad4f439b-5.raw,0.0,0.0,0.6287976431596394,,0.6362126948660451,0.041081081081081,0.7909090909090911,0.0138738348146542,0.6107351229526033,,0.1626928471248246,0.017406962785114,0.0,0.0328185328185328,0.0160919540229885,0.0181818181818181,0.0203488372093023,0.0196078431372549,0.010752688172043,0.0610687022900763,0.2142857142857142,0.140625,0.2142857142857142,0.4724320173716093,0.3901419099051962,0.4724320173716093,0.0,0.0,0.0,0.0,0.0,0.0,0.0,0.0,0.0,0.0,0.0666666666666666,0.0,0.0,0.0,0.0,0.4007890843333884,0.2829705505761845,0.4818181818181817,0.0,0.6363636363636364,0.5,,0.6666666666666666,0.6666666666666666,,0.1818181818181818,0.5,,,1
-3.089283224305473,10.37565590411588,5.949720518118666,1.6109442808863783,-0.8078236282846786,-0.186817077111373,0.5481134409208414,0.9300442510739696,0.799201855747153,-0.9766216497366624,Spyware-TIBS-8b374a972ae3f2aa202e216b2ebb61cd7668d1e3803cfcc9bdeb9f7e1a0e70c2-1.raw,0.0,0.0,0.963910881973854,,0.7578806898941237,0.0389189189189189,0.7851778656126482,0.0797745501842618,0.7409240450420336,,0.1739130434782608,0.0618247298919567,0.0,0.0173745173745173,0.3103448275862069,0.0181818181818181,0.0203488372093023,0.0196078431372549,0.010752688172043,0.0610687022900763,0.1904761904761904,0.125,0.1904761904761904,0.4189987635880066,0.3429125217635632,0.4189987635880066,0.0,0.0,0.0,0.0,0.4,0.0,0.3076923076923077,0.4,0.3076923076923077,0.4,0.2666666666666666,0.8153846153846155,0.0,0.6272189349112425,0.8153846153846155,0.9436639310057036,1.0,0.7993966817496231,0.0,0.6363636363636364,0.5,,0.6666666666666666,0.6666666666666666,,0.1818181818181818,1.0,,,1
1.098161826107514,-1.547280404794905,3.6658342658295817,0.6823186221288026,-0.1320725832877373,-0.7734139009566531,0.5033922849524273,0.5434157894778564,-0.4045948466353816,-0.0992791761686203,Spyware-TIBS-27d7f533077c5f1cb54d2b03d7bb5c27a0f9b37b8ad7e87b5a8996f1d2135ef4-10.raw,0.2058823529411764,0.1428571428571428,0.5615972164902635,,0.9205371088370604,0.4637837837837837,0.9934782608695656,0.5649252113592023,0.9149719846683976,,0.2805049088359046,0.6740696278511404,0.3333333333333333,0.4671814671814672,0.4827586206896552,0.3454545454545454,0.7034883720930233,0.5686274509803921,0.478494623655914,0.6335877862595419,0.4285714285714285,0.390625,0.4285714285714285,0.4146516514157817,0.2672319393056032,0.4146516514157817,0.0112359550561797,4.630058338735068e-05,0.0112359550561797,0.0,0.1,0.0,0.0769230769230769,0.1,0.0769230769230769,0.1,0.1333333333333333,0.1766666666666665,0.0,0.1358974358974357,0.1766666666666665,0.3354430379746836,0.3295774647887326,0.3741176470588237,1.0,1.0,1.0,,1.0,1.0,,0.7272727272727273,1.0,,,1
-5.274171564313498,0.6446068439405003,-0.8301395438830004,-0.2106472373083884,-0.2514092368148047,0.5208790749554656,-0.3511843917962581,-0.101086112935561,-0.5003415963441644,0.0238156884225362,Spyware-TIBS-8d8af27b1ab68fde08153c7b2d90670c329aa93abe1645da4651ae0941f6da09-4.raw,0.0,0.0,0.6906647026330326,,0.6666296936230647,0.041081081081081,0.7909090909090911,0.0303490136570561,0.6432823534749608,,0.1626928471248246,0.034813925570228,0.0,0.0328185328185328,0.1034482758620689,0.0181818181818181,0.0203488372093023,0.0196078431372549,0.010752688172043,0.0610687022900763,0.2142857142857142,0.140625,0.2142857142857142,0.4724320173716093,0.3901419099051962,0.4724320173716093,0.0,0.0,0.0,0.0,0.0,0.0,0.0,0.0,0.0,0.0,0.0666666666666666,0.0,0.0,0.0,0.0,0.4007890843333884,0.2829705505761845,0.4818181818181817,0.0,0.6363636363636364,0.5,,0.6666666666666666,0.6666666666666666,,0.1818181818181818,1.0,,,1
-0.9527800677431546,-3.5648583384540355,2.525374822860111,0.7089180531746723,-0.0402420132196042,-0.3730312568657868,0.3209021892454572,0.1482597531721064,0.1348390208956732,0.1055654665395318,Spyware-TIBS-10ef7e0a4f5ea636cdbf2eeeb6403c3ab328568bf47e67dc37b2a73b82bd06d4-7.raw,0.1470588235294117,0.0714285714285714,0.6906647026330326,,0.9868382741051008,0.3394594594594594,0.938647342995169,0.495556037285931,0.985916502472996,,0.2636746143057503,0.634453781512605,0.2592592592592592,0.4227799227799227,0.4896551724137931,0.2,0.4331395348837209,0.4509803921568627,0.3494623655913978,0.4122137404580153,0.3333333333333333,0.296875,0.3333333333333333,0.3688370824387161,0.2427740071603362,0.3688370824387161,0.0112359550561797,4.630058338735068e-05,0.0112359550561797,0.0,0.0,0.0,0.0,0.0,0.0,0.0,0.0666666666666666,0.0,0.0,0.0,0.0,0.2555756479807115,0.1966614501825767,0.3156136528685546,1.0,1.0,1.0,,1.0,1.0,,0.7272727272727273,1.0,,,1
-2.0154611264527067,-2.988367485484205,2.4402711062285047,0.7425371969854234,-0.0954842600504314,0.2158970467511245,0.0417021327918677,0.7357381150828604,-0.016811825715261,0.0666629568302293,Spyware-TIBS-8d05ac658cc148b5089cba5909d167e79b2ee62d09dfdba71234792f184da271-7.raw,0.088235294117647,0.0,0.7496446326643343,,1.0,0.2637837837837838,0.988521739130435,0.3869499241274658,1.0,,0.2482468443197756,0.4921968787515006,0.1481481481481481,0.3204633204633205,0.3977011494252873,0.1272727272727272,0.3837209302325581,0.3333333333333333,0.2096774193548387,0.3435114503816794,0.3095238095238095,0.265625,0.3095238095238095,0.4027992686556062,0.297088612325747,0.4027992686556062,0.0,0.0,0.0,0.0,0.0,0.0,0.0,0.0,0.0,0.0,0.0666666666666666,0.0,0.0,0.0,0.0,0.3066907775768539,0.2270422535211269,0.3741176470588237,1.0,1.0,1.0,,1.0,1.0,,0.6363636363636364,1.0,,,1
-0.98107131958022,-3.4807246169649253,2.3899832931683007,0.6081660769719496,-0.0630421290899279,-0.1586355421435537,0.3995511107557999,0.0277970444218209,-0.2542994187193969,-0.0360318483857679,Spyware-TIBS-8b374a972ae3f2aa202e216b2ebb61cd7668d1e3803cfcc9bdeb9f7e1a0e70c2-9.raw,0.1470588235294117,0.0714285714285714,0.6276519568730948,,0.9512924831600068,0.3394594594594594,0.938647342995169,0.471927162367223,0.94788128863644,,0.2608695652173913,0.6110444177671068,0.2592592592592592,0.4247104247104247,0.4022988505747126,0.2,0.4331395348837209,0.4509803921568627,0.3494623655913978,0.4122137404580153,0.3333333333333333,0.296875,0.3333333333333333,0.3688370824387161,0.2427740071603362,0.3688370824387161,0.0112359550561797,4.630058338735068e-05,0.0112359550561797,0.0,0.0,0.0,0.0,0.0,0.0,0.0,0.0666666666666666,0.0,0.0,0.0,0.0,0.2555756479807115,0.1966614501825767,0.3156136528685546,1.0,1.0,1.0,,1.0,1.0,,0.7272727272727273,1.0,,,1
-5.091884232079585,0.6960434991771599,-1.029375268065333,-0.3612086537980888,-0.238317138906818,0.5797595214119767,-0.4368834645148454,0.3786248164582229,-0.7321266244483328,-0.0129367555784907,Spyware-TIBS-6c524355af15275aa5b7f957574769ce268cbe125214f26c32a1037bc831ee8d-6.raw,0.0,0.0,0.659731172896336,,0.6842395350087076,0.0443243243243243,0.7995059288537549,0.0398872750921309,0.6621254869352731,,0.1683029453015427,0.0702280912364946,0.0,0.0386100386100386,0.0620689655172413,0.0181818181818181,0.0203488372093023,0.0196078431372549,0.021505376344086,0.0610687022900763,0.238095238095238,0.15625,0.238095238095238,0.523978816875774,0.4344045308964054,0.523978816875774,0.0,0.0,0.0,0.0,0.0,0.0,0.0,0.0,0.0,0.0,0.0666666666666666,0.0,0.0,0.0,0.0,0.4007890843333884,0.2829705505761845,0.4818181818181817,0.0,0.6363636363636364,0.5,,0.6666666666666666,0.6666666666666666,,0.1818181818181818,1.0,,,1
-4.230938704592544,5.4063366065500755,2.950521779065373,0.91639271307013,-0.4769199179852496,-0.3447334554920015,0.2590354724304817,0.4313371083462679,1.0584869676743356,-0.6636612428092492,Spyware-TIBS-6ff85480282c694f5e64a1fce32938d3f71e0f2aa3e91e8bc139184713b33c56-1.raw,0.0,0.0,0.9587552936844044,,0.7734894129404891,0.0389189189189189,0.7851778656126482,0.0882289182744417,0.7576259133364014,,0.1753155680224404,0.0732292917166866,0.0,0.0173745173745173,0.3448275862068966,0.0181818181818181,0.0203488372093023,0.0196078431372549,0.010752688172043,0.0610687022900763,0.1904761904761904,0.125,0.1904761904761904,0.4189987635880066,0.3429125217635632,0.4189987635880066,0.0,0.0,0.0,0.0,0.2,0.0,0.1538461538461538,0.2,0.1538461538461538,0.2,0.1333333333333333,0.4416666666666666,0.0,0.3397435897435896,0.4416666666666666,0.6948462929475591,0.6713615023474178,0.5715686274509806,0.0,0.6363636363636364,0.5,,0.6666666666666666,0.6666666666666666,,0.1818181818181818,1.0,,,1
-0.9765582504122884,-3.566144165480872,2.529618158931036,0.7062121648231415,-0.0516406484008985,-0.3305236972177587,0.3476444846114601,0.0767955639305777,-0.0306461953376365,0.0434285626652263,Spyware-TIBS-92a05114ea36ed4ce64ac63d8b6472026537aedd164228ba9c18a95a44d4cbc3-8.raw,0.1470588235294117,0.0714285714285714,0.6738613037637158,,0.9777072452384712,0.3448648648648648,0.9503220611916272,0.4894862345545198,0.9761459888269084,,0.2622720897615708,0.6308523409363745,0.2592592592592592,0.4247104247104247,0.4528735632183908,0.2,0.4331395348837209,0.4509803921568627,0.3494623655913978,0.4274809160305343,0.3333333333333333,0.296875,0.3333333333333333,0.3634562067807559,0.2332154601568117,0.3634562067807559,0.0112359550561797,4.630058338735068e-05,0.0112359550561797,0.0,0.0,0.0,0.0,0.0,0.0,0.0,0.0666666666666666,0.0,0.0,0.0,0.0,0.2555756479807115,0.1966614501825767,0.3156136528685546,1.0,1.0,1.0,,1.0,1.0,,0.7272727272727273,1.0,,,1
-6.187151891267064,0.2794523573693732,0.1895633885862141,0.5589744379345004,-0.3945455269566425,0.4780925006218539,0.2700386461418185,-2.698164038976899,-0.8385539269283242,-0.3246893136570983,Spyware-TIBS-9aa88b8359d2090f6588d882078813d7c548776d7403627c25f1091a0564fce6-6.raw,0.0,0.0,0.6133308782912907,,0.6234055374946684,0.0324324324324324,0.7679841897233202,0.0069369174073271,0.5970310258905579,,0.1697054698457223,0.010204081632653,0.0,0.0193050193050193,0.0137931034482758,0.0181818181818181,0.0087209302325581,0.0196078431372549,0.0053763440860215,0.0610687022900763,0.0952380952380952,0.0625,0.0952380952380952,0.1993938572318559,0.1461595045305657,0.1993938572318559,0.0,0.0,0.0,0.0,0.0,0.0,0.0,0.0,0.0,0.0,0.0666666666666666,0.0,0.0,0.0,0.0,0.4007890843333884,0.2829705505761845,0.4818181818181817,0.0,0.6363636363636364,0.5,,0.6666666666666666,0.6666666666666666,,0.1818181818181818,1.0,,,1
2.2522299331044553,3.018156865521325,6.42410070223689,1.327663130495509,-0.4389231711376234,-0.6740580183718409,0.7671143748545588,1.0099189718820276,-0.5698053304866701,-0.2671460234903596,Spyware-TIBS-56d78fb94fce19e41d4fd8aa8cc8e76887afbe16f9d0ddf162abf6bbba3cc1e7-10.raw,0.2058823529411764,0.1428571428571428,0.5576860805465431,,0.9235732883863096,0.4583783783783783,0.982608695652174,0.5670929980489919,0.9182208007822448,,0.2875175315568022,0.6764705882352942,0.3333333333333333,0.4671814671814672,0.4873563218390804,0.3454545454545454,0.7034883720930233,0.5686274509803921,0.478494623655914,0.6183206106870229,0.4285714285714285,0.390625,0.4285714285714285,0.4197687317956325,0.2761118206540299,0.4197687317956325,0.0112359550561797,4.630058338735068e-05,0.0112359550561797,0.0,0.3,0.0,0.2307692307692307,0.3,0.2307692307692307,0.3,0.2666666666666666,0.4968750000000002,0.0,0.3822115384615385,0.4968750000000002,0.5600700723327309,0.6179577464788735,0.5715686274509806,1.0,1.0,1.0,,1.0,1.0,,0.7272727272727273,1.0,,,1
-5.261787148116462,0.3907067689571574,-0.3945345182639147,0.143245063769132,-0.1784450343973988,-0.1514190218153229,-0.6306509279669217,0.3162397967953627,0.7821195343480458,0.4511761473023786,Spyware-TIBS-6e274cbbdefce4f2bcb3543da3f4043319541e51a110356e68cea2ae85153427-3.raw,0.0,0.0,0.963910881973854,,0.7822943336333106,0.041081081081081,0.7909090909090911,0.0929980489919791,0.7670474800665575,,0.182328190743338,0.0834333733493397,0.0,0.0366795366795366,0.3563218390804598,0.0181818181818181,0.0203488372093023,0.0196078431372549,0.010752688172043,0.0610687022900763,0.2142857142857142,0.140625,0.2142857142857142,0.4724320173716093,0.3901419099051962,0.4724320173716093,0.0,0.0,0.0,0.0,0.0,0.0,0.0,0.0,0.0,0.0,0.0666666666666666,0.0,0.0,0.0,0.0,0.4007890843333884,0.2829705505761845,0.4818181818181817,0.0,0.6363636363636364,0.5,,0.6666666666666666,0.6666666666666666,,0.1818181818181818,1.0,,,1
-5.089818688890813,0.6914075953858878,-1.0204693388341717,-0.3541616284320156,-0.236157925750843,0.5628403569503887,-0.4433404565948395,0.3868970340563324,-0.69252332353329,0.0010451917159057,Spyware-TIBS-25ac33bc94decabf1572c58b136cd489a8ec017b0d1ea345b6e37a84423ca2d8-6.raw,0.0,0.0,0.6648867611857852,,0.6862406533479851,0.0443243243243243,0.7995059288537549,0.0409711684370258,0.6642667521012176,,0.1683029453015427,0.0684273709483793,0.0,0.0386100386100386,0.0712643678160919,0.0181818181818181,0.0203488372093023,0.0196078431372549,0.021505376344086,0.0610687022900763,0.238095238095238,0.15625,0.238095238095238,0.523978816875774,0.4344045308964054,0.523978816875774,0.0,0.0,0.0,0.0,0.0,0.0,0.0,0.0,0.0,0.0,0.0666666666666666,0.0,0.0,0.0,0.0,0.4007890843333884,0.2829705505761845,0.4818181818181817,0.0,0.6363636363636364,0.5,,0.6666666666666666,0.6666666666666666,,0.1818181818181818,1.0,,,1
-4.830314368571132,0.7267196940716146,-0.9419009772493232,-0.5583829777111043,-0.2135553712001765,0.6465481415655834,-2.0250627056227097,-0.0926990520490109,-0.5488279244292734,-0.6697645380171904,Spyware-TIBS-7c5d590afd39575ec7211e69d22acd56638f9356d955ac4ebca7bc93ad4f439b-6.raw,0.0,0.0,0.6700423494752348,,0.6858404296801297,0.0443243243243243,0.7995059288537549,0.0407543897680468,0.6638384990680287,,0.1683029453015427,0.0702280912364946,0.0,0.0386100386100386,0.0712643678160919,0.0181818181818181,0.0203488372093023,0.0196078431372549,0.021505376344086,0.0610687022900763,0.238095238095238,0.15625,0.238095238095238,0.523978816875774,0.4344045308964054,0.523978816875774,0.0,0.0,0.0,0.0,0.0,0.0,0.0,0.0,0.0,0.0,0.0666666666666666,0.0,0.0,0.0,0.0,0.4007890843333884,0.2829705505761845,0.4818181818181817,0.0,0.6363636363636364,0.5,,0.6666666666666666,0.6666666666666666,,0.1818181818181818,0.5,,,1
-5.278440116331952,0.6712080670434514,-0.8796952132110132,-0.245985139053984,-0.2611865152601229,0.601235669492065,-0.3168747275986794,-0.1455772541075962,-0.6748580438033236,-0.0376127280911544,Spyware-TIBS-10ef7e0a4f5ea636cdbf2eeeb6403c3ab328568bf47e67dc37b2a73b82bd06d4-4.raw,0.0,0.0,0.6545755846068864,,0.6570243255945322,0.041081081081081,0.7909090909090911,0.0251463256015608,0.6330042806784267,,0.1626928471248246,0.0258103241296518,0.0,0.0328185328185328,0.0689655172413793,0.0181818181818181,0.0203488372093023,0.0196078431372549,0.010752688172043,0.0610687022900763,0.2142857142857142,0.140625,0.2142857142857142,0.4724320173716093,0.3901419099051962,0.4724320173716093,0.0,0.0,0.0,0.0,0.0,0.0,0.0,0.0,0.0,0.0,0.0666666666666666,0.0,0.0,0.0,0.0,0.4007890843333884,0.2829705505761845,0.4818181818181817,0.0,0.6363636363636364,0.5,,0.6666666666666666,0.6666666666666666,,0.1818181818181818,1.0,,,1
-5.287434193073608,0.7102688924030914,-0.9519335193778798,-0.2854056736980986,-0.2733232424023396,0.7101444061871199,-0.2734428841360403,-0.2030397108521336,-0.8942861034881902,-0.1276664552451542,Spyware-TIBS-56d78fb94fce19e41d4fd8aa8cc8e76887afbe16f9d0ddf162abf6bbba3cc1e7-5.raw,0.0,0.0,0.6236420548701895,,0.6402149315446003,0.041081081081081,0.7909090909090911,0.0160416215044439,0.6150176532844923,,0.1697054698457223,0.0210084033613445,0.0,0.0328185328185328,0.0183908045977011,0.0181818181818181,0.0203488372093023,0.0196078431372549,0.010752688172043,0.0610687022900763,0.2142857142857142,0.140625,0.2142857142857142,0.4724320173716093,0.3901419099051962,0.4724320173716093,0.0,0.0,0.0,0.0,0.0,0.0,0.0,0.0,0.0,0.0,0.0666666666666666,0.0,0.0,0.0,0.0,0.4007890843333884,0.2829705505761845,0.4818181818181817,0.0,0.6363636363636364,0.5,,0.6666666666666666,0.6666666666666666,,0.1818181818181818,1.0,,,1
-5.281173985886425,0.4021369712351955,-0.3995323662848068,0.1286133444458002,-0.1793829853271951,-0.1337479776717656,-0.6335731018512976,0.3085186725752624,0.7823281771750983,0.4557779953176032,Spyware-TIBS-92a05114ea36ed4ce64ac63d8b6472026537aedd164228ba9c18a95a44d4cbc3-3.raw,0.0,0.0,0.9742220585527528,,0.7770914259511887,0.041081081081081,0.7909090909090911,0.0901799262952525,0.7614801906351016,,0.1753155680224404,0.0816326530612244,0.0,0.0328185328185328,0.3494252873563218,0.0181818181818181,0.0203488372093023,0.0196078431372549,0.010752688172043,0.0610687022900763,0.2142857142857142,0.140625,0.2142857142857142,0.4724320173716093,0.3901419099051962,0.4724320173716093,0.0,0.0,0.0,0.0,0.0,0.0,0.0,0.0,0.0,0.0,0.0666666666666666,0.0,0.0,0.0,0.0,0.4007890843333884,0.2829705505761845,0.4818181818181817,0.0,0.6363636363636364,0.5,,0.6666666666666666,0.6666666666666666,,0.1818181818181818,1.0,,,1
-0.9557124234899784,-3.558932633249909,2.51464172435274,0.7006516905424042,-0.0427718408052034,-0.3525663480818607,0.3273795400098858,0.1385168916529769,0.0885098357503632,0.0890257612301958,Spyware-TIBS-6c524355af15275aa5b7f957574769ce268cbe125214f26c32a1037bc831ee8d-7.raw,0.1470588235294117,0.0714285714285714,0.6864638529157034,,0.983903300540827,0.3394594594594594,0.938647342995169,0.4936050292651203,0.9827759802296108,,0.2636746143057503,0.6356542617046819,0.2592592592592592,0.4227799227799227,0.4781609195402299,0.2,0.436046511627907,0.4509803921568627,0.3494623655913978,0.4122137404580153,0.3333333333333333,0.296875,0.3333333333333333,0.3688370824387161,0.2427740071603362,0.3688370824387161,0.0112359550561797,4.630058338735068e-05,0.0112359550561797,0.0,0.0,0.0,0.0,0.0,0.0,0.0,0.0666666666666666,0.0,0.0,0.0,0.0,0.2555756479807115,0.1966614501825767,0.3156136528685546,1.0,1.0,1.0,,1.0,1.0,,0.7272727272727273,1.0,,,1
-3.681232053543639,8.33041514063419,4.670163828051349,1.427406804115292,-0.7140665477922657,0.0406040545467574,-0.040134223810959,0.7147779575521009,0.4780877322656618,-0.2396997921669668,Spyware-TIBS-8b374a972ae3f2aa202e216b2ebb61cd7668d1e3803cfcc9bdeb9f7e1a0e70c2-2.raw,0.0,0.0,0.9587552936844044,,0.7506766638727244,0.0389189189189189,0.7851778656126482,0.0758725341426403,0.7332154904446332,,0.1739130434782608,0.0594237695078031,0.0,0.0173745173745173,0.3057471264367816,0.0181818181818181,0.0203488372093023,0.0196078431372549,0.010752688172043,0.0610687022900763,0.1904761904761904,0.125,0.1904761904761904,0.4189987635880066,0.3429125217635632,0.4189987635880066,0.0,0.0,0.0,0.0,0.3,0.0,0.2307692307692307,0.3,0.2307692307692307,0.3,0.2666666666666666,0.6360000000000002,0.0,0.4892307692307692,0.6360000000000002,0.8242314647377943,0.8422535211267609,0.8480000000000002,0.0,0.6363636363636364,0.5,,0.6666666666666666,0.6666666666666666,,0.1818181818181818,1.0,,,1
-5.018056731028543,0.4268409911570633,-0.3055446429536395,-0.0619900508215,-0.1544784956171616,-0.0744507801712926,-2.223381033607412,-0.1562585156360872,0.9638256296434988,-0.2022888778642355,Spyware-TIBS-7c5d590afd39575ec7211e69d22acd56638f9356d955ac4ebca7bc93ad4f439b-2.raw,0.0,0.0,0.9845332351316516,,0.7818941099654549,0.041081081081081,0.7909090909090911,0.0927812703230002,0.7666192270333685,,0.1767180925666199,0.0852340936374549,0.0,0.0328185328185328,0.3586206896551724,0.0181818181818181,0.0203488372093023,0.0196078431372549,0.010752688172043,0.0610687022900763,0.2142857142857142,0.140625,0.2142857142857142,0.4724320173716093,0.3901419099051962,0.4724320173716093,0.0,0.0,0.0,0.0,0.0,0.0,0.0,0.0,0.0,0.0,0.0666666666666666,0.0,0.0,0.0,0.0,0.4007890843333884,0.2829705505761845,0.4818181818181817,0.0,0.6363636363636364,0.5,,0.6666666666666666,0.6666666666666666,,0.1818181818181818,0.5,,,1
-5.2749057276900375,0.6570845410627243,-0.8550313636578776,-0.2288776035696496,-0.2566913427444039,0.5622761264164803,-0.3326478929997754,-0.1239987128344891,-0.5964126179473452,-0.0092104010351073,Spyware-TIBS-97a0246b1c3df21db4449c71eabd9e2e4c622adfc1c6d9a86e151c844c6f4c30-4.raw,0.0,0.0,0.6700423494752348,,0.6622272332766539,0.041081081081081,0.7909090909090911,0.0279644482982874,0.6385715701098826,,0.1626928471248246,0.031812725090036,0.0,0.0328185328185328,0.0850574712643678,0.0181818181818181,0.0203488372093023,0.0196078431372549,0.010752688172043,0.0610687022900763,0.2142857142857142,0.140625,0.2142857142857142,0.4724320173716093,0.3901419099051962,0.4724320173716093,0.0,0.0,0.0,0.0,0.0,0.0,0.0,0.0,0.0,0.0,0.0666666666666666,0.0,0.0,0.0,0.0,0.4007890843333884,0.2829705505761845,0.4818181818181817,0.0,0.6363636363636364,0.5,,0.6666666666666666,0.6666666666666666,,0.1818181818181818,1.0,,,1
-5.2753336406355285,0.6661861264882937,-0.8690252600909367,-0.2383664926893962,-0.2580953349142502,0.5799317415876676,-0.3257763321829328,-0.1361780635991019,-0.6189337299414379,-0.0181645213087693,Spyware-TIBS-49bb6d6117975b63789c7307ca5c4b166239b7d2c342f80a2487dfe99ef438f2-4.raw,0.0,0.0,0.6648867611857852,,0.6578247729302432,0.041081081081081,0.7909090909090911,0.0255798829395187,0.6338607867448046,,0.1626928471248246,0.0276110444177671,0.0,0.0328185328185328,0.0804597701149425,0.0181818181818181,0.0203488372093023,0.0196078431372549,0.010752688172043,0.0610687022900763,0.2142857142857142,0.140625,0.2142857142857142,0.4724320173716093,0.3901419099051962,0.4724320173716093,0.0,0.0,0.0,0.0,0.0,0.0,0.0,0.0,0.0,0.0,0.0666666666666666,0.0,0.0,0.0,0.0,0.4007890843333884,0.2829705505761845,0.4818181818181817,0.0,0.6363636363636364,0.5,,0.6666666666666666,0.6666666666666666,,0.1818181818181818,1.0,,,1
-0.2620419440114038,-3.7785480930303694,2.3792271364729385,0.5205280303566533,-0.0250623864885803,-0.5333909068451718,0.3878414084676893,0.1025658170171018,-0.3626044968978051,-0.0047020428805454,Spyware-TIBS-19f82488e174dbe2b094ad9e520ee3956ef6c14f8faf5bd0bb368f0ea73de6ef-10.raw,0.1764705882352941,0.1428571428571428,0.5812925796354264,,0.9405542068653224,0.414054054054054,0.9929347826086958,0.5220030349013657,0.936390965190403,,0.2636746143057503,0.6470588235294118,0.2962962962962963,0.4459459459459459,0.4413793103448276,0.2363636363636363,0.6918604651162791,0.5098039215686274,0.3709677419354839,0.465648854961832,0.3809523809523809,0.34375,0.3809523809523809,0.3808289981733425,0.2345716518677132,0.3808289981733425,0.0112359550561797,4.630058338735068e-05,0.0112359550561797,0.0,0.0,0.0,0.0,0.0,0.0,0.0,0.0666666666666666,0.0,0.0,0.0,0.0,0.2327563936967193,0.1830985915492957,0.2894957983193275,1.0,1.0,1.0,,1.0,1.0,,0.7272727272727273,1.0,,,1
-0.9651820018830022,-3.5134683441038206,2.4425617460478217,0.6475620152661831,-0.0531089638780327,-0.2471844156538036,0.3681836838939347,0.074154525837801,-0.0848872497137391,0.0253826454554353,Spyware-TIBS-89a8dd64095295fe228f580ae94893cd8a6cd628ee3f36ae208b6d7ff79a7e55-8.raw,0.1470588235294117,0.0714285714285714,0.6528570551770698,,0.9640107019385268,0.3394594594594594,0.938647342995169,0.480381530457403,0.9614902183577768,,0.2622720897615708,0.620048019207683,0.2592592592592592,0.4247104247104247,0.4413793103448276,0.2,0.4331395348837209,0.4509803921568627,0.3494623655913978,0.4122137404580153,0.3333333333333333,0.296875,0.3333333333333333,0.3688370824387161,0.2427740071603362,0.3688370824387161,0.0112359550561797,4.630058338735068e-05,0.0112359550561797,0.0,0.0,0.0,0.0,0.0,0.0,0.0,0.0666666666666666,0.0,0.0,0.0,0.0,0.2555756479807115,0.1966614501825767,0.3156136528685546,1.0,1.0,1.0,,1.0,1.0,,0.7272727272727273,1.0,,,1
-4.6754295837362845,3.24661648999031,1.256373759834586,0.5160900208590148,-0.3543806853874173,-0.0192340999345087,-0.4640270176581096,0.652328644701026,0.6773879463000482,0.1857937395464395,Spyware-TIBS-8fdea52e2c3a415a4be17226fc6cd3fe62e4b49fc156b4a828a0bec730b1cdc5-2.raw,0.0,0.0,0.9690664702633032,,0.7610824792369677,0.0389189189189189,0.7851778656126482,0.0815087795360936,0.7443500693075448,,0.182328190743338,0.0642256902761104,0.0,0.0212355212355212,0.328735632183908,0.0181818181818181,0.0203488372093023,0.0196078431372549,0.010752688172043,0.0610687022900763,0.2142857142857142,0.140625,0.2142857142857142,0.4754476940916429,0.3954224063895868,0.4754476940916429,0.0,0.0,0.0,0.0,0.1,0.0,0.0769230769230769,0.1,0.0769230769230769,0.1,0.1333333333333333,0.2304347826086956,0.0,0.177257525083612,0.2304347826086956,0.554210236653825,0.4856093080220452,0.6144927536231886,0.0,0.6363636363636364,0.5,,0.6666666666666666,0.6666666666666666,,0.1818181818181818,1.0,,,1
-0.2896839688318287,-3.569122524076064,2.0784961505581765,0.3211461551129425,-0.0133904143281436,-0.2912936381267103,0.4303337098837934,0.191561394980139,-0.2109614225195258,0.0277350035940148,Spyware-TIBS-8d05ac658cc148b5089cba5909d167e79b2ee62d09dfdba71234792f184da271-10.raw,0.1764705882352941,0.1428571428571428,0.5731909408948628,,0.9109948302537072,0.3881081081081081,0.9388975155279506,0.5016258400173423,0.9047614197391642,,0.2608695652173913,0.6422569027611045,0.2962962962962963,0.4343629343629344,0.4482758620689655,0.2363636363636363,0.5290697674418605,0.5098039215686274,0.3763440860215054,0.4274809160305343,0.3809523809523809,0.34375,0.3809523809523809,0.4060384291614957,0.2788037181655834,0.4060384291614957,0.0112359550561797,4.630058338735068e-05,0.0112359550561797,0.0,0.0,0.0,0.0,0.0,0.0,0.0,0.0666666666666666,0.0,0.0,0.0,0.0,0.2327563936967193,0.1830985915492957,0.2894957983193275,1.0,1.0,1.0,,1.0,1.0,,0.7272727272727273,1.0,,,1
-5.274856349182944,0.3920117981613359,-0.3812436968622282,0.1421362985144296,-0.1749858461894654,-0.1683226183088336,-0.6461886765830642,0.324610284043738,0.8608654009462582,0.4841881072584885,Spyware-TIBS-6c524355af15275aa5b7f957574769ce268cbe125214f26c32a1037bc831ee8d-3.raw,0.0,0.0,0.9845332351316516,,0.7806934389618885,0.041081081081081,0.7909090909090911,0.0921309343160633,0.7653344679338018,,0.1753155680224404,0.0816326530612244,0.0,0.0328185328185328,0.367816091954023,0.0181818181818181,0.0203488372093023,0.0196078431372549,0.010752688172043,0.0610687022900763,0.2142857142857142,0.140625,0.2142857142857142,0.4724320173716093,0.3901419099051962,0.4724320173716093,0.0,0.0,0.0,0.0,0.0,0.0,0.0,0.0,0.0,0.0,0.0666666666666666,0.0,0.0,0.0,0.0,0.4007890843333884,0.2829705505761845,0.4818181818181817,0.0,0.6363636363636364,0.5,,0.6666666666666666,0.6666666666666666,,0.1818181818181818,1.0,,,1
-0.9841470694095196,-3.469367389638421,2.3699638556363074,0.5940063503383523,-0.0668293899690019,-0.1262785011424281,0.4125779831760192,0.0101374487657174,-0.3207620728084279,-0.059926956500656,Spyware-TIBS-7f0fb3e6faacd89fae2a13bf11a019edae5ef581472e8458204f6213af272dee-9.raw,0.1470588235294117,0.0714285714285714,0.6150494077211073,,0.9470530769005004,0.3394594594594594,0.938647342995169,0.4691090396704964,0.943344978729328,,0.2608695652173913,0.6074429771908764,0.2592592592592592,0.4247104247104247,0.3885057471264367,0.2,0.4331395348837209,0.4509803921568627,0.3494623655913978,0.4122137404580153,0.3333333333333333,0.296875,0.3333333333333333,0.3688370824387161,0.2427740071603362,0.3688370824387161,0.0112359550561797,4.630058338735068e-05,0.0112359550561797,0.0,0.0,0.0,0.0,0.0,0.0,0.0,0.0666666666666666,0.0,0.0,0.0,0.0,0.2555756479807115,0.1966614501825767,0.3156136528685546,1.0,1.0,1.0,,1.0,1.0,,0.7272727272727273,1.0,,,1
-5.090200165504654,0.6948440033525981,-1.02704975025594,-0.3588709432615074,-0.2374886184544049,0.5735504663917387,-0.4386408696969711,0.3809450960441263,-0.7164225813151712,-0.0072781021909169,Spyware-TIBS-10ef7e0a4f5ea636cdbf2eeeb6403c3ab328568bf47e67dc37b2a73b82bd06d4-6.raw,0.0,0.0,0.659731172896336,,0.6850399823444187,0.0443243243243243,0.7995059288537549,0.0403208324300888,0.6629819930016508,,0.1683029453015427,0.0672268907563025,0.0,0.0386100386100386,0.0666666666666666,0.0181818181818181,0.0203488372093023,0.0196078431372549,0.021505376344086,0.0610687022900763,0.238095238095238,0.15625,0.238095238095238,0.523978816875774,0.4344045308964054,0.523978816875774,0.0,0.0,0.0,0.0,0.0,0.0,0.0,0.0,0.0,0.0,0.0666666666666666,0.0,0.0,0.0,0.0,0.4007890843333884,0.2829705505761845,0.4818181818181817,0.0,0.6363636363636364,0.5,,0.6666666666666666,0.6666666666666666,,0.1818181818181818,1.0,,,1
-0.7027135617143483,-3.4813771769656143,2.525553865208681,0.4467277992469248,-0.0297053920505014,-0.1717204737377452,-1.21540039115566,-0.4017475235230525,0.0722252277326375,-0.6398391289180616,Spyware-TIBS-7c5d590afd39575ec7211e69d22acd56638f9356d955ac4ebca7bc93ad4f439b-8.raw,0.1470588235294117,0.0714285714285714,0.6570579048943991,,0.9653151346337596,0.3394594594594594,0.938647342995169,0.4812486451333189,0.9628860060215036,,0.2622720897615708,0.6206482593037215,0.2592592592592592,0.4247104247104247,0.4459770114942529,0.2,0.4331395348837209,0.4509803921568627,0.3494623655913978,0.4122137404580153,0.3333333333333333,0.296875,0.3333333333333333,0.3688370824387161,0.2427740071603362,0.3688370824387161,0.0112359550561797,4.630058338735068e-05,0.0112359550561797,0.0,0.0,0.0,0.0,0.0,0.0,0.0,0.0666666666666666,0.0,0.0,0.0,0.0,0.2555756479807115,0.1966614501825767,0.3156136528685546,1.0,1.0,1.0,,1.0,1.0,,0.7272727272727273,0.5,,,1
-5.282544130666679,0.6839806501877617,-0.9014808811864824,-0.2619070147196741,-0.2651679959636571,0.6368856100744272,-0.3034916102752754,-0.1649704080369637,-0.7450495606972793,-0.0633297953392274,Spyware-TIBS-85ae85a36eb35350175eb3c1b00dcab52d5fe726bab65975a6bb3177c8719da6-4.raw,0.0,0.0,0.6442644080279876,,0.6514211942445549,0.041081081081081,0.7909090909090911,0.0221114242358551,0.627008738213782,,0.1626928471248246,0.024609843937575,0.0,0.0328185328185328,0.0528735632183908,0.0181818181818181,0.0203488372093023,0.0196078431372549,0.010752688172043,0.0610687022900763,0.2142857142857142,0.140625,0.2142857142857142,0.4724320173716093,0.3901419099051962,0.4724320173716093,0.0,0.0,0.0,0.0,0.0,0.0,0.0,0.0,0.0,0.0,0.0666666666666666,0.0,0.0,0.0,0.0,0.4007890843333884,0.2829705505761845,0.4818181818181817,0.0,0.6363636363636364,0.5,,0.6666666666666666,0.6666666666666666,,0.1818181818181818,1.0,,,1
-5.254172225359085,0.4580603638117141,-0.4677223771116463,0.0552719143900867,-0.1761334526237085,-0.0811497893507173,-0.6135139428218528,0.2311002478873212,0.8636862449998184,0.4969336215419735,Spyware-TIBS-28e57139370f05830b5ffa383fde31916f358d49a03010d6cee044c63e852a82-3.raw,0.0,0.0,0.9690664702633032,,0.73586838816207,0.041081081081081,0.7909090909090911,0.0678517233904183,0.7173701282166433,,0.1626928471248246,0.0720288115246098,0.0,0.0328185328185328,0.3724137931034483,0.0181818181818181,0.0203488372093023,0.0196078431372549,0.010752688172043,0.0610687022900763,0.2142857142857142,0.140625,0.2142857142857142,0.4724320173716093,0.3901419099051962,0.4724320173716093,0.0,0.0,0.0,0.0,0.0,0.0,0.0,0.0,0.0,0.0,0.0666666666666666,0.0,0.0,0.0,0.0,0.4007890843333884,0.2829705505761845,0.4818181818181817,0.0,0.6363636363636364,0.5,,0.6666666666666666,0.6666666666666666,,0.1818181818181818,1.0,,,1
-5.0884238816437,0.6918221646391897,-1.0214223537861131,-0.3553396181522394,-0.2361198778097118,0.5635474315408832,-0.4427801983716262,0.3855490581786924,-0.6927187111165615,0.0012243228983506,Spyware-TIBS-89a8dd64095295fe228f580ae94893cd8a6cd628ee3f36ae208b6d7ff79a7e55-6.raw,0.0,0.0,0.6648867611857852,,0.6854402060122744,0.0443243243243243,0.7995059288537549,0.0405376110990678,0.66341024603484,,0.1683029453015427,0.0702280912364946,0.0,0.0386100386100386,0.0712643678160919,0.0181818181818181,0.0203488372093023,0.0196078431372549,0.021505376344086,0.0610687022900763,0.238095238095238,0.15625,0.238095238095238,0.523978816875774,0.4344045308964054,0.523978816875774,0.0,0.0,0.0,0.0,0.0,0.0,0.0,0.0,0.0,0.0,0.0666666666666666,0.0,0.0,0.0,0.0,0.4007890843333884,0.2829705505761845,0.4818181818181817,0.0,0.6363636363636364,0.5,,0.6666666666666666,0.6666666666666666,,0.1818181818181818,1.0,,,1
-5.2705749494943035,0.6462108221544529,-0.835420373044266,-0.2000195933621489,-0.2499480200389944,0.5148985010882597,-0.3518623806581304,-0.0980627455579113,-0.4760608540500705,0.0213747099843711,Spyware-TIBS-8fdea52e2c3a415a4be17226fc6cd3fe62e4b49fc156b4a828a0bec730b1cdc5-4.raw,0.0,0.0,0.6958202909224818,,0.6658292462873536,0.041081081081081,0.7909090909090911,0.0299154563190982,0.6424258474085829,,0.1697054698457223,0.0294117647058823,0.0,0.0328185328185328,0.1080459770114942,0.0181818181818181,0.0203488372093023,0.0196078431372549,0.010752688172043,0.0610687022900763,0.2142857142857142,0.140625,0.2142857142857142,0.4724320173716093,0.3901419099051962,0.4724320173716093,0.0,0.0,0.0,0.0,0.0,0.0,0.0,0.0,0.0,0.0,0.0666666666666666,0.0,0.0,0.0,0.0,0.4007890843333884,0.2829705505761845,0.4818181818181817,0.0,0.6363636363636364,0.5,,0.6666666666666666,0.6666666666666666,,0.1818181818181818,1.0,,,1
-0.2330587134980764,-3.832757808630068,2.4600147078483503,0.5984085193121176,-0.0018687858161727,-0.7004750953790814,0.3129433802071992,0.2549668333760885,-0.0021752311253997,0.1169987381069395,Spyware-TIBS-89a8dd64095295fe228f580ae94893cd8a6cd628ee3f36ae208b6d7ff79a7e55-9.raw,0.1764705882352941,0.1428571428571428,0.6461056895599337,,0.974830505276663,0.4086486486486486,0.9816770186335404,0.5456319098200737,0.9730677785327962,,0.273492286115007,0.6680672268907563,0.2962962962962963,0.4459459459459459,0.5149425287356322,0.2363636363636363,0.6918604651162791,0.5098039215686274,0.3709677419354839,0.4503816793893129,0.3809523809523809,0.34375,0.3809523809523809,0.3860046145838139,0.243652706029865,0.3860046145838139,0.0112359550561797,4.630058338735068e-05,0.0112359550561797,0.0,0.0,0.0,0.0,0.0,0.0,0.0,0.0666666666666666,0.0,0.0,0.0,0.0,0.2327563936967193,0.1830985915492957,0.2894957983193275,1.0,1.0,1.0,,1.0,1.0,,0.7272727272727273,1.0,,,1
-5.259210239573295,0.6338680622951782,-0.8244327055028527,-0.1954375602137382,-0.2504837275999288,0.5043447392144399,-0.3500821285581861,-0.0920097864430826,-0.4991613713461316,0.0184254163022568,Spyware-TIBS-6e274cbbdefce4f2bcb3543da3f4043319541e51a110356e68cea2ae85153427-4.raw,0.0,0.0,0.6855091143435834,,0.6714323776373311,0.041081081081081,0.7909090909090911,0.0329503576848038,0.6484213898732278,,0.1697054698457223,0.0378151260504201,0.0,0.0366795366795366,0.1080459770114942,0.0181818181818181,0.0203488372093023,0.0196078431372549,0.010752688172043,0.0610687022900763,0.2142857142857142,0.140625,0.2142857142857142,0.4724320173716093,0.3901419099051962,0.4724320173716093,0.0,0.0,0.0,0.0,0.0,0.0,0.0,0.0,0.0,0.0,0.0666666666666666,0.0,0.0,0.0,0.0,0.4007890843333884,0.2829705505761845,0.4818181818181817,0.0,0.6363636363636364,0.5,,0.6666666666666666,0.6666666666666666,,0.1818181818181818,1.0,,,1
-5.305432928466912,0.7235023716590374,-0.9646787379838218,-0.3073427138309049,-0.2771886336352792,0.7456439627047805,-0.2675464001134647,-0.2191406370051327,-0.9525239471974192,-0.1423162324228611,Spyware-TIBS-8d1b6b6cb2f44e01ad43b8efaebec065c4047400f1848f23a9e2034b3b710182-5.raw,0.0,0.0,0.6236420548701895,,0.634611800194623,0.041081081081081,0.7909090909090911,0.0130067201387383,0.6090221108198476,,0.1626928471248246,0.0210084033613445,0.0,0.0328185328185328,0.0,0.0181818181818181,0.0203488372093023,0.0196078431372549,0.010752688172043,0.0610687022900763,0.2142857142857142,0.140625,0.2142857142857142,0.4724320173716093,0.3901419099051962,0.4724320173716093,0.0,0.0,0.0,0.0,0.0,0.0,0.0,0.0,0.0,0.0,0.0666666666666666,0.0,0.0,0.0,0.0,0.4007890843333884,0.2829705505761845,0.4818181818181817,0.0,0.6363636363636364,0.5,,0.6666666666666666,0.6666666666666666,,0.1818181818181818,1.0,,,1
-5.2495199731391375,0.4183189643272725,-0.4139504813279174,0.0998540451490845,-0.1721166046945821,-0.148476509787703,-0.6355610047891485,0.2817089355353322,0.9189797274775684,0.5166421294344186,Spyware-TIBS-8d1b6b6cb2f44e01ad43b8efaebec065c4047400f1848f23a9e2034b3b710182-3.raw,0.0,0.0,0.9793776468422024,,0.757480466226268,0.041081081081081,0.7909090909090911,0.0795577715152829,0.7404957920088445,,0.1669004207573632,0.0858343337334934,0.0,0.0328185328185328,0.3862068965517241,0.0181818181818181,0.0203488372093023,0.0196078431372549,0.010752688172043,0.0610687022900763,0.2142857142857142,0.140625,0.2142857142857142,0.4724320173716093,0.3901419099051962,0.4724320173716093,0.0,0.0,0.0,0.0,0.0,0.0,0.0,0.0,0.0,0.0,0.0666666666666666,0.0,0.0,0.0,0.0,0.4007890843333884,0.2829705505761845,0.4818181818181817,0.0,0.6363636363636364,0.5,,0.6666666666666666,0.6666666666666666,,0.1818181818181818,1.0,,,1
-0.9537943364415102,-3.5654072797101053,2.525768071081719,0.7088352234429621,-0.0406464651437853,-0.3713676134367306,0.3212863846990803,0.1484829911438528,0.1267558120205966,0.1028316201227299,Spyware-TIBS-7ee08dbd8e61fb131cc2258ad23f01c675265c04b502aa8676da524f962a98ab-7.raw,0.1470588235294117,0.0714285714285714,0.6906647026330326,,0.9871643822789092,0.3394594594594594,0.938647342995169,0.49577281595491,0.986265449388928,,0.2636746143057503,0.6362545018007203,0.2592592592592592,0.4227799227799227,0.4873563218390804,0.2,0.4331395348837209,0.4509803921568627,0.3494623655913978,0.4122137404580153,0.3333333333333333,0.296875,0.3333333333333333,0.3688370824387161,0.2427740071603362,0.3688370824387161,0.0112359550561797,4.630058338735068e-05,0.0112359550561797,0.0,0.0,0.0,0.0,0.0,0.0,0.0,0.0666666666666666,0.0,0.0,0.0,0.0,0.2555756479807115,0.1966614501825767,0.3156136528685546,1.0,1.0,1.0,,1.0,1.0,,0.7272727272727273,1.0,,,1
-5.088013615178717,0.6939906378612828,-1.0265729392956846,-0.3594420399250246,-0.2374099056286251,0.5728141546778472,-0.4383424602687494,0.380492272316383,-0.7170919593740974,-0.0068318848388247,Spyware-TIBS-76ba065d9bbd91b3a2a24ae4c092e3dce4f2555b79ea5c14bc3ff9495ff7e965-6.raw,0.0,0.0,0.659731172896336,,0.6846397586765632,0.0443243243243243,0.7995059288537549,0.0401040537611099,0.6625537399684621,,0.1683029453015427,0.070828331332533,0.0,0.0386100386100386,0.0666666666666666,0.0181818181818181,0.0203488372093023,0.0196078431372549,0.021505376344086,0.0610687022900763,0.238095238095238,0.15625,0.238095238095238,0.523978816875774,0.4344045308964054,0.523978816875774,0.0,0.0,0.0,0.0,0.0,0.0,0.0,0.0,0.0,0.0,0.0666666666666666,0.0,0.0,0.0,0.0,0.4007890843333884,0.2829705505761845,0.4818181818181817,0.0,0.6363636363636364,0.5,,0.6666666666666666,0.6666666666666666,,0.1818181818181818,1.0,,,1
-0.971410825902195,-3.502467302587908,2.4267139896803007,0.6374039538073909,-0.0553905615333748,-0.2232491329837358,0.3756108546957339,0.06150806083795,-0.1206314540462705,0.0105573042662951,Spyware-TIBS-85ae85a36eb35350175eb3c1b00dcab52d5fe726bab65975a6bb3177c8719da6-8.raw,0.1470588235294117,0.0714285714285714,0.6486562054597407,,0.95977129567902,0.3394594594594594,0.938647342995169,0.4775634077606763,0.956953908450664,,0.2622720897615708,0.614045618247299,0.2592592592592592,0.4247104247104247,0.432183908045977,0.2,0.4331395348837209,0.4509803921568627,0.3494623655913978,0.4122137404580153,0.3333333333333333,0.296875,0.3333333333333333,0.3688370824387161,0.2427740071603362,0.3688370824387161,0.0112359550561797,4.630058338735068e-05,0.0112359550561797,0.0,0.0,0.0,0.0,0.0,0.0,0.0,0.0666666666666666,0.0,0.0,0.0,0.0,0.2555756479807115,0.1966614501825767,0.3156136528685546,1.0,1.0,1.0,,1.0,1.0,,0.7272727272727273,1.0,,,1
-0.985021169231693,-3.4698510844942847,2.371381749207209,0.598279658449599,-0.0660313603076275,-0.1311538893422787,0.4100907884413756,0.0134760810533526,-0.3056466670000318,-0.0573939680669926,Spyware-TIBS-6c020f140af8dd853073669a31bb0996b4f0a332a4a3b23b3e708d311b9ec587-9.raw,0.1470588235294117,0.0714285714285714,0.6192502574384364,,0.9473791850743084,0.3394594594594594,0.938647342995169,0.4693258183394754,0.9436939256452592,,0.2622720897615708,0.6056422569027611,0.2592592592592592,0.4247104247104247,0.3908045977011494,0.2,0.4331395348837209,0.4509803921568627,0.3494623655913978,0.4122137404580153,0.3333333333333333,0.296875,0.3333333333333333,0.3688370824387161,0.2427740071603362,0.3688370824387161,0.0112359550561797,4.630058338735068e-05,0.0112359550561797,0.0,0.0,0.0,0.0,0.0,0.0,0.0,0.0666666666666666,0.0,0.0,0.0,0.0,0.2555756479807115,0.1966614501825767,0.3156136528685546,1.0,1.0,1.0,,1.0,1.0,,0.7272727272727273,1.0,,,1
1.6801733309401103,1.1137017232502442,5.2096634415838095,1.12498992494686,-0.3470939308852318,-0.4476237749525132,0.2661176329496784,0.8085924282374038,-0.8924739244410654,0.3300185782698027,Spyware-TIBS-89a8dd64095295fe228f580ae94893cd8a6cd628ee3f36ae208b6d7ff79a7e55-10.raw,0.2058823529411764,0.1428571428571428,0.5420415367716621,,0.9135538958737888,0.4583783783783783,0.982608695652174,0.5599393019726859,0.90749970760655,,0.2805049088359046,0.6656662665066027,0.3333333333333333,0.4671814671814672,0.4666666666666667,0.3454545454545454,0.7034883720930233,0.5686274509803921,0.478494623655914,0.6183206106870229,0.4285714285714285,0.390625,0.4285714285714285,0.4197687317956325,0.2761118206540299,0.4197687317956325,0.0112359550561797,4.630058338735068e-05,0.0112359550561797,0.0,0.2,0.0,0.1538461538461538,0.2,0.1538461538461538,0.2,0.2666666666666666,0.3419354838709675,0.0,0.2630272952853595,0.3419354838709675,0.4513795718369017,0.4784189004997728,0.6034155597722959,1.0,1.0,1.0,,1.0,1.0,,0.7272727272727273,1.0,,,1
-5.277526696839264,0.6680967937164994,-0.8736972335359074,-0.2418668077731146,-0.2598434306810192,0.5910001916803108,-0.321296216531232,-0.1403238778354408,-0.650992959338934,-0.029239496566539,Spyware-TIBS-25ac33bc94decabf1572c58b136cd489a8ec017b0d1ea345b6e37a84423ca2d8-4.raw,0.0,0.0,0.659731172896336,,0.6578247729302432,0.041081081081081,0.7909090909090911,0.0255798829395187,0.6338607867448046,,0.1626928471248246,0.0276110444177671,0.0,0.0328185328185328,0.0735632183908046,0.0181818181818181,0.0203488372093023,0.0196078431372549,0.010752688172043,0.0610687022900763,0.2142857142857142,0.140625,0.2142857142857142,0.4724320173716093,0.3901419099051962,0.4724320173716093,0.0,0.0,0.0,0.0,0.0,0.0,0.0,0.0,0.0,0.0,0.0666666666666666,0.0,0.0,0.0,0.0,0.4007890843333884,0.2829705505761845,0.4818181818181817,0.0,0.6363636363636364,0.5,,0.6666666666666666,0.6666666666666666,,0.1818181818181818,1.0,,,1
-0.98973079060578,-3.508151909910172,2.431321931485566,0.6371672956974189,-0.0681677916662725,-0.17941019950878,0.4075557655825155,-0.0095980519222602,-0.3167169298446435,-0.0610081404474209,Spyware-TIBS-67ec0e775d5272086f87e4fa67b7efec044decd79e7eecdb47993d5cb5e9b535-9.raw,0.1470588235294117,0.0714285714285714,0.6192502574384364,,0.9542274567242804,0.3448648648648648,0.9503220611916272,0.4738781703880338,0.9510218108798252,,0.2622720897615708,0.6116446578631453,0.2592592592592592,0.4247104247104247,0.3931034482758621,0.2,0.4331395348837209,0.4509803921568627,0.3494623655913978,0.4274809160305343,0.3333333333333333,0.296875,0.3333333333333333,0.3634562067807559,0.2332154601568117,0.3634562067807559,0.0112359550561797,4.630058338735068e-05,0.0112359550561797,0.0,0.0,0.0,0.0,0.0,0.0,0.0,0.0666666666666666,0.0,0.0,0.0,0.0,0.2555756479807115,0.1966614501825767,0.3156136528685546,1.0,1.0,1.0,,1.0,1.0,,0.7272727272727273,1.0,,,1
-5.4700567418518675,0.3418915168006196,-0.2020855785290233,0.2753189711349186,-0.2038159441784301,-0.1491472673209817,-0.5223465700811474,-0.2019672846628145,0.8032842997735656,0.4193590131764372,Spyware-TIBS-8d8af27b1ab68fde08153c7b2d90670c329aa93abe1645da4651ae0941f6da09-2.raw,0.0,0.0,0.9742220585527528,,0.7630835975762454,0.0389189189189189,0.7851778656126482,0.0825926728809885,0.7464913344734895,,0.1725105189340813,0.0684273709483793,0.0,0.0173745173745173,0.3471264367816092,0.0181818181818181,0.0203488372093023,0.0196078431372549,0.010752688172043,0.0610687022900763,0.1904761904761904,0.125,0.1904761904761904,0.4189987635880066,0.3429125217635632,0.4189987635880066,0.0,0.0,0.0,0.0,0.0,0.0,0.0,0.0,0.0,0.0,0.0666666666666666,0.0,0.0,0.0,0.0,0.4007890843333884,0.2829705505761845,0.4818181818181817,0.0,0.6363636363636364,0.5,,0.6666666666666666,0.6666666666666666,,0.1818181818181818,1.0,,,1
-4.894713037094083,5.971637452300683,3.3755089475842364,1.6349880212547,19.90705613707994,0.1710826943584564,0.2540749417547339,-0.1339899263681483,-0.1759218540400982,-0.1738379228326392,Spyware-TIBS-7ee08dbd8e61fb131cc2258ad23f01c675265c04b502aa8676da524f962a98ab-1.raw,0.0,0.0,0.963910881973854,,0.7678862815905116,0.0389189189189189,0.7851778656126482,0.0851940169087361,0.7516303708717564,,0.1753155680224404,0.0672268907563025,0.0,0.0173745173745173,0.335632183908046,0.0181818181818181,0.0203488372093023,0.0196078431372549,0.010752688172043,0.0610687022900763,0.1904761904761904,0.125,0.1904761904761904,0.4189987635880066,0.3429125217635632,0.4189987635880066,0.0,0.0,0.0,0.0,0.2,1.0,0.0769230769230769,0.2,0.1538461538461538,0.2,0.1333333333333333,0.4416666666666666,0.958333333333332,0.1698717948717946,0.4416666666666666,0.6948462929475591,0.6713615023474178,0.5715686274509806,0.0,0.6363636363636364,0.5,,0.6666666666666666,0.6666666666666666,,0.1818181818181818,1.0,,,1
-5.250423284872081,0.4578508410781717,-0.4694882021049064,0.0535270900389884,-0.1765286390399708,-0.0793030645774788,-0.610813298438196,0.2286094796232226,0.85438183513401,0.4949323469266716,Spyware-TIBS-76ba065d9bbd91b3a2a24ae4c092e3dce4f2555b79ea5c14bc3ff9495ff7e965-3.raw,0.0,0.0,0.963910881973854,,0.73586838816207,0.041081081081081,0.7909090909090911,0.0678517233904183,0.7173701282166433,,0.1626928471248246,0.0726290516206482,0.0,0.0328185328185328,0.3724137931034483,0.0181818181818181,0.0203488372093023,0.0196078431372549,0.010752688172043,0.0610687022900763,0.2142857142857142,0.140625,0.2142857142857142,0.4724320173716093,0.3901419099051962,0.4724320173716093,0.0,0.0,0.0,0.0,0.0,0.0,0.0,0.0,0.0,0.0,0.0666666666666666,0.0,0.0,0.0,0.0,0.4007890843333884,0.2829705505761845,0.4818181818181817,0.0,0.6363636363636364,0.5,,0.6666666666666666,0.6666666666666666,,0.1818181818181818,1.0,,,1
-0.9558328113254596,-3.592874412214643,2.5619895977959155,0.743074520591874,-0.045508782514406,-0.3918678947118848,0.330660131373073,0.1106142057100929,0.0601441932472492,0.0688318590977228,Spyware-TIBS-6e274cbbdefce4f2bcb3543da3f4043319541e51a110356e68cea2ae85153427-7.raw,0.1470588235294117,0.0714285714285714,0.6864638529157034,,0.9881427068003336,0.3448648648648648,0.9503220611916272,0.4964231519618469,0.9873122901367228,,0.270687237026648,0.6392557022809123,0.2592592592592592,0.4266409266409266,0.4758620689655172,0.2,0.436046511627907,0.4509803921568627,0.3494623655913978,0.4274809160305343,0.3333333333333333,0.296875,0.3333333333333333,0.3634562067807559,0.2332154601568117,0.3634562067807559,0.0112359550561797,4.630058338735068e-05,0.0112359550561797,0.0,0.0,0.0,0.0,0.0,0.0,0.0,0.0666666666666666,0.0,0.0,0.0,0.0,0.2555756479807115,0.1966614501825767,0.3156136528685546,1.0,1.0,1.0,,1.0,1.0,,0.7272727272727273,1.0,,,1
2.2420686885513583,2.9864256507119946,6.486931737037455,1.3571779709954273,-0.4377890561762707,-0.7305851271600642,0.7538301152017683,0.9883690838970643,-0.5105970306463372,-0.2400064663462721,Spyware-TIBS-67ec0e775d5272086f87e4fa67b7efec044decd79e7eecdb47993d5cb5e9b535-10.raw,0.2058823529411764,0.1428571428571428,0.5733306243214241,,0.9256986140707836,0.4637837837837837,0.9934782608695656,0.5686104487318447,0.9204949720619374,,0.2805049088359046,0.6788715486194478,0.3333333333333333,0.4671814671814672,0.5011494252873563,0.3454545454545454,0.7034883720930233,0.5686274509803921,0.478494623655914,0.6335877862595419,0.4285714285714285,0.390625,0.4285714285714285,0.4146516514157817,0.2672319393056032,0.4146516514157817,0.0112359550561797,4.630058338735068e-05,0.0112359550561797,0.0,0.3,0.0,0.2307692307692307,0.3,0.2307692307692307,0.3,0.2666666666666666,0.4968750000000002,0.0,0.3822115384615385,0.4968750000000002,0.5600700723327309,0.6179577464788735,0.5715686274509806,1.0,1.0,1.0,,1.0,1.0,,0.7272727272727273,1.0,,,1
-5.093172092476754,0.6937960891882674,-1.0244872369017202,-0.3576781376794404,-0.2374338669045816,0.5727594111524895,-0.4407145045531039,0.3832937456713236,-0.7157617858623153,-0.0076409282326048,Spyware-TIBS-92a05114ea36ed4ce64ac63d8b6472026537aedd164228ba9c18a95a44d4cbc3-6.raw,0.0,0.0,0.6648867611857852,,0.6850399823444187,0.0443243243243243,0.7995059288537549,0.0403208324300888,0.6629819930016508,,0.1683029453015427,0.0714285714285714,0.0,0.0386100386100386,0.064367816091954,0.0181818181818181,0.0203488372093023,0.0196078431372549,0.021505376344086,0.0610687022900763,0.238095238095238,0.15625,0.238095238095238,0.523978816875774,0.4344045308964054,0.523978816875774,0.0,0.0,0.0,0.0,0.0,0.0,0.0,0.0,0.0,0.0,0.0666666666666666,0.0,0.0,0.0,0.0,0.4007890843333884,0.2829705505761845,0.4818181818181817,0.0,0.6363636363636364,0.5,,0.6666666666666666,0.6666666666666666,,0.1818181818181818,1.0,,,1
-6.181669508465959,-0.0141171008373566,0.7097355465298811,0.9625041728441665,-0.3060673188065481,-0.3203579451663241,-0.0695362960002004,-2.2088431716125903,0.7344563443188848,0.2121379731687648,Spyware-TIBS-9aa88b8359d2090f6588d882078813d7c548776d7403627c25f1091a0564fce6-3.raw,0.0,0.0,0.9484441171055056,,0.7546789005512794,0.0324324324324324,0.7679841897233202,0.0780403208324301,0.7374980207765222,,0.182328190743338,0.0690276110444177,0.0,0.0193050193050193,0.3218390804597701,0.0181818181818181,0.0087209302325581,0.0196078431372549,0.0053763440860215,0.0610687022900763,0.0952380952380952,0.0625,0.0952380952380952,0.1993938572318559,0.1461595045305657,0.1993938572318559,0.0,0.0,0.0,0.0,0.0,0.0,0.0,0.0,0.0,0.0,0.0666666666666666,0.0,0.0,0.0,0.0,0.4007890843333884,0.2829705505761845,0.4818181818181817,0.0,0.6363636363636364,0.5,,0.6666666666666666,0.6666666666666666,,0.1818181818181818,1.0,,,1
-5.294518746303645,0.7210053978575874,-0.962430874086792,-0.3055972525924877,-0.2754297909432228,0.733261104774065,-0.2681167210924045,-0.218502084258523,-0.923022544871011,-0.1297729832309088,Spyware-TIBS-76ba065d9bbd91b3a2a24ae4c092e3dce4f2555b79ea5c14bc3ff9495ff7e965-5.raw,0.0,0.0,0.6184864665807401,,0.6350120238624785,0.041081081081081,0.7909090909090911,0.0132234988077173,0.6094503638530364,,0.1626928471248246,0.0180072028811524,0.0,0.0328185328185328,0.0114942528735632,0.0181818181818181,0.0203488372093023,0.0196078431372549,0.010752688172043,0.0610687022900763,0.2142857142857142,0.140625,0.2142857142857142,0.4724320173716093,0.3901419099051962,0.4724320173716093,0.0,0.0,0.0,0.0,0.0,0.0,0.0,0.0,0.0,0.0,0.0666666666666666,0.0,0.0,0.0,0.0,0.4007890843333884,0.2829705505761845,0.4818181818181817,0.0,0.6363636363636364,0.5,,0.6666666666666666,0.6666666666666666,,0.1818181818181818,1.0,,,1
-5.260456298041374,0.4667468755638684,-0.4872618742343225,0.0412285208892194,-0.1823008044963948,-0.0402177628072074,-0.5962547427062351,0.213846433157819,0.7515248410661707,0.4581751005821982,Spyware-TIBS-9c8a2292cad7ae8b939c0fb6a7369ee7a84c470bf463fa473805bfad8c69a7f9-3.raw,0.0,0.0,0.9484441171055056,,0.735067940826359,0.041081081081081,0.7909090909090911,0.0674181660524604,0.7165136221502654,,0.1626928471248246,0.0690276110444177,0.0,0.0328185328185328,0.3494252873563218,0.0181818181818181,0.0203488372093023,0.0196078431372549,0.010752688172043,0.0610687022900763,0.2142857142857142,0.140625,0.2142857142857142,0.4724320173716093,0.3901419099051962,0.4724320173716093,0.0,0.0,0.0,0.0,0.0,0.0,0.0,0.0,0.0,0.0,0.0666666666666666,0.0,0.0,0.0,0.0,0.4007890843333884,0.2829705505761845,0.4818181818181817,0.0,0.6363636363636364,0.5,,0.6666666666666666,0.6666666666666666,,0.1818181818181818,1.0,,,1
-5.274742918946134,0.6643573570777032,-0.8668011538906928,-0.2371646387070457,-0.2580537977150958,0.5777715349849878,-0.3263122166506593,-0.1345352021066927,-0.6195005880478871,-0.0178681168100546,Spyware-TIBS-9c8a2292cad7ae8b939c0fb6a7369ee7a84c470bf463fa473805bfad8c69a7f9-4.raw,0.0,0.0,0.6648867611857852,,0.6586252202659543,0.041081081081081,0.7909090909090911,0.0260134402774766,0.6347172928111825,,0.1626928471248246,0.0294117647058823,0.0,0.0328185328185328,0.0804597701149425,0.0181818181818181,0.0203488372093023,0.0196078431372549,0.010752688172043,0.0610687022900763,0.2142857142857142,0.140625,0.2142857142857142,0.4724320173716093,0.3901419099051962,0.4724320173716093,0.0,0.0,0.0,0.0,0.0,0.0,0.0,0.0,0.0,0.0,0.0666666666666666,0.0,0.0,0.0,0.0,0.4007890843333884,0.2829705505761845,0.4818181818181817,0.0,0.6363636363636364,0.5,,0.6666666666666666,0.6666666666666666,,0.1818181818181818,1.0,,,1
-0.26445779325941,-3.391011648606563,2.471564301539498,0.6079301731929886,-0.0972222944804861,-0.1590262858161106,0.0169723141674537,0.1152413616881651,-0.9635172672386636,0.491996672944831,Spyware-TIBS-45f85eaf165337665b247db9aecc04e018d6402f73da2730fc66b885252abe7e-10.raw,0.1764705882352941,0.1428571428571428,0.5286319278217639,,0.9270323643727754,0.4086486486486486,0.9816770186335404,0.5126815521352699,0.921922130569092,,0.2636746143057503,0.6374549819927972,0.2962962962962963,0.4459459459459459,0.3885057471264367,0.2363636363636363,0.6918604651162791,0.5098039215686274,0.3709677419354839,0.4503816793893129,0.3809523809523809,0.34375,0.3809523809523809,0.3860046145838139,0.243652706029865,0.3860046145838139,0.0112359550561797,4.630058338735068e-05,0.0112359550561797,0.0,0.0,0.0,0.0,0.0,0.0,0.0,0.1333333333333333,0.0,0.0,0.0,0.0,0.2327563936967193,0.1830985915492957,0.4305322128851538,1.0,1.0,1.0,,1.0,1.0,,0.7272727272727273,1.0,,,1
-0.983014162686991,-3.4715746244809247,2.37429796268459,0.6008986522791923,-0.0651844086166909,-0.1379804007798879,0.4082180090643152,0.0161833734195566,-0.2901083271642418,-0.0516350934672308,Spyware-TIBS-48fe5ec56dc868ffe3ae096714721a0db2bdd482c693a878d246eff2ec9da821-9.raw,0.1470588235294117,0.0714285714285714,0.6192502574384364,,0.9483575095957332,0.3394594594594594,0.938647342995169,0.4699761543464123,0.9447407663930548,,0.2622720897615708,0.6032412965186075,0.2592592592592592,0.4247104247104247,0.3954022988505747,0.2,0.4331395348837209,0.4509803921568627,0.3494623655913978,0.4122137404580153,0.3333333333333333,0.296875,0.3333333333333333,0.3688370824387161,0.2427740071603362,0.3688370824387161,0.0112359550561797,4.630058338735068e-05,0.0112359550561797,0.0,0.0,0.0,0.0,0.0,0.0,0.0,0.0666666666666666,0.0,0.0,0.0,0.0,0.2555756479807115,0.1966614501825767,0.3156136528685546,1.0,1.0,1.0,,1.0,1.0,,0.7272727272727273,1.0,,,1
-5.2834222626126035,0.4428908470744729,-0.4596122760530716,0.0918977860812994,-0.1805044859129937,-0.0751274571676842,-0.6228258791375063,0.2990070475938904,0.760146968700961,0.4444772629283782,Spyware-TIBS-7f0fb3e6faacd89fae2a13bf11a019edae5ef581472e8458204f6213af272dee-2.raw,0.0,0.0,0.9690664702633032,,0.7638840449119565,0.0389189189189189,0.7851778656126482,0.0830262302189464,0.7473478405398674,,0.1753155680224404,0.0690276110444177,0.0,0.0212355212355212,0.3402298850574712,0.0181818181818181,0.0203488372093023,0.0196078431372549,0.010752688172043,0.0610687022900763,0.2142857142857142,0.140625,0.2142857142857142,0.4754476940916429,0.3954224063895868,0.4754476940916429,0.0,0.0,0.0,0.0,0.0,0.0,0.0,0.0,0.0,0.0,0.0666666666666666,0.0,0.0,0.0,0.0,0.4007890843333884,0.2829705505761845,0.4818181818181817,0.0,0.6363636363636364,0.5,,0.6666666666666666,0.6666666666666666,,0.1818181818181818,1.0,,,1
-5.090316005317421,0.7012559170803333,-1.0404200135679476,-0.3694405299921873,-0.2405045752325212,0.5969853637754196,-0.428344712993556,0.3681022444378388,-0.7726448027128059,-0.0263973649374797,Spyware-TIBS-7f0fb3e6faacd89fae2a13bf11a019edae5ef581472e8458204f6213af272dee-6.raw,0.0,0.0,0.649419996317437,,0.6822384166694301,0.0443243243243243,0.7995059288537549,0.038803381747236,0.6599842217693285,,0.1683029453015427,0.0690276110444177,0.0,0.0386100386100386,0.0551724137931034,0.0181818181818181,0.0203488372093023,0.0196078431372549,0.021505376344086,0.0610687022900763,0.238095238095238,0.15625,0.238095238095238,0.523978816875774,0.4344045308964054,0.523978816875774,0.0,0.0,0.0,0.0,0.0,0.0,0.0,0.0,0.0,0.0,0.0666666666666666,0.0,0.0,0.0,0.0,0.4007890843333884,0.2829705505761845,0.4818181818181817,0.0,0.6363636363636364,0.5,,0.6666666666666666,0.6666666666666666,,0.1818181818181818,1.0,,,1
-5.2736437374594995,0.6695552058091327,-0.8755018518306429,-0.2430869306593321,-0.2589803515454982,0.5883654924437426,-0.3213972207992043,-0.1423424114972276,-0.6351128332658664,-0.0235189853127902,Spyware-TIBS-19f82488e174dbe2b094ad9e520ee3956ef6c14f8faf5bd0bb368f0ea73de6ef-4.raw,0.0,0.0,0.659731172896336,,0.6562238782588211,0.041081081081081,0.7909090909090911,0.0247127682636028,0.6321477746120489,,0.1626928471248246,0.0264105642256902,0.0,0.0328185328185328,0.0781609195402298,0.0181818181818181,0.0203488372093023,0.0196078431372549,0.010752688172043,0.0610687022900763,0.2142857142857142,0.140625,0.2142857142857142,0.4724320173716093,0.3901419099051962,0.4724320173716093,0.0,0.0,0.0,0.0,0.0,0.0,0.0,0.0,0.0,0.0,0.0666666666666666,0.0,0.0,0.0,0.0,0.4007890843333884,0.2829705505761845,0.4818181818181817,0.0,0.6363636363636364,0.5,,0.6666666666666666,0.6666666666666666,,0.1818181818181818,1.0,,,1
-5.2742156135601235,0.6467502501441053,-0.8323129442786696,-0.2112811630136235,-0.2510572823873297,0.5210148573493661,-0.3512592676857313,-0.1023902653812231,-0.4916392876179098,0.0262004083682512,Spyware-TIBS-10f9ff1e9f0cddbac2bf5dd5921a15f8c925fa57b2a1d2f9f10772a3b6bba6b2-4.raw,0.0,0.0,0.6906647026330326,,0.6658292462873536,0.041081081081081,0.7909090909090911,0.0299154563190982,0.6424258474085829,,0.1626928471248246,0.0306122448979591,0.0,0.0328185328185328,0.1057471264367816,0.0181818181818181,0.0203488372093023,0.0196078431372549,0.010752688172043,0.0610687022900763,0.2142857142857142,0.140625,0.2142857142857142,0.4724320173716093,0.3901419099051962,0.4724320173716093,0.0,0.0,0.0,0.0,0.0,0.0,0.0,0.0,0.0,0.0,0.0666666666666666,0.0,0.0,0.0,0.0,0.4007890843333884,0.2829705505761845,0.4818181818181817,0.0,0.6363636363636364,0.5,,0.6666666666666666,0.6666666666666666,,0.1818181818181818,1.0,,,1
-4.65373077153188,3.164612255082906,1.3801104323404263,0.5976909072802695,-0.3431574557610162,-0.1777875642309568,-0.5101344351197419,0.7151995581460282,0.8653168497813224,0.2588745933301735,Spyware-TIBS-8d1b6b6cb2f44e01ad43b8efaebec065c4047400f1848f23a9e2034b3b710182-2.raw,0.0,0.0,1.0,,0.7906990306582764,0.041081081081081,0.7909090909090911,0.0975504010405376,0.7760407937635246,,0.1837307152875175,0.0906362545018007,0.0,0.0328185328185328,0.3770114942528735,0.0181818181818181,0.0203488372093023,0.0196078431372549,0.0161290322580645,0.0610687022900763,0.2142857142857142,0.140625,0.2142857142857142,0.4724320173716093,0.3901419099051962,0.4724320173716093,0.0,0.0,0.0,0.0,0.1,0.0,0.0769230769230769,0.1,0.0769230769230769,0.1,0.1333333333333333,0.2304347826086956,0.0,0.177257525083612,0.2304347826086956,0.554210236653825,0.4856093080220452,0.6144927536231886,0.0,0.6363636363636364,0.5,,0.6666666666666666,0.6666666666666666,,0.1818181818181818,1.0,,,1
-5.091741989500702,0.6987582378934822,-1.0329760863002866,-0.3635964522547057,-0.2383471565449364,0.5831111799425467,-0.4357954464090678,0.3755356838832501,-0.7315010720285814,-0.0132125407884803,Spyware-TIBS-90c50fdd82efd7f377529b07f07b58d9c836a94bbee69bc016385c907f926021-6.raw,0.0,0.0,0.659731172896336,,0.6826386403372855,0.0443243243243243,0.7995059288537549,0.039020160416215,0.6604124748025173,,0.1683029453015427,0.0690276110444177,0.0,0.0386100386100386,0.0620689655172413,0.0181818181818181,0.0203488372093023,0.0196078431372549,0.021505376344086,0.0610687022900763,0.238095238095238,0.15625,0.238095238095238,0.523978816875774,0.4344045308964054,0.523978816875774,0.0,0.0,0.0,0.0,0.0,0.0,0.0,0.0,0.0,0.0,0.0666666666666666,0.0,0.0,0.0,0.0,0.4007890843333884,0.2829705505761845,0.4818181818181817,0.0,0.6363636363636364,0.5,,0.6666666666666666,0.6666666666666666,,0.1818181818181818,1.0,,,1
-5.447693412858604,-0.0553607413273063,-0.4308132877676007,0.0889576622333584,-0.1315784821950853,-0.4419410454061095,-0.0181455443516341,-0.249665126170487,1.2386953505048723,-0.255787255462797,Spyware-TIBS-8d8af27b1ab68fde08153c7b2d90670c329aa93abe1645da4651ae0941f6da09-1.raw,0.0,0.0,0.9793776468422024,,0.7710880709333559,0.0389189189189189,0.7851778656126482,0.0869282462605679,0.7550563951372679,,0.1739130434782608,0.0720288115246098,0.0,0.0173745173745173,0.3494252873563218,0.0181818181818181,0.0203488372093023,0.0196078431372549,0.010752688172043,0.0610687022900763,0.1904761904761904,0.125,0.1904761904761904,0.4189987635880066,0.3429125217635632,0.4189987635880066,0.0,0.0,0.0,0.0,0.0,0.0,0.0,0.0,0.0,0.0,0.0,0.0,0.0,0.0,0.0,0.4007890843333884,0.2829705505761845,0.3023172905525847,0.0,0.6363636363636364,0.5,,0.6666666666666666,0.6666666666666666,,0.1818181818181818,1.0,,,1
-5.451682786488826,-0.0356364054827757,-0.4654972242406492,0.0641890625628207,-0.1378145924890664,-0.3871374988185233,0.0040300487028887,-0.2805742994750589,1.1287137277186718,-0.2953905301332261,Spyware-TIBS-90c50fdd82efd7f377529b07f07b58d9c836a94bbee69bc016385c907f926021-1.raw,0.0,0.0,0.9587552936844044,,0.7630835975762454,0.0389189189189189,0.7851778656126482,0.0825926728809885,0.7464913344734895,,0.1739130434782608,0.0666266506602641,0.0,0.0173745173745173,0.3264367816091954,0.0181818181818181,0.0203488372093023,0.0196078431372549,0.010752688172043,0.0610687022900763,0.1904761904761904,0.125,0.1904761904761904,0.4189987635880066,0.3429125217635632,0.4189987635880066,0.0,0.0,0.0,0.0,0.0,0.0,0.0,0.0,0.0,0.0,0.0,0.0,0.0,0.0,0.0,0.4007890843333884,0.2829705505761845,0.3023172905525847,0.0,0.6363636363636364,0.5,,0.6666666666666666,0.6666666666666666,,0.1818181818181818,1.0,,,1
-4.8333709453068785,2.7509988318030074,1.3104438152179088,0.5181249888929016,-0.305204194795745,-0.4005702016524656,0.1155890308619225,0.1140498129656655,1.186156213199748,-0.4653203961190554,Spyware-TIBS-28e57139370f05830b5ffa383fde31916f358d49a03010d6cee044c63e852a82-1.raw,0.0,0.0,0.9742220585527528,,0.7710880709333559,0.0389189189189189,0.7851778656126482,0.0869282462605679,0.7550563951372679,,0.1739130434782608,0.070828331332533,0.0,0.0173745173745173,0.3540229885057471,0.0181818181818181,0.0203488372093023,0.0196078431372549,0.010752688172043,0.0610687022900763,0.1904761904761904,0.125,0.1904761904761904,0.4189987635880066,0.3429125217635632,0.4189987635880066,0.0,0.0,0.0,0.0,0.1,0.0,0.0769230769230769,0.1,0.0769230769230769,0.1,0.0666666666666666,0.2304347826086956,0.0,0.177257525083612,0.2304347826086956,0.554210236653825,0.4856093080220452,0.4427962489343561,0.0,0.6363636363636364,0.5,,0.6666666666666666,0.6666666666666666,,0.1818181818181818,1.0,,,1
-4.846219166107583,3.1318467408023336,1.529502775290271,0.7081463819044128,-0.3756538519381233,-0.118934716179626,-0.3671828703174274,0.1616302373538544,0.7454666354996312,0.1743718697705253,Spyware-TIBS-6e274cbbdefce4f2bcb3543da3f4043319541e51a110356e68cea2ae85153427-2.raw,0.0,0.0,0.9690664702633032,,0.7654849395833784,0.0389189189189189,0.7851778656126482,0.0838933448948623,0.7490608526726228,,0.1795231416549789,0.0690276110444177,0.0,0.0212355212355212,0.3471264367816092,0.0181818181818181,0.0203488372093023,0.0196078431372549,0.010752688172043,0.0610687022900763,0.1904761904761904,0.125,0.1904761904761904,0.4189987635880066,0.3429125217635632,0.4189987635880066,0.0,0.0,0.0,0.0,0.1,0.0,0.0769230769230769,0.1,0.0769230769230769,0.1,0.1333333333333333,0.2304347826086956,0.0,0.177257525083612,0.2304347826086956,0.554210236653825,0.4856093080220452,0.6144927536231886,0.0,0.6363636363636364,0.5,,0.6666666666666666,0.6666666666666666,,0.1818181818181818,1.0,,,1
-0.9605871178969064,-3.562132950233364,2.529270405535517,0.7100815652351865,-0.0381055237024735,-0.3804562525996898,0.3121610443402525,0.1524005718800052,0.1810265145603936,0.1200003968162462,Spyware-TIBS-6e996c9ce02c848f4a648e77d67ca89da64badb09faf00c5edbdea6cf7e2b93d-7.raw,0.1470588235294117,0.0714285714285714,0.7074681015023494,,0.9842294087146356,0.3394594594594594,0.938647342995169,0.4938218079340993,0.9831249271455428,,0.2622720897615708,0.6338535414165666,0.2592592592592592,0.4227799227799227,0.4942528735632184,0.2,0.4331395348837209,0.4509803921568627,0.3494623655913978,0.4122137404580153,0.3333333333333333,0.296875,0.3333333333333333,0.3688370824387161,0.2427740071603362,0.3688370824387161,0.0112359550561797,4.630058338735068e-05,0.0112359550561797,0.0,0.0,0.0,0.0,0.0,0.0,0.0,0.0666666666666666,0.0,0.0,0.0,0.0,0.2555756479807115,0.1966614501825767,0.3156136528685546,1.0,1.0,1.0,,1.0,1.0,,0.7272727272727273,1.0,,,1
-0.2553913046304784,-3.759154293760574,2.346982084891721,0.5008207862276137,-0.0207755664184671,-0.5190212223708407,0.3795530179450511,0.146564931618742,-0.3165826947950916,0.014391710341958,Spyware-TIBS-7cbae8b99aad8d5f683842fe9b1d44647599dfa2c73feac803baa1f9cbf789a8-10.raw,0.1764705882352941,0.1428571428571428,0.585343399005708,,0.9430698984918428,0.4086486486486486,0.9816770186335404,0.5237372642531974,0.939082841399019,,0.2636746143057503,0.6494597839135654,0.2962962962962963,0.4420849420849421,0.4482758620689655,0.2363636363636363,0.6918604651162791,0.5098039215686274,0.3709677419354839,0.4503816793893129,0.3809523809523809,0.34375,0.3809523809523809,0.3860046145838139,0.243652706029865,0.3860046145838139,0.0112359550561797,4.630058338735068e-05,0.0112359550561797,0.0,0.0,0.0,0.0,0.0,0.0,0.0,0.0666666666666666,0.0,0.0,0.0,0.0,0.2327563936967193,0.1830985915492957,0.2894957983193275,1.0,1.0,1.0,,1.0,1.0,,0.7272727272727273,1.0,,,1
-5.450221495445108,-0.0517967084446688,-0.4331800069513824,0.0882916328563328,-0.1308074299147702,-0.4419859042279611,-0.0200908330213969,-0.2506233431746647,1.256726590092745,-0.2513307039952627,Spyware-TIBS-89a8dd64095295fe228f580ae94893cd8a6cd628ee3f36ae208b6d7ff79a7e55-1.raw,0.0,0.0,0.9845332351316516,,0.7690869525940783,0.0389189189189189,0.7851778656126482,0.085844352915673,0.7529151299713233,,0.1739130434782608,0.0684273709483793,0.0,0.0173745173745173,0.3517241379310344,0.0181818181818181,0.0203488372093023,0.0196078431372549,0.010752688172043,0.0610687022900763,0.1904761904761904,0.125,0.1904761904761904,0.4189987635880066,0.3429125217635632,0.4189987635880066,0.0,0.0,0.0,0.0,0.0,0.0,0.0,0.0,0.0,0.0,0.0,0.0,0.0,0.0,0.0,0.4007890843333884,0.2829705505761845,0.3023172905525847,0.0,0.6363636363636364,0.5,,0.6666666666666666,0.6666666666666666,,0.1818181818181818,1.0,,,1
-0.9764679705545624,-3.541283868200122,2.490836045040876,0.6799068969244076,-0.0555528606863646,-0.2821988188054204,0.3673347488387306,0.0428584639381979,-0.0934604637971827,0.0191164909882287,Spyware-TIBS-19f82488e174dbe2b094ad9e520ee3956ef6c14f8faf5bd0bb368f0ea73de6ef-8.raw,0.1470588235294117,0.0714285714285714,0.6570579048943991,,0.965967350981376,0.3448648648648648,0.9503220611916272,0.4816822024712768,0.963583899853367,,0.2622720897615708,0.6188475390156063,0.2592592592592592,0.4247104247104247,0.4413793103448276,0.2,0.4331395348837209,0.4509803921568627,0.3494623655913978,0.4274809160305343,0.3333333333333333,0.296875,0.3333333333333333,0.3634562067807559,0.2332154601568117,0.3634562067807559,0.0112359550561797,4.630058338735068e-05,0.0112359550561797,0.0,0.0,0.0,0.0,0.0,0.0,0.0,0.0666666666666666,0.0,0.0,0.0,0.0,0.2555756479807115,0.1966614501825767,0.3156136528685546,1.0,1.0,1.0,,1.0,1.0,,0.7272727272727273,1.0,,,1
-0.9681231951038388,-3.5107764876769623,2.4378830171644075,0.644945525877412,-0.0544144573970991,-0.2380428482551253,0.3715455475493708,0.0707194802333902,-0.1068574338323527,0.0172155661858125,Spyware-TIBS-45f85eaf165337665b247db9aecc04e018d6402f73da2730fc66b885252abe7e-8.raw,0.1470588235294117,0.0714285714285714,0.6486562054597407,,0.9640107019385268,0.3394594594594594,0.938647342995169,0.480381530457403,0.9614902183577768,,0.2622720897615708,0.6164465786314526,0.2592592592592592,0.4247104247104247,0.4367816091954023,0.2,0.4331395348837209,0.4509803921568627,0.3494623655913978,0.4122137404580153,0.3333333333333333,0.296875,0.3333333333333333,0.3688370824387161,0.2427740071603362,0.3688370824387161,0.0112359550561797,4.630058338735068e-05,0.0112359550561797,0.0,0.0,0.0,0.0,0.0,0.0,0.0,0.0666666666666666,0.0,0.0,0.0,0.0,0.2555756479807115,0.1966614501825767,0.3156136528685546,1.0,1.0,1.0,,1.0,1.0,,0.7272727272727273,1.0,,,1
-5.098927797341984,0.696487611662733,-1.0288208031927149,-0.3611875011634421,-0.2391687483206817,0.5851970126085634,-0.4377721392898093,0.3798537195697729,-0.7465933617005064,-0.0193751340307771,Spyware-TIBS-8d1b6b6cb2f44e01ad43b8efaebec065c4047400f1848f23a9e2034b3b710182-6.raw,0.0,0.0,0.6648867611857852,,0.6842395350087076,0.0443243243243243,0.7995059288537549,0.0398872750921309,0.6621254869352731,,0.1683029453015427,0.073829531812725,0.0,0.0386100386100386,0.0551724137931034,0.0181818181818181,0.0203488372093023,0.0196078431372549,0.021505376344086,0.0610687022900763,0.238095238095238,0.15625,0.238095238095238,0.523978816875774,0.4344045308964054,0.523978816875774,0.0,0.0,0.0,0.0,0.0,0.0,0.0,0.0,0.0,0.0,0.0666666666666666,0.0,0.0,0.0,0.0,0.4007890843333884,0.2829705505761845,0.4818181818181817,0.0,0.6363636363636364,0.5,,0.6666666666666666,0.6666666666666666,,0.1818181818181818,1.0,,,1
-0.2509510368629475,-3.7593091290307585,2.3445429230885715,0.497620471362151,-0.0214382870231428,-0.5150064377103666,0.3828699211454665,0.1429298196179559,-0.333197992977416,0.0095569061323717,Spyware-TIBS-76ba065d9bbd91b3a2a24ae4c092e3dce4f2555b79ea5c14bc3ff9495ff7e965-10.raw,0.1764705882352941,0.1428571428571428,0.5812925796354264,,0.9424409755852128,0.4086486486486486,0.9816770186335404,0.5233037069152395,0.9384098723468652,,0.2636746143057503,0.6506602641056423,0.2962962962962963,0.4459459459459459,0.4459770114942529,0.2363636363636363,0.6918604651162791,0.5098039215686274,0.3709677419354839,0.4503816793893129,0.3809523809523809,0.34375,0.3809523809523809,0.3860046145838139,0.243652706029865,0.3860046145838139,0.0112359550561797,4.630058338735068e-05,0.0112359550561797,0.0,0.0,0.0,0.0,0.0,0.0,0.0,0.0666666666666666,0.0,0.0,0.0,0.0,0.2327563936967193,0.1830985915492957,0.2894957983193275,1.0,1.0,1.0,,1.0,1.0,,0.7272727272727273,1.0,,,1
-5.090186436056339,0.7078657659460942,-1.0500859513658964,-0.3750724228292818,-0.2410819997685952,0.6068506145374112,-0.4239209701887685,0.3600566839406089,-0.7787427931711651,-0.0288503870634995,Spyware-TIBS-7cbae8b99aad8d5f683842fe9b1d44647599dfa2c73feac803baa1f9cbf789a8-6.raw,0.0,0.0,0.6442644080279876,,0.6794368509944415,0.0443243243243243,0.7995059288537549,0.0372859310643832,0.6569864505370062,,0.1683029453015427,0.0654261704681872,0.0,0.0347490347490347,0.0551724137931034,0.0181818181818181,0.0203488372093023,0.0196078431372549,0.021505376344086,0.0610687022900763,0.238095238095238,0.15625,0.238095238095238,0.523978816875774,0.4344045308964054,0.523978816875774,0.0,0.0,0.0,0.0,0.0,0.0,0.0,0.0,0.0,0.0,0.0666666666666666,0.0,0.0,0.0,0.0,0.4007890843333884,0.2829705505761845,0.4818181818181817,0.0,0.6363636363636364,0.5,,0.6666666666666666,0.6666666666666666,,0.1818181818181818,1.0,,,1
-0.9802506899806068,-3.5411026988795307,2.4884470093337763,0.6776297335027252,-0.057611897401107,-0.2713016886718388,0.3712587499607427,0.0406775793080786,-0.1321800286626539,0.0058252766469296,Spyware-TIBS-67ec0e775d5272086f87e4fa67b7efec044decd79e7eecdb47993d5cb5e9b535-8.raw,0.1470588235294117,0.0714285714285714,0.6528570551770698,,0.9669456755028004,0.3448648648648648,0.9503220611916272,0.4823325384782137,0.964630740601162,,0.2622720897615708,0.6212484993997599,0.2592592592592592,0.4247104247104247,0.432183908045977,0.2,0.4331395348837209,0.4509803921568627,0.3494623655913978,0.4274809160305343,0.3333333333333333,0.296875,0.3333333333333333,0.3634562067807559,0.2332154601568117,0.3634562067807559,0.0112359550561797,4.630058338735068e-05,0.0112359550561797,0.0,0.0,0.0,0.0,0.0,0.0,0.0,0.0666666666666666,0.0,0.0,0.0,0.0,0.2555756479807115,0.1966614501825767,0.3156136528685546,1.0,1.0,1.0,,1.0,1.0,,0.7272727272727273,1.0,,,1
-0.9882367178199064,-3.4695361624122953,2.3706650489173247,0.5976090135556681,-0.0668956248086759,-0.126254878360956,0.4110654327892925,0.0131148719660447,-0.3212301217534797,-0.0632052186625237,Spyware-TIBS-8d8af27b1ab68fde08153c7b2d90670c329aa93abe1645da4651ae0941f6da09-9.raw,0.1470588235294117,0.0714285714285714,0.6192502574384364,,0.9477052932481168,0.3394594594594594,0.938647342995169,0.4695425970084543,0.9440428725611912,,0.2622720897615708,0.6068427370948379,0.2592592592592592,0.4247104247104247,0.3862068965517241,0.2,0.4331395348837209,0.4509803921568627,0.3494623655913978,0.4122137404580153,0.3333333333333333,0.296875,0.3333333333333333,0.3688370824387161,0.2427740071603362,0.3688370824387161,0.0112359550561797,4.630058338735068e-05,0.0112359550561797,0.0,0.0,0.0,0.0,0.0,0.0,0.0,0.0666666666666666,0.0,0.0,0.0,0.0,0.2555756479807115,0.1966614501825767,0.3156136528685546,1.0,1.0,1.0,,1.0,1.0,,0.7272727272727273,1.0,,,1
-0.2611004278755083,-3.7841930840959632,2.3803868042048832,0.518639685758717,-0.0284486157508317,-0.5216461167197582,0.3952609090762651,0.1012781040961551,-0.4330238021212648,-0.0259345317321661,Spyware-TIBS-8d1b6b6cb2f44e01ad43b8efaebec065c4047400f1848f23a9e2034b3b710182-10.raw,0.1764705882352941,0.1428571428571428,0.5691401215245812,,0.9443277443051028,0.414054054054054,0.9929347826086958,0.5246043789291134,0.9404287795033268,,0.2636746143057503,0.6572629051620649,0.2962962962962963,0.4459459459459459,0.4275862068965517,0.2363636363636363,0.6918604651162791,0.5098039215686274,0.3709677419354839,0.465648854961832,0.3809523809523809,0.34375,0.3809523809523809,0.3808289981733425,0.2345716518677132,0.3808289981733425,0.0112359550561797,4.630058338735068e-05,0.0112359550561797,0.0,0.0,0.0,0.0,0.0,0.0,0.0,0.0666666666666666,0.0,0.0,0.0,0.0,0.2327563936967193,0.1830985915492957,0.2894957983193275,1.0,1.0,1.0,,1.0,1.0,,0.7272727272727273,1.0,,,1
-5.278744881812037,0.3987082025477719,-0.3938013015545963,0.1356819419078681,-0.177589378459896,-0.1470284282451917,-0.638340165835642,0.3151285871776934,0.813939783813916,0.4649124965588774,Spyware-TIBS-28e57139370f05830b5ffa383fde31916f358d49a03010d6cee044c63e852a82-2.raw,0.0,0.0,0.9793776468422024,,0.7782920969547552,0.041081081081081,0.7909090909090911,0.0908302623021894,0.7627649497346682,,0.1767180925666199,0.081032412965186,0.0,0.0328185328185328,0.3563218390804598,0.0181818181818181,0.0203488372093023,0.0196078431372549,0.010752688172043,0.0610687022900763,0.2142857142857142,0.140625,0.2142857142857142,0.4724320173716093,0.3901419099051962,0.4724320173716093,0.0,0.0,0.0,0.0,0.0,0.0,0.0,0.0,0.0,0.0,0.0666666666666666,0.0,0.0,0.0,0.0,0.4007890843333884,0.2829705505761845,0.4818181818181817,0.0,0.6363636363636364,0.5,,0.6666666666666666,0.6666666666666666,,0.1818181818181818,1.0,,,1
-0.9829833388813336,-3.510299571794634,2.427244991003068,0.6461969723936326,-0.0682323937548141,-0.1806892526835595,0.4105721539706415,-0.0075346212110863,-0.3277682194534992,-0.0739281024884202,Spyware-TIBS-6e274cbbdefce4f2bcb3543da3f4043319541e51a110356e68cea2ae85153427-9.raw,0.1470588235294117,0.0714285714285714,0.6192502574384364,,0.9548796730718968,0.3448648648648648,0.9503220611916272,0.4743117277259918,0.9517197047116884,,0.2692847124824684,0.6122448979591837,0.2592592592592592,0.4285714285714285,0.3908045977011494,0.2,0.4331395348837209,0.4509803921568627,0.3494623655913978,0.4274809160305343,0.3333333333333333,0.296875,0.3333333333333333,0.3634562067807559,0.2332154601568117,0.3634562067807559,0.0112359550561797,4.630058338735068e-05,0.0112359550561797,0.0,0.0,0.0,0.0,0.0,0.0,0.0,0.0666666666666666,0.0,0.0,0.0,0.0,0.2555756479807115,0.1966614501825767,0.3156136528685546,1.0,1.0,1.0,,1.0,1.0,,0.7272727272727273,1.0,,,1
-5.275115451496823,0.469617979604279,-0.4949209241790035,0.0443069390089381,-0.1861601675541102,-0.017532250441654,-0.5906607197461877,0.2135284969816322,0.6816537799768132,0.425411583023337,Spyware-TIBS-85ae85a36eb35350175eb3c1b00dcab52d5fe726bab65975a6bb3177c8719da6-3.raw,0.0,0.0,0.9484441171055056,,0.7370690591656365,0.041081081081081,0.7909090909090911,0.0685020593973553,0.7186548873162099,,0.1669004207573632,0.0684273709483793,0.0,0.0328185328185328,0.328735632183908,0.0181818181818181,0.0203488372093023,0.0196078431372549,0.010752688172043,0.0610687022900763,0.2142857142857142,0.140625,0.2142857142857142,0.4724320173716093,0.3901419099051962,0.4724320173716093,0.0,0.0,0.0,0.0,0.0,0.0,0.0,0.0,0.0,0.0,0.0666666666666666,0.0,0.0,0.0,0.0,0.4007890843333884,0.2829705505761845,0.4818181818181817,0.0,0.6363636363636364,0.5,,0.6666666666666666,0.6666666666666666,,0.1818181818181818,1.0,,,1
-5.458505294028339,-0.0223355914869086,-0.487177271429711,0.0494292671092704,-0.1418871778939222,-0.3512258781518657,0.0168366586327549,-0.2988160679366319,1.0592257622011352,-0.3216037523511837,Spyware-TIBS-48fe5ec56dc868ffe3ae096714721a0db2bdd482c693a878d246eff2ec9da821-1.raw,0.0,0.0,0.9484441171055056,,0.7582809135619791,0.0389189189189189,0.7851778656126482,0.0799913288532408,0.7413522980752224,,0.1739130434782608,0.0612244897959183,0.0,0.0173745173745173,0.3103448275862069,0.0181818181818181,0.0203488372093023,0.0196078431372549,0.010752688172043,0.0610687022900763,0.1904761904761904,0.125,0.1904761904761904,0.4189987635880066,0.3429125217635632,0.4189987635880066,0.0,0.0,0.0,0.0,0.0,0.0,0.0,0.0,0.0,0.0,0.0,0.0,0.0,0.0,0.0,0.4007890843333884,0.2829705505761845,0.3023172905525847,0.0,0.6363636363636364,0.5,,0.6666666666666666,0.6666666666666666,,0.1818181818181818,1.0,,,1
-5.254185091011592,0.6029590660483023,-0.7558232022823319,-0.1561728008326504,-0.235095084978242,0.3880509760271621,-0.4008072942024581,-0.0355186073951383,-0.2090835557091568,0.1297297343139049,Spyware-TIBS-7cbae8b99aad8d5f683842fe9b1d44647599dfa2c73feac803baa1f9cbf789a8-4.raw,0.0,0.0,0.7319094089486282,,0.6822384166694301,0.041081081081081,0.7909090909090911,0.038803381747236,0.6599842217693285,,0.1626928471248246,0.0414165666266506,0.0,0.0289575289575289,0.1701149425287356,0.0181818181818181,0.0203488372093023,0.0196078431372549,0.010752688172043,0.0610687022900763,0.2142857142857142,0.140625,0.2142857142857142,0.4724320173716093,0.3901419099051962,0.4724320173716093,0.0,0.0,0.0,0.0,0.0,0.0,0.0,0.0,0.0,0.0,0.0666666666666666,0.0,0.0,0.0,0.0,0.4007890843333884,0.2829705505761845,0.4818181818181817,0.0,0.6363636363636364,0.5,,0.6666666666666666,0.6666666666666666,,0.1818181818181818,1.0,,,1
-5.092169902446193,0.7078598233190517,-1.0469699827333456,-0.3730853413744523,-0.2397511487147826,0.600766795113734,-0.4289238855922252,0.3633563331186373,-0.754022184022674,-0.0221666610621423,Spyware-TIBS-19f82488e174dbe2b094ad9e520ee3956ef6c14f8faf5bd0bb368f0ea73de6ef-6.raw,0.0,0.0,0.6545755846068864,,0.6782361799908747,0.0443243243243243,0.7995059288537549,0.0366355950574463,0.6557016914374393,,0.1683029453015427,0.0648259303721488,0.0,0.0386100386100386,0.057471264367816,0.0181818181818181,0.0203488372093023,0.0196078431372549,0.021505376344086,0.0610687022900763,0.238095238095238,0.15625,0.238095238095238,0.523978816875774,0.4344045308964054,0.523978816875774,0.0,0.0,0.0,0.0,0.0,0.0,0.0,0.0,0.0,0.0,0.0666666666666666,0.0,0.0,0.0,0.0,0.4007890843333884,0.2829705505761845,0.4818181818181817,0.0,0.6363636363636364,0.5,,0.6666666666666666,0.6666666666666666,,0.1818181818181818,1.0,,,1
-5.2750698546457455,0.395618839267854,-0.3942775042644291,0.1458062544498445,-0.1773603834991264,-0.1518274427550571,-0.6375534602867456,0.3199476136543207,0.8122912024016129,0.4572623959768614,Spyware-TIBS-76ba065d9bbd91b3a2a24ae4c092e3dce4f2555b79ea5c14bc3ff9495ff7e965-2.raw,0.0,0.0,0.9793776468422024,,0.7802932152940327,0.041081081081081,0.7909090909090911,0.0919141556470843,0.7649062149006127,,0.182328190743338,0.081032412965186,0.0,0.0328185328185328,0.3563218390804598,0.0181818181818181,0.0203488372093023,0.0196078431372549,0.010752688172043,0.0610687022900763,0.2142857142857142,0.140625,0.2142857142857142,0.4724320173716093,0.3901419099051962,0.4724320173716093,0.0,0.0,0.0,0.0,0.0,0.0,0.0,0.0,0.0,0.0,0.0666666666666666,0.0,0.0,0.0,0.0,0.4007890843333884,0.2829705505761845,0.4818181818181817,0.0,0.6363636363636364,0.5,,0.6666666666666666,0.6666666666666666,,0.1818181818181818,1.0,,,1
-5.27892653614471,0.416069111608411,-0.4274445250739985,0.1109613554172049,-0.1841915298465269,-0.0930129951166428,-0.6142779108305043,0.2840700688414828,0.694121066372949,0.4235544141540682,Spyware-TIBS-45f85eaf165337665b247db9aecc04e018d6402f73da2730fc66b885252abe7e-2.raw,0.0,0.0,0.9535997053949548,,0.7714882946012113,0.041081081081081,0.7909090909090911,0.0871450249295469,0.7554846481704566,,0.1767180925666199,0.0774309723889555,0.0,0.0328185328185328,0.3333333333333333,0.0181818181818181,0.0203488372093023,0.0196078431372549,0.010752688172043,0.0610687022900763,0.2142857142857142,0.140625,0.2142857142857142,0.4724320173716093,0.3901419099051962,0.4724320173716093,0.0,0.0,0.0,0.0,0.0,0.0,0.0,0.0,0.0,0.0,0.0666666666666666,0.0,0.0,0.0,0.0,0.4007890843333884,0.2829705505761845,0.4818181818181817,0.0,0.6363636363636364,0.5,,0.6666666666666666,0.6666666666666666,,0.1818181818181818,1.0,,,1
-0.2373174986834835,-3.8832397425187377,2.5403061096536574,0.6510682927547726,-0.0054539494013438,-0.7640578859894461,0.3120294719092877,0.2086862751595168,-0.0216348846334485,0.108817063114789,Spyware-TIBS-25ac33bc94decabf1572c58b136cd489a8ec017b0d1ea345b6e37a84423ca2d8-9.raw,0.1764705882352941,0.1428571428571428,0.6461056895599337,,0.9801763499830192,0.4172972972972973,0.9996894409937888,0.5493171471927162,0.9787880154761056,,0.273492286115007,0.67046818727491,0.2962962962962963,0.4459459459459459,0.5172413793103449,0.2363636363636363,0.6918604651162791,0.5098039215686274,0.3709677419354839,0.4809160305343511,0.3809523809523809,0.34375,0.3809523809523809,0.3777425203109119,0.2291561669445515,0.3777425203109119,0.0112359550561797,4.630058338735068e-05,0.0112359550561797,0.0,0.0,0.0,0.0,0.0,0.0,0.0,0.0666666666666666,0.0,0.0,0.0,0.0,0.2327563936967193,0.1830985915492957,0.2894957983193275,1.0,1.0,1.0,,1.0,1.0,,0.7272727272727273,1.0,,,1
-0.2322144583341458,-3.8348591333767774,2.461156627526954,0.5988207620327533,-0.0025970870255265,-0.6992503977028716,0.3145927362586157,0.2554823139099553,-0.017627189108788,0.1126548813495025,Spyware-TIBS-97a0246b1c3df21db4449c71eabd9e2e4c622adfc1c6d9a86e151c844c6f4c30-9.raw,0.1764705882352941,0.1428571428571428,0.6420548701896519,,0.9764028125432384,0.4086486486486486,0.9816770186335404,0.5467158031649686,0.9747502011631816,,0.273492286115007,0.6692677070828331,0.2962962962962963,0.4459459459459459,0.5126436781609195,0.2363636363636363,0.6918604651162791,0.5098039215686274,0.3709677419354839,0.4503816793893129,0.3809523809523809,0.34375,0.3809523809523809,0.3860046145838139,0.243652706029865,0.3860046145838139,0.0112359550561797,4.630058338735068e-05,0.0112359550561797,0.0,0.0,0.0,0.0,0.0,0.0,0.0,0.0666666666666666,0.0,0.0,0.0,0.0,0.2327563936967193,0.1830985915492957,0.2894957983193275,1.0,1.0,1.0,,1.0,1.0,,0.7272727272727273,1.0,,,1
-5.274402398016287,0.456437859582482,-0.4766035728537037,0.057385765223274,-0.185209831920212,-0.0385815801807585,-0.5973182686968938,0.2297007255524508,0.6946698781693806,0.4322320139090042,Spyware-TIBS-67ec0e775d5272086f87e4fa67b7efec044decd79e7eecdb47993d5cb5e9b535-3.raw,0.0,0.0,0.9484441171055056,,0.7450735325227469,0.041081081081081,0.7909090909090911,0.0728376327769347,0.7272199479799881,,0.1669004207573632,0.0702280912364946,0.0,0.0328185328185328,0.3333333333333333,0.0181818181818181,0.0203488372093023,0.0196078431372549,0.010752688172043,0.0610687022900763,0.2142857142857142,0.140625,0.2142857142857142,0.4724320173716093,0.3901419099051962,0.4724320173716093,0.0,0.0,0.0,0.0,0.0,0.0,0.0,0.0,0.0,0.0,0.0666666666666666,0.0,0.0,0.0,0.0,0.4007890843333884,0.2829705505761845,0.4818181818181817,0.0,0.6363636363636364,0.5,,0.6666666666666666,0.6666666666666666,,0.1818181818181818,1.0,,,1
-5.28923114826189,0.4191912876708898,-0.4278800673504519,0.1115024231490928,-0.1842836065411115,-0.0888118146697983,-0.6176640079132827,0.2857870260314188,0.6976268743953472,0.4215519678805915,Spyware-TIBS-90c50fdd82efd7f377529b07f07b58d9c836a94bbee69bc016385c907f926021-2.raw,0.0,0.0,0.963910881973854,,0.7702876235976448,0.041081081081081,0.7909090909090911,0.08649468892261,0.75419988907089,,0.1767180925666199,0.0768307322929171,0.0,0.0328185328185328,0.328735632183908,0.0181818181818181,0.0203488372093023,0.0196078431372549,0.010752688172043,0.0610687022900763,0.2142857142857142,0.140625,0.2142857142857142,0.4724320173716093,0.3901419099051962,0.4724320173716093,0.0,0.0,0.0,0.0,0.0,0.0,0.0,0.0,0.0,0.0,0.0666666666666666,0.0,0.0,0.0,0.0,0.4007890843333884,0.2829705505761845,0.4818181818181817,0.0,0.6363636363636364,0.5,,0.6666666666666666,0.6666666666666666,,0.1818181818181818,1.0,,,1
-0.9713553721028214,-3.512778386981578,2.4442339545729608,0.6504183961965165,-0.0528886183058321,-0.2485157036001413,0.365282400390546,0.0776150423549676,-0.0764904226348135,0.0264441909818833,Spyware-TIBS-48fe5ec56dc868ffe3ae096714721a0db2bdd482c693a878d246eff2ec9da821-8.raw,0.1470588235294117,0.0714285714285714,0.6570579048943991,,0.9649890264599512,0.3394594594594594,0.938647342995169,0.4810318664643399,0.9625370591055716,,0.2622720897615708,0.6146458583433373,0.2592592592592592,0.4247104247104247,0.4413793103448276,0.2,0.4331395348837209,0.4509803921568627,0.3494623655913978,0.4122137404580153,0.3333333333333333,0.296875,0.3333333333333333,0.3688370824387161,0.2427740071603362,0.3688370824387161,0.0112359550561797,4.630058338735068e-05,0.0112359550561797,0.0,0.0,0.0,0.0,0.0,0.0,0.0,0.0666666666666666,0.0,0.0,0.0,0.0,0.2555756479807115,0.1966614501825767,0.3156136528685546,1.0,1.0,1.0,,1.0,1.0,,0.7272727272727273,1.0,,,1
-4.638601143327828,3.2365463217402906,1.2764688717210808,0.4915854193997276,-0.3519295439177289,-0.0456155306270388,-0.4550269537177662,0.603231963391881,0.7312740070611793,0.2333981956703031,Spyware-TIBS-6ff85480282c694f5e64a1fce32938d3f71e0f2aa3e91e8bc139184713b33c56-3.raw,0.0,0.0,0.9484441171055056,,0.7486755455334465,0.041081081081081,0.7909090909090911,0.0747886407977455,0.7310742252786884,,0.1669004207573632,0.0780312124849939,0.0,0.0328185328185328,0.3586206896551724,0.0181818181818181,0.0203488372093023,0.0196078431372549,0.010752688172043,0.0610687022900763,0.2142857142857142,0.140625,0.2142857142857142,0.4724320173716093,0.3901419099051962,0.4724320173716093,0.0,0.0,0.0,0.0,0.1,0.0,0.0769230769230769,0.1,0.0769230769230769,0.1,0.1333333333333333,0.2304347826086956,0.0,0.177257525083612,0.2304347826086956,0.554210236653825,0.4856093080220452,0.6144927536231886,0.0,0.6363636363636364,0.5,,0.6666666666666666,0.6666666666666666,,0.1818181818181818,1.0,,,1
-1.7430406148484403,-3.850498862460435,3.352022731112043,1.3367962958769315,-0.1621678037633191,-0.3771238904163719,0.8263351152184994,-1.9563391814543647,-0.1923054862027441,-0.2025300360191687,Spyware-TIBS-9aa88b8359d2090f6588d882078813d7c548776d7403627c25f1091a0564fce6-9.raw,0.1470588235294117,0.0714285714285714,0.6234511071557657,,0.9467269687266918,0.3362162162162162,0.9316425120772948,0.4688922610015174,0.942996031813396,,0.2692847124824684,0.6068427370948379,0.2592592592592592,0.4111969111969112,0.4068965517241379,0.2,0.4215116279069767,0.4509803921568627,0.3440860215053763,0.4274809160305343,0.2142857142857142,0.21875,0.2142857142857142,0.1526015245504051,0.0441713549366145,0.1526015245504051,0.0112359550561797,4.630058338735068e-05,0.0112359550561797,0.0,0.0,0.0,0.0,0.0,0.0,0.0,0.0666666666666666,0.0,0.0,0.0,0.0,0.2555756479807115,0.1966614501825767,0.3156136528685546,1.0,1.0,1.0,,1.0,1.0,,0.7272727272727273,1.0,,,1
-0.9758404112894904,-3.5427326558971863,2.486991458235702,0.6906026070267185,-0.0561778707498233,-0.2808645416644035,0.3698767358520614,0.0467067372508968,-0.1103900548481861,0.0033750211935047,Spyware-TIBS-8fdea52e2c3a415a4be17226fc6cd3fe62e4b49fc156b4a828a0bec730b1cdc5-8.raw,0.1470588235294117,0.0714285714285714,0.6570579048943991,,0.9679240000242249,0.3448648648648648,0.9503220611916272,0.4829828744851506,0.9656775813489568,,0.2692847124824684,0.6176470588235294,0.2592592592592592,0.4247104247104247,0.4367816091954023,0.2,0.4331395348837209,0.4509803921568627,0.3494623655913978,0.4274809160305343,0.3333333333333333,0.296875,0.3333333333333333,0.3634562067807559,0.2332154601568117,0.3634562067807559,0.0112359550561797,4.630058338735068e-05,0.0112359550561797,0.0,0.0,0.0,0.0,0.0,0.0,0.0,0.0666666666666666,0.0,0.0,0.0,0.0,0.2555756479807115,0.1966614501825767,0.3156136528685546,1.0,1.0,1.0,,1.0,1.0,,0.7272727272727273,1.0,,,1
-5.301732142119885,0.7268539207573168,-0.9661008605701782,-0.3068832008035241,-0.2746994533869348,0.736270972288727,-0.2713419736481638,-0.2196988128802703,-0.90316262029989,-0.1263220044202838,Spyware-TIBS-27d7f533077c5f1cb54d2b03d7bb5c27a0f9b37b8ad7e87b5a8996f1d2135ef4-5.raw,0.0,0.0,0.6287976431596394,,0.6318102345196345,0.041081081081081,0.7909090909090911,0.0114892694558855,0.6060243395875252,,0.1626928471248246,0.0144057623049219,0.0,0.0328185328185328,0.0114942528735632,0.0181818181818181,0.0203488372093023,0.0196078431372549,0.010752688172043,0.0610687022900763,0.2142857142857142,0.140625,0.2142857142857142,0.4724320173716093,0.3901419099051962,0.4724320173716093,0.0,0.0,0.0,0.0,0.0,0.0,0.0,0.0,0.0,0.0,0.0666666666666666,0.0,0.0,0.0,0.0,0.4007890843333884,0.2829705505761845,0.4818181818181817,0.0,0.6363636363636364,0.5,,0.6666666666666666,0.6666666666666666,,0.1818181818181818,1.0,,,1
-5.283717162581801,0.4701124963672352,-0.4949149138973996,0.045506366019431,-0.1875750362823258,-0.0106836832702299,-0.5902717383047246,0.2153662597096467,0.6590698270325872,0.4160881942919068,Spyware-TIBS-49bb6d6117975b63789c7307ca5c4b166239b7d2c342f80a2487dfe99ef438f2-3.raw,0.0,0.0,0.9484441171055056,,0.739070177504914,0.041081081081081,0.7909090909090911,0.0695859527422501,0.7207961524821543,,0.1669004207573632,0.0648259303721488,0.0,0.0328185328185328,0.3218390804597701,0.0181818181818181,0.0203488372093023,0.0196078431372549,0.010752688172043,0.0610687022900763,0.2142857142857142,0.140625,0.2142857142857142,0.4724320173716093,0.3901419099051962,0.4724320173716093,0.0,0.0,0.0,0.0,0.0,0.0,0.0,0.0,0.0,0.0,0.0666666666666666,0.0,0.0,0.0,0.0,0.4007890843333884,0.2829705505761845,0.4818181818181817,0.0,0.6363636363636364,0.5,,0.6666666666666666,0.6666666666666666,,0.1818181818181818,1.0,,,1
-5.283759670666145,0.6697269431290745,-0.8721247273307595,-0.2401540870938065,-0.2590291464119167,0.5889728256913197,-0.3258672736951789,-0.1374871741298576,-0.6323596186115066,-0.0251663904294174,Spyware-TIBS-6e996c9ce02c848f4a648e77d67ca89da64badb09faf00c5edbdea6cf7e2b93d-4.raw,0.0,0.0,0.6700423494752348,,0.6566241019266768,0.041081081081081,0.7909090909090911,0.0249295469325818,0.6325760276452379,,0.1626928471248246,0.0276110444177671,0.0,0.0328185328185328,0.0735632183908046,0.0181818181818181,0.0203488372093023,0.0196078431372549,0.010752688172043,0.0610687022900763,0.2142857142857142,0.140625,0.2142857142857142,0.4724320173716093,0.3901419099051962,0.4724320173716093,0.0,0.0,0.0,0.0,0.0,0.0,0.0,0.0,0.0,0.0,0.0666666666666666,0.0,0.0,0.0,0.0,0.4007890843333884,0.2829705505761845,0.4818181818181817,0.0,0.6363636363636364,0.5,,0.6666666666666666,0.6666666666666666,,0.1818181818181818,1.0,,,1
-0.952330105733376,-3.5683777807439157,2.534648929990766,0.7155441624922919,-0.0374043280967107,-0.391078959932919,0.3119487485567628,0.1568062246376932,0.1872735728742124,0.1229608246286224,Spyware-TIBS-9c8a2292cad7ae8b939c0fb6a7369ee7a84c470bf463fa473805bfad8c69a7f9-7.raw,0.1470588235294117,0.0714285714285714,0.7032672517850201,,0.9868382741051008,0.3394594594594594,0.938647342995169,0.495556037285931,0.985916502472996,,0.2636746143057503,0.6368547418967587,0.2592592592592592,0.4227799227799227,0.4988505747126436,0.2,0.4331395348837209,0.4509803921568627,0.3494623655913978,0.4122137404580153,0.3333333333333333,0.296875,0.3333333333333333,0.3688370824387161,0.2427740071603362,0.3688370824387161,0.0112359550561797,4.630058338735068e-05,0.0112359550561797,0.0,0.0,0.0,0.0,0.0,0.0,0.0,0.0666666666666666,0.0,0.0,0.0,0.0,0.2555756479807115,0.1966614501825767,0.3156136528685546,1.0,1.0,1.0,,1.0,1.0,,0.7272727272727273,1.0,,,1
-4.839419356248076,2.774301769701919,1.271049111998414,0.4903807756035263,-0.3119301353047118,-0.3391796289820429,0.1394430909165169,0.0794670600270668,1.0692998969549272,-0.5082768601782034,Spyware-TIBS-19f82488e174dbe2b094ad9e520ee3956ef6c14f8faf5bd0bb368f0ea73de6ef-1.raw,0.0,0.0,0.9535997053949548,,0.7614827029048233,0.0389189189189189,0.7851778656126482,0.0817255582050726,0.7447783223407338,,0.1739130434782608,0.063625450180072,0.0,0.0173745173745173,0.328735632183908,0.0181818181818181,0.0203488372093023,0.0196078431372549,0.010752688172043,0.0610687022900763,0.1904761904761904,0.125,0.1904761904761904,0.4189987635880066,0.3429125217635632,0.4189987635880066,0.0,0.0,0.0,0.0,0.1,0.0,0.0769230769230769,0.1,0.0769230769230769,0.1,0.0666666666666666,0.2304347826086956,0.0,0.177257525083612,0.2304347826086956,0.554210236653825,0.4856093080220452,0.4427962489343561,0.0,0.6363636363636364,0.5,,0.6666666666666666,0.6666666666666666,,0.1818181818181818,1.0,,,1
-0.9857426757034082,-3.4757739696619527,2.382757193589235,0.6067976556741174,-0.0639943966068713,-0.1486035254877546,0.4021368662110243,0.0241590061461415,-0.2685345287867707,-0.0447175013791748,Spyware-TIBS-6e996c9ce02c848f4a648e77d67ca89da64badb09faf00c5edbdea6cf7e2b93d-9.raw,0.1470588235294117,0.0714285714285714,0.6276519568730948,,0.949988050464774,0.3394594594594594,0.938647342995169,0.4710600476913071,0.946485500972713,,0.2622720897615708,0.6062424969987995,0.2592592592592592,0.4247104247104247,0.3977011494252873,0.2,0.4331395348837209,0.4509803921568627,0.3494623655913978,0.4122137404580153,0.3333333333333333,0.296875,0.3333333333333333,0.3688370824387161,0.2427740071603362,0.3688370824387161,0.0112359550561797,4.630058338735068e-05,0.0112359550561797,0.0,0.0,0.0,0.0,0.0,0.0,0.0,0.0666666666666666,0.0,0.0,0.0,0.0,0.2555756479807115,0.1966614501825767,0.3156136528685546,1.0,1.0,1.0,,1.0,1.0,,0.7272727272727273,1.0,,,1
-4.870310961775333,3.171306432141642,1.473906592461696,0.6605039397962715,-0.3854870692966606,-0.023658059847298,-0.3377332698709905,0.1104218839934284,0.5882001105860798,0.1204283401283301,Spyware-TIBS-6c020f140af8dd853073669a31bb0996b4f0a332a4a3b23b3e708d311b9ec587-2.raw,0.0,0.0,0.9484441171055056,,0.7494759928691576,0.0389189189189189,0.7851778656126482,0.0752221981357034,0.7319307313450663,,0.1739130434782608,0.0570228091236494,0.0,0.0173745173745173,0.3080459770114943,0.0181818181818181,0.0203488372093023,0.0196078431372549,0.010752688172043,0.0610687022900763,0.1904761904761904,0.125,0.1904761904761904,0.4189987635880066,0.3429125217635632,0.4189987635880066,0.0,0.0,0.0,0.0,0.1,0.0,0.0769230769230769,0.1,0.0769230769230769,0.1,0.1333333333333333,0.2304347826086956,0.0,0.177257525083612,0.2304347826086956,0.554210236653825,0.4856093080220452,0.6144927536231886,0.0,0.6363636363636364,0.5,,0.6666666666666666,0.6666666666666666,,0.1818181818181818,1.0,,,1
-1.7272469575290883,-3.8950511428251526,3.4339326275364352,1.3866961995297038,-0.1400464598367666,-0.527459631800615,0.7499577753729104,-1.823683970999794,0.1694124861494783,-0.0614660144332148,Spyware-TIBS-40a45471e1b7f0ad943f0e2f736afb24b7048c09caf44befbfaf8c10c89aca25-8.raw,0.1470588235294117,0.0714285714285714,0.6906647026330326,,0.9741200553265812,0.3308108108108108,0.9199677938808376,0.4871016691957511,0.9723075727516596,,0.2636746143057503,0.6302521008403361,0.2592592592592592,0.4092664092664093,0.4781609195402299,0.2,0.4244186046511627,0.4509803921568627,0.3440860215053763,0.4122137404580153,0.2142857142857142,0.21875,0.2142857142857142,0.1571808350393037,0.053061368214521,0.1571808350393037,0.0112359550561797,4.630058338735068e-05,0.0112359550561797,0.0,0.0,0.0,0.0,0.0,0.0,0.0,0.0666666666666666,0.0,0.0,0.0,0.0,0.2555756479807115,0.1966614501825767,0.3156136528685546,1.0,1.0,1.0,,1.0,1.0,,0.7272727272727273,1.0,,,1
-0.9720182209166964,-3.513743912295478,2.4464606809485923,0.6513781340924628,-0.052478525452901,-0.2510679437832619,0.3633320617198549,0.0793683944252387,-0.0697000129659584,0.0285884398132799,Spyware-TIBS-6e996c9ce02c848f4a648e77d67ca89da64badb09faf00c5edbdea6cf7e2b93d-8.raw,0.1470588235294117,0.0714285714285714,0.6612587546117282,,0.9646629182861431,0.3394594594594594,0.938647342995169,0.4808150877953609,0.9621881121896402,,0.2622720897615708,0.6182472989195679,0.2592592592592592,0.4247104247104247,0.4413793103448276,0.2,0.4331395348837209,0.4509803921568627,0.3494623655913978,0.4122137404580153,0.3333333333333333,0.296875,0.3333333333333333,0.3688370824387161,0.2427740071603362,0.3688370824387161,0.0112359550561797,4.630058338735068e-05,0.0112359550561797,0.0,0.0,0.0,0.0,0.0,0.0,0.0,0.0666666666666666,0.0,0.0,0.0,0.0,0.2555756479807115,0.1966614501825767,0.3156136528685546,1.0,1.0,1.0,,1.0,1.0,,0.7272727272727273,1.0,,,1
-0.9617453042231204,-3.5372614540948306,2.4780003556982124,0.672535622535246,-0.0495571247215615,-0.2936401812521678,0.3518036481137521,0.1051693687486939,-0.0281535547135318,0.048483623648369,Spyware-TIBS-8dc489ff4bb652a015176896e29487c60c306a301e7e19e17fc8c357d8265615-8.raw,0.1470588235294117,0.0714285714285714,0.6612587546117282,,0.9764028125432384,0.3394594594594594,0.938647342995169,0.4886191198786039,0.9747502011631816,,0.2622720897615708,0.6254501800720288,0.2592592592592592,0.4247104247104247,0.4551724137931034,0.2,0.4331395348837209,0.4509803921568627,0.3494623655913978,0.4122137404580153,0.3333333333333333,0.296875,0.3333333333333333,0.3688370824387161,0.2427740071603362,0.3688370824387161,0.0112359550561797,4.630058338735068e-05,0.0112359550561797,0.0,0.0,0.0,0.0,0.0,0.0,0.0,0.0666666666666666,0.0,0.0,0.0,0.0,0.2555756479807115,0.1966614501825767,0.3156136528685546,1.0,1.0,1.0,,1.0,1.0,,0.7272727272727273,1.0,,,1
-5.298275910476772,0.7201681167009835,-0.9571030241600536,-0.3009399283198913,-0.2737463213370587,0.7235812974604495,-0.2747070322334689,-0.2124499488171395,-0.8891591514860762,-0.1197741375365659,Spyware-TIBS-9c8a2292cad7ae8b939c0fb6a7369ee7a84c470bf463fa473805bfad8c69a7f9-5.raw,0.0,0.0,0.6287976431596394,,0.6350120238624785,0.041081081081081,0.7909090909090911,0.0132234988077173,0.6094503638530364,,0.1626928471248246,0.0168067226890756,0.0,0.0328185328185328,0.0160919540229885,0.0181818181818181,0.0203488372093023,0.0196078431372549,0.010752688172043,0.0610687022900763,0.2142857142857142,0.140625,0.2142857142857142,0.4724320173716093,0.3901419099051962,0.4724320173716093,0.0,0.0,0.0,0.0,0.0,0.0,0.0,0.0,0.0,0.0,0.0666666666666666,0.0,0.0,0.0,0.0,0.4007890843333884,0.2829705505761845,0.4818181818181817,0.0,0.6363636363636364,0.5,,0.6666666666666666,0.6666666666666666,,0.1818181818181818,1.0,,,1
0.0299583559517414,-3.801991648868871,2.54455401317298,0.3984096844045679,0.0215553858212238,-0.6265333361238286,-1.270950515198256,-0.2198174525995615,0.154283535671717,-0.5480746262126349,Spyware-TIBS-7c5d590afd39575ec7211e69d22acd56638f9356d955ac4ebca7bc93ad4f439b-9.raw,0.1764705882352941,0.1428571428571428,0.6501565089302154,,0.9767172739965534,0.4086486486486486,0.9816770186335404,0.5469325818339476,0.9750866856892584,,0.273492286115007,0.6698679471788715,0.2962962962962963,0.4459459459459459,0.5195402298850574,0.2363636363636363,0.6918604651162791,0.5098039215686274,0.3709677419354839,0.4503816793893129,0.3809523809523809,0.34375,0.3809523809523809,0.3860046145838139,0.243652706029865,0.3860046145838139,0.0112359550561797,4.630058338735068e-05,0.0112359550561797,0.0,0.0,0.0,0.0,0.0,0.0,0.0,0.0666666666666666,0.0,0.0,0.0,0.0,0.2327563936967193,0.1830985915492957,0.2894957983193275,1.0,1.0,1.0,,1.0,1.0,,0.7272727272727273,0.5,,,1
-0.9812968816558504,-4.196780340250371,3.4025396760210493,1.3084309094599191,-0.0989484424121593,-0.9171579140297704,0.721220739740295,-1.651409340170385,0.0414766177381242,-0.0487317220755678,Spyware-TIBS-9aa88b8359d2090f6588d882078813d7c548776d7403627c25f1091a0564fce6-10.raw,0.1764705882352941,0.1428571428571428,0.6420548701896519,,0.9720003521968276,0.4086486486486486,0.9816770186335404,0.543680901799263,0.9700394177981034,,0.2805049088359046,0.6650660264105642,0.2962962962962963,0.4343629343629344,0.5172413793103449,0.2363636363636363,0.6802325581395349,0.5098039215686274,0.3655913978494624,0.465648854961832,0.2619047619047619,0.265625,0.2619047619047619,0.178204808241683,0.0500899975526435,0.178204808241683,0.0112359550561797,4.630058338735068e-05,0.0112359550561797,0.0,0.0,0.0,0.0,0.0,0.0,0.0,0.0666666666666666,0.0,0.0,0.0,0.0,0.2327563936967193,0.1830985915492957,0.2894957983193275,1.0,1.0,1.0,,1.0,1.0,,0.7272727272727273,1.0,,,1
-3.975400793521544,5.439203785523079,3.038774295798484,0.720336148910779,-0.4513447383240114,-0.2792553810290922,-1.3334407901685947,-0.0378977657978953,1.260511876051617,-1.3164452374398945,Spyware-TIBS-7c5d590afd39575ec7211e69d22acd56638f9356d955ac4ebca7bc93ad4f439b-1.raw,0.0,0.0,0.9793776468422024,,0.7734894129404891,0.0389189189189189,0.7851778656126482,0.0882289182744417,0.7576259133364014,,0.1753155680224404,0.0732292917166866,0.0,0.0173745173745173,0.3540229885057471,0.0181818181818181,0.0203488372093023,0.0196078431372549,0.010752688172043,0.0610687022900763,0.1904761904761904,0.125,0.1904761904761904,0.4189987635880066,0.3429125217635632,0.4189987635880066,0.0,0.0,0.0,0.0,0.2,0.0,0.1538461538461538,0.2,0.1538461538461538,0.2,0.1333333333333333,0.4416666666666666,0.0,0.3397435897435896,0.4416666666666666,0.6948462929475591,0.6713615023474178,0.5715686274509806,0.0,0.6363636363636364,0.5,,0.6666666666666666,0.6666666666666666,,0.1818181818181818,0.5,,,1
-0.9481051908880463,-3.5686483626820085,2.531607454281201,0.7126074562710695,-0.0384876674212223,-0.3857689725964549,0.3167233117921508,0.1528411928540654,0.1643616926373869,0.1167572280155115,Spyware-TIBS-89a8dd64095295fe228f580ae94893cd8a6cd628ee3f36ae208b6d7ff79a7e55-7.raw,0.1470588235294117,0.0714285714285714,0.6948655523503616,,0.9871643822789092,0.3394594594594594,0.938647342995169,0.49577281595491,0.986265449388928,,0.2636746143057503,0.6380552220888356,0.2592592592592592,0.4227799227799227,0.496551724137931,0.2,0.4331395348837209,0.4509803921568627,0.3494623655913978,0.4122137404580153,0.3333333333333333,0.296875,0.3333333333333333,0.3688370824387161,0.2427740071603362,0.3688370824387161,0.0112359550561797,4.630058338735068e-05,0.0112359550561797,0.0,0.0,0.0,0.0,0.0,0.0,0.0,0.0666666666666666,0.0,0.0,0.0,0.0,0.2555756479807115,0.1966614501825767,0.3156136528685546,1.0,1.0,1.0,,1.0,1.0,,0.7272727272727273,1.0,,,1
-5.989306831220746,0.2579277061091605,0.122199740755886,0.4896759578981018,-0.3570063951606302,0.3289104539718243,0.0935914504930567,-2.0855644454879942,-0.6455573533999324,-0.1975062734882745,Spyware-TIBS-40a45471e1b7f0ad943f0e2f736afb24b7048c09caf44befbfaf8c10c89aca25-7.raw,0.0,0.0,0.659731172896336,,0.6722328249730422,0.0356756756756756,0.7765810276679844,0.0333839150227617,0.6492778959396057,,0.1683029453015427,0.0660264105642256,0.0,0.025096525096525,0.0620689655172413,0.0181818181818181,0.0087209302325581,0.0196078431372549,0.0161290322580645,0.0610687022900763,0.119047619047619,0.078125,0.119047619047619,0.2527937177603244,0.1920534017514077,0.2527937177603244,0.0,0.0,0.0,0.0,0.0,0.0,0.0,0.0,0.0,0.0,0.0666666666666666,0.0,0.0,0.0,0.0,0.4007890843333884,0.2829705505761845,0.4818181818181817,0.0,0.6363636363636364,0.5,,0.6666666666666666,0.6666666666666666,,0.1818181818181818,1.0,,,1
-5.095562051277147,0.6976103912688636,-1.0294098521895496,-0.3606577286752989,-0.2379369613096148,0.5795886259040234,-0.4390400998456136,0.3795710184348352,-0.7225094383726487,-0.0110733735681836,Spyware-TIBS-67ec0e775d5272086f87e4fa67b7efec044decd79e7eecdb47993d5cb5e9b535-6.raw,0.0,0.0,0.6648867611857852,,0.6834390876729965,0.0443243243243243,0.7995059288537549,0.0394537177541729,0.6612689808688952,,0.1683029453015427,0.0690276110444177,0.0,0.0386100386100386,0.0620689655172413,0.0181818181818181,0.0203488372093023,0.0196078431372549,0.021505376344086,0.0610687022900763,0.238095238095238,0.15625,0.238095238095238,0.523978816875774,0.4344045308964054,0.523978816875774,0.0,0.0,0.0,0.0,0.0,0.0,0.0,0.0,0.0,0.0,0.0666666666666666,0.0,0.0,0.0,0.0,0.4007890843333884,0.2829705505761845,0.4818181818181817,0.0,0.6363636363636364,0.5,,0.6666666666666666,0.6666666666666666,,0.1818181818181818,1.0,,,1
-4.843290242396661,2.7697281154406928,1.2776359892486762,0.4975177298894965,-0.3118396475863828,-0.3448077772265524,0.1359823027442197,0.0872214997879445,1.069268640074214,-0.5105421428669772,Spyware-TIBS-67ec0e775d5272086f87e4fa67b7efec044decd79e7eecdb47993d5cb5e9b535-1.raw,0.0,0.0,0.9587552936844044,,0.7642842685798119,0.0389189189189189,0.7851778656126482,0.0832430088879254,0.7477760935730562,,0.1753155680224404,0.0666266506602641,0.0,0.0173745173745173,0.3264367816091954,0.0181818181818181,0.0203488372093023,0.0196078431372549,0.010752688172043,0.0610687022900763,0.1904761904761904,0.125,0.1904761904761904,0.4189987635880066,0.3429125217635632,0.4189987635880066,0.0,0.0,0.0,0.0,0.1,0.0,0.0769230769230769,0.1,0.0769230769230769,0.1,0.0666666666666666,0.2304347826086956,0.0,0.177257525083612,0.2304347826086956,0.554210236653825,0.4856093080220452,0.4427962489343561,0.0,0.6363636363636364,0.5,,0.6666666666666666,0.6666666666666666,,0.1818181818181818,1.0,,,1
-5.272518685806233,0.6645297997830462,-0.8686200927614405,-0.2383304116405844,-0.2585011685770427,0.5798701941347223,-0.323901857110062,-0.1364748514381243,-0.6283897017513428,-0.0201570968837289,Spyware-TIBS-48fe5ec56dc868ffe3ae096714721a0db2bdd482c693a878d246eff2ec9da821-4.raw,0.0,0.0,0.659731172896336,,0.6590254439338099,0.041081081081081,0.7909090909090911,0.0262302189464556,0.6351455458443716,,0.1626928471248246,0.0276110444177671,0.0,0.0328185328185328,0.0804597701149425,0.0181818181818181,0.0203488372093023,0.0196078431372549,0.010752688172043,0.0610687022900763,0.2142857142857142,0.140625,0.2142857142857142,0.4724320173716093,0.3901419099051962,0.4724320173716093,0.0,0.0,0.0,0.0,0.0,0.0,0.0,0.0,0.0,0.0,0.0666666666666666,0.0,0.0,0.0,0.0,0.4007890843333884,0.2829705505761845,0.4818181818181817,0.0,0.6363636363636364,0.5,,0.6666666666666666,0.6666666666666666,,0.1818181818181818,1.0,,,1
-4.828336605615071,2.744107864312194,1.3139512388543657,0.5297557172276803,-0.3052819196156435,-0.4075175363665416,0.1160570693170247,0.1214977613839096,1.1743336512905804,-0.4758426202500049,Spyware-TIBS-6e274cbbdefce4f2bcb3543da3f4043319541e51a110356e68cea2ae85153427-1.raw,0.0,0.0,0.9742220585527528,,0.7746900839440556,0.0389189189189189,0.7851778656126482,0.0888792542813787,0.758910672435968,,0.1795231416549789,0.0732292917166866,0.0,0.0212355212355212,0.3517241379310344,0.0181818181818181,0.0203488372093023,0.0196078431372549,0.010752688172043,0.0610687022900763,0.1904761904761904,0.125,0.1904761904761904,0.4189987635880066,0.3429125217635632,0.4189987635880066,0.0,0.0,0.0,0.0,0.1,0.0,0.0769230769230769,0.1,0.0769230769230769,0.1,0.0666666666666666,0.2304347826086956,0.0,0.177257525083612,0.2304347826086956,0.554210236653825,0.4856093080220452,0.4427962489343561,0.0,0.6363636363636364,0.5,,0.6666666666666666,0.6666666666666666,,0.1818181818181818,1.0,,,1
-0.9770393244639924,-3.5565576094112235,2.5158088999062773,0.6973165407975231,-0.0525849047882772,-0.3149649817499786,0.3535106244636291,0.0651439026795515,-0.0434337399866352,0.0375711321972065,Spyware-TIBS-27d7f533077c5f1cb54d2b03d7bb5c27a0f9b37b8ad7e87b5a8996f1d2135ef4-8.raw,0.1470588235294117,0.0714285714285714,0.6696604540463869,,0.9731417308051564,0.3448648648648648,0.9503220611916272,0.4864513331888142,0.9712607320038644,,0.2622720897615708,0.6248499399759904,0.2592592592592592,0.4247104247104247,0.4505747126436781,0.2,0.4331395348837209,0.4509803921568627,0.3494623655913978,0.4274809160305343,0.3333333333333333,0.296875,0.3333333333333333,0.3634562067807559,0.2332154601568117,0.3634562067807559,0.0112359550561797,4.630058338735068e-05,0.0112359550561797,0.0,0.0,0.0,0.0,0.0,0.0,0.0,0.0666666666666666,0.0,0.0,0.0,0.0,0.2555756479807115,0.1966614501825767,0.3156136528685546,1.0,1.0,1.0,,1.0,1.0,,0.7272727272727273,1.0,,,1
-0.2584501050559585,-3.7528046518307807,2.3363495841496635,0.4930025178874331,-0.0228992188324911,-0.5005789201065826,0.3859073837160588,0.1373929808687987,-0.3546317665954301,-0.0002281647364375,Spyware-TIBS-10f9ff1e9f0cddbac2bf5dd5921a15f8c925fa57b2a1d2f9f10772a3b6bba6b2-10.raw,0.1764705882352941,0.1428571428571428,0.5812925796354264,,0.9405542068653224,0.4086486486486486,0.9816770186335404,0.5220030349013657,0.936390965190403,,0.2636746143057503,0.6458583433373349,0.2962962962962963,0.4459459459459459,0.4390804597701149,0.2363636363636363,0.6918604651162791,0.5098039215686274,0.3709677419354839,0.4503816793893129,0.3809523809523809,0.34375,0.3809523809523809,0.3860046145838139,0.243652706029865,0.3860046145838139,0.0112359550561797,4.630058338735068e-05,0.0112359550561797,0.0,0.0,0.0,0.0,0.0,0.0,0.0,0.0666666666666666,0.0,0.0,0.0,0.0,0.2327563936967193,0.1830985915492957,0.2894957983193275,1.0,1.0,1.0,,1.0,1.0,,0.7272727272727273,1.0,,,1
-5.2949207890825045,0.7198837285256411,-0.9608423135106988,-0.3044073307412004,-0.2754280463142112,0.7318274641774777,-0.2686647924378744,-0.2170066655734981,-0.9232082801325998,-0.1297143465727739,Spyware-TIBS-7f0fb3e6faacd89fae2a13bf11a019edae5ef581472e8458204f6213af272dee-5.raw,0.0,0.0,0.6184864665807401,,0.6358124711981895,0.041081081081081,0.7909090909090911,0.0136570561456752,0.6103068699194142,,0.1626928471248246,0.0180072028811524,0.0,0.0328185328185328,0.0114942528735632,0.0181818181818181,0.0203488372093023,0.0196078431372549,0.010752688172043,0.0610687022900763,0.2142857142857142,0.140625,0.2142857142857142,0.4724320173716093,0.3901419099051962,0.4724320173716093,0.0,0.0,0.0,0.0,0.0,0.0,0.0,0.0,0.0,0.0,0.0666666666666666,0.0,0.0,0.0,0.0,0.4007890843333884,0.2829705505761845,0.4818181818181817,0.0,0.6363636363636364,0.5,,0.6666666666666666,0.6666666666666666,,0.1818181818181818,1.0,,,1
-0.9552712723323054,-3.5641205431529928,2.5272962850325142,0.7104034411367014,-0.0391125288123898,-0.3775010905317811,0.3168113830133794,0.1505880915027174,0.157467134950025,0.1120064850166197,Spyware-TIBS-6c020f140af8dd853073669a31bb0996b4f0a332a4a3b23b3e708d311b9ec587-7.raw,0.1470588235294117,0.0714285714285714,0.699066402067691,,0.9855338414098678,0.3394594594594594,0.938647342995169,0.4946889226100152,0.9845207148092692,,0.2636746143057503,0.6356542617046819,0.2592592592592592,0.4227799227799227,0.4919540229885057,0.2,0.4331395348837209,0.4509803921568627,0.3494623655913978,0.4122137404580153,0.3333333333333333,0.296875,0.3333333333333333,0.3688370824387161,0.2427740071603362,0.3688370824387161,0.0112359550561797,4.630058338735068e-05,0.0112359550561797,0.0,0.0,0.0,0.0,0.0,0.0,0.0,0.0666666666666666,0.0,0.0,0.0,0.0,0.2555756479807115,0.1966614501825767,0.3156136528685546,1.0,1.0,1.0,,1.0,1.0,,0.7272727272727273,1.0,,,1
-0.9574804516665192,-3.542461491790612,2.4862003948219984,0.6776922533989208,-0.0477958672456921,-0.3081868053280958,0.3469572628274601,0.1115840922935157,0.0011447194175091,0.0597549870478116,Spyware-TIBS-97a0246b1c3df21db4449c71eabd9e2e4c622adfc1c6d9a86e151c844c6f4c30-7.raw,0.1470588235294117,0.0714285714285714,0.6654596043290577,,0.9777072452384712,0.3394594594594594,0.938647342995169,0.4894862345545198,0.9761459888269084,,0.2622720897615708,0.6290516206482593,0.2592592592592592,0.4247104247104247,0.4620689655172413,0.2,0.4331395348837209,0.4509803921568627,0.3494623655913978,0.4122137404580153,0.3333333333333333,0.296875,0.3333333333333333,0.3688370824387161,0.2427740071603362,0.3688370824387161,0.0112359550561797,4.630058338735068e-05,0.0112359550561797,0.0,0.0,0.0,0.0,0.0,0.0,0.0,0.0666666666666666,0.0,0.0,0.0,0.0,0.2555756479807115,0.1966614501825767,0.3156136528685546,1.0,1.0,1.0,,1.0,1.0,,0.7272727272727273,1.0,,,1
-6.1532517191492095,0.0372709262622489,0.6439486401153856,0.8904510503952725,-0.3045057967542151,-0.2650059638459003,-0.0456312448496224,-2.2848857859192515,0.7811493833990124,0.2435086810426067,Spyware-TIBS-9aa88b8359d2090f6588d882078813d7c548776d7403627c25f1091a0564fce6-4.raw,0.0,0.0,0.9329773522371572,,0.717458099440716,0.0324324324324324,0.7679841897233202,0.0578799046173856,0.6976704886899531,,0.1697054698457223,0.0600240096038415,0.0,0.0193050193050193,0.3402298850574712,0.0181818181818181,0.0087209302325581,0.0196078431372549,0.0053763440860215,0.0610687022900763,0.0952380952380952,0.0625,0.0952380952380952,0.1993938572318559,0.1461595045305657,0.1993938572318559,0.0,0.0,0.0,0.0,0.0,0.0,0.0,0.0,0.0,0.0,0.0666666666666666,0.0,0.0,0.0,0.0,0.4007890843333884,0.2829705505761845,0.4818181818181817,0.0,0.6363636363636364,0.5,,0.6666666666666666,0.6666666666666666,,0.1818181818181818,1.0,,,1
-0.2547097624429947,-3.749051202450296,2.326247113361564,0.4847745995314219,-0.0251877563157712,-0.4842345003915072,0.3951272938687053,0.1269503001949313,-0.3990402791668916,-0.0140986874572612,Spyware-TIBS-6c020f140af8dd853073669a31bb0996b4f0a332a4a3b23b3e708d311b9ec587-10.raw,0.1764705882352941,0.1428571428571428,0.5691401215245812,,0.9389818995987472,0.4086486486486486,0.9816770186335404,0.5209191415564708,0.934708542560018,,0.2636746143057503,0.6470588235294118,0.2962962962962963,0.4459459459459459,0.432183908045977,0.2363636363636363,0.6918604651162791,0.5098039215686274,0.3709677419354839,0.4503816793893129,0.3809523809523809,0.34375,0.3809523809523809,0.3860046145838139,0.243652706029865,0.3860046145838139,0.0112359550561797,4.630058338735068e-05,0.0112359550561797,0.0,0.0,0.0,0.0,0.0,0.0,0.0,0.0666666666666666,0.0,0.0,0.0,0.0,0.2327563936967193,0.1830985915492957,0.2894957983193275,1.0,1.0,1.0,,1.0,1.0,,0.7272727272727273,1.0,,,1
-0.2228138743963827,-3.8052861653974728,2.4192742430932146,0.5499597422807947,-0.0064387631904868,-0.6449062210983535,0.338363449638277,0.2060725832743978,-0.0757475002976683,0.1064203434976648,Spyware-TIBS-8dc489ff4bb652a015176896e29487c60c306a301e7e19e17fc8c357d8265615-10.raw,0.1764705882352941,0.1428571428571428,0.61369913459768,,0.9594218940642254,0.4086486486486486,0.9816770186335404,0.5350097550401041,0.956580036755023,,0.2636746143057503,0.6614645858343338,0.2962962962962963,0.4459459459459459,0.5080459770114942,0.2363636363636363,0.6918604651162791,0.5098039215686274,0.3709677419354839,0.4503816793893129,0.3809523809523809,0.34375,0.3809523809523809,0.3860046145838139,0.243652706029865,0.3860046145838139,0.0112359550561797,4.630058338735068e-05,0.0112359550561797,0.0,0.0,0.0,0.0,0.0,0.0,0.0,0.0666666666666666,0.0,0.0,0.0,0.0,0.2327563936967193,0.1830985915492957,0.2894957983193275,1.0,1.0,1.0,,1.0,1.0,,0.7272727272727273,1.0,,,1
-5.274994495459987,0.6669972303522256,-0.8723754364830313,-0.2412750152338729,-0.2593703539141043,0.5875226354593467,-0.3218826031329446,-0.139690283173925,-0.6436197544088496,-0.0260828364409499,Spyware-TIBS-28e57139370f05830b5ffa383fde31916f358d49a03010d6cee044c63e852a82-4.raw,0.0,0.0,0.659731172896336,,0.6578247729302432,0.041081081081081,0.7909090909090911,0.0255798829395187,0.6338607867448046,,0.1626928471248246,0.0288115246098439,0.0,0.0328185328185328,0.0758620689655172,0.0181818181818181,0.0203488372093023,0.0196078431372549,0.010752688172043,0.0610687022900763,0.2142857142857142,0.140625,0.2142857142857142,0.4724320173716093,0.3901419099051962,0.4724320173716093,0.0,0.0,0.0,0.0,0.0,0.0,0.0,0.0,0.0,0.0,0.0666666666666666,0.0,0.0,0.0,0.0,0.4007890843333884,0.2829705505761845,0.4818181818181817,0.0,0.6363636363636364,0.5,,0.6666666666666666,0.6666666666666666,,0.1818181818181818,1.0,,,1
-0.2529347346002739,-3.756299608861964,2.3372087087279185,0.4920645663695293,-0.0238688603779458,-0.4991660653096073,0.3896998565945222,0.1362076988365645,-0.3780567601323061,-0.0057311883972708,Spyware-TIBS-7f0fb3e6faacd89fae2a13bf11a019edae5ef581472e8458204f6213af272dee-10.raw,0.1764705882352941,0.1428571428571428,0.5731909408948628,,0.9421265141318974,0.4086486486486486,0.9816770186335404,0.5230869282462606,0.9380733878207876,,0.2636746143057503,0.6506602641056423,0.2962962962962963,0.4459459459459459,0.4367816091954023,0.2363636363636363,0.6918604651162791,0.5098039215686274,0.3709677419354839,0.4503816793893129,0.3809523809523809,0.34375,0.3809523809523809,0.3860046145838139,0.243652706029865,0.3860046145838139,0.0112359550561797,4.630058338735068e-05,0.0112359550561797,0.0,0.0,0.0,0.0,0.0,0.0,0.0,0.0666666666666666,0.0,0.0,0.0,0.0,0.2327563936967193,0.1830985915492957,0.2894957983193275,1.0,1.0,1.0,,1.0,1.0,,0.7272727272727273,1.0,,,1
1.7052127303568296,0.7064385883756198,5.188589785783854,1.1002239912402374,-0.2674718971840574,-0.908929124622769,0.5723099817338165,0.8573043875143811,-0.1351372561386468,-0.0711902541311487,Spyware-TIBS-6e274cbbdefce4f2bcb3543da3f4043319541e51a110356e68cea2ae85153427-10.raw,0.2058823529411764,0.1428571428571428,0.6202642556460672,,0.9414867477268776,0.4637837837837837,0.9934782608695656,0.5798829395187514,0.9373888158539416,,0.2875175315568022,0.6914765906362546,0.3333333333333333,0.471042471042471,0.5632183908045977,0.3454545454545454,0.7034883720930233,0.5686274509803921,0.478494623655914,0.6335877862595419,0.4285714285714285,0.390625,0.4285714285714285,0.4146516514157817,0.2672319393056032,0.4146516514157817,0.0112359550561797,4.630058338735068e-05,0.0112359550561797,0.0,0.2,0.0,0.1538461538461538,0.2,0.1538461538461538,0.2,0.2,0.3419354838709675,0.0,0.2630272952853595,0.3419354838709675,0.4513795718369017,0.4784189004997728,0.4760278304870335,1.0,1.0,1.0,,1.0,1.0,,0.7272727272727273,1.0,,,1
-5.275203740535541,0.6653895917961057,-0.8680191312615063,-0.2377675543867313,-0.2580811984096968,0.5789727326206763,-0.3260463055630867,-0.1353812066541278,-0.6191536385205192,-0.018055947032842,Spyware-TIBS-89a8dd64095295fe228f580ae94893cd8a6cd628ee3f36ae208b6d7ff79a7e55-4.raw,0.0,0.0,0.6648867611857852,,0.6582249965980989,0.041081081081081,0.7909090909090911,0.0257966616084977,0.6342890397779937,,0.1626928471248246,0.0282112845138055,0.0,0.0328185328185328,0.0804597701149425,0.0181818181818181,0.0203488372093023,0.0196078431372549,0.010752688172043,0.0610687022900763,0.2142857142857142,0.140625,0.2142857142857142,0.4724320173716093,0.3901419099051962,0.4724320173716093,0.0,0.0,0.0,0.0,0.0,0.0,0.0,0.0,0.0,0.0,0.0666666666666666,0.0,0.0,0.0,0.0,0.4007890843333884,0.2829705505761845,0.4818181818181817,0.0,0.6363636363636364,0.5,,0.6666666666666666,0.6666666666666666,,0.1818181818181818,1.0,,,1
-0.9866293268528734,-3.5015477262881953,2.4209934688143484,0.6298575255639779,-0.0685813067415543,-0.169503733833594,0.4124067627813062,-0.0191973388600162,-0.3227890317638205,-0.0633388190534367,Spyware-TIBS-49bb6d6117975b63789c7307ca5c4b166239b7d2c342f80a2487dfe99ef438f2-9.raw,0.1470588235294117,0.0714285714285714,0.6150494077211073,,0.950314158638582,0.3448648648648648,0.9503220611916272,0.4712768263602861,0.9468344478886443,,0.2622720897615708,0.6092436974789915,0.2592592592592592,0.4247104247104247,0.3931034482758621,0.2,0.4331395348837209,0.4509803921568627,0.3494623655913978,0.4274809160305343,0.3333333333333333,0.296875,0.3333333333333333,0.3634562067807559,0.2332154601568117,0.3634562067807559,0.0112359550561797,4.630058338735068e-05,0.0112359550561797,0.0,0.0,0.0,0.0,0.0,0.0,0.0,0.0666666666666666,0.0,0.0,0.0,0.0,0.2555756479807115,0.1966614501825767,0.3156136528685546,1.0,1.0,1.0,,1.0,1.0,,0.7272727272727273,1.0,,,1
-0.9620804808563,-3.592522681543561,2.57224629702663,0.738762567128204,-0.0430090320842633,-0.4050624900271292,0.3215783987469204,0.114475489356707,0.1176673073169345,0.0969875874111046,Spyware-TIBS-67ec0e775d5272086f87e4fa67b7efec044decd79e7eecdb47993d5cb5e9b535-7.raw,0.1470588235294117,0.0714285714285714,0.6948655523503616,,0.9874904904527172,0.3448648648648648,0.9503220611916272,0.495989594623889,0.9866143963048594,,0.2636746143057503,0.6392557022809123,0.2592592592592592,0.4227799227799227,0.4873563218390804,0.2,0.4331395348837209,0.4509803921568627,0.3494623655913978,0.4274809160305343,0.3333333333333333,0.296875,0.3333333333333333,0.3634562067807559,0.2332154601568117,0.3634562067807559,0.0112359550561797,4.630058338735068e-05,0.0112359550561797,0.0,0.0,0.0,0.0,0.0,0.0,0.0,0.0666666666666666,0.0,0.0,0.0,0.0,0.2555756479807115,0.1966614501825767,0.3156136528685546,1.0,1.0,1.0,,1.0,1.0,,0.7272727272727273,1.0,,,1
-5.298141037214077,0.7119966335105719,-0.9430175329509892,-0.2899937735051729,-0.2715855717417014,0.7022135424167292,-0.2829505798343321,-0.199373383167501,-0.8492082426916403,-0.1048324721658319,Spyware-TIBS-7cbae8b99aad8d5f683842fe9b1d44647599dfa2c73feac803baa1f9cbf789a8-5.raw,0.0,0.0,0.6339532314490886,,0.6394144842088892,0.041081081081081,0.7909090909090911,0.015608064166486,0.6141611472181144,,0.1626928471248246,0.0186074429771908,0.0,0.0289575289575289,0.025287356321839,0.0181818181818181,0.0203488372093023,0.0196078431372549,0.010752688172043,0.0610687022900763,0.2142857142857142,0.140625,0.2142857142857142,0.4724320173716093,0.3901419099051962,0.4724320173716093,0.0,0.0,0.0,0.0,0.0,0.0,0.0,0.0,0.0,0.0,0.0666666666666666,0.0,0.0,0.0,0.0,0.4007890843333884,0.2829705505761845,0.4818181818181817,0.0,0.6363636363636364,0.5,,0.6666666666666666,0.6666666666666666,,0.1818181818181818,1.0,,,1
-6.175378802210818,-0.0354221986539829,0.7504330602202363,0.9777666935958492,-0.2995875615103955,-0.3782668608122085,-0.0928882473503679,-2.1806064721590905,0.8516143530689333,0.2656406468655415,Spyware-TIBS-40a45471e1b7f0ad943f0e2f736afb24b7048c09caf44befbfaf8c10c89aca25-4.raw,0.0,0.0,0.963910881973854,,0.7626833739083898,0.0324324324324324,0.7679841897233202,0.0823758942120095,0.7460630814403004,,0.1753155680224404,0.0762304921968787,0.0,0.0193050193050193,0.3494252873563218,0.0181818181818181,0.0087209302325581,0.0196078431372549,0.0053763440860215,0.0610687022900763,0.0952380952380952,0.0625,0.0952380952380952,0.1993938572318559,0.1461595045305657,0.1993938572318559,0.0,0.0,0.0,0.0,0.0,0.0,0.0,0.0,0.0,0.0,0.0666666666666666,0.0,0.0,0.0,0.0,0.4007890843333884,0.2829705505761845,0.4818181818181817,0.0,0.6363636363636364,0.5,,0.6666666666666666,0.6666666666666666,,0.1818181818181818,1.0,,,1
-5.266557134281193,0.4617588570160557,-0.4855752434941291,0.0508391203010331,-0.1847869656581309,-0.0343420668482341,-0.5930866014225427,0.2205577247641068,0.702183923006266,0.4355375727324665,Spyware-TIBS-19f82488e174dbe2b094ad9e520ee3956ef6c14f8faf5bd0bb368f0ea73de6ef-3.raw,0.0,0.0,0.943288528816056,,0.7410712958441918,0.041081081081081,0.7909090909090911,0.070669846087145,0.7229374176480992,,0.1669004207573632,0.0678271308523409,0.0,0.0328185328185328,0.3379310344827586,0.0181818181818181,0.0203488372093023,0.0196078431372549,0.010752688172043,0.0610687022900763,0.2142857142857142,0.140625,0.2142857142857142,0.4724320173716093,0.3901419099051962,0.4724320173716093,0.0,0.0,0.0,0.0,0.0,0.0,0.0,0.0,0.0,0.0,0.0666666666666666,0.0,0.0,0.0,0.0,0.4007890843333884,0.2829705505761845,0.4818181818181817,0.0,0.6363636363636364,0.5,,0.6666666666666666,0.6666666666666666,,0.1818181818181818,1.0,,,1
-0.9399816611462442,-3.5778629764646968,2.537610224799332,0.7290030835015769,-0.0376352234738269,-0.4004176857117832,0.3157383049901253,0.1636264499263321,0.1685721999033141,0.1109357782340354,Spyware-TIBS-56d78fb94fce19e41d4fd8aa8cc8e76887afbe16f9d0ddf162abf6bbba3cc1e7-7.raw,0.1470588235294117,0.0714285714285714,0.6948655523503616,,0.991729896712224,0.3394594594594594,0.938647342995169,0.4988077173206156,0.991150706211972,,0.270687237026648,0.6422569027611045,0.2592592592592592,0.4227799227799227,0.4988505747126436,0.2,0.4331395348837209,0.4509803921568627,0.3494623655913978,0.4122137404580153,0.3333333333333333,0.296875,0.3333333333333333,0.3688370824387161,0.2427740071603362,0.3688370824387161,0.0112359550561797,4.630058338735068e-05,0.0112359550561797,0.0,0.0,0.0,0.0,0.0,0.0,0.0,0.0666666666666666,0.0,0.0,0.0,0.0,0.2555756479807115,0.1966614501825767,0.3156136528685546,1.0,1.0,1.0,,1.0,1.0,,0.7272727272727273,1.0,,,1
-5.459592133036079,-0.0240221668098281,-0.4830835205541445,0.0523648223022754,-0.1410047782061916,-0.3575091681130594,0.0132796542672315,-0.2948948480660432,1.0756834684179466,-0.3163372433343652,Spyware-TIBS-85ae85a36eb35350175eb3c1b00dcab52d5fe726bab65975a6bb3177c8719da6-1.raw,0.0,0.0,0.9535997053949548,,0.7586811372298348,0.0389189189189189,0.7851778656126482,0.0802081075222198,0.7417805511084115,,0.1739130434782608,0.0624249699879951,0.0,0.0173745173745173,0.3126436781609195,0.0181818181818181,0.0203488372093023,0.0196078431372549,0.010752688172043,0.0610687022900763,0.1904761904761904,0.125,0.1904761904761904,0.4189987635880066,0.3429125217635632,0.4189987635880066,0.0,0.0,0.0,0.0,0.0,0.0,0.0,0.0,0.0,0.0,0.0,0.0,0.0,0.0,0.0,0.4007890843333884,0.2829705505761845,0.3023172905525847,0.0,0.6363636363636364,0.5,,0.6666666666666666,0.6666666666666666,,0.1818181818181818,1.0,,,1
-0.9929969171740352,-3.498586683486405,2.4191241101557024,0.6296966212280465,-0.0687792364485098,-0.1655535616603558,0.4112246903975114,-0.0191801520968291,-0.3220266183386248,-0.0651703237907162,Spyware-TIBS-19f82488e174dbe2b094ad9e520ee3956ef6c14f8faf5bd0bb368f0ea73de6ef-9.raw,0.1470588235294117,0.0714285714285714,0.6192502574384364,,0.949661942290966,0.3448648648648648,0.9503220611916272,0.4708432690223282,0.9461365540567817,,0.2622720897615708,0.6056422569027611,0.2592592592592592,0.4247104247104247,0.3908045977011494,0.2,0.4331395348837209,0.4509803921568627,0.3494623655913978,0.4274809160305343,0.3333333333333333,0.296875,0.3333333333333333,0.3634562067807559,0.2332154601568117,0.3634562067807559,0.0112359550561797,4.630058338735068e-05,0.0112359550561797,0.0,0.0,0.0,0.0,0.0,0.0,0.0,0.0666666666666666,0.0,0.0,0.0,0.0,0.2555756479807115,0.1966614501825767,0.3156136528685546,1.0,1.0,1.0,,1.0,1.0,,0.7272727272727273,1.0,,,1
-5.296053655801402,0.432492101666757,-0.4495601145395138,0.0967426276955422,-0.1883561919459672,-0.0529001940031404,-0.6048573979834163,0.2675452575698454,0.6281389088778093,0.3953387456626337,Spyware-TIBS-48fe5ec56dc868ffe3ae096714721a0db2bdd482c693a878d246eff2ec9da821-2.raw,0.0,0.0,0.9535997053949548,,0.7654849395833784,0.041081081081081,0.7909090909090911,0.0838933448948623,0.7490608526726228,,0.1767180925666199,0.0714285714285714,0.0,0.0328185328185328,0.3126436781609195,0.0181818181818181,0.0203488372093023,0.0196078431372549,0.010752688172043,0.0610687022900763,0.2142857142857142,0.140625,0.2142857142857142,0.4724320173716093,0.3901419099051962,0.4724320173716093,0.0,0.0,0.0,0.0,0.0,0.0,0.0,0.0,0.0,0.0,0.0666666666666666,0.0,0.0,0.0,0.0,0.4007890843333884,0.2829705505761845,0.4818181818181817,0.0,0.6363636363636364,0.5,,0.6666666666666666,0.6666666666666666,,0.1818181818181818,1.0,,,1
-0.9885212161053224,-3.503740985475129,2.4237980787648357,0.6317270221449504,-0.0689898072857997,-0.1700097795295203,0.4118968854983674,-0.0165788700069131,-0.3310443965048414,-0.066045785519148,Spyware-TIBS-28e57139370f05830b5ffa383fde31916f358d49a03010d6cee044c63e852a82-9.raw,0.1470588235294117,0.0714285714285714,0.6150494077211073,,0.9519446995076232,0.3448648648648648,0.9503220611916272,0.472360719705181,0.9485791824683032,,0.2622720897615708,0.6104441776710684,0.2592592592592592,0.4247104247104247,0.3908045977011494,0.2,0.4331395348837209,0.4509803921568627,0.3494623655913978,0.4274809160305343,0.3333333333333333,0.296875,0.3333333333333333,0.3634562067807559,0.2332154601568117,0.3634562067807559,0.0112359550561797,4.630058338735068e-05,0.0112359550561797,0.0,0.0,0.0,0.0,0.0,0.0,0.0,0.0666666666666666,0.0,0.0,0.0,0.0,0.2555756479807115,0.1966614501825767,0.3156136528685546,1.0,1.0,1.0,,1.0,1.0,,0.7272727272727273,1.0,,,1
-5.300066923901647,0.7232004532611357,-0.9633635581811176,-0.3056301652548974,-0.2754961617328393,0.7360833881496806,-0.2696788452362977,-0.2180911817385035,-0.9210326456219848,-0.130907749452471,Spyware-TIBS-8d8af27b1ab68fde08153c7b2d90670c329aa93abe1645da4651ae0941f6da09-5.raw,0.0,0.0,0.6236420548701895,,0.6342115765267674,0.041081081081081,0.7909090909090911,0.0127899414697593,0.6085938577866585,,0.1626928471248246,0.0168067226890756,0.0,0.0328185328185328,0.0091954022988505,0.0181818181818181,0.0203488372093023,0.0196078431372549,0.010752688172043,0.0610687022900763,0.2142857142857142,0.140625,0.2142857142857142,0.4724320173716093,0.3901419099051962,0.4724320173716093,0.0,0.0,0.0,0.0,0.0,0.0,0.0,0.0,0.0,0.0,0.0666666666666666,0.0,0.0,0.0,0.0,0.4007890843333884,0.2829705505761845,0.4818181818181817,0.0,0.6363636363636364,0.5,,0.6666666666666666,0.6666666666666666,,0.1818181818181818,1.0,,,1
-5.269679190381545,0.6504874723285828,-0.8500390559834577,-0.2122565992197414,-0.2550754967330121,0.5464632742106651,-0.3360215533706049,-0.1129576284046388,-0.5744580023923499,-0.0104863807671388,Spyware-TIBS-56d78fb94fce19e41d4fd8aa8cc8e76887afbe16f9d0ddf162abf6bbba3cc1e7-4.raw,0.0,0.0,0.6751979377646842,,0.6654290226194982,0.041081081081081,0.7909090909090911,0.0296986776501192,0.641997594375394,,0.1697054698457223,0.0330132052821128,0.0,0.0328185328185328,0.0896551724137931,0.0181818181818181,0.0203488372093023,0.0196078431372549,0.010752688172043,0.0610687022900763,0.2142857142857142,0.140625,0.2142857142857142,0.4724320173716093,0.3901419099051962,0.4724320173716093,0.0,0.0,0.0,0.0,0.0,0.0,0.0,0.0,0.0,0.0,0.0666666666666666,0.0,0.0,0.0,0.0,0.4007890843333884,0.2829705505761845,0.4818181818181817,0.0,0.6363636363636364,0.5,,0.6666666666666666,0.6666666666666666,,0.1818181818181818,1.0,,,1
-5.263533342090513,0.4295782296762222,-0.4389722852727014,0.0941115733925936,-0.1791081508145936,-0.1011227156321289,-0.6176426012701106,0.2675227083295489,0.7928872219961294,0.4625183352502398,Spyware-TIBS-97a0246b1c3df21db4449c71eabd9e2e4c622adfc1c6d9a86e151c844c6f4c30-3.raw,0.0,0.0,0.963910881973854,,0.757480466226268,0.041081081081081,0.7909090909090911,0.0795577715152829,0.7404957920088445,,0.1725105189340813,0.0774309723889555,0.0,0.0328185328185328,0.3563218390804598,0.0181818181818181,0.0203488372093023,0.0196078431372549,0.010752688172043,0.0610687022900763,0.2142857142857142,0.140625,0.2142857142857142,0.4724320173716093,0.3901419099051962,0.4724320173716093,0.0,0.0,0.0,0.0,0.0,0.0,0.0,0.0,0.0,0.0,0.0666666666666666,0.0,0.0,0.0,0.0,0.4007890843333884,0.2829705505761845,0.4818181818181817,0.0,0.6363636363636364,0.5,,0.6666666666666666,0.6666666666666666,,0.1818181818181818,1.0,,,1
-5.298456365701183,0.724165359333667,-0.9644777158698692,-0.3062442040750272,-0.2750778863551265,0.7350082272000938,-0.2697334096628651,-0.2191495961718585,-0.9129655416371644,-0.1281267497724564,Spyware-TIBS-6c020f140af8dd853073669a31bb0996b4f0a332a4a3b23b3e708d311b9ec587-5.raw,0.0,0.0,0.6236420548701895,,0.6334111291910564,0.041081081081081,0.7909090909090911,0.0123563841318014,0.6077373517202806,,0.1626928471248246,0.0156062424969987,0.0,0.0328185328185328,0.0114942528735632,0.0181818181818181,0.0203488372093023,0.0196078431372549,0.010752688172043,0.0610687022900763,0.2142857142857142,0.140625,0.2142857142857142,0.4724320173716093,0.3901419099051962,0.4724320173716093,0.0,0.0,0.0,0.0,0.0,0.0,0.0,0.0,0.0,0.0,0.0666666666666666,0.0,0.0,0.0,0.0,0.4007890843333884,0.2829705505761845,0.4818181818181817,0.0,0.6363636363636364,0.5,,0.6666666666666666,0.6666666666666666,,0.1818181818181818,1.0,,,1
-5.285827801488735,0.4191512500246886,-0.4357233079889876,0.1180599961536247,-0.1862032733359423,-0.0803067915466071,-0.6119075421986462,0.2839077749844477,0.6541662467497042,0.3966785818420197,Spyware-TIBS-10ef7e0a4f5ea636cdbf2eeeb6403c3ab328568bf47e67dc37b2a73b82bd06d4-2.raw,0.0,0.0,0.9587552936844044,,0.7714882946012113,0.041081081081081,0.7909090909090911,0.0871450249295469,0.7554846481704566,,0.1837307152875175,0.0732292917166866,0.0,0.0328185328185328,0.3195402298850575,0.0181818181818181,0.0203488372093023,0.0196078431372549,0.0161290322580645,0.0610687022900763,0.2142857142857142,0.140625,0.2142857142857142,0.4724320173716093,0.3901419099051962,0.4724320173716093,0.0,0.0,0.0,0.0,0.0,0.0,0.0,0.0,0.0,0.0,0.0666666666666666,0.0,0.0,0.0,0.0,0.4007890843333884,0.2829705505761845,0.4818181818181817,0.0,0.6363636363636364,0.5,,0.6666666666666666,0.6666666666666666,,0.1818181818181818,1.0,,,1
1.678778361144515,0.7933917280289268,5.048687773510316,0.9926329928082308,-0.2848509781085291,-0.7074550890300787,0.6317332055500738,0.80142308754659,-0.4561554820143391,-0.1779421770312508,Spyware-TIBS-85ae85a36eb35350175eb3c1b00dcab52d5fe726bab65975a6bb3177c8719da6-10.raw,0.2058823529411764,0.1428571428571428,0.5615972164902635,,0.9190190190624364,0.4583783783783783,0.982608695652174,0.5638413180143074,0.913347576611474,,0.2805049088359046,0.6710684273709484,0.3333333333333333,0.4671814671814672,0.4896551724137931,0.3454545454545454,0.7034883720930233,0.5686274509803921,0.478494623655914,0.6183206106870229,0.4285714285714285,0.390625,0.4285714285714285,0.4197687317956325,0.2761118206540299,0.4197687317956325,0.0112359550561797,4.630058338735068e-05,0.0112359550561797,0.0,0.2,0.0,0.1538461538461538,0.2,0.1538461538461538,0.2,0.2,0.3419354838709675,0.0,0.2630272952853595,0.3419354838709675,0.4513795718369017,0.4784189004997728,0.4760278304870335,1.0,1.0,1.0,,1.0,1.0,,0.7272727272727273,1.0,,,1
-0.956685183230237,-3.5965228894623884,2.577775655748604,0.7424743615505279,-0.0416469071637732,-0.4166960931402144,0.3189089170348958,0.1185749138127649,0.1401229300343912,0.1061674239515231,Spyware-TIBS-28e57139370f05830b5ffa383fde31916f358d49a03010d6cee044c63e852a82-7.raw,0.1470588235294117,0.0714285714285714,0.6948655523503616,,0.98879492314795,0.3448648648648648,0.9503220611916272,0.4968567092998049,0.9880101839685864,,0.2636746143057503,0.6398559423769508,0.2592592592592592,0.4227799227799227,0.4942528735632184,0.2,0.4331395348837209,0.4509803921568627,0.3494623655913978,0.4274809160305343,0.3333333333333333,0.296875,0.3333333333333333,0.3634562067807559,0.2332154601568117,0.3634562067807559,0.0112359550561797,4.630058338735068e-05,0.0112359550561797,0.0,0.0,0.0,0.0,0.0,0.0,0.0,0.0666666666666666,0.0,0.0,0.0,0.0,0.2555756479807115,0.1966614501825767,0.3156136528685546,1.0,1.0,1.0,,1.0,1.0,,0.7272727272727273,1.0,,,1
-4.843790126392309,3.115363174502725,1.5609973657050766,0.732003526707792,-0.3691101495489682,-0.1723067628612957,-0.3893138319508913,0.1906581980593218,0.8655293711519019,0.2168765863189554,Spyware-TIBS-56d78fb94fce19e41d4fd8aa8cc8e76887afbe16f9d0ddf162abf6bbba3cc1e7-2.raw,0.0,0.0,0.9896888234211012,,0.7722887419369223,0.0389189189189189,0.7851778656126482,0.0875785822675048,0.7563411542368345,,0.1795231416549789,0.0720288115246098,0.0,0.0173745173745173,0.3724137931034483,0.0181818181818181,0.0203488372093023,0.0196078431372549,0.010752688172043,0.0610687022900763,0.1904761904761904,0.125,0.1904761904761904,0.4189987635880066,0.3429125217635632,0.4189987635880066,0.0,0.0,0.0,0.0,0.1,0.0,0.0769230769230769,0.1,0.0769230769230769,0.1,0.1333333333333333,0.2304347826086956,0.0,0.177257525083612,0.2304347826086956,0.554210236653825,0.4856093080220452,0.6144927536231886,0.0,0.6363636363636364,0.5,,0.6666666666666666,0.6666666666666666,,0.1818181818181818,1.0,,,1
-4.661794918184165,3.2191373337468403,1.3009695343552814,0.5385379285378907,-0.3476904783403978,-0.0853580545923646,-0.486374492359346,0.6852792327765366,0.7911526464905652,0.2368672552192265,Spyware-TIBS-8dc489ff4bb652a015176896e29487c60c306a301e7e19e17fc8c357d8265615-2.raw,0.0,0.0,0.9793776468422024,,0.7722887419369223,0.0389189189189189,0.7851778656126482,0.0875785822675048,0.7563411542368345,,0.1781206171107994,0.073829531812725,0.0,0.0212355212355212,0.3586206896551724,0.0181818181818181,0.0203488372093023,0.0196078431372549,0.010752688172043,0.0610687022900763,0.2142857142857142,0.140625,0.2142857142857142,0.4754476940916429,0.3954224063895868,0.4754476940916429,0.0,0.0,0.0,0.0,0.1,0.0,0.0769230769230769,0.1,0.0769230769230769,0.1,0.1333333333333333,0.2304347826086956,0.0,0.177257525083612,0.2304347826086956,0.554210236653825,0.4856093080220452,0.6144927536231886,0.0,0.6363636363636364,0.5,,0.6666666666666666,0.6666666666666666,,0.1818181818181818,1.0,,,1
-6.192631453415708,1.8403976211415347,-2.3404385519637483,0.0887986842399924,-0.2583919089224221,-4.432065687646964,-1.0744746837601775,-0.0848663092514758,-1.8002881435856644,0.5767259420570989,Spyware-TIBS-97a0246b1c3df21db4449c71eabd9e2e4c622adfc1c6d9a86e151c844c6f4c30-6.raw,0.0,0.0,0.7370649972380776,,0.8223167004188626,0.1102702702702702,0.9743083003952572,0.1146759158898764,0.809872783385449,,0.1865357643758765,0.1452581032412965,0.0,0.0752895752895752,0.1517241379310344,0.0181818181818181,0.1133720930232558,0.0392156862745098,0.032258064516129,0.1221374045801526,0.2619047619047619,0.171875,0.2619047619047619,0.4876373768336732,0.3303325336300482,0.4876373768336732,0.0,0.0,0.0,0.0,0.0,0.0,0.0,0.0,0.0,0.0,0.0666666666666666,0.0,0.0,0.0,0.0,0.4007890843333884,0.2829705505761845,0.4818181818181817,0.0,0.0,0.0,,0.0,0.0,,0.2727272727272727,1.0,,,1
-5.0902025525896795,0.6983657746078524,-1.032289834871561,-0.3630165918465272,-0.2379138723481642,0.580360189727675,-0.4363940198885239,0.3760218357373817,-0.7237467442536364,-0.0102936485034709,Spyware-TIBS-45f85eaf165337665b247db9aecc04e018d6402f73da2730fc66b885252abe7e-6.raw,0.0,0.0,0.659731172896336,,0.6826386403372855,0.0443243243243243,0.7995059288537549,0.039020160416215,0.6604124748025173,,0.1683029453015427,0.0684273709483793,0.0,0.0386100386100386,0.064367816091954,0.0181818181818181,0.0203488372093023,0.0196078431372549,0.021505376344086,0.0610687022900763,0.238095238095238,0.15625,0.238095238095238,0.523978816875774,0.4344045308964054,0.523978816875774,0.0,0.0,0.0,0.0,0.0,0.0,0.0,0.0,0.0,0.0,0.0666666666666666,0.0,0.0,0.0,0.0,0.4007890843333884,0.2829705505761845,0.4818181818181817,0.0,0.6363636363636364,0.5,,0.6666666666666666,0.6666666666666666,,0.1818181818181818,1.0,,,1
-0.9695210281855458,-3.5078440376258264,2.437231974871122,0.6450425384268529,-0.0529006969332387,-0.2421252283362185,0.3677339914040741,0.07094214912693,-0.0757946723439644,0.0262315732093794,Spyware-TIBS-9c8a2292cad7ae8b939c0fb6a7369ee7a84c470bf463fa473805bfad8c69a7f9-8.raw,0.1470588235294117,0.0714285714285714,0.6570579048943991,,0.9614018365480612,0.3394594594594594,0.938647342995169,0.4786473011055712,0.9586986430303228,,0.2622720897615708,0.6152460984393757,0.2592592592592592,0.4247104247104247,0.4413793103448276,0.2,0.4331395348837209,0.4509803921568627,0.3494623655913978,0.4122137404580153,0.3333333333333333,0.296875,0.3333333333333333,0.3688370824387161,0.2427740071603362,0.3688370824387161,0.0112359550561797,4.630058338735068e-05,0.0112359550561797,0.0,0.0,0.0,0.0,0.0,0.0,0.0,0.0666666666666666,0.0,0.0,0.0,0.0,0.2555756479807115,0.1966614501825767,0.3156136528685546,1.0,1.0,1.0,,1.0,1.0,,0.7272727272727273,1.0,,,1
-5.7457986427262915,2.31668140551396,2.463441493017385,1.3677149020204686,-0.4270308452558075,-0.6347328778073625,0.6571126272659662,-2.390170889984269,1.2444892492263349,-0.6625239856452161,Spyware-TIBS-40a45471e1b7f0ad943f0e2f736afb24b7048c09caf44befbfaf8c10c89aca25-2.raw,0.0,0.0,0.9742220585527528,,0.754278676883424,0.0302702702702702,0.7622529644268777,0.0778235421634511,0.7370697677433334,,0.1725105189340813,0.0648259303721488,0.0,0.0038610038610038,0.3448275862068966,0.0181818181818181,0.0087209302325581,0.0196078431372549,0.0053763440860215,0.0610687022900763,0.0714285714285714,0.046875,0.0714285714285714,0.1443570581308702,0.0975043438656661,0.1443570581308702,0.0,0.0,0.0,0.0,0.1,0.0,0.0769230769230769,0.1,0.0769230769230769,0.1,0.0666666666666666,0.2304347826086956,0.0,0.177257525083612,0.2304347826086956,0.554210236653825,0.4856093080220452,0.4427962489343561,0.0,0.6363636363636364,0.5,,0.6666666666666666,0.6666666666666666,,0.1818181818181818,1.0,,,1
-0.9896213789544296,-3.4990193165644494,2.4137662615917583,0.6390238428028744,-0.0689536495050846,-0.165042774277925,0.4140662389605291,-0.0171918102088937,-0.3311567666970258,-0.0779405253046617,Spyware-TIBS-8fdea52e2c3a415a4be17226fc6cd3fe62e4b49fc156b4a828a0bec730b1cdc5-9.raw,0.1470588235294117,0.0714285714285714,0.6192502574384364,,0.950314158638582,0.3448648648648648,0.9503220611916272,0.4712768263602861,0.9468344478886443,,0.2692847124824684,0.6050420168067226,0.2592592592592592,0.4247104247104247,0.3885057471264367,0.2,0.4331395348837209,0.4509803921568627,0.3494623655913978,0.4274809160305343,0.3333333333333333,0.296875,0.3333333333333333,0.3634562067807559,0.2332154601568117,0.3634562067807559,0.0112359550561797,4.630058338735068e-05,0.0112359550561797,0.0,0.0,0.0,0.0,0.0,0.0,0.0,0.0666666666666666,0.0,0.0,0.0,0.0,0.2555756479807115,0.1966614501825767,0.3156136528685546,1.0,1.0,1.0,,1.0,1.0,,0.7272727272727273,1.0,,,1
-5.275494948739808,0.437400677125029,-0.4457071548716943,0.0904871056543564,-0.1796918023531754,-0.0889008685058604,-0.6188021600073474,0.2640706672004327,0.7897040718214954,0.457104062929909,Spyware-TIBS-6e996c9ce02c848f4a648e77d67ca89da64badb09faf00c5edbdea6cf7e2b93d-3.raw,0.0,0.0,0.9742220585527528,,0.7538784532155683,0.041081081081081,0.7909090909090911,0.0776067634944721,0.7366415147101443,,0.1725105189340813,0.0750300120048019,0.0,0.0328185328185328,0.3494252873563218,0.0181818181818181,0.0203488372093023,0.0196078431372549,0.010752688172043,0.0610687022900763,0.2142857142857142,0.140625,0.2142857142857142,0.4724320173716093,0.3901419099051962,0.4724320173716093,0.0,0.0,0.0,0.0,0.0,0.0,0.0,0.0,0.0,0.0,0.0666666666666666,0.0,0.0,0.0,0.0,0.4007890843333884,0.2829705505761845,0.4818181818181817,0.0,0.6363636363636364,0.5,,0.6666666666666666,0.6666666666666666,,0.1818181818181818,1.0,,,1
-4.663225991321805,3.1822841345003425,1.3544243995869152,0.580507232321291,-0.3468542251411978,-0.1384627375807844,-0.4981142821569692,0.6941654449485053,0.8059104084934423,0.234378161477186,Spyware-TIBS-27d7f533077c5f1cb54d2b03d7bb5c27a0f9b37b8ad7e87b5a8996f1d2135ef4-2.raw,0.0,0.0,0.9948444117105508,,0.7830947809690214,0.041081081081081,0.7909090909090911,0.0934316063299371,0.7679039861329351,,0.1837307152875175,0.0840336134453781,0.0,0.0328185328185328,0.360919540229885,0.0181818181818181,0.0203488372093023,0.0196078431372549,0.0161290322580645,0.0610687022900763,0.2142857142857142,0.140625,0.2142857142857142,0.4724320173716093,0.3901419099051962,0.4724320173716093,0.0,0.0,0.0,0.0,0.1,0.0,0.0769230769230769,0.1,0.0769230769230769,0.1,0.1333333333333333,0.2304347826086956,0.0,0.177257525083612,0.2304347826086956,0.554210236653825,0.4856093080220452,0.6144927536231886,0.0,0.6363636363636364,0.5,,0.6666666666666666,0.6666666666666666,,0.1818181818181818,1.0,,,1
-5.09748296480201,0.7014392625212036,-1.0366765150400434,-0.3659469039129693,-0.2397009382099489,0.593049725560245,-0.433741939468289,0.3731329285684977,-0.7541630239294749,-0.0223155597600155,Spyware-TIBS-8d8af27b1ab68fde08153c7b2d90670c329aa93abe1645da4651ae0941f6da09-6.raw,0.0,0.0,0.659731172896336,,0.6822384166694301,0.0443243243243243,0.7995059288537549,0.038803381747236,0.6599842217693285,,0.1683029453015427,0.0684273709483793,0.0,0.0386100386100386,0.0551724137931034,0.0181818181818181,0.0203488372093023,0.0196078431372549,0.021505376344086,0.0610687022900763,0.238095238095238,0.15625,0.238095238095238,0.523978816875774,0.4344045308964054,0.523978816875774,0.0,0.0,0.0,0.0,0.0,0.0,0.0,0.0,0.0,0.0,0.0666666666666666,0.0,0.0,0.0,0.0,0.4007890843333884,0.2829705505761845,0.4818181818181817,0.0,0.6363636363636364,0.5,,0.6666666666666666,0.6666666666666666,,0.1818181818181818,1.0,,,1
-5.26886143277369,0.6584048303926858,-0.8604165366393621,-0.2329821000825951,-0.2575489088416723,0.5678973396047383,-0.3269928800226322,-0.1299736967175058,-0.6142933653067345,-0.0136385483290784,Spyware-TIBS-8dc489ff4bb652a015176896e29487c60c306a301e7e19e17fc8c357d8265615-4.raw,0.0,0.0,0.659731172896336,,0.6618270096087986,0.041081081081081,0.7909090909090911,0.0277476696293084,0.6381433170766939,,0.1626928471248246,0.0300120048019207,0.0,0.0328185328185328,0.0850574712643678,0.0181818181818181,0.0203488372093023,0.0196078431372549,0.010752688172043,0.0610687022900763,0.2142857142857142,0.140625,0.2142857142857142,0.4724320173716093,0.3901419099051962,0.4724320173716093,0.0,0.0,0.0,0.0,0.0,0.0,0.0,0.0,0.0,0.0,0.0666666666666666,0.0,0.0,0.0,0.0,0.4007890843333884,0.2829705505761845,0.4818181818181817,0.0,0.6363636363636364,0.5,,0.6666666666666666,0.6666666666666666,,0.1818181818181818,1.0,,,1
-5.09556888799385,0.7060740765637031,-1.0442770813016449,-0.3709599715622941,-0.2401979052912316,0.6007450240117581,-0.4295678585807495,0.3661299630285486,-0.7611161277083495,-0.0242637278758086,Spyware-TIBS-8d05ac658cc148b5089cba5909d167e79b2ee62d09dfdba71234792f184da271-6.raw,0.0,0.0,0.6545755846068864,,0.6798370746622969,0.0443243243243243,0.7995059288537549,0.0375027097333622,0.6574147035701949,,0.1683029453015427,0.0684273709483793,0.0,0.0347490347490347,0.0551724137931034,0.0181818181818181,0.0203488372093023,0.0196078431372549,0.021505376344086,0.0610687022900763,0.238095238095238,0.15625,0.238095238095238,0.523978816875774,0.4344045308964054,0.523978816875774,0.0,0.0,0.0,0.0,0.0,0.0,0.0,0.0,0.0,0.0,0.0666666666666666,0.0,0.0,0.0,0.0,0.4007890843333884,0.2829705505761845,0.4818181818181817,0.0,0.6363636363636364,0.5,,0.6666666666666666,0.6666666666666666,,0.1818181818181818,1.0,,,1
-5.29295713549885,0.4204371164478349,-0.4290431297394326,0.1114936594044315,-0.1847956035636633,-0.0853245127410353,-0.6173638438620483,0.2857536979050311,0.6905419246793287,0.4181868582434901,Spyware-TIBS-10f9ff1e9f0cddbac2bf5dd5921a15f8c925fa57b2a1d2f9f10772a3b6bba6b2-2.raw,0.0,0.0,0.963910881973854,,0.7706878472655002,0.041081081081081,0.7909090909090911,0.0867114675915889,0.7546281421040788,,0.1767180925666199,0.073829531812725,0.0,0.0328185328185328,0.3264367816091954,0.0181818181818181,0.0203488372093023,0.0196078431372549,0.010752688172043,0.0610687022900763,0.2142857142857142,0.140625,0.2142857142857142,0.4724320173716093,0.3901419099051962,0.4724320173716093,0.0,0.0,0.0,0.0,0.0,0.0,0.0,0.0,0.0,0.0,0.0666666666666666,0.0,0.0,0.0,0.0,0.4007890843333884,0.2829705505761845,0.4818181818181817,0.0,0.6363636363636364,0.5,,0.6666666666666666,0.6666666666666666,,0.1818181818181818,1.0,,,1
-5.261527241093038,0.426625230770224,-0.4320950395059687,0.0940652608142029,-0.1779047337848326,-0.1111608793311242,-0.6213348083903885,0.2707331996399096,0.8163366831094598,0.4753405691530066,Spyware-TIBS-8dc489ff4bb652a015176896e29487c60c306a301e7e19e17fc8c357d8265615-3.raw,0.0,0.0,0.963910881973854,,0.7586811372298348,0.041081081081081,0.7909090909090911,0.0802081075222198,0.7417805511084115,,0.1697054698457223,0.0762304921968787,0.0,0.0328185328185328,0.3632183908045977,0.0181818181818181,0.0203488372093023,0.0196078431372549,0.010752688172043,0.0610687022900763,0.2142857142857142,0.140625,0.2142857142857142,0.4724320173716093,0.3901419099051962,0.4724320173716093,0.0,0.0,0.0,0.0,0.0,0.0,0.0,0.0,0.0,0.0,0.0666666666666666,0.0,0.0,0.0,0.0,0.4007890843333884,0.2829705505761845,0.4818181818181817,0.0,0.6363636363636364,0.5,,0.6666666666666666,0.6666666666666666,,0.1818181818181818,1.0,,,1
-5.26018705448964,0.5973912648876982,-0.7405074414869837,-0.1444504669457358,-0.2316318071775575,0.3641287595258743,-0.4150556231274583,-0.0200794659250919,-0.1426175261004743,0.1503994906468795,Spyware-TIBS-8d05ac658cc148b5089cba5909d167e79b2ee62d09dfdba71234792f184da271-4.raw,0.0,0.0,0.7525317621064258,,0.6838393113408522,0.041081081081081,0.7909090909090911,0.0396704964231519,0.6616972339020842,,0.1626928471248246,0.0432172869147659,0.0,0.0289575289575289,0.1793103448275862,0.0181818181818181,0.0203488372093023,0.0196078431372549,0.010752688172043,0.0610687022900763,0.2142857142857142,0.140625,0.2142857142857142,0.4724320173716093,0.3901419099051962,0.4724320173716093,0.0,0.0,0.0,0.0,0.0,0.0,0.0,0.0,0.0,0.0,0.0666666666666666,0.0,0.0,0.0,0.0,0.4007890843333884,0.2829705505761845,0.4818181818181817,0.0,0.6363636363636364,0.5,,0.6666666666666666,0.6666666666666666,,0.1818181818181818,1.0,,,1
-5.278357511257609,0.399763656940845,-0.4012554292345811,0.1427983947892322,-0.1791023392774285,-0.1391786779673492,-0.6347322108666114,0.3142938333122573,0.779842260347384,0.4420610044243327,Spyware-TIBS-25ac33bc94decabf1572c58b136cd489a8ec017b0d1ea345b6e37a84423ca2d8-2.raw,0.0,0.0,0.9793776468422024,,0.7786923206226106,0.041081081081081,0.7909090909090911,0.0910470409711684,0.7631932027678571,,0.1837307152875175,0.0774309723889555,0.0,0.0328185328185328,0.3471264367816092,0.0181818181818181,0.0203488372093023,0.0196078431372549,0.0161290322580645,0.0610687022900763,0.2142857142857142,0.140625,0.2142857142857142,0.4724320173716093,0.3901419099051962,0.4724320173716093,0.0,0.0,0.0,0.0,0.0,0.0,0.0,0.0,0.0,0.0,0.0666666666666666,0.0,0.0,0.0,0.0,0.4007890843333884,0.2829705505761845,0.4818181818181817,0.0,0.6363636363636364,0.5,,0.6666666666666666,0.6666666666666666,,0.1818181818181818,1.0,,,1
-4.253402755816221,5.439175046918812,2.90744298751757,0.8855101582570786,-0.4826189522217651,-0.2773876448924541,0.275692522026991,0.3960443448064089,0.973105466925863,-0.7002804897006765,Spyware-TIBS-49bb6d6117975b63789c7307ca5c4b166239b7d2c342f80a2487dfe99ef438f2-1.raw,0.0,0.0,0.9587552936844044,,0.7586811372298348,0.0389189189189189,0.7851778656126482,0.0802081075222198,0.7417805511084115,,0.1739130434782608,0.0618247298919567,0.0,0.0173745173745173,0.3172413793103448,0.0181818181818181,0.0203488372093023,0.0196078431372549,0.010752688172043,0.0610687022900763,0.1904761904761904,0.125,0.1904761904761904,0.4189987635880066,0.3429125217635632,0.4189987635880066,0.0,0.0,0.0,0.0,0.2,0.0,0.1538461538461538,0.2,0.1538461538461538,0.2,0.1333333333333333,0.4416666666666666,0.0,0.3397435897435896,0.4416666666666666,0.6948462929475591,0.6713615023474178,0.5715686274509806,0.0,0.6363636363636364,0.5,,0.6666666666666666,0.6666666666666666,,0.1818181818181818,1.0,,,1
-0.9799578255519944,-3.4766178989172913,2.3820235989210348,0.6054794001117093,-0.063843171147546,-0.1500182233096414,0.4039742595500606,0.0221610927127084,-0.2686914217564327,-0.0432033664059377,Spyware-TIBS-9c8a2292cad7ae8b939c0fb6a7369ee7a84c470bf463fa473805bfad8c69a7f9-9.raw,0.1470588235294117,0.0714285714285714,0.6234511071557657,,0.949661942290966,0.3394594594594594,0.938647342995169,0.4708432690223282,0.9461365540567817,,0.2622720897615708,0.6080432172869148,0.2592592592592592,0.4247104247104247,0.4,0.2,0.4331395348837209,0.4509803921568627,0.3494623655913978,0.4122137404580153,0.3333333333333333,0.296875,0.3333333333333333,0.3688370824387161,0.2427740071603362,0.3688370824387161,0.0112359550561797,4.630058338735068e-05,0.0112359550561797,0.0,0.0,0.0,0.0,0.0,0.0,0.0,0.0666666666666666,0.0,0.0,0.0,0.0,0.2555756479807115,0.1966614501825767,0.3156136528685546,1.0,1.0,1.0,,1.0,1.0,,0.7272727272727273,1.0,,,1
-0.9494503810758196,-3.5689616039118626,2.531788853961424,0.7125206491623374,-0.038905383535451,-0.3838631404987003,0.3171034449531932,0.1530152832233491,0.1564055247105976,0.1139441256518496,Spyware-TIBS-76ba065d9bbd91b3a2a24ae4c092e3dce4f2555b79ea5c14bc3ff9495ff7e965-7.raw,0.1470588235294117,0.0714285714285714,0.6948655523503616,,0.9874904904527172,0.3394594594594594,0.938647342995169,0.495989594623889,0.9866143963048594,,0.2636746143057503,0.6392557022809123,0.2592592592592592,0.4227799227799227,0.4942528735632184,0.2,0.4331395348837209,0.4509803921568627,0.3494623655913978,0.4122137404580153,0.3333333333333333,0.296875,0.3333333333333333,0.3688370824387161,0.2427740071603362,0.3688370824387161,0.0112359550561797,4.630058338735068e-05,0.0112359550561797,0.0,0.0,0.0,0.0,0.0,0.0,0.0,0.0666666666666666,0.0,0.0,0.0,0.0,0.2555756479807115,0.1966614501825767,0.3156136528685546,1.0,1.0,1.0,,1.0,1.0,,0.7272727272727273,1.0,,,1
-5.266539487800685,0.4504887983683932,-0.4664307615514989,0.0644304311935649,-0.1820929456693713,-0.0612644051563854,-0.6043959003422622,0.2377938613910289,0.7490782832578947,0.452547900743304,Spyware-TIBS-7ee08dbd8e61fb131cc2258ad23f01c675265c04b502aa8676da524f962a98ab-3.raw,0.0,0.0,0.9535997053949548,,0.7462742035263136,0.041081081081081,0.7909090909090911,0.0734879687838716,0.7285047070795551,,0.1669004207573632,0.0714285714285714,0.0,0.0328185328185328,0.3471264367816092,0.0181818181818181,0.0203488372093023,0.0196078431372549,0.010752688172043,0.0610687022900763,0.2142857142857142,0.140625,0.2142857142857142,0.4724320173716093,0.3901419099051962,0.4724320173716093,0.0,0.0,0.0,0.0,0.0,0.0,0.0,0.0,0.0,0.0,0.0666666666666666,0.0,0.0,0.0,0.0,0.4007890843333884,0.2829705505761845,0.4818181818181817,0.0,0.6363636363636364,0.5,,0.6666666666666666,0.6666666666666666,,0.1818181818181818,1.0,,,1
-5.4787552454002615,0.3509205129752153,-0.2132624229907027,0.2690894057447007,-0.2053254355831592,-0.1316745730519249,-0.5185618401340757,-0.2098265370057755,0.7835746853835481,0.4099627585879039,Spyware-TIBS-7cbae8b99aad8d5f683842fe9b1d44647599dfa2c73feac803baa1f9cbf789a8-2.raw,0.0,0.0,0.9742220585527528,,0.7598818082334012,0.0389189189189189,0.7851778656126482,0.0808584435291567,0.7430653102079781,,0.1725105189340813,0.0648259303721488,0.0,0.0135135135135135,0.3402298850574712,0.0181818181818181,0.0203488372093023,0.0196078431372549,0.010752688172043,0.0610687022900763,0.1904761904761904,0.125,0.1904761904761904,0.4189987635880066,0.3429125217635632,0.4189987635880066,0.0,0.0,0.0,0.0,0.0,0.0,0.0,0.0,0.0,0.0,0.0666666666666666,0.0,0.0,0.0,0.0,0.4007890843333884,0.2829705505761845,0.4818181818181817,0.0,0.6363636363636364,0.5,,0.6666666666666666,0.6666666666666666,,0.1818181818181818,1.0,,,1
-4.827434660331922,2.7315280347067254,1.340152630776062,0.550046264863599,-0.2992156555659323,-0.4538279253357782,0.0958826726489486,0.1461535807152989,1.2874875201667386,-0.4366411554725012,Spyware-TIBS-56d78fb94fce19e41d4fd8aa8cc8e76887afbe16f9d0ddf162abf6bbba3cc1e7-1.raw,0.0,0.0,0.9948444117105508,,0.7794927679583217,0.0389189189189189,0.7851778656126482,0.0914805983091263,0.7640497088342348,,0.1795231416549789,0.0750300120048019,0.0,0.0173745173745173,0.3747126436781609,0.0181818181818181,0.0203488372093023,0.0196078431372549,0.010752688172043,0.0610687022900763,0.1904761904761904,0.125,0.1904761904761904,0.4189987635880066,0.3429125217635632,0.4189987635880066,0.0,0.0,0.0,0.0,0.1,0.0,0.0769230769230769,0.1,0.0769230769230769,0.1,0.0666666666666666,0.2304347826086956,0.0,0.177257525083612,0.2304347826086956,0.554210236653825,0.4856093080220452,0.4427962489343561,0.0,0.6363636363636364,0.5,,0.6666666666666666,0.6666666666666666,,0.1818181818181818,1.0,,,1
-0.9580717350045158,-3.5217949737762484,2.446307341329162,0.6629071201149911,-0.0530975930878448,-0.2571328678195599,0.3695250866310614,0.0833113736066199,-0.0952962790951694,0.0145245885320411,Spyware-TIBS-56d78fb94fce19e41d4fd8aa8cc8e76887afbe16f9d0ddf162abf6bbba3cc1e7-8.raw,0.1470588235294117,0.0714285714285714,0.6486562054597407,,0.9692284327194576,0.3394594594594594,0.938647342995169,0.4838499891610665,0.9670733690126836,,0.2692847124824684,0.6212484993997599,0.2592592592592592,0.4247104247104247,0.4413793103448276,0.2,0.4331395348837209,0.4509803921568627,0.3494623655913978,0.4122137404580153,0.3333333333333333,0.296875,0.3333333333333333,0.3688370824387161,0.2427740071603362,0.3688370824387161,0.0112359550561797,4.630058338735068e-05,0.0112359550561797,0.0,0.0,0.0,0.0,0.0,0.0,0.0,0.0666666666666666,0.0,0.0,0.0,0.0,0.2555756479807115,0.1966614501825767,0.3156136528685546,1.0,1.0,1.0,,1.0,1.0,,0.7272727272727273,1.0,,,1
-2.190606375454151,-2.333417657594346,2.273345162592041,0.6756629763742844,-0.1691106904209328,0.8762653299756985,-0.3651067610008737,0.7478115521543595,-0.4684787691162969,0.632653208480687,Spyware-TIBS-8b374a972ae3f2aa202e216b2ebb61cd7668d1e3803cfcc9bdeb9f7e1a0e70c2-7.raw,0.088235294117647,0.0,0.7224231264960411,,0.9359001773562594,0.2410810810810811,0.9355652173913048,0.3474962063732928,0.931410994204463,,0.2272089761570827,0.4447779111644658,0.1481481481481481,0.3146718146718146,0.3425287356321839,0.1272727272727272,0.3226744186046512,0.2941176470588235,0.1666666666666666,0.3206106870229007,0.3095238095238095,0.25,0.3095238095238095,0.4279275579539334,0.2956750326805799,0.4279275579539334,0.0,0.0,0.0,0.0,0.0,0.0,0.0,0.0,0.0,0.0,0.1333333333333333,0.0,0.0,0.0,0.0,0.3066907775768539,0.2270422535211269,0.5320784313725492,1.0,1.0,1.0,,1.0,1.0,,0.5454545454545454,1.0,,,1
-4.845432474228256,2.7750645903055067,1.2699433726641802,0.4898191840992147,-0.3132680358361593,-0.3316337329279231,0.140678553131672,0.0793565803423128,1.046232301213364,-0.5172126682156764,Spyware-TIBS-10f9ff1e9f0cddbac2bf5dd5921a15f8c925fa57b2a1d2f9f10772a3b6bba6b2-1.raw,0.0,0.0,0.9535997053949548,,0.7622831502405344,0.0389189189189189,0.7851778656126482,0.0821591155430305,0.7456348284071117,,0.1739130434782608,0.063625450180072,0.0,0.0173745173745173,0.3218390804597701,0.0181818181818181,0.0203488372093023,0.0196078431372549,0.010752688172043,0.0610687022900763,0.1904761904761904,0.125,0.1904761904761904,0.4189987635880066,0.3429125217635632,0.4189987635880066,0.0,0.0,0.0,0.0,0.1,0.0,0.0769230769230769,0.1,0.0769230769230769,0.1,0.0666666666666666,0.2304347826086956,0.0,0.177257525083612,0.2304347826086956,0.554210236653825,0.4856093080220452,0.4427962489343561,0.0,0.6363636363636364,0.5,,0.6666666666666666,0.6666666666666666,,0.1818181818181818,1.0,,,1
-4.996089128952057,0.4799491056535006,-0.3727020996995622,-0.1375780862274115,-0.1542995128823003,-0.0100577226142593,-2.198227607581771,-0.2341280006510823,0.9878058281099484,-0.1778841856823031,Spyware-TIBS-7c5d590afd39575ec7211e69d22acd56638f9356d955ac4ebca7bc93ad4f439b-3.raw,0.0,0.0,0.9690664702633032,,0.7446733088548915,0.041081081081081,0.7909090909090911,0.0726208541079557,0.7267916949467994,,0.1626928471248246,0.0768307322929171,0.0,0.0328185328185328,0.3701149425287356,0.0181818181818181,0.0203488372093023,0.0196078431372549,0.010752688172043,0.0610687022900763,0.2142857142857142,0.140625,0.2142857142857142,0.4724320173716093,0.3901419099051962,0.4724320173716093,0.0,0.0,0.0,0.0,0.0,0.0,0.0,0.0,0.0,0.0,0.0666666666666666,0.0,0.0,0.0,0.0,0.4007890843333884,0.2829705505761845,0.4818181818181817,0.0,0.6363636363636364,0.5,,0.6666666666666666,0.6666666666666666,,0.1818181818181818,0.5,,,1
-6.1800360195063835,0.263119812667425,0.2120048657340385,0.5744116705611421,-0.3922148812776366,0.4466202479276559,0.2613357148354959,-2.6794907598864044,-0.8031299587314371,-0.3086073519061763,Spyware-TIBS-9aa88b8359d2090f6588d882078813d7c548776d7403627c25f1091a0564fce6-5.raw,0.0,0.0,0.6133308782912907,,0.6318102345196345,0.0324324324324324,0.7679841897233202,0.0114892694558855,0.6060243395875252,,0.1697054698457223,0.0138055222088835,0.0,0.0193050193050193,0.025287356321839,0.0181818181818181,0.0087209302325581,0.0196078431372549,0.0053763440860215,0.0610687022900763,0.0952380952380952,0.0625,0.0952380952380952,0.1993938572318559,0.1461595045305657,0.1993938572318559,0.0,0.0,0.0,0.0,0.0,0.0,0.0,0.0,0.0,0.0,0.0666666666666666,0.0,0.0,0.0,0.0,0.4007890843333884,0.2829705505761845,0.4818181818181817,0.0,0.6363636363636364,0.5,,0.6666666666666666,0.6666666666666666,,0.1818181818181818,1.0,,,1
-0.9769550344219176,-3.5267193706395346,2.4664415467800453,0.6650314546455552,-0.0516163105171862,-0.2704015022428856,0.3540872594220074,0.0974922218662251,-0.0577873335653483,0.0334344969169159,Spyware-TIBS-8d8af27b1ab68fde08153c7b2d90670c329aa93abe1645da4651ae0941f6da09-8.raw,0.1470588235294117,0.0714285714285714,0.6696604540463869,,0.9718372981099236,0.3394594594594594,0.938647342995169,0.4855842185128983,0.9698649443401374,,0.2622720897615708,0.6248499399759904,0.2592592592592592,0.4247104247104247,0.4413793103448276,0.2,0.4331395348837209,0.4509803921568627,0.3494623655913978,0.4122137404580153,0.3333333333333333,0.296875,0.3333333333333333,0.3688370824387161,0.2427740071603362,0.3688370824387161,0.0112359550561797,4.630058338735068e-05,0.0112359550561797,0.0,0.0,0.0,0.0,0.0,0.0,0.0,0.0666666666666666,0.0,0.0,0.0,0.0,0.2555756479807115,0.1966614501825767,0.3156136528685546,1.0,1.0,1.0,,1.0,1.0,,0.7272727272727273,1.0,,,1
2.8149798616815365,5.1552293469408275,7.799276365326265,1.6585254755858674,-0.5790901295202501,-0.7155562282783786,0.863331181332516,1.228920487893698,-0.463647157477616,-0.2457444144421721,Spyware-TIBS-6c524355af15275aa5b7f957574769ce268cbe125214f26c32a1037bc831ee8d-10.raw,0.2058823529411764,0.1428571428571428,0.5967974399837459,,0.929949265439732,0.4583783783783783,0.982608695652174,0.5716453500975504,0.9250433146213232,,0.2805049088359046,0.6800720288115246,0.3333333333333333,0.4671814671814672,0.5287356321839081,0.3454545454545454,0.7034883720930233,0.5686274509803921,0.478494623655914,0.6183206106870229,0.4285714285714285,0.390625,0.4285714285714285,0.4197687317956325,0.2761118206540299,0.4197687317956325,0.0112359550561797,4.630058338735068e-05,0.0112359550561797,0.0,0.4,0.0,0.3076923076923077,0.4,0.3076923076923077,0.4,0.3333333333333333,0.6424242424242426,0.0,0.4941724941724942,0.6424242424242426,0.6621732697682067,0.7490396927016647,0.661319073083779,1.0,1.0,1.0,,1.0,1.0,,0.7272727272727273,1.0,,,1
-0.9712236263997992,-3.514378364768545,2.442887140302389,0.6487633713940454,-0.0548402707514563,-0.2404763944073362,0.3701375352372893,0.0756840323653872,-0.1151579134910315,0.0144562237243317,Spyware-TIBS-10ef7e0a4f5ea636cdbf2eeeb6403c3ab328568bf47e67dc37b2a73b82bd06d4-8.raw,0.1470588235294117,0.0714285714285714,0.6486562054597407,,0.9669456755028004,0.3394594594594594,0.938647342995169,0.4823325384782137,0.964630740601162,,0.2622720897615708,0.6164465786314526,0.2592592592592592,0.4247104247104247,0.4344827586206896,0.2,0.4331395348837209,0.4509803921568627,0.3494623655913978,0.4122137404580153,0.3333333333333333,0.296875,0.3333333333333333,0.3688370824387161,0.2427740071603362,0.3688370824387161,0.0112359550561797,4.630058338735068e-05,0.0112359550561797,0.0,0.0,0.0,0.0,0.0,0.0,0.0,0.0666666666666666,0.0,0.0,0.0,0.0,0.2555756479807115,0.1966614501825767,0.3156136528685546,1.0,1.0,1.0,,1.0,1.0,,0.7272727272727273,1.0,,,1
-0.984106475115582,-3.4692015915365593,2.368872211542205,0.5962708711081538,-0.0668107202995887,-0.1264586328393544,0.4128825146654236,0.0108712205203031,-0.320751809981708,-0.0620873634235865,Spyware-TIBS-90c50fdd82efd7f377529b07f07b58d9c836a94bbee69bc016385c907f926021-9.raw,0.1470588235294117,0.0714285714285714,0.6150494077211073,,0.9473791850743084,0.3394594594594594,0.938647342995169,0.4693258183394754,0.9436939256452592,,0.2622720897615708,0.6056422569027611,0.2592592592592592,0.4247104247104247,0.3885057471264367,0.2,0.4331395348837209,0.4509803921568627,0.3494623655913978,0.4122137404580153,0.3333333333333333,0.296875,0.3333333333333333,0.3688370824387161,0.2427740071603362,0.3688370824387161,0.0112359550561797,4.630058338735068e-05,0.0112359550561797,0.0,0.0,0.0,0.0,0.0,0.0,0.0,0.0666666666666666,0.0,0.0,0.0,0.0,0.2555756479807115,0.1966614501825767,0.3156136528685546,1.0,1.0,1.0,,1.0,1.0,,0.7272727272727273,1.0,,,1
-0.2418537289648301,-3.781725733387448,2.384407666907559,0.5263497511108692,-0.0131024571954788,-0.5836660411740661,0.3562882236285889,0.1780722257380062,-0.1859114817208271,0.0625724957732909,Spyware-TIBS-7ee08dbd8e61fb131cc2258ad23f01c675265c04b502aa8676da524f962a98ab-10.raw,0.1764705882352941,0.1428571428571428,0.6055974958571165,,0.950616973371404,0.4086486486486486,0.9816770186335404,0.5289399523086928,0.9471584700248667,,0.2636746143057503,0.6548619447779112,0.2962962962962963,0.4459459459459459,0.4781609195402299,0.2363636363636363,0.6918604651162791,0.5098039215686274,0.3709677419354839,0.4503816793893129,0.3809523809523809,0.34375,0.3809523809523809,0.3860046145838139,0.243652706029865,0.3860046145838139,0.0112359550561797,4.630058338735068e-05,0.0112359550561797,0.0,0.0,0.0,0.0,0.0,0.0,0.0,0.0666666666666666,0.0,0.0,0.0,0.0,0.2327563936967193,0.1830985915492957,0.2894957983193275,1.0,1.0,1.0,,1.0,1.0,,0.7272727272727273,1.0,,,1
-5.296707683714607,0.7253805346041567,-0.968147769662668,-0.3091718045139899,-0.2759337576627618,0.7408071398238923,-0.2661682807121793,-0.2229725208375236,-0.92967732975055,-0.133234746895555,Spyware-TIBS-45f85eaf165337665b247db9aecc04e018d6402f73da2730fc66b885252abe7e-5.raw,0.0,0.0,0.6184864665807401,,0.6330109055232009,0.041081081081081,0.7909090909090911,0.0121396054628224,0.6073090986870919,,0.1626928471248246,0.0156062424969987,0.0,0.0328185328185328,0.0091954022988505,0.0181818181818181,0.0203488372093023,0.0196078431372549,0.010752688172043,0.0610687022900763,0.2142857142857142,0.140625,0.2142857142857142,0.4724320173716093,0.3901419099051962,0.4724320173716093,0.0,0.0,0.0,0.0,0.0,0.0,0.0,0.0,0.0,0.0,0.0666666666666666,0.0,0.0,0.0,0.0,0.4007890843333884,0.2829705505761845,0.4818181818181817,0.0,0.6363636363636364,0.5,,0.6666666666666666,0.6666666666666666,,0.1818181818181818,1.0,,,1
-0.3765110233858896,-1.098304149206194,4.122094340801533,1.1127428951912508,-0.2048747663176452,-0.372374069968626,0.4523814025917332,0.3955282634004816,0.0568411137277106,-0.0367050037866025,Spyware-TIBS-6ff85480282c694f5e64a1fce32938d3f71e0f2aa3e91e8bc139184713b33c56-7.raw,0.1470588235294117,0.0714285714285714,0.6948655523503616,,0.9894471394955664,0.3448648648648648,0.9503220611916272,0.4972902666377628,0.9887080778004496,,0.2622720897615708,0.6392557022809123,0.2592592592592592,0.4227799227799227,0.4919540229885057,0.2,0.4331395348837209,0.4509803921568627,0.3494623655913978,0.4274809160305343,0.3333333333333333,0.296875,0.3333333333333333,0.3634562067807559,0.2332154601568117,0.3634562067807559,0.0112359550561797,4.630058338735068e-05,0.0112359550561797,0.0,0.1,0.0,0.0769230769230769,0.1,0.0769230769230769,0.1,0.1333333333333333,0.1892857142857142,0.0,0.1456043956043955,0.1892857142857142,0.3867863601136657,0.3661971830985915,0.4305322128851538,1.0,1.0,1.0,,1.0,1.0,,0.7272727272727273,1.0,,,1
-5.293192673260949,0.7165408264974743,-0.9563433953056364,-0.3014356944993839,-0.2749514802892731,0.7254826267633389,-0.2703473217305269,-0.2133822335419326,-0.9162065457256932,-0.1264404131309151,Spyware-TIBS-97a0246b1c3df21db4449c71eabd9e2e4c622adfc1c6d9a86e151c844c6f4c30-5.raw,0.0,0.0,0.6184864665807401,,0.6374133658696116,0.041081081081081,0.7909090909090911,0.0145241708215911,0.61201988205217,,0.1626928471248246,0.0192076830732292,0.0,0.0328185328185328,0.0137931034482758,0.0181818181818181,0.0203488372093023,0.0196078431372549,0.010752688172043,0.0610687022900763,0.2142857142857142,0.140625,0.2142857142857142,0.4724320173716093,0.3901419099051962,0.4724320173716093,0.0,0.0,0.0,0.0,0.0,0.0,0.0,0.0,0.0,0.0,0.0666666666666666,0.0,0.0,0.0,0.0,0.4007890843333884,0.2829705505761845,0.4818181818181817,0.0,0.6363636363636364,0.5,,0.6666666666666666,0.6666666666666666,,0.1818181818181818,1.0,,,1
-0.9722378950981544,-3.5149273060246142,2.4432803885239966,0.6486805416623348,-0.0552447226756374,-0.23881275097828,0.3705217306909124,0.0759072703371334,-0.1232411223661076,0.0117223773075299,Spyware-TIBS-7ee08dbd8e61fb131cc2258ad23f01c675265c04b502aa8676da524f962a98ab-8.raw,0.1470588235294117,0.0714285714285714,0.6486562054597407,,0.9672717836766088,0.3394594594594594,0.938647342995169,0.4825493171471927,0.9649796875170938,,0.2622720897615708,0.6182472989195679,0.2592592592592592,0.4247104247104247,0.432183908045977,0.2,0.4331395348837209,0.4509803921568627,0.3494623655913978,0.4122137404580153,0.3333333333333333,0.296875,0.3333333333333333,0.3688370824387161,0.2427740071603362,0.3688370824387161,0.0112359550561797,4.630058338735068e-05,0.0112359550561797,0.0,0.0,0.0,0.0,0.0,0.0,0.0,0.0666666666666666,0.0,0.0,0.0,0.0,0.2555756479807115,0.1966614501825767,0.3156136528685546,1.0,1.0,1.0,,1.0,1.0,,0.7272727272727273,1.0,,,1
-4.057080777733028,5.8352392651628415,2.9731037033411405,0.9614088844861448,-0.5179647896557522,-0.0731415638856158,-0.3284584892261177,0.9951973237892592,0.6697277631820837,0.012618203548446,Spyware-TIBS-6ff85480282c694f5e64a1fce32938d3f71e0f2aa3e91e8bc139184713b33c56-2.raw,0.0,0.0,0.9690664702633032,,0.7822943336333106,0.041081081081081,0.7909090909090911,0.0929980489919791,0.7670474800665575,,0.1837307152875175,0.0828331332533013,0.0,0.0328185328185328,0.3494252873563218,0.0181818181818181,0.0203488372093023,0.0196078431372549,0.010752688172043,0.0610687022900763,0.2142857142857142,0.140625,0.2142857142857142,0.4724320173716093,0.3901419099051962,0.4724320173716093,0.0,0.0,0.0,0.0,0.2,0.0,0.1538461538461538,0.2,0.1538461538461538,0.2,0.2,0.4416666666666666,0.0,0.3397435897435896,0.4416666666666666,0.6948462929475591,0.6713615023474178,0.7361111111111113,0.0,0.6363636363636364,0.5,,0.6666666666666666,0.6666666666666666,,0.1818181818181818,1.0,,,1
-5.097318956949845,0.695348412108227,-1.0221777734632718,-0.354817628314838,-0.2357928068120776,0.5659566307398475,-0.4464948955537067,0.3869553102777857,-0.6812386667401373,0.0020321946339558,Spyware-TIBS-6e996c9ce02c848f4a648e77d67ca89da64badb09faf00c5edbdea6cf7e2b93d-6.raw,0.0,0.0,0.6751979377646842,,0.6838393113408522,0.0443243243243243,0.7995059288537549,0.0396704964231519,0.6616972339020842,,0.1683029453015427,0.0684273709483793,0.0,0.0386100386100386,0.0689655172413793,0.0181818181818181,0.0203488372093023,0.0196078431372549,0.021505376344086,0.0610687022900763,0.238095238095238,0.15625,0.238095238095238,0.523978816875774,0.4344045308964054,0.523978816875774,0.0,0.0,0.0,0.0,0.0,0.0,0.0,0.0,0.0,0.0,0.0666666666666666,0.0,0.0,0.0,0.0,0.4007890843333884,0.2829705505761845,0.4818181818181817,0.0,0.6363636363636364,0.5,,0.6666666666666666,0.6666666666666666,,0.1818181818181818,1.0,,,1
-0.9828834494409148,-3.4761769087982843,2.378275487947253,0.6027355520935277,-0.0662967326326761,-0.137414011110057,0.4096301590243498,0.0188870982357344,-0.3144032364426037,-0.0585330396572859,Spyware-TIBS-45f85eaf165337665b247db9aecc04e018d6402f73da2730fc66b885252abe7e-9.raw,0.1470588235294117,0.0714285714285714,0.6150494077211073,,0.9512924831600068,0.3394594594594594,0.938647342995169,0.471927162367223,0.94788128863644,,0.2622720897615708,0.6074429771908764,0.2592592592592592,0.4247104247104247,0.3908045977011494,0.2,0.4331395348837209,0.4509803921568627,0.3494623655913978,0.4122137404580153,0.3333333333333333,0.296875,0.3333333333333333,0.3688370824387161,0.2427740071603362,0.3688370824387161,0.0112359550561797,4.630058338735068e-05,0.0112359550561797,0.0,0.0,0.0,0.0,0.0,0.0,0.0,0.0666666666666666,0.0,0.0,0.0,0.0,0.2555756479807115,0.1966614501825767,0.3156136528685546,1.0,1.0,1.0,,1.0,1.0,,0.7272727272727273,1.0,,,1
-5.2766553013575646,0.4549871892524935,-0.4785749319815321,0.061612998444877,-0.1868792973614629,-0.0324117626792771,-0.5936901476757953,0.231181673788347,0.6617495765720176,0.41722615300045,Spyware-TIBS-10f9ff1e9f0cddbac2bf5dd5921a15f8c925fa57b2a1d2f9f10772a3b6bba6b2-3.raw,0.0,0.0,0.943288528816056,,0.7478750981977355,0.041081081081081,0.7909090909090911,0.0743550834597875,0.7302177192123105,,0.1697054698457223,0.0684273709483793,0.0,0.0328185328185328,0.3264367816091954,0.0181818181818181,0.0203488372093023,0.0196078431372549,0.010752688172043,0.0610687022900763,0.2142857142857142,0.140625,0.2142857142857142,0.4724320173716093,0.3901419099051962,0.4724320173716093,0.0,0.0,0.0,0.0,0.0,0.0,0.0,0.0,0.0,0.0,0.0666666666666666,0.0,0.0,0.0,0.0,0.4007890843333884,0.2829705505761845,0.4818181818181817,0.0,0.6363636363636364,0.5,,0.6666666666666666,0.6666666666666666,,0.1818181818181818,1.0,,,1
1.1052129391304244,-1.5532349107438697,3.672099658352277,0.6858350698173298,-0.1314011182255594,-0.783573881945891,0.5026143370691439,0.5473624066309162,-0.3974921506246529,-0.0942594209653704,Spyware-TIBS-28e57139370f05830b5ffa383fde31916f358d49a03010d6cee044c63e852a82-10.raw,0.2058823529411764,0.1428571428571428,0.5576860805465431,,0.9229660524764596,0.4637837837837837,0.9934782608695656,0.566659440711034,0.9175710375594752,,0.2805049088359046,0.6770708283313326,0.3333333333333333,0.4671814671814672,0.4873563218390804,0.3454545454545454,0.7034883720930233,0.5686274509803921,0.478494623655914,0.6335877862595419,0.4285714285714285,0.390625,0.4285714285714285,0.4146516514157817,0.2672319393056032,0.4146516514157817,0.0112359550561797,4.630058338735068e-05,0.0112359550561797,0.0,0.1,0.0,0.0769230769230769,0.1,0.0769230769230769,0.1,0.1333333333333333,0.1766666666666665,0.0,0.1358974358974357,0.1766666666666665,0.3354430379746836,0.3295774647887326,0.3741176470588237,1.0,1.0,1.0,,1.0,1.0,,0.7272727272727273,1.0,,,1
-0.9528376130783278,-3.5621172482852175,2.5211774531087596,0.7054116919859809,-0.0406625923912562,-0.3671468272977903,0.3228439029760466,0.1442053287971716,0.1272794064455013,0.1026458823013166,Spyware-TIBS-90c50fdd82efd7f377529b07f07b58d9c836a94bbee69bc016385c907f926021-7.raw,0.1470588235294117,0.0714285714285714,0.6906647026330326,,0.984881625062252,0.3394594594594594,0.938647342995169,0.4942553652720572,0.983822820977406,,0.2636746143057503,0.6362545018007203,0.2592592592592592,0.4227799227799227,0.4873563218390804,0.2,0.4331395348837209,0.4509803921568627,0.3494623655913978,0.4122137404580153,0.3333333333333333,0.296875,0.3333333333333333,0.3688370824387161,0.2427740071603362,0.3688370824387161,0.0112359550561797,4.630058338735068e-05,0.0112359550561797,0.0,0.0,0.0,0.0,0.0,0.0,0.0,0.0666666666666666,0.0,0.0,0.0,0.0,0.2555756479807115,0.1966614501825767,0.3156136528685546,1.0,1.0,1.0,,1.0,1.0,,0.7272727272727273,1.0,,,1
1.6828979376655142,0.7817190808643569,5.0686531696915145,1.0065411268883826,-0.2811109249821696,-0.7398214643407165,0.6191614156883156,0.8187343633518104,-0.3913650510666208,-0.1543038484857938,Spyware-TIBS-9c8a2292cad7ae8b939c0fb6a7369ee7a84c470bf463fa473805bfad8c69a7f9-10.raw,0.2058823529411764,0.1428571428571428,0.5733306243214241,,0.9232696704313846,0.4583783783783783,0.982608695652174,0.566876219380013,0.91789591917086,,0.2805049088359046,0.6752701080432173,0.3333333333333333,0.4671814671814672,0.503448275862069,0.3454545454545454,0.7034883720930233,0.5686274509803921,0.478494623655914,0.6183206106870229,0.4285714285714285,0.390625,0.4285714285714285,0.4197687317956325,0.2761118206540299,0.4197687317956325,0.0112359550561797,4.630058338735068e-05,0.0112359550561797,0.0,0.2,0.0,0.1538461538461538,0.2,0.1538461538461538,0.2,0.2,0.3419354838709675,0.0,0.2630272952853595,0.3419354838709675,0.4513795718369017,0.4784189004997728,0.4760278304870335,1.0,1.0,1.0,,1.0,1.0,,0.7272727272727273,1.0,,,1
-0.9698544741150056,-3.4844706317830716,2.3876720618917298,0.608166263104814,-0.0642987860234668,-0.1569547155080921,0.4070991709946732,0.024677677024647,-0.2851052977825142,-0.0445497381456036,Spyware-TIBS-8dc489ff4bb652a015176896e29487c60c306a301e7e19e17fc8c357d8265615-9.raw,0.1470588235294117,0.0714285714285714,0.610848558003778,,0.9539013485504724,0.3394594594594594,0.938647342995169,0.4736613917190548,0.9506728639638936,,0.2622720897615708,0.6110444177671068,0.2592592592592592,0.4247104247104247,0.4022988505747126,0.2,0.4331395348837209,0.4509803921568627,0.3494623655913978,0.4122137404580153,0.3333333333333333,0.296875,0.3333333333333333,0.3688370824387161,0.2427740071603362,0.3688370824387161,0.0112359550561797,4.630058338735068e-05,0.0112359550561797,0.0,0.0,0.0,0.0,0.0,0.0,0.0,0.0666666666666666,0.0,0.0,0.0,0.0,0.2555756479807115,0.1966614501825767,0.3156136528685546,1.0,1.0,1.0,,1.0,1.0,,0.7272727272727273,1.0,,,1
-6.347912184734194,-0.4678381119298079,0.6712786312675967,0.9145219680741592,-0.2615079952906313,-0.6095422199533219,0.559884313758655,-2.795132812997565,1.141957769547827,-0.5140858534874628,Spyware-TIBS-9aa88b8359d2090f6588d882078813d7c548776d7403627c25f1091a0564fce6-2.raw,0.0,0.0,0.9381329405266068,,0.7458739798584579,0.0302702702702702,0.7622529644268777,0.0732711901148926,0.728076454046366,,0.1795231416549789,0.0576230492196878,0.0,0.0038610038610038,0.3149425287356321,0.0181818181818181,0.0087209302325581,0.0196078431372549,0.0053763440860215,0.0610687022900763,0.0714285714285714,0.046875,0.0714285714285714,0.1443570581308702,0.0975043438656661,0.1443570581308702,0.0,0.0,0.0,0.0,0.0,0.0,0.0,0.0,0.0,0.0,0.0,0.0,0.0,0.0,0.0,0.4007890843333884,0.2829705505761845,0.3023172905525847,0.0,0.6363636363636364,0.5,,0.6666666666666666,0.6666666666666666,,0.1818181818181818,1.0,,,1
-1.748066994947725,-3.81600790139786,3.303829471413196,1.2925602486629764,-0.1613860255615812,-0.3271930313259292,0.8276534460656074,-1.9388572675019025,-0.1961487873232714,-0.1949406955341952,Spyware-TIBS-40a45471e1b7f0ad943f0e2f736afb24b7048c09caf44befbfaf8c10c89aca25-10.raw,0.1470588235294117,0.0714285714285714,0.6234511071557657,,0.9415092379457604,0.3308108108108108,0.9199677938808376,0.4654238022978539,0.9374128811584884,,0.2622720897615708,0.6050420168067226,0.2592592592592592,0.4111969111969112,0.4,0.2,0.4215116279069767,0.4509803921568627,0.3440860215053763,0.4122137404580153,0.2142857142857142,0.21875,0.2142857142857142,0.1571808350393037,0.053061368214521,0.1571808350393037,0.0112359550561797,4.630058338735068e-05,0.0112359550561797,0.0,0.0,0.0,0.0,0.0,0.0,0.0,0.0666666666666666,0.0,0.0,0.0,0.0,0.2555756479807115,0.1966614501825767,0.3156136528685546,1.0,1.0,1.0,,1.0,1.0,,0.7272727272727273,1.0,,,1
-5.301520509959307,0.7249397880581823,-0.965217081176082,-0.3062450130656461,-0.275563354997583,0.7380111517914615,-0.2694251210264686,-0.2190846290933231,-0.9203045732497566,-0.131333347515838,Spyware-TIBS-10f9ff1e9f0cddbac2bf5dd5921a15f8c925fa57b2a1d2f9f10772a3b6bba6b2-5.raw,0.0,0.0,0.6236420548701895,,0.633811352858912,0.041081081081081,0.7909090909090911,0.0125731628007804,0.6081656047534697,,0.1626928471248246,0.0138055222088835,0.0,0.0328185328185328,0.0091954022988505,0.0181818181818181,0.0203488372093023,0.0196078431372549,0.010752688172043,0.0610687022900763,0.2142857142857142,0.140625,0.2142857142857142,0.4724320173716093,0.3901419099051962,0.4724320173716093,0.0,0.0,0.0,0.0,0.0,0.0,0.0,0.0,0.0,0.0,0.0666666666666666,0.0,0.0,0.0,0.0,0.4007890843333884,0.2829705505761845,0.4818181818181817,0.0,0.6363636363636364,0.5,,0.6666666666666666,0.6666666666666666,,0.1818181818181818,1.0,,,1
-4.656664156996022,3.4409032019845114,0.8955300557053512,0.2053248667615093,-0.4257721268433447,0.5706571956156797,-0.1903366360567471,0.2507597389422513,-0.5957841573523498,-0.2244194147436791,Spyware-TIBS-6ff85480282c694f5e64a1fce32938d3f71e0f2aa3e91e8bc139184713b33c56-4.raw,0.0,0.0,0.6751979377646842,,0.6670299172909203,0.041081081081081,0.7909090909090911,0.0305657923260351,0.6437106065081498,,0.1626928471248246,0.0354141656662665,0.0,0.0328185328185328,0.096551724137931,0.0181818181818181,0.0203488372093023,0.0196078431372549,0.010752688172043,0.0610687022900763,0.2142857142857142,0.140625,0.2142857142857142,0.4724320173716093,0.3901419099051962,0.4724320173716093,0.0,0.0,0.0,0.0,0.1,0.0,0.0769230769230769,0.1,0.0769230769230769,0.1,0.1333333333333333,0.2304347826086956,0.0,0.177257525083612,0.2304347826086956,0.554210236653825,0.4856093080220452,0.6144927536231886,0.0,0.6363636363636364,0.5,,0.6666666666666666,0.6666666666666666,,0.1818181818181818,1.0,,,1
-4.249212360796569,5.420011545740254,2.941332643702572,0.9096837970019724,-0.4763837142422897,-0.3314743711817466,0.253790964645203,0.426205808768468,1.083179957342858,-0.6607065333593147,Spyware-TIBS-6e996c9ce02c848f4a648e77d67ca89da64badb09faf00c5edbdea6cf7e2b93d-1.raw,0.0,0.0,0.9793776468422024,,0.7662853869190895,0.0389189189189189,0.7851778656126482,0.0843269022328202,0.7499173587390007,,0.1739130434782608,0.0672268907563025,0.0,0.0173745173745173,0.3402298850574712,0.0181818181818181,0.0203488372093023,0.0196078431372549,0.010752688172043,0.0610687022900763,0.1904761904761904,0.125,0.1904761904761904,0.4189987635880066,0.3429125217635632,0.4189987635880066,0.0,0.0,0.0,0.0,0.2,0.0,0.1538461538461538,0.2,0.1538461538461538,0.2,0.1333333333333333,0.4416666666666666,0.0,0.3397435897435896,0.4416666666666666,0.6948462929475591,0.6713615023474178,0.5715686274509806,0.0,0.6363636363636364,0.5,,0.6666666666666666,0.6666666666666666,,0.1818181818181818,1.0,,,1
-0.2557029010991648,-3.7433343263674783,2.3137128970090957,0.4753670734739476,-0.0284091831428336,-0.4611771569032009,0.4055240395173588,0.1152895778004933,-0.4583222425468089,-0.0342032744824034,Spyware-TIBS-97a0246b1c3df21db4449c71eabd9e2e4c622adfc1c6d9a86e151c844c6f4c30-10.raw,0.1764705882352941,0.1428571428571428,0.556987663413736,,0.9374095923321716,0.4086486486486486,0.9816770186335404,0.519835248211576,0.9330261199296328,,0.2636746143057503,0.6464585834333734,0.2962962962962963,0.4459459459459459,0.4206896551724138,0.2363636363636363,0.6918604651162791,0.5098039215686274,0.3709677419354839,0.4503816793893129,0.3809523809523809,0.34375,0.3809523809523809,0.3860046145838139,0.243652706029865,0.3860046145838139,0.0112359550561797,4.630058338735068e-05,0.0112359550561797,0.0,0.0,0.0,0.0,0.0,0.0,0.0,0.0666666666666666,0.0,0.0,0.0,0.0,0.2327563936967193,0.1830985915492957,0.2894957983193275,1.0,1.0,1.0,,1.0,1.0,,0.7272727272727273,1.0,,,1
-5.299995802612205,0.7245578226192968,-0.9651639672985944,-0.3068240644832058,-0.2755111705518985,0.7377592174149653,-0.2691348361834089,-0.21963574802599,-0.9207198694121091,-0.1310456420574657,Spyware-TIBS-67ec0e775d5272086f87e4fa67b7efec044decd79e7eecdb47993d5cb5e9b535-5.raw,0.0,0.0,0.6236420548701895,,0.6334111291910564,0.041081081081081,0.7909090909090911,0.0123563841318014,0.6077373517202806,,0.1626928471248246,0.0162064825930372,0.0,0.0328185328185328,0.0091954022988505,0.0181818181818181,0.0203488372093023,0.0196078431372549,0.010752688172043,0.0610687022900763,0.2142857142857142,0.140625,0.2142857142857142,0.4724320173716093,0.3901419099051962,0.4724320173716093,0.0,0.0,0.0,0.0,0.0,0.0,0.0,0.0,0.0,0.0,0.0666666666666666,0.0,0.0,0.0,0.0,0.4007890843333884,0.2829705505761845,0.4818181818181817,0.0,0.6363636363636364,0.5,,0.6666666666666666,0.6666666666666666,,0.1818181818181818,1.0,,,1
-0.9834817323206706,-3.4702435477799147,2.3720680006359345,0.5988595188577778,-0.0655980761108554,-0.1339048795571504,0.4094922149619194,0.0139622329074841,-0.2978923392250867,-0.0544750757819832,Spyware-TIBS-85ae85a36eb35350175eb3c1b00dcab52d5fe726bab65975a6bb3177c8719da6-9.raw,0.1470588235294117,0.0714285714285714,0.6192502574384364,,0.9473791850743084,0.3394594594594594,0.938647342995169,0.4693258183394754,0.9436939256452592,,0.2622720897615708,0.6050420168067226,0.2592592592592592,0.4247104247104247,0.3931034482758621,0.2,0.4331395348837209,0.4509803921568627,0.3494623655913978,0.4122137404580153,0.3333333333333333,0.296875,0.3333333333333333,0.3688370824387161,0.2427740071603362,0.3688370824387161,0.0112359550561797,4.630058338735068e-05,0.0112359550561797,0.0,0.0,0.0,0.0,0.0,0.0,0.0,0.0666666666666666,0.0,0.0,0.0,0.0,0.2555756479807115,0.1966614501825767,0.3156136528685546,1.0,1.0,1.0,,1.0,1.0,,0.7272727272727273,1.0,,,1
-0.9550139887753292,-3.6217709206172306,2.617978393631427,0.7697367831221641,-0.0414985871823091,-0.4563017121978492,0.312927979637842,0.1078011741108742,0.1590678056464077,0.1127735746092069,Spyware-TIBS-25ac33bc94decabf1572c58b136cd489a8ec017b0d1ea345b6e37a84423ca2d8-7.raw,0.1470588235294117,0.0714285714285714,0.699066402067691,,0.993034329407457,0.3481081081081081,0.9573268921095008,0.4996748319965315,0.9925464938756988,,0.2636746143057503,0.6404561824729892,0.2592592592592592,0.4227799227799227,0.5011494252873563,0.2,0.4331395348837209,0.4509803921568627,0.3494623655913978,0.4427480916030534,0.3333333333333333,0.296875,0.3333333333333333,0.3602483604917942,0.2275170661625533,0.3602483604917942,0.0112359550561797,4.630058338735068e-05,0.0112359550561797,0.0,0.0,0.0,0.0,0.0,0.0,0.0,0.0666666666666666,0.0,0.0,0.0,0.0,0.2555756479807115,0.1966614501825767,0.3156136528685546,1.0,1.0,1.0,,1.0,1.0,,0.7272727272727273,1.0,,,1
-5.299694870082191,0.7320809078322342,-0.9794896536354576,-0.3174246612394348,-0.2781477722079388,0.760128699556858,-0.2591794664570397,-0.232936747530504,-0.9685867316108568,-0.1475923546355261,Spyware-TIBS-90c50fdd82efd7f377529b07f07b58d9c836a94bbee69bc016385c907f926021-5.raw,0.0,0.0,0.6133308782912907,,0.6302093398482123,0.041081081081081,0.7909090909090911,0.0106221547799696,0.6043113274547696,,0.1626928471248246,0.0150060024009603,0.0,0.0328185328185328,0.0,0.0181818181818181,0.0203488372093023,0.0196078431372549,0.010752688172043,0.0610687022900763,0.2142857142857142,0.140625,0.2142857142857142,0.4724320173716093,0.3901419099051962,0.4724320173716093,0.0,0.0,0.0,0.0,0.0,0.0,0.0,0.0,0.0,0.0,0.0666666666666666,0.0,0.0,0.0,0.0,0.4007890843333884,0.2829705505761845,0.4818181818181817,0.0,0.6363636363636364,0.5,,0.6666666666666666,0.6666666666666666,,0.1818181818181818,1.0,,,1
-5.472022892600119,0.3380218990838634,-0.1904971945812211,0.2846665323425209,-0.2003826341764853,-0.1713291653238277,-0.5339650682193825,-0.1902739163000671,0.8690211872944076,0.4404914707866846,Spyware-TIBS-6c524355af15275aa5b7f957574769ce268cbe125214f26c32a1037bc831ee8d-2.raw,0.0,0.0,0.9896888234211012,,0.7638840449119565,0.0389189189189189,0.7851778656126482,0.0830262302189464,0.7473478405398674,,0.1725105189340813,0.0672268907563025,0.0,0.0173745173745173,0.3586206896551724,0.0181818181818181,0.0203488372093023,0.0196078431372549,0.010752688172043,0.0610687022900763,0.1904761904761904,0.125,0.1904761904761904,0.4189987635880066,0.3429125217635632,0.4189987635880066,0.0,0.0,0.0,0.0,0.0,0.0,0.0,0.0,0.0,0.0,0.0666666666666666,0.0,0.0,0.0,0.0,0.4007890843333884,0.2829705505761845,0.4818181818181817,0.0,0.6363636363636364,0.5,,0.6666666666666666,0.6666666666666666,,0.1818181818181818,1.0,,,1
-5.272582771386315,0.6543773391423303,-0.8493532613834763,-0.2247783501832662,-0.2549291104730815,0.5502486673568457,-0.3373979820316302,-0.1190560416531759,-0.5645732971289302,0.0019731484985899,Spyware-TIBS-6c524355af15275aa5b7f957574769ce268cbe125214f26c32a1037bc831ee8d-4.raw,0.0,0.0,0.6751979377646842,,0.6626274569445096,0.041081081081081,0.7909090909090911,0.0281812269672664,0.6389998231430717,,0.1626928471248246,0.0324129651860744,0.0,0.0328185328185328,0.0919540229885057,0.0181818181818181,0.0203488372093023,0.0196078431372549,0.010752688172043,0.0610687022900763,0.2142857142857142,0.140625,0.2142857142857142,0.4724320173716093,0.3901419099051962,0.4724320173716093,0.0,0.0,0.0,0.0,0.0,0.0,0.0,0.0,0.0,0.0,0.0666666666666666,0.0,0.0,0.0,0.0,0.4007890843333884,0.2829705505761845,0.4818181818181817,0.0,0.6363636363636364,0.5,,0.6666666666666666,0.6666666666666666,,0.1818181818181818,1.0,,,1
-5.2745748062006195,0.6568488410365095,-0.854819515116494,-0.2288736261926285,-0.2566780785543563,0.5620339377477829,-0.3326438307071943,-0.1239495652320277,-0.596539658895632,-0.0091311450882473,Spyware-TIBS-7f0fb3e6faacd89fae2a13bf11a019edae5ef581472e8458204f6213af272dee-4.raw,0.0,0.0,0.6700423494752348,,0.6622272332766539,0.041081081081081,0.7909090909090911,0.0279644482982874,0.6385715701098826,,0.1626928471248246,0.0324129651860744,0.0,0.0328185328185328,0.0850574712643678,0.0181818181818181,0.0203488372093023,0.0196078431372549,0.010752688172043,0.0610687022900763,0.2142857142857142,0.140625,0.2142857142857142,0.4724320173716093,0.3901419099051962,0.4724320173716093,0.0,0.0,0.0,0.0,0.0,0.0,0.0,0.0,0.0,0.0,0.0666666666666666,0.0,0.0,0.0,0.0,0.4007890843333884,0.2829705505761845,0.4818181818181817,0.0,0.6363636363636364,0.5,,0.6666666666666666,0.6666666666666666,,0.1818181818181818,1.0,,,1
-0.2475114659665262,-3.773099363567947,2.3735185219414,0.5199454964148511,-0.0141560132718596,-0.5688219321135429,0.359795073219324,0.1700242582741146,-0.1991040872192203,0.055496579077363,Spyware-TIBS-48fe5ec56dc868ffe3ae096714721a0db2bdd482c693a878d246eff2ec9da821-10.raw,0.1764705882352941,0.1428571428571428,0.6055974958571165,,0.9471578973849386,0.4086486486486486,0.9816770186335404,0.5265553869499241,0.9434571402380202,,0.2636746143057503,0.648859543817527,0.2962962962962963,0.4459459459459459,0.4735632183908046,0.2363636363636363,0.6918604651162791,0.5098039215686274,0.3709677419354839,0.4503816793893129,0.3809523809523809,0.34375,0.3809523809523809,0.3860046145838139,0.243652706029865,0.3860046145838139,0.0112359550561797,4.630058338735068e-05,0.0112359550561797,0.0,0.0,0.0,0.0,0.0,0.0,0.0,0.0666666666666666,0.0,0.0,0.0,0.0,0.2327563936967193,0.1830985915492957,0.2894957983193275,1.0,1.0,1.0,,1.0,1.0,,0.7272727272727273,1.0,,,1
-5.091770779351844,0.6931533567046787,-1.0212450893689462,-0.3547847156524283,-0.2357264360224611,0.563134347364232,-0.4449327714098135,0.3865444077577661,-0.6832285659891636,0.0031669608555178,Spyware-TIBS-9c8a2292cad7ae8b939c0fb6a7369ee7a84c470bf463fa473805bfad8c69a7f9-6.raw,0.0,0.0,0.6700423494752348,,0.6846397586765632,0.0443243243243243,0.7995059288537549,0.0401040537611099,0.6625537399684621,,0.1683029453015427,0.0696278511404561,0.0,0.0386100386100386,0.0712643678160919,0.0181818181818181,0.0203488372093023,0.0196078431372549,0.021505376344086,0.0610687022900763,0.238095238095238,0.15625,0.238095238095238,0.523978816875774,0.4344045308964054,0.523978816875774,0.0,0.0,0.0,0.0,0.0,0.0,0.0,0.0,0.0,0.0,0.0666666666666666,0.0,0.0,0.0,0.0,0.4007890843333884,0.2829705505761845,0.4818181818181817,0.0,0.6363636363636364,0.5,,0.6666666666666666,0.6666666666666666,,0.1818181818181818,1.0,,,1
-5.2744880965037755,0.484478546831248,-0.5151290107093434,0.0223445141409183,-0.1881754645820943,0.0100592229573053,-0.5802520433032452,0.1911711912398756,0.6519333720826708,0.4198020745027011,Spyware-TIBS-48fe5ec56dc868ffe3ae096714721a0db2bdd482c693a878d246eff2ec9da821-3.raw,0.0,0.0,0.9381329405266068,,0.7290645858085261,0.041081081081081,0.7909090909090911,0.0641664860177758,0.7100898266524316,,0.1626928471248246,0.0630252100840336,0.0,0.0328185328185328,0.3241379310344827,0.0181818181818181,0.0203488372093023,0.0196078431372549,0.010752688172043,0.0610687022900763,0.2142857142857142,0.140625,0.2142857142857142,0.4724320173716093,0.3901419099051962,0.4724320173716093,0.0,0.0,0.0,0.0,0.0,0.0,0.0,0.0,0.0,0.0,0.0666666666666666,0.0,0.0,0.0,0.0,0.4007890843333884,0.2829705505761845,0.4818181818181817,0.0,0.6363636363636364,0.5,,0.6666666666666666,0.6666666666666666,,0.1818181818181818,1.0,,,1
-0.9627710861714228,-3.5522916304850836,2.5060857443232942,0.6949971865780152,-0.0441840741992367,-0.3377362370031584,0.3314155355535529,0.1321302825076358,0.0675396573843145,0.079460489968051,Spyware-TIBS-8d8af27b1ab68fde08153c7b2d90670c329aa93abe1645da4651ae0941f6da09-7.raw,0.1470588235294117,0.0714285714285714,0.6864638529157034,,0.9816205433241698,0.3394594594594594,0.938647342995169,0.4920875785822675,0.980333351818089,,0.2636746143057503,0.634453781512605,0.2592592592592592,0.4227799227799227,0.4712643678160919,0.2,0.4331395348837209,0.4509803921568627,0.3494623655913978,0.4122137404580153,0.3333333333333333,0.296875,0.3333333333333333,0.3688370824387161,0.2427740071603362,0.3688370824387161,0.0112359550561797,4.630058338735068e-05,0.0112359550561797,0.0,0.0,0.0,0.0,0.0,0.0,0.0,0.0666666666666666,0.0,0.0,0.0,0.0,0.2555756479807115,0.1966614501825767,0.3156136528685546,1.0,1.0,1.0,,1.0,1.0,,0.7272727272727273,1.0,,,1
-0.978696667236456,-3.480020353457696,2.383330443781884,0.6058714634846939,-0.0653546277189106,-0.146538812676968,0.4075633130843625,0.0225495184401222,-0.2998289824483789,-0.052192839455017,Spyware-TIBS-7ee08dbd8e61fb131cc2258ad23f01c675265c04b502aa8676da524f962a98ab-9.raw,0.1470588235294117,0.0714285714285714,0.6150494077211073,,0.9525969158552396,0.3394594594594594,0.938647342995169,0.472794277043139,0.9492770763001668,,0.2622720897615708,0.6092436974789915,0.2592592592592592,0.4247104247104247,0.3954022988505747,0.2,0.4331395348837209,0.4509803921568627,0.3494623655913978,0.4122137404580153,0.3333333333333333,0.296875,0.3333333333333333,0.3688370824387161,0.2427740071603362,0.3688370824387161,0.0112359550561797,4.630058338735068e-05,0.0112359550561797,0.0,0.0,0.0,0.0,0.0,0.0,0.0,0.0666666666666666,0.0,0.0,0.0,0.0,0.2555756479807115,0.1966614501825767,0.3156136528685546,1.0,1.0,1.0,,1.0,1.0,,0.7272727272727273,1.0,,,1
-5.270016285608817,0.4526165251260701,-0.4672596259637622,0.064386395390711,-0.1817136403866739,-0.0607184803660451,-0.6062785000002954,0.2379923540251287,0.7587883369643741,0.4543819644245438,Spyware-TIBS-25ac33bc94decabf1572c58b136cd489a8ec017b0d1ea345b6e37a84423ca2d8-3.raw,0.0,0.0,0.9587552936844044,,0.7450735325227469,0.041081081081081,0.7909090909090911,0.0728376327769347,0.7272199479799881,,0.1669004207573632,0.0702280912364946,0.0,0.0328185328185328,0.3471264367816092,0.0181818181818181,0.0203488372093023,0.0196078431372549,0.010752688172043,0.0610687022900763,0.2142857142857142,0.140625,0.2142857142857142,0.4724320173716093,0.3901419099051962,0.4724320173716093,0.0,0.0,0.0,0.0,0.0,0.0,0.0,0.0,0.0,0.0,0.0666666666666666,0.0,0.0,0.0,0.0,0.4007890843333884,0.2829705505761845,0.4818181818181817,0.0,0.6363636363636364,0.5,,0.6666666666666666,0.6666666666666666,,0.1818181818181818,1.0,,,1
-0.9655557538044516,-3.542777436432702,2.4931192508299738,0.6851430845860299,-0.0456178959368668,-0.3207937528978941,0.337874819195663,0.1205082298997169,0.0491922618311038,0.0741128818571492,Spyware-TIBS-7cbae8b99aad8d5f683842fe9b1d44647599dfa2c73feac803baa1f9cbf789a8-7.raw,0.1470588235294117,0.0714285714285714,0.678062153481045,,0.9783594615860876,0.3394594594594594,0.938647342995169,0.4899197918924778,0.9768438826587718,,0.2622720897615708,0.6272509003601441,0.2592592592592592,0.4189189189189189,0.4689655172413793,0.2,0.4331395348837209,0.4509803921568627,0.3494623655913978,0.4122137404580153,0.3333333333333333,0.296875,0.3333333333333333,0.3688370824387161,0.2427740071603362,0.3688370824387161,0.0112359550561797,4.630058338735068e-05,0.0112359550561797,0.0,0.0,0.0,0.0,0.0,0.0,0.0,0.0666666666666666,0.0,0.0,0.0,0.0,0.2555756479807115,0.1966614501825767,0.3156136528685546,1.0,1.0,1.0,,1.0,1.0,,0.7272727272727273,1.0,,,1
-6.169150477236207,0.1970455501482763,0.3375405386524758,0.6514905296774858,-0.3689604578938941,0.2508812398112567,0.1784530125799432,-2.5738702731928877,-0.3836870697230466,-0.1495784181883352,Spyware-TIBS-40a45471e1b7f0ad943f0e2f736afb24b7048c09caf44befbfaf8c10c89aca25-5.raw,0.0,0.0,0.6906647026330326,,0.6570243255945322,0.0324324324324324,0.7679841897233202,0.0251463256015608,0.6330042806784267,,0.1626928471248246,0.0312124849939975,0.0,0.0193050193050193,0.1126436781609195,0.0181818181818181,0.0087209302325581,0.0196078431372549,0.0053763440860215,0.0610687022900763,0.0952380952380952,0.0625,0.0952380952380952,0.1993938572318559,0.1461595045305657,0.1993938572318559,0.0,0.0,0.0,0.0,0.0,0.0,0.0,0.0,0.0,0.0,0.0666666666666666,0.0,0.0,0.0,0.0,0.4007890843333884,0.2829705505761845,0.4818181818181817,0.0,0.6363636363636364,0.5,,0.6666666666666666,0.6666666666666666,,0.1818181818181818,1.0,,,1
-5.0932079180372565,0.6969862992820188,-1.0302226622308674,-0.3612245633061731,-0.2383701956670083,0.5807282760867668,-0.43689971368517,0.3784282260483771,-0.7316184606551857,-0.0132537793659304,Spyware-TIBS-7ee08dbd8e61fb131cc2258ad23f01c675265c04b502aa8676da524f962a98ab-6.raw,0.0,0.0,0.659731172896336,,0.6842395350087076,0.0443243243243243,0.7995059288537549,0.0398872750921309,0.6621254869352731,,0.1683029453015427,0.0678271308523409,0.0,0.0386100386100386,0.0620689655172413,0.0181818181818181,0.0203488372093023,0.0196078431372549,0.021505376344086,0.0610687022900763,0.238095238095238,0.15625,0.238095238095238,0.523978816875774,0.4344045308964054,0.523978816875774,0.0,0.0,0.0,0.0,0.0,0.0,0.0,0.0,0.0,0.0,0.0666666666666666,0.0,0.0,0.0,0.0,0.4007890843333884,0.2829705505761845,0.4818181818181817,0.0,0.6363636363636364,0.5,,0.6666666666666666,0.6666666666666666,,0.1818181818181818,1.0,,,1
-5.298725922302373,0.718393978066563,-0.954043748700332,-0.2982537759940405,-0.2733406460245168,0.7190165548957218,-0.2762781788007517,-0.209500872143939,-0.8805245310427807,-0.116141994056141,Spyware-TIBS-8d05ac658cc148b5089cba5909d167e79b2ee62d09dfdba71234792f184da271-5.raw,0.0,0.0,0.6287976431596394,,0.6362126948660451,0.041081081081081,0.7909090909090911,0.0138738348146542,0.6107351229526033,,0.1626928471248246,0.0186074429771908,0.0,0.0289575289575289,0.0183908045977011,0.0181818181818181,0.0203488372093023,0.0196078431372549,0.010752688172043,0.0610687022900763,0.2142857142857142,0.140625,0.2142857142857142,0.4724320173716093,0.3901419099051962,0.4724320173716093,0.0,0.0,0.0,0.0,0.0,0.0,0.0,0.0,0.0,0.0,0.0666666666666666,0.0,0.0,0.0,0.0,0.4007890843333884,0.2829705505761845,0.4818181818181817,0.0,0.6363636363636364,0.5,,0.6666666666666666,0.6666666666666666,,0.1818181818181818,1.0,,,1
2.2652476649007434,2.93760950557049,6.57293101757295,1.414927011489266,-0.4199411217912056,-0.8774272571906495,0.6977925277964754,1.0611959755969775,-0.1978936275577083,-0.1242259021608359,Spyware-TIBS-92a05114ea36ed4ce64ac63d8b6472026537aedd164228ba9c18a95a44d4cbc3-10.raw,0.2058823529411764,0.1428571428571428,0.6241753915897879,,0.9420939836367274,0.4637837837837837,0.9934782608695656,0.5803164968567093,0.9380385790767112,,0.2791023842917251,0.6938775510204082,0.3333333333333333,0.4671814671814672,0.5701149425287356,0.3454545454545454,0.7034883720930233,0.5686274509803921,0.478494623655914,0.6335877862595419,0.4285714285714285,0.390625,0.4285714285714285,0.4146516514157817,0.2672319393056032,0.4146516514157817,0.0112359550561797,4.630058338735068e-05,0.0112359550561797,0.0,0.3,0.0,0.2307692307692307,0.3,0.2307692307692307,0.3,0.2666666666666666,0.4968750000000002,0.0,0.3822115384615385,0.4968750000000002,0.5600700723327309,0.6179577464788735,0.5715686274509806,1.0,1.0,1.0,,1.0,1.0,,0.7272727272727273,1.0,,,1
-0.9894799777604896,-3.5114702487967393,2.436363459729428,0.6396101708687266,-0.0676977303756635,-0.1847401027119501,0.4049541682491637,-0.0058148255792805,-0.3106590815796087,-0.0584672659051218,Spyware-TIBS-8d1b6b6cb2f44e01ad43b8efaebec065c4047400f1848f23a9e2034b3b710182-9.raw,0.1470588235294117,0.0714285714285714,0.6234511071557657,,0.9548796730718968,0.3448648648648648,0.9503220611916272,0.4743117277259918,0.9517197047116884,,0.2622720897615708,0.6176470588235294,0.2592592592592592,0.4247104247104247,0.3931034482758621,0.2,0.4331395348837209,0.4509803921568627,0.3494623655913978,0.4274809160305343,0.3333333333333333,0.296875,0.3333333333333333,0.3634562067807559,0.2332154601568117,0.3634562067807559,0.0112359550561797,4.630058338735068e-05,0.0112359550561797,0.0,0.0,0.0,0.0,0.0,0.0,0.0,0.0666666666666666,0.0,0.0,0.0,0.0,0.2555756479807115,0.1966614501825767,0.3156136528685546,1.0,1.0,1.0,,1.0,1.0,,0.7272727272727273,1.0,,,1
-0.9784603912661358,-3.4780855195060183,2.382117014582878,0.6049497726686045,-0.0645758268918769,-0.1478584411580692,0.4061106648188667,0.0215369588499063,-0.2844020851936429,-0.0475793919984891,Spyware-TIBS-6c524355af15275aa5b7f957574769ce268cbe125214f26c32a1037bc831ee8d-9.raw,0.1470588235294117,0.0714285714285714,0.6192502574384364,,0.9506402668123904,0.3394594594594594,0.938647342995169,0.4714936050292651,0.9471833948045764,,0.2622720897615708,0.60984393757503,0.2592592592592592,0.4247104247104247,0.3977011494252873,0.2,0.4331395348837209,0.4509803921568627,0.3494623655913978,0.4122137404580153,0.3333333333333333,0.296875,0.3333333333333333,0.3688370824387161,0.2427740071603362,0.3688370824387161,0.0112359550561797,4.630058338735068e-05,0.0112359550561797,0.0,0.0,0.0,0.0,0.0,0.0,0.0,0.0666666666666666,0.0,0.0,0.0,0.0,0.2555756479807115,0.1966614501825767,0.3156136528685546,1.0,1.0,1.0,,1.0,1.0,,0.7272727272727273,1.0,,,1
-1.7402516463613331,-3.867992467492479,3.3911738246673333,1.354344937720806,-0.1478437442583616,-0.4566744390209072,0.7757522851807713,-1.8614074405625736,0.0378164440408031,-0.1094403654349657,Spyware-TIBS-40a45471e1b7f0ad943f0e2f736afb24b7048c09caf44befbfaf8c10c89aca25-9.raw,0.1470588235294117,0.0714285714285714,0.6696604540463869,,0.9640107019385268,0.3308108108108108,0.9199677938808376,0.480381530457403,0.9614902183577768,,0.2622720897615708,0.6206482593037215,0.2592592592592592,0.4111969111969112,0.4482758620689655,0.2,0.4215116279069767,0.4509803921568627,0.3440860215053763,0.4122137404580153,0.2142857142857142,0.21875,0.2142857142857142,0.1571808350393037,0.053061368214521,0.1571808350393037,0.0112359550561797,4.630058338735068e-05,0.0112359550561797,0.0,0.0,0.0,0.0,0.0,0.0,0.0,0.0666666666666666,0.0,0.0,0.0,0.0,0.2555756479807115,0.1966614501825767,0.3156136528685546,1.0,1.0,1.0,,1.0,1.0,,0.7272727272727273,1.0,,,1
-5.095015378834378,0.697925028061878,-1.029359146384975,-0.3600898003981834,-0.2375434696829855,0.5775642016952441,-0.4396508602028132,0.3799097274815825,-0.7143739877528434,-0.008392249123754,Spyware-TIBS-10f9ff1e9f0cddbac2bf5dd5921a15f8c925fa57b2a1d2f9f10772a3b6bba6b2-6.raw,0.0,0.0,0.6648867611857852,,0.6834390876729965,0.0443243243243243,0.7995059288537549,0.0394537177541729,0.6612689808688952,,0.1683029453015427,0.0666266506602641,0.0,0.0386100386100386,0.064367816091954,0.0181818181818181,0.0203488372093023,0.0196078431372549,0.021505376344086,0.0610687022900763,0.238095238095238,0.15625,0.238095238095238,0.523978816875774,0.4344045308964054,0.523978816875774,0.0,0.0,0.0,0.0,0.0,0.0,0.0,0.0,0.0,0.0,0.0666666666666666,0.0,0.0,0.0,0.0,0.4007890843333884,0.2829705505761845,0.4818181818181817,0.0,0.6363636363636364,0.5,,0.6666666666666666,0.6666666666666666,,0.1818181818181818,1.0,,,1
-5.296216873165798,0.7165895146466019,-0.9523922574136076,-0.2979643147010539,-0.273256491122073,0.7169942713776133,-0.2763854992335402,-0.2087763691831125,-0.8822844580274563,-0.1164209481478472,Spyware-TIBS-6c524355af15275aa5b7f957574769ce268cbe125214f26c32a1037bc831ee8d-5.raw,0.0,0.0,0.6287976431596394,,0.6366129185339006,0.041081081081081,0.7909090909090911,0.0140906134836332,0.6111633759857921,,0.1626928471248246,0.0186074429771908,0.0,0.0328185328185328,0.0183908045977011,0.0181818181818181,0.0203488372093023,0.0196078431372549,0.010752688172043,0.0610687022900763,0.2142857142857142,0.140625,0.2142857142857142,0.4724320173716093,0.3901419099051962,0.4724320173716093,0.0,0.0,0.0,0.0,0.0,0.0,0.0,0.0,0.0,0.0,0.0666666666666666,0.0,0.0,0.0,0.0,0.4007890843333884,0.2829705505761845,0.4818181818181817,0.0,0.6363636363636364,0.5,,0.6666666666666666,0.6666666666666666,,0.1818181818181818,1.0,,,1
-5.455678918217117,-0.0507837211264811,-0.4339150116586587,0.0847686520303786,-0.1321501766620991,-0.4336713939974447,-0.0188302712685901,-0.2523027710756141,1.2336326266342066,-0.2580589518465925,Spyware-TIBS-92a05114ea36ed4ce64ac63d8b6472026537aedd164228ba9c18a95a44d4cbc3-1.raw,0.0,0.0,0.9845332351316516,,0.7690869525940783,0.0389189189189189,0.7851778656126482,0.085844352915673,0.7529151299713233,,0.1725105189340813,0.070828331332533,0.0,0.0173745173745173,0.3448275862068966,0.0181818181818181,0.0203488372093023,0.0196078431372549,0.010752688172043,0.0610687022900763,0.1904761904761904,0.125,0.1904761904761904,0.4189987635880066,0.3429125217635632,0.4189987635880066,0.0,0.0,0.0,0.0,0.0,0.0,0.0,0.0,0.0,0.0,0.0,0.0,0.0,0.0,0.0,0.4007890843333884,0.2829705505761845,0.3023172905525847,0.0,0.6363636363636364,0.5,,0.6666666666666666,0.6666666666666666,,0.1818181818181818,1.0,,,1
-0.9671875428226822,-3.596493965977662,2.5813430260814503,0.7422983105135327,-0.0422951984282283,-0.4128730849342235,0.3155606706875235,0.1217439978906063,0.131655797785757,0.1030147162178497,Spyware-TIBS-8d1b6b6cb2f44e01ad43b8efaebec065c4047400f1848f23a9e2034b3b710182-7.raw,0.1470588235294117,0.0714285714285714,0.7032672517850201,,0.9891210313217584,0.3448648648648648,0.9503220611916272,0.4970734879687838,0.9883591308845182,,0.2622720897615708,0.6434573829531812,0.2592592592592592,0.4227799227799227,0.4873563218390804,0.2,0.4331395348837209,0.4509803921568627,0.3494623655913978,0.4274809160305343,0.3333333333333333,0.296875,0.3333333333333333,0.3634562067807559,0.2332154601568117,0.3634562067807559,0.0112359550561797,4.630058338735068e-05,0.0112359550561797,0.0,0.0,0.0,0.0,0.0,0.0,0.0,0.0666666666666666,0.0,0.0,0.0,0.0,0.2555756479807115,0.1966614501825767,0.3156136528685546,1.0,1.0,1.0,,1.0,1.0,,0.7272727272727273,1.0,,,1
-5.441378174371646,-0.0387585815452546,-0.4650616819641958,0.063647994830933,-0.1377225157944819,-0.391338679265368,0.0074161457856669,-0.2822912566649947,1.125207919696274,-0.2933880838597492,Spyware-TIBS-45f85eaf165337665b247db9aecc04e018d6402f73da2730fc66b885252abe7e-1.raw,0.0,0.0,0.9484441171055056,,0.7642842685798119,0.0389189189189189,0.7851778656126482,0.0832430088879254,0.7477760935730562,,0.1739130434782608,0.0672268907563025,0.0,0.0173745173745173,0.3310344827586207,0.0181818181818181,0.0203488372093023,0.0196078431372549,0.010752688172043,0.0610687022900763,0.1904761904761904,0.125,0.1904761904761904,0.4189987635880066,0.3429125217635632,0.4189987635880066,0.0,0.0,0.0,0.0,0.0,0.0,0.0,0.0,0.0,0.0,0.0,0.0,0.0,0.0,0.0,0.4007890843333884,0.2829705505761845,0.3023172905525847,0.0,0.6363636363636364,0.5,,0.6666666666666666,0.6666666666666666,,0.1818181818181818,1.0,,,1
-5.0842417214416695,0.6948174211711429,-1.0312676516711856,-0.3629404523718829,-0.2387122754837017,0.5799949061530875,-0.4326410074502007,0.3754774076617974,-0.7427857288217342,-0.0141995437065304,Spyware-TIBS-8dc489ff4bb652a015176896e29487c60c306a301e7e19e17fc8c357d8265615-6.raw,0.0,0.0,0.649419996317437,,0.6850399823444187,0.0443243243243243,0.7995059288537549,0.0403208324300888,0.6629819930016508,,0.1683029453015427,0.0690276110444177,0.0,0.0386100386100386,0.064367816091954,0.0181818181818181,0.0203488372093023,0.0196078431372549,0.021505376344086,0.0610687022900763,0.238095238095238,0.15625,0.238095238095238,0.523978816875774,0.4344045308964054,0.523978816875774,0.0,0.0,0.0,0.0,0.0,0.0,0.0,0.0,0.0,0.0,0.0666666666666666,0.0,0.0,0.0,0.0,0.4007890843333884,0.2829705505761845,0.4818181818181817,0.0,0.6363636363636364,0.5,,0.6666666666666666,0.6666666666666666,,0.1818181818181818,1.0,,,1
-0.9515305821533322,-3.5669422509407465,2.5317664010475696,0.71409534867392,-0.0378167248421377,-0.3879237503013786,0.3141215898384489,0.1544417779464682,0.1805579624089152,0.1207900418227382,Spyware-TIBS-48fe5ec56dc868ffe3ae096714721a0db2bdd482c693a878d246eff2ec9da821-7.raw,0.1470588235294117,0.0714285714285714,0.699066402067691,,0.9868382741051008,0.3394594594594594,0.938647342995169,0.495556037285931,0.985916502472996,,0.2636746143057503,0.6332533013205283,0.2592592592592592,0.4227799227799227,0.4988505747126436,0.2,0.4331395348837209,0.4509803921568627,0.3494623655913978,0.4122137404580153,0.3333333333333333,0.296875,0.3333333333333333,0.3688370824387161,0.2427740071603362,0.3688370824387161,0.0112359550561797,4.630058338735068e-05,0.0112359550561797,0.0,0.0,0.0,0.0,0.0,0.0,0.0,0.0666666666666666,0.0,0.0,0.0,0.0,0.2555756479807115,0.1966614501825767,0.3156136528685546,1.0,1.0,1.0,,1.0,1.0,,0.7272727272727273,1.0,,,1
-5.443267899828844,-0.0560521619600223,-0.4315222781268563,0.0883797044620398,-0.1315660404801649,-0.4430777538086409,-0.0163256337053302,-0.2510203284428651,1.2373064826797873,-0.2549988313577423,Spyware-TIBS-97a0246b1c3df21db4449c71eabd9e2e4c622adfc1c6d9a86e151c844c6f4c30-1.raw,0.0,0.0,0.9742220585527528,,0.7714882946012113,0.0389189189189189,0.7851778656126482,0.0871450249295469,0.7554846481704566,,0.1739130434782608,0.070828331332533,0.0,0.0173745173745173,0.3517241379310344,0.0181818181818181,0.0203488372093023,0.0196078431372549,0.010752688172043,0.0610687022900763,0.1904761904761904,0.125,0.1904761904761904,0.4189987635880066,0.3429125217635632,0.4189987635880066,0.0,0.0,0.0,0.0,0.0,0.0,0.0,0.0,0.0,0.0,0.0,0.0,0.0,0.0,0.0,0.4007890843333884,0.2829705505761845,0.3023172905525847,0.0,0.6363636363636364,0.5,,0.6666666666666666,0.6666666666666666,,0.1818181818181818,1.0,,,1
-0.962038478231136,-3.5914475242404635,2.572839132793512,0.7398720549794872,-0.0418430921431603,-0.4099732623935728,0.3188434199986582,0.1155857750736406,0.1411322985290897,0.1042825052886654,Spyware-TIBS-27d7f533077c5f1cb54d2b03d7bb5c27a0f9b37b8ad7e87b5a8996f1d2135ef4-7.raw,0.1470588235294117,0.0714285714285714,0.699066402067691,,0.9865121659312928,0.3448648648648648,0.9503220611916272,0.4953392586169521,0.9855675555570644,,0.2636746143057503,0.6368547418967587,0.2592592592592592,0.4227799227799227,0.4919540229885057,0.2,0.4331395348837209,0.4509803921568627,0.3494623655913978,0.4274809160305343,0.3333333333333333,0.296875,0.3333333333333333,0.3634562067807559,0.2332154601568117,0.3634562067807559,0.0112359550561797,4.630058338735068e-05,0.0112359550561797,0.0,0.0,0.0,0.0,0.0,0.0,0.0,0.0666666666666666,0.0,0.0,0.0,0.0,0.2555756479807115,0.1966614501825767,0.3156136528685546,1.0,1.0,1.0,,1.0,1.0,,0.7272727272727273,1.0,,,1
-5.2966365624251655,0.726737903962318,-0.9699481787801448,-0.3103657037422983,-0.275948766481821,0.7424829690891773,-0.2656242716592904,-0.22451708712501,-0.9293645535406744,-0.1333726395005499,Spyware-TIBS-49bb6d6117975b63789c7307ca5c4b166239b7d2c342f80a2487dfe99ef438f2-5.raw,0.0,0.0,0.6184864665807401,,0.6322104581874899,0.041081081081081,0.7909090909090911,0.0117060481248645,0.606452592620714,,0.1626928471248246,0.0150060024009603,0.0,0.0328185328185328,0.0091954022988505,0.0181818181818181,0.0203488372093023,0.0196078431372549,0.010752688172043,0.0610687022900763,0.2142857142857142,0.140625,0.2142857142857142,0.4724320173716093,0.3901419099051962,0.4724320173716093,0.0,0.0,0.0,0.0,0.0,0.0,0.0,0.0,0.0,0.0,0.0666666666666666,0.0,0.0,0.0,0.0,0.4007890843333884,0.2829705505761845,0.4818181818181817,0.0,0.6363636363636364,0.5,,0.6666666666666666,0.6666666666666666,,0.1818181818181818,1.0,,,1
-4.66734287796699,3.1992832337818067,1.3239744189000582,0.5592853429331086,-0.3526792180459729,-0.0895099053621436,-0.4779155655307398,0.667382675005705,0.7034728572247878,0.1976818588433837,Spyware-TIBS-7ee08dbd8e61fb131cc2258ad23f01c675265c04b502aa8676da524f962a98ab-2.raw,0.0,0.0,0.9742220585527528,,0.7770914259511887,0.041081081081081,0.7909090909090911,0.0901799262952525,0.7614801906351016,,0.1837307152875175,0.0768307322929171,0.0,0.0328185328185328,0.3402298850574712,0.0181818181818181,0.0203488372093023,0.0196078431372549,0.0161290322580645,0.0610687022900763,0.2142857142857142,0.140625,0.2142857142857142,0.4724320173716093,0.3901419099051962,0.4724320173716093,0.0,0.0,0.0,0.0,0.1,0.0,0.0769230769230769,0.1,0.0769230769230769,0.1,0.1333333333333333,0.2304347826086956,0.0,0.177257525083612,0.2304347826086956,0.554210236653825,0.4856093080220452,0.6144927536231886,0.0,0.6363636363636364,0.5,,0.6666666666666666,0.6666666666666666,,0.1818181818181818,1.0,,,1
-5.300527745491053,0.7242326879795382,-0.9645815355519314,-0.306233080934583,-0.2755235624274403,0.737284585785369,-0.2694129341487251,-0.2189371862859387,-0.920685696094617,-0.1310955796752583,Spyware-TIBS-85ae85a36eb35350175eb3c1b00dcab52d5fe726bab65975a6bb3177c8719da6-5.raw,0.0,0.0,0.6236420548701895,,0.633811352858912,0.041081081081081,0.7909090909090911,0.0125731628007804,0.6081656047534697,,0.1626928471248246,0.0156062424969987,0.0,0.0328185328185328,0.0091954022988505,0.0181818181818181,0.0203488372093023,0.0196078431372549,0.010752688172043,0.0610687022900763,0.2142857142857142,0.140625,0.2142857142857142,0.4724320173716093,0.3901419099051962,0.4724320173716093,0.0,0.0,0.0,0.0,0.0,0.0,0.0,0.0,0.0,0.0,0.0666666666666666,0.0,0.0,0.0,0.0,0.4007890843333884,0.2829705505761845,0.4818181818181817,0.0,0.6363636363636364,0.5,,0.6666666666666666,0.6666666666666666,,0.1818181818181818,1.0,,,1
-4.679721205526525,3.2346701806910967,1.284868197666908,0.526007990003759,-0.3497175767871939,-0.0566749938700541,-0.4838356043372292,0.6730743464466294,0.7666006281725498,0.2239060784579396,Spyware-TIBS-6e996c9ce02c848f4a648e77d67ca89da64badb09faf00c5edbdea6cf7e2b93d-2.raw,0.0,0.0,0.9896888234211012,,0.7650847159155231,0.0389189189189189,0.7851778656126482,0.0836765662258833,0.7486325996394341,,0.1767180925666199,0.0696278511404561,0.0,0.0212355212355212,0.3448275862068966,0.0181818181818181,0.0203488372093023,0.0196078431372549,0.010752688172043,0.0610687022900763,0.2142857142857142,0.140625,0.2142857142857142,0.4754476940916429,0.3954224063895868,0.4754476940916429,0.0,0.0,0.0,0.0,0.1,0.0,0.0769230769230769,0.1,0.0769230769230769,0.1,0.1333333333333333,0.2304347826086956,0.0,0.177257525083612,0.2304347826086956,0.554210236653825,0.4856093080220452,0.6144927536231886,0.0,0.6363636363636364,0.5,,0.6666666666666666,0.6666666666666666,,0.1818181818181818,1.0,,,1
-4.852026358503959,2.784689224983449,1.256766495449697,0.4809233532682513,-0.3151168816031923,-0.3108072394376259,0.146054741108932,0.0687939893384586,1.017252861638617,-0.5298447865503352,Spyware-TIBS-6c020f140af8dd853073669a31bb0996b4f0a332a4a3b23b3e708d311b9ec587-1.raw,0.0,0.0,0.9535997053949548,,0.7578806898941237,0.0389189189189189,0.7851778656126482,0.0797745501842618,0.7409240450420336,,0.1739130434782608,0.0612244897959183,0.0,0.0173745173745173,0.3126436781609195,0.0181818181818181,0.0203488372093023,0.0196078431372549,0.010752688172043,0.0610687022900763,0.1904761904761904,0.125,0.1904761904761904,0.4189987635880066,0.3429125217635632,0.4189987635880066,0.0,0.0,0.0,0.0,0.1,0.0,0.0769230769230769,0.1,0.0769230769230769,0.1,0.0666666666666666,0.2304347826086956,0.0,0.177257525083612,0.2304347826086956,0.554210236653825,0.4856093080220452,0.4427962489343561,0.0,0.6363636363636364,0.5,,0.6666666666666666,0.6666666666666666,,0.1818181818181818,1.0,,,1
-0.9625021926977632,-3.5920833433665504,2.569211621567568,0.7360655633681682,-0.0446250278637605,-0.3960106640461217,0.3248642036386425,0.1113030783393533,0.0859195029929208,0.0866829843358958,Spyware-TIBS-92a05114ea36ed4ce64ac63d8b6472026537aedd164228ba9c18a95a44d4cbc3-7.raw,0.1470588235294117,0.0714285714285714,0.6906647026330326,,0.9874904904527172,0.3448648648648648,0.9503220611916272,0.495989594623889,0.9866143963048594,,0.2636746143057503,0.6404561824729892,0.2592592592592592,0.4227799227799227,0.4804597701149425,0.2,0.436046511627907,0.4509803921568627,0.3494623655913978,0.4274809160305343,0.3333333333333333,0.296875,0.3333333333333333,0.3634562067807559,0.2332154601568117,0.3634562067807559,0.0112359550561797,4.630058338735068e-05,0.0112359550561797,0.0,0.0,0.0,0.0,0.0,0.0,0.0,0.0666666666666666,0.0,0.0,0.0,0.0,0.2555756479807115,0.1966614501825767,0.3156136528685546,1.0,1.0,1.0,,1.0,1.0,,0.7272727272727273,1.0,,,1
-5.455586631741017,-0.0574520729167734,-0.4188987215718798,0.0997645638760929,-0.1278208764892744,-0.4641895733327825,-0.0323533041481562,-0.2361563449020068,1.3153695339279114,-0.2322953131986814,Spyware-TIBS-8d05ac658cc148b5089cba5909d167e79b2ee62d09dfdba71234792f184da271-1.raw,0.0,0.0,1.0,,0.7714882946012113,0.0389189189189189,0.7851778656126482,0.0871450249295469,0.7554846481704566,,0.1739130434782608,0.070828331332533,0.0,0.0135135135135135,0.360919540229885,0.0181818181818181,0.0203488372093023,0.0196078431372549,0.010752688172043,0.0610687022900763,0.1904761904761904,0.125,0.1904761904761904,0.4189987635880066,0.3429125217635632,0.4189987635880066,0.0,0.0,0.0,0.0,0.0,0.0,0.0,0.0,0.0,0.0,0.0,0.0,0.0,0.0,0.0,0.4007890843333884,0.2829705505761845,0.3023172905525847,0.0,0.6363636363636364,0.5,,0.6666666666666666,0.6666666666666666,,0.1818181818181818,1.0,,,1
-0.992803702907732,-3.5022946945322824,2.4253161007978865,0.6336815991443,-0.0679243399363274,-0.1738716393004473,0.4075632651923885,-0.0138851750676554,-0.3078558769126134,-0.0599745128018722,Spyware-TIBS-27d7f533077c5f1cb54d2b03d7bb5c27a0f9b37b8ad7e87b5a8996f1d2135ef4-9.raw,0.1470588235294117,0.0714285714285714,0.6234511071557657,,0.9509663749861984,0.3448648648648648,0.9503220611916272,0.4717103836982441,0.947532341720508,,0.2622720897615708,0.6086434573829532,0.2592592592592592,0.4247104247104247,0.3931034482758621,0.2,0.4331395348837209,0.4509803921568627,0.3494623655913978,0.4274809160305343,0.3333333333333333,0.296875,0.3333333333333333,0.3634562067807559,0.2332154601568117,0.3634562067807559,0.0112359550561797,4.630058338735068e-05,0.0112359550561797,0.0,0.0,0.0,0.0,0.0,0.0,0.0,0.0666666666666666,0.0,0.0,0.0,0.0,0.2555756479807115,0.1966614501825767,0.3156136528685546,1.0,1.0,1.0,,1.0,1.0,,0.7272727272727273,1.0,,,1
-5.447944989372457,-0.052720868052784,-0.4363875703599391,0.084847285706531,-0.1328950383940938,-0.4321899449317505,-0.0137159308339193,-0.2548202072377195,1.2145761841439096,-0.2640019750936924,Spyware-TIBS-7f0fb3e6faacd89fae2a13bf11a019edae5ef581472e8458204f6213af272dee-1.raw,0.0,0.0,0.9742220585527528,,0.7702876235976448,0.0389189189189189,0.7851778656126482,0.08649468892261,0.75419988907089,,0.1739130434782608,0.0714285714285714,0.0,0.0173745173745173,0.3448275862068966,0.0181818181818181,0.0203488372093023,0.0196078431372549,0.010752688172043,0.0610687022900763,0.1904761904761904,0.125,0.1904761904761904,0.4189987635880066,0.3429125217635632,0.4189987635880066,0.0,0.0,0.0,0.0,0.0,0.0,0.0,0.0,0.0,0.0,0.0,0.0,0.0,0.0,0.0,0.4007890843333884,0.2829705505761845,0.3023172905525847,0.0,0.6363636363636364,0.5,,0.6666666666666666,0.6666666666666666,,0.1818181818181818,1.0,,,1
-0.9695936737974636,-3.528950588153642,2.466296027604445,0.664236598462563,-0.0518152094731143,-0.2720416229017019,0.357223732769074,0.0957708306352305,-0.0654671976076868,0.0332010087696588,Spyware-TIBS-7f0fb3e6faacd89fae2a13bf11a019edae5ef581472e8458204f6213af272dee-8.raw,0.1470588235294117,0.0714285714285714,0.6612587546117282,,0.9728156226313484,0.3394594594594594,0.938647342995169,0.4862345545198352,0.9709117850879329,,0.2622720897615708,0.6254501800720288,0.2592592592592592,0.4247104247104247,0.4436781609195402,0.2,0.4331395348837209,0.4509803921568627,0.3494623655913978,0.4122137404580153,0.3333333333333333,0.296875,0.3333333333333333,0.3688370824387161,0.2427740071603362,0.3688370824387161,0.0112359550561797,4.630058338735068e-05,0.0112359550561797,0.0,0.0,0.0,0.0,0.0,0.0,0.0,0.0666666666666666,0.0,0.0,0.0,0.0,0.2555756479807115,0.1966614501825767,0.3156136528685546,1.0,1.0,1.0,,1.0,1.0,,0.7272727272727273,1.0,,,1
-5.2950260042247015,0.7277028100348493,-0.9710623364688962,-0.3109797425624281,-0.2755304911041081,0.7414078081395906,-0.2656788360858578,-0.2255755015583648,-0.9212974495558536,-0.1305916398205353,Spyware-TIBS-19f82488e174dbe2b094ad9e520ee3956ef6c14f8faf5bd0bb368f0ea73de6ef-5.raw,0.0,0.0,0.6184864665807401,,0.6314100108517788,0.041081081081081,0.7909090909090911,0.0112724907869065,0.6055960865543362,,0.1626928471248246,0.0138055222088835,0.0,0.0328185328185328,0.0114942528735632,0.0181818181818181,0.0203488372093023,0.0196078431372549,0.010752688172043,0.0610687022900763,0.2142857142857142,0.140625,0.2142857142857142,0.4724320173716093,0.3901419099051962,0.4724320173716093,0.0,0.0,0.0,0.0,0.0,0.0,0.0,0.0,0.0,0.0,0.0666666666666666,0.0,0.0,0.0,0.0,0.4007890843333884,0.2829705505761845,0.4818181818181817,0.0,0.6363636363636364,0.5,,0.6666666666666666,0.6666666666666666,,0.1818181818181818,1.0,,,1
-6.3611595629749536,-0.4576150078032111,0.6584745218590922,0.911831931210281,-0.2614165280247287,-0.5944245701331615,0.5572558769351492,-2.783817418523689,1.1449814079233094,-0.5177902014782044,Spyware-TIBS-9aa88b8359d2090f6588d882078813d7c548776d7403627c25f1091a0564fce6-1.raw,0.0,0.0,0.9484441171055056,,0.7454737561906025,0.0291891891891891,0.7593873517786563,0.0730544114459137,0.7276482010131773,,0.1809256661991584,0.0582232893157262,0.0,0.0,0.3080459770114943,0.0181818181818181,0.0087209302325581,0.0196078431372549,0.0,0.0610687022900763,0.0714285714285714,0.046875,0.0714285714285714,0.1455409756172509,0.0998762635369081,0.1455409756172509,0.0,0.0,0.0,0.0,0.0,0.0,0.0,0.0,0.0,0.0,0.0,0.0,0.0,0.0,0.0,0.4007890843333884,0.2829705505761845,0.3023172905525847,0.0,0.6363636363636364,0.5,,0.6666666666666666,0.6666666666666666,,0.1818181818181818,1.0,,,1
-5.269060559390462,0.4301758459663979,-0.4394625898274555,0.1023834926219306,-0.1785825871376605,-0.1029763597275322,-0.6208276536235402,0.2728284528266638,0.8028535315090533,0.4577544730253196,Spyware-TIBS-7f0fb3e6faacd89fae2a13bf11a019edae5ef581472e8458204f6213af272dee-3.raw,0.0,0.0,0.9742220585527528,,0.757480466226268,0.041081081081081,0.7909090909090911,0.0795577715152829,0.7404957920088445,,0.1767180925666199,0.0768307322929171,0.0,0.0328185328185328,0.3540229885057471,0.0181818181818181,0.0203488372093023,0.0196078431372549,0.010752688172043,0.0610687022900763,0.2142857142857142,0.140625,0.2142857142857142,0.4724320173716093,0.3901419099051962,0.4724320173716093,0.0,0.0,0.0,0.0,0.0,0.0,0.0,0.0,0.0,0.0,0.0666666666666666,0.0,0.0,0.0,0.0,0.4007890843333884,0.2829705505761845,0.4818181818181817,0.0,0.6363636363636364,0.5,,0.6666666666666666,0.6666666666666666,,0.1818181818181818,1.0,,,1
-0.9742285580238336,-3.5385748688168617,2.483849562008171,0.6744220944742391,-0.0571184923477744,-0.2709993974543114,0.3735857091198123,0.0358154590092352,-0.1234463521498616,0.0096500983515781,Spyware-TIBS-28e57139370f05830b5ffa383fde31916f358d49a03010d6cee044c63e852a82-8.raw,0.1470588235294117,0.0714285714285714,0.6486562054597407,,0.9649890264599512,0.3448648648648648,0.9503220611916272,0.4810318664643399,0.9625370591055716,,0.2622720897615708,0.6188475390156063,0.2592592592592592,0.4247104247104247,0.4367816091954023,0.2,0.4331395348837209,0.4509803921568627,0.3494623655913978,0.4274809160305343,0.3333333333333333,0.296875,0.3333333333333333,0.3634562067807559,0.2332154601568117,0.3634562067807559,0.0112359550561797,4.630058338735068e-05,0.0112359550561797,0.0,0.0,0.0,0.0,0.0,0.0,0.0,0.0666666666666666,0.0,0.0,0.0,0.0,0.2555756479807115,0.1966614501825767,0.3156136528685546,1.0,1.0,1.0,,1.0,1.0,,0.7272727272727273,1.0,,,1
-0.9651459607779304,-3.517465475607352,2.447787909644932,0.6509974788542273,-0.0530530440604191,-0.2521317677988361,0.3666383524947121,0.0785796309918661,-0.0857919669835041,0.0258061511174283,Spyware-TIBS-76ba065d9bbd91b3a2a24ae4c092e3dce4f2555b79ea5c14bc3ff9495ff7e965-8.raw,0.1470588235294117,0.0714285714285714,0.6528570551770698,,0.966293459155184,0.3394594594594594,0.938647342995169,0.4818989811402558,0.9639328467692984,,0.2622720897615708,0.6218487394957983,0.2592592592592592,0.4247104247104247,0.4413793103448276,0.2,0.4331395348837209,0.4509803921568627,0.3494623655913978,0.4122137404580153,0.3333333333333333,0.296875,0.3333333333333333,0.3688370824387161,0.2427740071603362,0.3688370824387161,0.0112359550561797,4.630058338735068e-05,0.0112359550561797,0.0,0.0,0.0,0.0,0.0,0.0,0.0,0.0666666666666666,0.0,0.0,0.0,0.0,0.2555756479807115,0.1966614501825767,0.3156136528685546,1.0,1.0,1.0,,1.0,1.0,,0.7272727272727273,1.0,,,1
-5.289389591456235,0.6962451581402264,-0.920232040993304,-0.2749132220774646,-0.2683333979296987,0.6674632040390834,-0.2936858087803004,-0.1806880801080506,-0.7981481666329899,-0.0841766333047817,Spyware-TIBS-27d7f533077c5f1cb54d2b03d7bb5c27a0f9b37b8ad7e87b5a8996f1d2135ef4-4.raw,0.0,0.0,0.6391088197385377,,0.6462182865624331,0.041081081081081,0.7909090909090911,0.0192933015391285,0.6214414487823261,,0.1626928471248246,0.0216086434573829,0.0,0.0328185328185328,0.0390804597701149,0.0181818181818181,0.0203488372093023,0.0196078431372549,0.010752688172043,0.0610687022900763,0.2142857142857142,0.140625,0.2142857142857142,0.4724320173716093,0.3901419099051962,0.4724320173716093,0.0,0.0,0.0,0.0,0.0,0.0,0.0,0.0,0.0,0.0,0.0666666666666666,0.0,0.0,0.0,0.0,0.4007890843333884,0.2829705505761845,0.4818181818181817,0.0,0.6363636363636364,0.5,,0.6666666666666666,0.6666666666666666,,0.1818181818181818,1.0,,,1
-5.29683519672957,0.7226552980410905,-0.9639138138764772,-0.305625094231635,-0.2755226402735559,0.7349564254549473,-0.2681451571404725,-0.2188461174757531,-0.9221332582330036,-0.1303277748589283,Spyware-TIBS-10ef7e0a4f5ea636cdbf2eeeb6403c3ab328568bf47e67dc37b2a73b82bd06d4-5.raw,0.0,0.0,0.6184864665807401,,0.6350120238624785,0.041081081081081,0.7909090909090911,0.0132234988077173,0.6094503638530364,,0.1626928471248246,0.0138055222088835,0.0,0.0328185328185328,0.0114942528735632,0.0181818181818181,0.0203488372093023,0.0196078431372549,0.010752688172043,0.0610687022900763,0.2142857142857142,0.140625,0.2142857142857142,0.4724320173716093,0.3901419099051962,0.4724320173716093,0.0,0.0,0.0,0.0,0.0,0.0,0.0,0.0,0.0,0.0,0.0666666666666666,0.0,0.0,0.0,0.0,0.4007890843333884,0.2829705505761845,0.4818181818181817,0.0,0.6363636363636364,0.5,,0.6666666666666666,0.6666666666666666,,0.1818181818181818,1.0,,,1
-4.086799904508213,6.165080199671369,2.4086181979697545,0.5121732143121325,-0.6132299998976369,0.8025875932155839,0.0300289541063821,0.4618682122116281,-1.003939318493243,-0.5560200298656488,Spyware-TIBS-8b374a972ae3f2aa202e216b2ebb61cd7668d1e3803cfcc9bdeb9f7e1a0e70c2-5.raw,0.0,0.0,0.6287976431596394,,0.633811352858912,0.041081081081081,0.7909090909090911,0.0125731628007804,0.6081656047534697,,0.1626928471248246,0.0150060024009603,0.0,0.0328185328185328,0.0114942528735632,0.0181818181818181,0.0203488372093023,0.0196078431372549,0.010752688172043,0.0610687022900763,0.2142857142857142,0.140625,0.2142857142857142,0.4724320173716093,0.3901419099051962,0.4724320173716093,0.0,0.0,0.0,0.0,0.2,0.0,0.1538461538461538,0.2,0.1538461538461538,0.2,0.2,0.4416666666666666,0.0,0.3397435897435896,0.4416666666666666,0.6948462929475591,0.6713615023474178,0.7361111111111113,0.0,0.6363636363636364,0.5,,0.6666666666666666,0.6666666666666666,,0.1818181818181818,1.0,,,1
-4.832390254069804,2.753406973892957,1.306297101886532,0.5122200896242115,-0.3061179690794522,-0.3930339201774797,0.1191630101799357,0.1084613496739583,1.1699262211625336,-0.4685378568434509,Spyware-TIBS-76ba065d9bbd91b3a2a24ae4c092e3dce4f2555b79ea5c14bc3ff9495ff7e965-1.raw,0.0,0.0,0.9690664702633032,,0.7698873999297892,0.0389189189189189,0.7851778656126482,0.086277910253631,0.7537716360377009,,0.1725105189340813,0.070828331332533,0.0,0.0173745173745173,0.3517241379310344,0.0181818181818181,0.0203488372093023,0.0196078431372549,0.010752688172043,0.0610687022900763,0.1904761904761904,0.125,0.1904761904761904,0.4189987635880066,0.3429125217635632,0.4189987635880066,0.0,0.0,0.0,0.0,0.1,0.0,0.0769230769230769,0.1,0.0769230769230769,0.1,0.0666666666666666,0.2304347826086956,0.0,0.177257525083612,0.2304347826086956,0.554210236653825,0.4856093080220452,0.4427962489343561,0.0,0.6363636363636364,0.5,,0.6666666666666666,0.6666666666666666,,0.1818181818181818,1.0,,,1
-5.295058912868616,0.7196334593276823,-0.9582864174066508,-0.3020937691223671,-0.2741538996288628,0.7249533906040918,-0.2722844858151277,-0.2142421553411873,-0.8984293880343934,-0.1218253497696606,Spyware-TIBS-89a8dd64095295fe228f580ae94893cd8a6cd628ee3f36ae208b6d7ff79a7e55-5.raw,0.0,0.0,0.6236420548701895,,0.6354122475303341,0.041081081081081,0.7909090909090911,0.0134402774766962,0.6098786168862255,,0.1626928471248246,0.0168067226890756,0.0,0.0328185328185328,0.0160919540229885,0.0181818181818181,0.0203488372093023,0.0196078431372549,0.010752688172043,0.0610687022900763,0.2142857142857142,0.140625,0.2142857142857142,0.4724320173716093,0.3901419099051962,0.4724320173716093,0.0,0.0,0.0,0.0,0.0,0.0,0.0,0.0,0.0,0.0,0.0666666666666666,0.0,0.0,0.0,0.0,0.4007890843333884,0.2829705505761845,0.4818181818181817,0.0,0.6363636363636364,0.5,,0.6666666666666666,0.6666666666666666,,0.1818181818181818,1.0,,,1
-5.285711814126854,0.4063877670474898,-0.4007462954596412,0.1270492755081916,-0.1783048255950585,-0.135176823902772,-0.6368188379260247,0.3078488414683467,0.809949823758094,0.4654901404946192,Spyware-TIBS-8d05ac658cc148b5089cba5909d167e79b2ee62d09dfdba71234792f184da271-3.raw,0.0,0.0,0.9793776468422024,,0.775090307611911,0.041081081081081,0.7909090909090911,0.0890960329503576,0.7593389254691568,,0.1739130434782608,0.0780312124849939,0.0,0.0289575289575289,0.3540229885057471,0.0181818181818181,0.0203488372093023,0.0196078431372549,0.010752688172043,0.0610687022900763,0.2142857142857142,0.140625,0.2142857142857142,0.4724320173716093,0.3901419099051962,0.4724320173716093,0.0,0.0,0.0,0.0,0.0,0.0,0.0,0.0,0.0,0.0,0.0666666666666666,0.0,0.0,0.0,0.0,0.4007890843333884,0.2829705505761845,0.4818181818181817,0.0,0.6363636363636364,0.5,,0.6666666666666666,0.6666666666666666,,0.1818181818181818,1.0,,,1
-5.284673478510095,0.398655148671076,-0.3934809000157347,0.1504442834019835,-0.17613541935135,-0.1545618754674997,-0.6440240920612152,0.324650053415122,0.8404068826559215,0.4611205175027997,Spyware-TIBS-89a8dd64095295fe228f580ae94893cd8a6cd628ee3f36ae208b6d7ff79a7e55-2.raw,0.0,0.0,0.9948444117105508,,0.7786923206226106,0.041081081081081,0.7909090909090911,0.0910470409711684,0.7631932027678571,,0.1837307152875175,0.0786314525810324,0.0,0.0328185328185328,0.3563218390804598,0.0181818181818181,0.0203488372093023,0.0196078431372549,0.010752688172043,0.0610687022900763,0.2142857142857142,0.140625,0.2142857142857142,0.4724320173716093,0.3901419099051962,0.4724320173716093,0.0,0.0,0.0,0.0,0.0,0.0,0.0,0.0,0.0,0.0,0.0666666666666666,0.0,0.0,0.0,0.0,0.4007890843333884,0.2829705505761845,0.4818181818181817,0.0,0.6363636363636364,0.5,,0.6666666666666666,0.6666666666666666,,0.1818181818181818,1.0,,,1
-5.2941101976469875,0.721069765452643,-0.9598242721781692,-0.302715762696539,-0.2737621526312451,0.7243626069919001,-0.2723471748268574,-0.2153988649794651,-0.8901082021529996,-0.119202861983366,Spyware-TIBS-48fe5ec56dc868ffe3ae096714721a0db2bdd482c693a878d246eff2ec9da821-5.raw,0.0,0.0,0.6236420548701895,,0.634611800194623,0.041081081081081,0.7909090909090911,0.0130067201387383,0.6090221108198476,,0.1626928471248246,0.0144057623049219,0.0,0.0328185328185328,0.0183908045977011,0.0181818181818181,0.0203488372093023,0.0196078431372549,0.010752688172043,0.0610687022900763,0.2142857142857142,0.140625,0.2142857142857142,0.4724320173716093,0.3901419099051962,0.4724320173716093,0.0,0.0,0.0,0.0,0.0,0.0,0.0,0.0,0.0,0.0,0.0666666666666666,0.0,0.0,0.0,0.0,0.4007890843333884,0.2829705505761845,0.4818181818181817,0.0,0.6363636363636364,0.5,,0.6666666666666666,0.6666666666666666,,0.1818181818181818,1.0,,,1
-5.093892714266136,0.6964213932910457,-1.027717471931394,-0.3594789299644554,-0.2374895406082893,0.5758786267221604,-0.4399086467052236,0.3808540272339408,-0.714975019176785,-0.0080459070072468,Spyware-TIBS-85ae85a36eb35350175eb3c1b00dcab52d5fe726bab65975a6bb3177c8719da6-6.raw,0.0,0.0,0.6648867611857852,,0.6838393113408522,0.0443243243243243,0.7995059288537549,0.0396704964231519,0.6616972339020842,,0.1683029453015427,0.0690276110444177,0.0,0.0386100386100386,0.064367816091954,0.0181818181818181,0.0203488372093023,0.0196078431372549,0.021505376344086,0.0610687022900763,0.238095238095238,0.15625,0.238095238095238,0.523978816875774,0.4344045308964054,0.523978816875774,0.0,0.0,0.0,0.0,0.0,0.0,0.0,0.0,0.0,0.0,0.0666666666666666,0.0,0.0,0.0,0.0,0.4007890843333884,0.2829705505761845,0.4818181818181817,0.0,0.6363636363636364,0.5,,0.6666666666666666,0.6666666666666666,,0.1818181818181818,1.0,,,1
-0.9799043744134568,-3.4781743630161994,2.3832576601480566,0.6068132845542918,-0.0642212174980511,-0.1505099070499662,0.4049003708774739,0.0232685063276324,-0.2751302964719321,-0.0442991593437306,Spyware-TIBS-8d05ac658cc148b5089cba5909d167e79b2ee62d09dfdba71234792f184da271-9.raw,0.1470588235294117,0.0714285714285714,0.6192502574384364,,0.9512924831600068,0.3394594594594594,0.938647342995169,0.471927162367223,0.94788128863644,,0.2622720897615708,0.6092436974789915,0.2592592592592592,0.4208494208494208,0.4,0.2,0.4331395348837209,0.4509803921568627,0.3494623655913978,0.4122137404580153,0.3333333333333333,0.296875,0.3333333333333333,0.3688370824387161,0.2427740071603362,0.3688370824387161,0.0112359550561797,4.630058338735068e-05,0.0112359550561797,0.0,0.0,0.0,0.0,0.0,0.0,0.0,0.0666666666666666,0.0,0.0,0.0,0.0,0.2555756479807115,0.1966614501825767,0.3156136528685546,1.0,1.0,1.0,,1.0,1.0,,0.7272727272727273,1.0,,,1
-5.269475107713127,0.6591972937598742,-0.8597117554573659,-0.2324303659691862,-0.2566832626020125,0.5647235195054171,-0.3294578039897968,-0.1290924618194291,-0.5973371476184584,-0.0085685685753898,Spyware-TIBS-45f85eaf165337665b247db9aecc04e018d6402f73da2730fc66b885252abe7e-4.raw,0.0,0.0,0.6648867611857852,,0.6606263386052318,0.041081081081081,0.7909090909090911,0.0270973336223715,0.636858557977127,,0.1626928471248246,0.0306122448979591,0.0,0.0328185328185328,0.0873563218390804,0.0181818181818181,0.0203488372093023,0.0196078431372549,0.010752688172043,0.0610687022900763,0.2142857142857142,0.140625,0.2142857142857142,0.4724320173716093,0.3901419099051962,0.4724320173716093,0.0,0.0,0.0,0.0,0.0,0.0,0.0,0.0,0.0,0.0,0.0666666666666666,0.0,0.0,0.0,0.0,0.4007890843333884,0.2829705505761845,0.4818181818181817,0.0,0.6363636363636364,0.5,,0.6666666666666666,0.6666666666666666,,0.1818181818181818,1.0,,,1
-5.274638880421267,0.3946662406076025,-0.3891620270172314,0.1357163377457901,-0.1775632848837747,-0.1519396329297863,-0.6381353073955149,0.3167398403466559,0.8118403015388023,0.4681636467713398,Spyware-TIBS-8d8af27b1ab68fde08153c7b2d90670c329aa93abe1645da4651ae0941f6da09-3.raw,0.0,0.0,0.9742220585527528,,0.7802932152940327,0.041081081081081,0.7909090909090911,0.0919141556470843,0.7649062149006127,,0.1753155680224404,0.0828331332533013,0.0,0.0328185328185328,0.3586206896551724,0.0181818181818181,0.0203488372093023,0.0196078431372549,0.010752688172043,0.0610687022900763,0.2142857142857142,0.140625,0.2142857142857142,0.4724320173716093,0.3901419099051962,0.4724320173716093,0.0,0.0,0.0,0.0,0.0,0.0,0.0,0.0,0.0,0.0,0.0666666666666666,0.0,0.0,0.0,0.0,0.4007890843333884,0.2829705505761845,0.4818181818181817,0.0,0.6363636363636364,0.5,,0.6666666666666666,0.6666666666666666,,0.1818181818181818,1.0,,,1
-5.089806346411917,0.6949188687943978,-1.025076285898555,-0.357148365191297,-0.2362020798935148,0.5671510244479495,-0.4419824651089081,0.3830110445363862,-0.6916778625344575,0.0006608322299887,Spyware-TIBS-48fe5ec56dc868ffe3ae096714721a0db2bdd482c693a878d246eff2ec9da821-6.raw,0.0,0.0,0.6648867611857852,,0.6842395350087076,0.0443243243243243,0.7995059288537549,0.0398872750921309,0.6621254869352731,,0.1683029453015427,0.0666266506602641,0.0,0.0386100386100386,0.0712643678160919,0.0181818181818181,0.0203488372093023,0.0196078431372549,0.021505376344086,0.0610687022900763,0.238095238095238,0.15625,0.238095238095238,0.523978816875774,0.4344045308964054,0.523978816875774,0.0,0.0,0.0,0.0,0.0,0.0,0.0,0.0,0.0,0.0,0.0666666666666666,0.0,0.0,0.0,0.0,0.4007890843333884,0.2829705505761845,0.4818181818181817,0.0,0.6363636363636364,0.5,,0.6666666666666666,0.6666666666666666,,0.1818181818181818,1.0,,,1
-5.2701686602276165,0.638235676677181,-0.8210910016683007,-0.20413603654764,-0.2500626131382992,0.5061649759184085,-0.3551602107387629,-0.0934985398256827,-0.4782026769105452,0.0330446797506837,Spyware-TIBS-7ee08dbd8e61fb131cc2258ad23f01c675265c04b502aa8676da524f962a98ab-4.raw,0.0,0.0,0.6906647026330326,,0.6698314829659089,0.041081081081081,0.7909090909090911,0.0320832430088879,0.6467083777404722,,0.1626928471248246,0.034813925570228,0.0,0.0328185328185328,0.1103448275862069,0.0181818181818181,0.0203488372093023,0.0196078431372549,0.010752688172043,0.0610687022900763,0.2142857142857142,0.140625,0.2142857142857142,0.4724320173716093,0.3901419099051962,0.4724320173716093,0.0,0.0,0.0,0.0,0.0,0.0,0.0,0.0,0.0,0.0,0.0666666666666666,0.0,0.0,0.0,0.0,0.4007890843333884,0.2829705505761845,0.4818181818181817,0.0,0.6363636363636364,0.5,,0.6666666666666666,0.6666666666666666,,0.1818181818181818,1.0,,,1
-0.2539003937681189,-3.7715024792847256,2.372169267520802,0.5186430547440388,-0.0151134697151972,-0.561524470738107,0.3599089842881673,0.1694804929109494,-0.2152664428183055,0.0484809238345034,Spyware-TIBS-8d8af27b1ab68fde08153c7b2d90670c329aa93abe1645da4651ae0941f6da09-10.raw,0.1764705882352941,0.1428571428571428,0.6096483152273984,,0.9465289744783082,0.4086486486486486,0.9816770186335404,0.5261218296119662,0.9427841711858658,,0.2636746143057503,0.6518607442977191,0.2962962962962963,0.4459459459459459,0.4666666666666667,0.2363636363636363,0.6918604651162791,0.5098039215686274,0.3709677419354839,0.4503816793893129,0.3809523809523809,0.34375,0.3809523809523809,0.3860046145838139,0.243652706029865,0.3860046145838139,0.0112359550561797,4.630058338735068e-05,0.0112359550561797,0.0,0.0,0.0,0.0,0.0,0.0,0.0,0.0666666666666666,0.0,0.0,0.0,0.0,0.2327563936967193,0.1830985915492957,0.2894957983193275,1.0,1.0,1.0,,1.0,1.0,,0.7272727272727273,1.0,,,1
-5.298190201217886,0.7291941373934014,-0.9767053304809236,-0.3008866574719716,-0.2757997941718689,0.74428073423699,-0.2647846380481105,-0.2222536135697034,-0.9283126212539228,-0.1446202324115358,Spyware-TIBS-8fdea52e2c3a415a4be17226fc6cd3fe62e4b49fc156b4a828a0bec730b1cdc5-5.raw,0.0,0.0,0.6236420548701895,,0.6318102345196345,0.041081081081081,0.7909090909090911,0.0114892694558855,0.6060243395875252,,0.1697054698457223,0.0108043217286914,0.0,0.0328185328185328,0.0068965517241379,0.0181818181818181,0.0203488372093023,0.0196078431372549,0.010752688172043,0.0610687022900763,0.2142857142857142,0.140625,0.2142857142857142,0.4724320173716093,0.3901419099051962,0.4724320173716093,0.0,0.0,0.0,0.0,0.0,0.0,0.0,0.0,0.0,0.0,0.0666666666666666,0.0,0.0,0.0,0.0,0.4007890843333884,0.2829705505761845,0.4818181818181817,0.0,0.6363636363636364,0.5,,0.6666666666666666,0.6666666666666666,,0.1818181818181818,1.0,,,1
-0.9698888690399848,-3.566935234328965,2.5223961351593833,0.7132211220468473,-0.052524403051544,-0.3263809278835216,0.3534404123458904,0.0761066913013177,-0.0564215050833074,0.0255774374270536,Spyware-TIBS-6e274cbbdefce4f2bcb3543da3f4043319541e51a110356e68cea2ae85153427-8.raw,0.1470588235294117,0.0714285714285714,0.6696604540463869,,0.9783594615860876,0.3448648648648648,0.9503220611916272,0.4899197918924778,0.9768438826587718,,0.2692847124824684,0.6296518607442977,0.2592592592592592,0.4285714285714285,0.4482758620689655,0.2,0.4331395348837209,0.4509803921568627,0.3494623655913978,0.4274809160305343,0.3333333333333333,0.296875,0.3333333333333333,0.3634562067807559,0.2332154601568117,0.3634562067807559,0.0112359550561797,4.630058338735068e-05,0.0112359550561797,0.0,0.0,0.0,0.0,0.0,0.0,0.0,0.0666666666666666,0.0,0.0,0.0,0.0,0.2555756479807115,0.1966614501825767,0.3156136528685546,1.0,1.0,1.0,,1.0,1.0,,0.7272727272727273,1.0,,,1
1.6821890413942244,0.7423071975612058,5.134786408259323,1.0652635633869796,-0.2766958628150293,-0.821880910387195,0.6004706326724949,0.8139751058891713,-0.2842301844317356,-0.1298043605507829,Spyware-TIBS-8fdea52e2c3a415a4be17226fc6cd3fe62e4b49fc156b4a828a0bec730b1cdc5-10.raw,0.2058823529411764,0.1428571428571428,0.6007085759274665,,0.9287347936200326,0.4637837837837837,0.9934782608695656,0.5707782354216345,0.9237437881757846,,0.2875175315568022,0.6764705882352942,0.3333333333333333,0.4671814671814672,0.5264367816091954,0.3454545454545454,0.7034883720930233,0.5686274509803921,0.478494623655914,0.6335877862595419,0.4285714285714285,0.390625,0.4285714285714285,0.4146516514157817,0.2672319393056032,0.4146516514157817,0.0112359550561797,4.630058338735068e-05,0.0112359550561797,0.0,0.2,0.0,0.1538461538461538,0.2,0.1538461538461538,0.2,0.2,0.3419354838709675,0.0,0.2630272952853595,0.3419354838709675,0.4513795718369017,0.4784189004997728,0.4760278304870335,1.0,1.0,1.0,,1.0,1.0,,0.7272727272727273,1.0,,,1
-5.444875538344798,-0.0411889320862347,-0.4577215743785969,0.0695031957088588,-0.136010773179211,-0.4029365045129657,0.0002858878842951,-0.2746454073336633,1.1586314959230457,-0.2831720896135517,Spyware-TIBS-9c8a2292cad7ae8b939c0fb6a7369ee7a84c470bf463fa473805bfad8c69a7f9-1.raw,0.0,0.0,0.9587552936844044,,0.7650847159155231,0.0389189189189189,0.7851778656126482,0.0836765662258833,0.7486325996394341,,0.1739130434782608,0.0672268907563025,0.0,0.0173745173745173,0.335632183908046,0.0181818181818181,0.0203488372093023,0.0196078431372549,0.010752688172043,0.0610687022900763,0.1904761904761904,0.125,0.1904761904761904,0.4189987635880066,0.3429125217635632,0.4189987635880066,0.0,0.0,0.0,0.0,0.0,0.0,0.0,0.0,0.0,0.0,0.0,0.0,0.0,0.0,0.0,0.4007890843333884,0.2829705505761845,0.3023172905525847,0.0,0.6363636363636364,0.5,,0.6666666666666666,0.6666666666666666,,0.1818181818181818,1.0,,,1
-6.197672112743118,0.274345047431622,0.2077240238012004,0.5588632965158039,-0.3925982673209702,0.4625532532591491,0.2570001282538358,-2.687440273979373,-0.7956747405589988,-0.3019542393315331,Spyware-TIBS-40a45471e1b7f0ad943f0e2f736afb24b7048c09caf44befbfaf8c10c89aca25-6.raw,0.0,0.0,0.6287976431596394,,0.6250064321660905,0.0324324324324324,0.7679841897233202,0.007804032083243,0.5987440380233136,,0.1626928471248246,0.0150060024009603,0.0,0.0193050193050193,0.0183908045977011,0.0181818181818181,0.0087209302325581,0.0196078431372549,0.0053763440860215,0.0610687022900763,0.0952380952380952,0.0625,0.0952380952380952,0.1993938572318559,0.1461595045305657,0.1993938572318559,0.0,0.0,0.0,0.0,0.0,0.0,0.0,0.0,0.0,0.0,0.0666666666666666,0.0,0.0,0.0,0.0,0.4007890843333884,0.2829705505761845,0.4818181818181817,0.0,0.6363636363636364,0.5,,0.6666666666666666,0.6666666666666666,,0.1818181818181818,1.0,,,1
-0.2403183976632995,-3.801825885697909,2.412775248351969,0.5482788804137384,-0.0108089160577714,-0.6186879308575711,0.3437838842781517,0.2040361368208131,-0.1529303106717951,0.0747786821811217,Spyware-TIBS-8b374a972ae3f2aa202e216b2ebb61cd7668d1e3803cfcc9bdeb9f7e1a0e70c2-10.raw,0.1764705882352941,0.1428571428571428,0.61369913459768,,0.9609942013308008,0.4086486486486486,0.9816770186335404,0.536093648384999,0.9582624593854082,,0.2650771388499299,0.6626650660264105,0.2962962962962963,0.4459459459459459,0.4850574712643678,0.2363636363636363,0.6918604651162791,0.5098039215686274,0.3709677419354839,0.4503816793893129,0.3809523809523809,0.34375,0.3809523809523809,0.3860046145838139,0.243652706029865,0.3860046145838139,0.0112359550561797,4.630058338735068e-05,0.0112359550561797,0.0,0.0,0.0,0.0,0.0,0.0,0.0,0.0666666666666666,0.0,0.0,0.0,0.0,0.2327563936967193,0.1830985915492957,0.2894957983193275,1.0,1.0,1.0,,1.0,1.0,,0.7272727272727273,1.0,,,1
-0.982170309112396,-3.500534000530022,2.420190424130458,0.6322498796707426,-0.0600082401098696,-0.1974929391582141,0.3840371189563083,0.0564144017112734,-0.2051897068107238,-0.019340296435612,Spyware-TIBS-8b374a972ae3f2aa202e216b2ebb61cd7668d1e3803cfcc9bdeb9f7e1a0e70c2-8.raw,0.1470588235294117,0.0714285714285714,0.6402545060250823,,0.9617279447218692,0.3394594594594594,0.938647342995169,0.4788640797745502,0.9590475899462544,,0.2622720897615708,0.6164465786314526,0.2592592592592592,0.4247104247104247,0.4114942528735632,0.2,0.4331395348837209,0.4509803921568627,0.3494623655913978,0.4122137404580153,0.3333333333333333,0.296875,0.3333333333333333,0.3688370824387161,0.2427740071603362,0.3688370824387161,0.0112359550561797,4.630058338735068e-05,0.0112359550561797,0.0,0.0,0.0,0.0,0.0,0.0,0.0,0.0666666666666666,0.0,0.0,0.0,0.0,0.2555756479807115,0.1966614501825767,0.3156136528685546,1.0,1.0,1.0,,1.0,1.0,,0.7272727272727273,1.0,,,1
-0.3873954273410039,-1.0480350933112292,4.036661405944346,1.0520831603588237,-0.2192569836380561,-0.2405738833585182,0.5044424304153162,0.3200517074618972,-0.1935862169844097,-0.1282230966875192,Spyware-TIBS-6ff85480282c694f5e64a1fce32938d3f71e0f2aa3e91e8bc139184713b33c56-8.raw,0.1470588235294117,0.0714285714285714,0.6486562054597407,,0.9685762163718412,0.3448648648648648,0.9503220611916272,0.4834164318231086,0.9663754751808202,,0.2622720897615708,0.6236494597839136,0.2592592592592592,0.4247104247104247,0.4390804597701149,0.2,0.4331395348837209,0.4509803921568627,0.3494623655913978,0.4274809160305343,0.3333333333333333,0.296875,0.3333333333333333,0.3634562067807559,0.2332154601568117,0.3634562067807559,0.0112359550561797,4.630058338735068e-05,0.0112359550561797,0.0,0.1,0.0,0.0769230769230769,0.1,0.0769230769230769,0.1,0.1333333333333333,0.1892857142857142,0.0,0.1456043956043955,0.1892857142857142,0.3867863601136657,0.3661971830985915,0.4305322128851538,1.0,1.0,1.0,,1.0,1.0,,0.7272727272727273,1.0,,,1
-0.398803458323698,-1.013280432025272,3.977114774449512,1.0100547555464454,-0.2302772982650806,-0.1442410877463533,0.5417749001533729,0.2679694399305961,-0.3854737656376556,-0.1981869859095742,Spyware-TIBS-6ff85480282c694f5e64a1fce32938d3f71e0f2aa3e91e8bc139184713b33c56-9.raw,0.1470588235294117,0.0714285714285714,0.6150494077211073,,0.9552057812457052,0.3448648648648648,0.9503220611916272,0.4745285063949707,0.9520686516276206,,0.2622720897615708,0.6134453781512605,0.2592592592592592,0.4247104247104247,0.3977011494252873,0.2,0.4331395348837209,0.4509803921568627,0.3494623655913978,0.4274809160305343,0.3333333333333333,0.296875,0.3333333333333333,0.3634562067807559,0.2332154601568117,0.3634562067807559,0.0112359550561797,4.630058338735068e-05,0.0112359550561797,0.0,0.1,0.0,0.0769230769230769,0.1,0.0769230769230769,0.1,0.1333333333333333,0.1892857142857142,0.0,0.1456043956043955,0.1892857142857142,0.3867863601136657,0.3661971830985915,0.4305322128851538,1.0,1.0,1.0,,1.0,1.0,,0.7272727272727273,1.0,,,1
-5.272813781735148,0.6615752897155097,-0.8630965159736771,-0.234787963390873,-0.2575781040046635,0.5721435178691429,-0.3277207102705768,-0.1316584794176399,-0.6124059860101858,-0.0146235016972632,Spyware-TIBS-90c50fdd82efd7f377529b07f07b58d9c836a94bbee69bc016385c907f926021-4.raw,0.0,0.0,0.6648867611857852,,0.6598258912695207,0.041081081081081,0.7909090909090911,0.0266637762844136,0.6360020519107491,,0.1626928471248246,0.0306122448979591,0.0,0.0328185328185328,0.0827586206896551,0.0181818181818181,0.0203488372093023,0.0196078431372549,0.010752688172043,0.0610687022900763,0.2142857142857142,0.140625,0.2142857142857142,0.4724320173716093,0.3901419099051962,0.4724320173716093,0.0,0.0,0.0,0.0,0.0,0.0,0.0,0.0,0.0,0.0,0.0666666666666666,0.0,0.0,0.0,0.0,0.4007890843333884,0.2829705505761845,0.4818181818181817,0.0,0.6363636363636364,0.5,,0.6666666666666666,0.6666666666666666,,0.1818181818181818,1.0,,,1
-0.9875305431728684,-3.512018079778625,2.437756219530294,0.6412470354764469,-0.0668686506597662,-0.1901184865840213,0.4035223318015126,-0.0043788700574465,-0.2948441023884167,-0.0528407152011953,Spyware-TIBS-92a05114ea36ed4ce64ac63d8b6472026537aedd164228ba9c18a95a44d4cbc3-9.raw,0.1470588235294117,0.0714285714285714,0.6234511071557657,,0.9552057812457052,0.3448648648648648,0.9503220611916272,0.4745285063949707,0.9520686516276206,,0.2622720897615708,0.6146458583433373,0.2592592592592592,0.4247104247104247,0.3977011494252873,0.2,0.4331395348837209,0.4509803921568627,0.3494623655913978,0.4274809160305343,0.3333333333333333,0.296875,0.3333333333333333,0.3634562067807559,0.2332154601568117,0.3634562067807559,0.0112359550561797,4.630058338735068e-05,0.0112359550561797,0.0,0.0,0.0,0.0,0.0,0.0,0.0,0.0666666666666666,0.0,0.0,0.0,0.0,0.2555756479807115,0.1966614501825767,0.3156136528685546,1.0,1.0,1.0,,1.0,1.0,,0.7272727272727273,1.0,,,1
-0.9823943489552264,-3.4746865630005157,2.3768027400753127,0.6023213511487703,-0.065921112981086,-0.1379903077532984,0.4094603415965593,0.0179544704381108,-0.3059911464673959,-0.0559842391086915,Spyware-TIBS-10ef7e0a4f5ea636cdbf2eeeb6403c3ab328568bf47e67dc37b2a73b82bd06d4-9.raw,0.1470588235294117,0.0714285714285714,0.6150494077211073,,0.9506402668123904,0.3394594594594594,0.938647342995169,0.4714936050292651,0.9471833948045764,,0.2622720897615708,0.6044417767106842,0.2592592592592592,0.4247104247104247,0.3931034482758621,0.2,0.4331395348837209,0.4509803921568627,0.3494623655913978,0.4122137404580153,0.3333333333333333,0.296875,0.3333333333333333,0.3688370824387161,0.2427740071603362,0.3688370824387161,0.0112359550561797,4.630058338735068e-05,0.0112359550561797,0.0,0.0,0.0,0.0,0.0,0.0,0.0,0.0666666666666666,0.0,0.0,0.0,0.0,0.2555756479807115,0.1966614501825767,0.3156136528685546,1.0,1.0,1.0,,1.0,1.0,,0.7272727272727273,1.0,,,1
2.804309709518105,5.1481304665001835,7.801340612686933,1.6558126812182816,-0.5924182140371934,-0.6697515985355958,0.8991692714772979,1.15774598594362,-0.6766681727483351,-0.3203941183530728,Spyware-TIBS-6ff85480282c694f5e64a1fce32938d3f71e0f2aa3e91e8bc139184713b33c56-10.raw,0.2058823529411764,0.1428571428571428,0.5576860805465431,,0.9260022320257086,0.4637837837837837,0.9934782608695656,0.5688272274008238,0.9208198536733222,,0.2805049088359046,0.6788715486194478,0.3333333333333333,0.4671814671814672,0.4896551724137931,0.3454545454545454,0.7034883720930233,0.5686274509803921,0.478494623655914,0.6335877862595419,0.4285714285714285,0.390625,0.4285714285714285,0.4146516514157817,0.2672319393056032,0.4146516514157817,0.0112359550561797,4.630058338735068e-05,0.0112359550561797,0.0,0.4,0.0,0.3076923076923077,0.4,0.3076923076923077,0.4,0.3333333333333333,0.6424242424242426,0.0,0.4941724941724942,0.6424242424242426,0.6621732697682067,0.7490396927016647,0.661319073083779,1.0,1.0,1.0,,1.0,1.0,,0.7272727272727273,1.0,,,1
-4.230650103409927,5.387142856753846,2.988100018796445,0.943465825959217,-0.4693964466552511,-0.4050419242895424,0.2317024356102992,0.4657165800179379,1.194475136118048,-0.6168282018761093,Spyware-TIBS-8d1b6b6cb2f44e01ad43b8efaebec065c4047400f1848f23a9e2034b3b710182-1.raw,0.0,0.0,0.9896888234211012,,0.7802932152940327,0.0389189189189189,0.7851778656126482,0.0919141556470843,0.7649062149006127,,0.1753155680224404,0.0798319327731092,0.0,0.0173745173745173,0.3701149425287356,0.0181818181818181,0.0203488372093023,0.0196078431372549,0.010752688172043,0.0610687022900763,0.1904761904761904,0.125,0.1904761904761904,0.4189987635880066,0.3429125217635632,0.4189987635880066,0.0,0.0,0.0,0.0,0.2,0.0,0.1538461538461538,0.2,0.1538461538461538,0.2,0.1333333333333333,0.4416666666666666,0.0,0.3397435897435896,0.4416666666666666,0.6948462929475591,0.6713615023474178,0.5715686274509806,0.0,0.6363636363636364,0.5,,0.6666666666666666,0.6666666666666666,,0.1818181818181818,1.0,,,1
-0.9816749073974032,-3.474768290893635,2.3760759747597575,0.6007872031578659,-0.0662794198225643,-0.1354865106537714,0.4105282940534928,0.0165410149568391,-0.3143581215249461,-0.0584806636615165,Spyware-TIBS-76ba065d9bbd91b3a2a24ae4c092e3dce4f2555b79ea5c14bc3ff9495ff7e965-9.raw,0.1470588235294117,0.0714285714285714,0.6150494077211073,,0.949988050464774,0.3394594594594594,0.938647342995169,0.4710600476913071,0.946485500972713,,0.2622720897615708,0.6086434573829532,0.2592592592592592,0.4247104247104247,0.3908045977011494,0.2,0.4331395348837209,0.4509803921568627,0.3494623655913978,0.4122137404580153,0.3333333333333333,0.296875,0.3333333333333333,0.3688370824387161,0.2427740071603362,0.3688370824387161,0.0112359550561797,4.630058338735068e-05,0.0112359550561797,0.0,0.0,0.0,0.0,0.0,0.0,0.0,0.0666666666666666,0.0,0.0,0.0,0.0,0.2555756479807115,0.1966614501825767,0.3156136528685546,1.0,1.0,1.0,,1.0,1.0,,0.7272727272727273,1.0,,,1
-5.27657214778446,0.6470139782396237,-0.8382123995246404,-0.2176240032136993,-0.2548258432080573,0.5415628431285672,-0.3421997867373693,-0.1090828557934703,-0.5652223008288781,0.0021412735881563,Spyware-TIBS-8d1b6b6cb2f44e01ad43b8efaebec065c4047400f1848f23a9e2034b3b710182-4.raw,0.0,0.0,0.6803535260541336,,0.6666296936230647,0.041081081081081,0.7909090909090911,0.0303490136570561,0.6432823534749608,,0.1626928471248246,0.0384153661464585,0.0,0.0328185328185328,0.0896551724137931,0.0181818181818181,0.0203488372093023,0.0196078431372549,0.010752688172043,0.0610687022900763,0.2142857142857142,0.140625,0.2142857142857142,0.4724320173716093,0.3901419099051962,0.4724320173716093,0.0,0.0,0.0,0.0,0.0,0.0,0.0,0.0,0.0,0.0,0.0666666666666666,0.0,0.0,0.0,0.0,0.4007890843333884,0.2829705505761845,0.4818181818181817,0.0,0.6363636363636364,0.5,,0.6666666666666666,0.6666666666666666,,0.1818181818181818,1.0,,,1
-0.9732462022764172,-3.5104039584740536,2.439040308915375,0.6462717361938622,-0.0545391544763292,-0.2371125277706336,0.3697162787954966,0.0728156888717465,-0.1069546227592642,0.0158599431062953,Spyware-TIBS-10f9ff1e9f0cddbac2bf5dd5921a15f8c925fa57b2a1d2f9f10772a3b6bba6b2-8.raw,0.1470588235294117,0.0714285714285714,0.6528570551770698,,0.9643368101123349,0.3394594594594594,0.938647342995169,0.4805983091263819,0.9618391652737082,,0.2622720897615708,0.6158463385354142,0.2592592592592592,0.4247104247104247,0.4344827586206896,0.2,0.4331395348837209,0.4509803921568627,0.3494623655913978,0.4122137404580153,0.3333333333333333,0.296875,0.3333333333333333,0.3688370824387161,0.2427740071603362,0.3688370824387161,0.0112359550561797,4.630058338735068e-05,0.0112359550561797,0.0,0.0,0.0,0.0,0.0,0.0,0.0,0.0666666666666666,0.0,0.0,0.0,0.0,0.2555756479807115,0.1966614501825767,0.3156136528685546,1.0,1.0,1.0,,1.0,1.0,,0.7272727272727273,1.0,,,1
2.5130559327783413,3.3674692890296565,6.668913890385353,1.2469884521850916,-0.4750213569292981,-0.348361549185131,-1.1791072431607703,0.5376785354449314,-0.8029833143985555,-0.4132612888978936,Spyware-TIBS-7c5d590afd39575ec7211e69d22acd56638f9356d955ac4ebca7bc93ad4f439b-10.raw,0.2058823529411764,0.1428571428571428,0.5498638086591026,,0.9168936933779622,0.4583783783783783,0.982608695652174,0.5623238673314546,0.9110734053317812,,0.2805049088359046,0.6692677070828331,0.3333333333333333,0.4671814671814672,0.4758620689655172,0.3454545454545454,0.7034883720930233,0.5686274509803921,0.478494623655914,0.6183206106870229,0.4285714285714285,0.390625,0.4285714285714285,0.4197687317956325,0.2761118206540299,0.4197687317956325,0.0112359550561797,4.630058338735068e-05,0.0112359550561797,0.0,0.3,0.0,0.2307692307692307,0.3,0.2307692307692307,0.3,0.3333333333333333,0.4968750000000002,0.0,0.3822115384615385,0.4968750000000002,0.5600700723327309,0.6179577464788735,0.6949754901960786,1.0,1.0,1.0,,1.0,1.0,,0.7272727272727273,0.5,,,1
-0.2558584914622324,-3.7410400016118985,2.3107530327946546,0.4734693713179391,-0.0284458269419344,-0.4583524651634752,0.4063735331659406,0.1128327762224467,-0.4577803211331243,-0.0344661721083379,Spyware-TIBS-90c50fdd82efd7f377529b07f07b58d9c836a94bbee69bc016385c907f926021-10.raw,0.1764705882352941,0.1428571428571428,0.556987663413736,,0.9361517465189118,0.4086486486486486,0.9816770186335404,0.5189681335356601,0.931680181825325,,0.2636746143057503,0.6452581032412965,0.2962962962962963,0.4459459459459459,0.4206896551724138,0.2363636363636363,0.6918604651162791,0.5098039215686274,0.3709677419354839,0.4503816793893129,0.3809523809523809,0.34375,0.3809523809523809,0.3860046145838139,0.243652706029865,0.3860046145838139,0.0112359550561797,4.630058338735068e-05,0.0112359550561797,0.0,0.0,0.0,0.0,0.0,0.0,0.0,0.0666666666666666,0.0,0.0,0.0,0.0,0.2327563936967193,0.1830985915492957,0.2894957983193275,1.0,1.0,1.0,,1.0,1.0,,0.7272727272727273,1.0,,,1
-4.687906672792742,3.522252701374668,0.7605790770248615,0.1097140652269468,-0.4499262948655017,0.7894006124838042,-0.1101191779679449,0.1334178633168154,-1.0143924397503492,-0.3803069371693161,Spyware-TIBS-6ff85480282c694f5e64a1fce32938d3f71e0f2aa3e91e8bc139184713b33c56-5.raw,0.0,0.0,0.6133308782912907,,0.6334111291910564,0.041081081081081,0.7909090909090911,0.0123563841318014,0.6077373517202806,,0.1626928471248246,0.0162064825930372,0.0,0.0328185328185328,0.0,0.0181818181818181,0.0203488372093023,0.0196078431372549,0.010752688172043,0.0610687022900763,0.2142857142857142,0.140625,0.2142857142857142,0.4724320173716093,0.3901419099051962,0.4724320173716093,0.0,0.0,0.0,0.0,0.1,0.0,0.0769230769230769,0.1,0.0769230769230769,0.1,0.1333333333333333,0.2304347826086956,0.0,0.177257525083612,0.2304347826086956,0.554210236653825,0.4856093080220452,0.6144927536231886,0.0,0.6363636363636364,0.5,,0.6666666666666666,0.6666666666666666,,0.1818181818181818,1.0,,,1
1.115925323008568,-1.545351155941408,3.66827973062524,0.6881072359742321,-0.1184702655148606,-0.827235341260481,0.468379763857417,0.6174053208758891,-0.1906826233942871,-0.0216914640786232,Spyware-TIBS-10ef7e0a4f5ea636cdbf2eeeb6403c3ab328568bf47e67dc37b2a73b82bd06d4-10.raw,0.2058823529411764,0.1428571428571428,0.5928863040400256,,0.9275203218003328,0.4583783783783783,0.982608695652174,0.5699111207457186,0.9224442617302456,,0.2805049088359046,0.6740696278511404,0.3333333333333333,0.4671814671814672,0.5264367816091954,0.3454545454545454,0.7034883720930233,0.5686274509803921,0.478494623655914,0.6183206106870229,0.4285714285714285,0.390625,0.4285714285714285,0.4197687317956325,0.2761118206540299,0.4197687317956325,0.0112359550561797,4.630058338735068e-05,0.0112359550561797,0.0,0.1,0.0,0.0769230769230769,0.1,0.0769230769230769,0.1,0.1333333333333333,0.1766666666666665,0.0,0.1358974358974357,0.1766666666666665,0.3354430379746836,0.3295774647887326,0.3741176470588237,1.0,1.0,1.0,,1.0,1.0,,0.7272727272727273,1.0,,,1
-0.9697684812045032,-3.5329934553642306,2.4750482617162084,0.6707982919973777,-0.0497874613423414,-0.2870793812534977,0.3501598209827034,0.1040093772442015,-0.028055862580194,0.0457713395595262,Spyware-TIBS-6c524355af15275aa5b7f957574769ce268cbe125214f26c32a1037bc831ee8d-8.raw,0.1470588235294117,0.0714285714285714,0.6696604540463869,,0.9741200553265812,0.3394594594594594,0.938647342995169,0.4871016691957511,0.9723075727516596,,0.2622720897615708,0.6260504201680672,0.2592592592592592,0.4247104247104247,0.4505747126436781,0.2,0.4331395348837209,0.4509803921568627,0.3494623655913978,0.4122137404580153,0.3333333333333333,0.296875,0.3333333333333333,0.3688370824387161,0.2427740071603362,0.3688370824387161,0.0112359550561797,4.630058338735068e-05,0.0112359550561797,0.0,0.0,0.0,0.0,0.0,0.0,0.0,0.0666666666666666,0.0,0.0,0.0,0.0,0.2555756479807115,0.1966614501825767,0.3156136528685546,1.0,1.0,1.0,,1.0,1.0,,0.7272727272727273,1.0,,,1
-5.272804358940763,0.6492584271777007,-0.8403900090975683,-0.2182841525768435,-0.2535958008260021,0.5373880970206147,-0.3429196759477036,-0.1108609756134328,-0.5409526422394318,0.0103843973926149,Spyware-TIBS-67ec0e775d5272086f87e4fa67b7efec044decd79e7eecdb47993d5cb5e9b535-4.raw,0.0,0.0,0.6803535260541336,,0.6650287989516426,0.041081081081081,0.7909090909090911,0.0294818989811402,0.641569341342205,,0.1626928471248246,0.0336134453781512,0.0,0.0328185328185328,0.096551724137931,0.0181818181818181,0.0203488372093023,0.0196078431372549,0.010752688172043,0.0610687022900763,0.2142857142857142,0.140625,0.2142857142857142,0.4724320173716093,0.3901419099051962,0.4724320173716093,0.0,0.0,0.0,0.0,0.0,0.0,0.0,0.0,0.0,0.0,0.0666666666666666,0.0,0.0,0.0,0.0,0.4007890843333884,0.2829705505761845,0.4818181818181817,0.0,0.6363636363636364,0.5,,0.6666666666666666,0.6666666666666666,,0.1818181818181818,1.0,,,1
-5.297771569472303,0.7247302653246398,-0.9669829061693422,-0.3079898374167447,-0.2759585414138454,0.7398578765647,-0.2667244766428114,-0.2215753973574217,-0.9296089831155654,-0.1333346221311401,Spyware-TIBS-25ac33bc94decabf1572c58b136cd489a8ec017b0d1ea345b6e37a84423ca2d8-5.raw,0.0,0.0,0.6184864665807401,,0.633811352858912,0.041081081081081,0.7909090909090911,0.0125731628007804,0.6081656047534697,,0.1626928471248246,0.0144057623049219,0.0,0.0328185328185328,0.0091954022988505,0.0181818181818181,0.0203488372093023,0.0196078431372549,0.010752688172043,0.0610687022900763,0.2142857142857142,0.140625,0.2142857142857142,0.4724320173716093,0.3901419099051962,0.4724320173716093,0.0,0.0,0.0,0.0,0.0,0.0,0.0,0.0,0.0,0.0,0.0666666666666666,0.0,0.0,0.0,0.0,0.4007890843333884,0.2829705505761845,0.4818181818181817,0.0,0.6363636363636364,0.5,,0.6666666666666666,0.6666666666666666,,0.1818181818181818,1.0,,,1
7.149450576485535,2.321494568164352,3.23398019598362,-1.056531846181467,-0.058286123568228,-0.6261565911287654,-0.4862472019548093,0.8105765250279481,0.466392524281768,0.240135249701414,Spyware-TIBS-87163ea3765848c449bf0ff0549bacf6a38706b9004b2262e20b822fb5f4e852-1.raw,0.5,0.4285714285714285,0.3649372783970463,,0.5539923864850597,0.7254054054054054,0.6449832775919735,0.7801864296553219,0.5227565767497934,,0.4095371669004207,0.8523409363745498,0.7037037037037037,0.6254826254826255,0.7977011494252874,0.7090909090909091,0.7877906976744186,0.7058823529411765,0.5698924731182796,0.7404580152671756,0.7380952380952381,0.75,0.7380952380952381,0.6421953836009732,0.6390260885985596,0.6421953836009732,0.0224719101123595,9.260116677470137e-05,0.0224719101123595,0.0,0.3,0.0,0.2307692307692307,0.3,0.2307692307692307,0.3,0.3333333333333333,0.3785714285714285,0.0,0.2912087912087911,0.3785714285714285,0.3354430379746836,0.4272300469483567,0.4305322128851538,1.0,1.0,1.0,,1.0,1.0,,1.0,0.5,,,1
3.1302415178843943,-2.8429849270329215,-1.6226308184947802,-2.219369085964511,0.2264010631049673,0.9751012256383688,1.599912503053412,-0.6445469568727374,0.0128977273906501,-0.2737546331285764,Spyware-TIBS-570dbd214653ec1c9b7ff1f2c119060a7cacc28549706ece5f233ebdc05b1518-10.raw,0.4705882352941176,0.4285714285714285,0.195185533341732,,0.3609851978028741,0.5924324324324325,0.5076659038901604,0.5519184912204639,0.3162322739185834,,0.3688639551192146,0.6116446578631453,0.6296296296296297,0.5424710424710425,0.3793103448275862,0.6181818181818182,0.4534883720930232,0.4901960784313725,0.3172043010752688,0.4961832061068702,0.5952380952380952,0.640625,0.5952380952380952,0.5583637863907152,0.6315476444674216,0.5583637863907152,0.0112359550561797,4.630058338735068e-05,0.0112359550561797,0.0,0.0,0.0,0.0,0.0,0.0,0.0,0.0666666666666666,0.0,0.0,0.0,0.0,0.0706195869420388,0.0867309117865085,0.1039215686274509,1.0,1.0,1.0,,1.0,1.0,,0.5454545454545454,1.0,,,1
9.930333747996256,3.2142054672233145,3.949174292815037,-1.4914483176378943,-0.1223428334669757,-0.9798044088521008,-1.2664116726793118,-1.5743652985556538,-0.2904235383757749,-0.6605674414011103,Spyware-TIBS-8217ae4fbd1555e6e06a5d3f18231377941f07d100b5ad62a8b31b9f1b64703e-5.raw,0.6764705882352942,0.7142857142857143,0.1588371284191576,,0.4072136059784013,0.9351351351351352,0.5785990338164252,0.9037502709733364,0.3656982540959765,,0.4488078541374474,0.924969987995198,0.925925925925926,0.9266409266409268,0.6896551724137931,0.9272727272727272,0.8604651162790697,0.9803921568627452,0.8602150537634409,0.916030534351145,0.7857142857142857,0.875,0.7857142857142857,0.5345683310935111,0.5820444068887413,0.5345683310935111,0.0224719101123595,9.260116677470137e-05,0.0224719101123595,0.0,0.4,0.0,0.3076923076923077,0.4,0.3076923076923077,0.4,0.4,0.4326530612244895,0.0,0.332810047095761,0.4326530612244895,0.3207735173635458,0.4446680080482897,0.3902360944377751,1.0,1.0,1.0,,1.0,1.0,,0.9090909090909092,0.0,,,1
2.1991508480452526,0.9775737173865306,-6.10550524695549,3.86675828897614,-0.0885412735044992,0.7958304145067552,0.6839178650064146,-0.4331021979443397,0.0626561879251871,-0.833400758354746,Spyware-TIBS-574cbd37cab3adfdd1b55051c52471c180bc4b5e69e7e018d8f7039b644ed0fd-5.raw,0.3823529411764705,0.4285714285714285,0.2693794881237342,,0.3140212072804115,0.412972972972973,0.4142857142857142,0.3828311294168653,0.3196742085135013,,0.8625525946704067,0.2605042016806723,0.4444444444444444,0.2451737451737451,0.3080459770114943,0.4727272727272727,0.2703488372093023,0.2745098039215686,0.1559139784946236,0.366412213740458,0.5238095238095238,0.53125,0.5238095238095238,0.6296156876769887,0.7086932510800552,0.6296156876769887,0.6629213483146067,0.8591999259190666,0.6629213483146067,0.6588235294117647,0.0,0.0,0.0769230769230769,0.0,0.0769230769230769,0.0,0.1333333333333333,0.0,0.0,0.1164835164835162,0.0,0.2327563936967193,0.1098591549295773,0.2612885154061625,0.0,0.6363636363636364,0.5,,0.6666666666666666,0.6666666666666666,,0.2727272727272727,1.0,,,1
1.7433901669964016,-2.2861559056021123,-1.5319129650798884,-2.023054286052337,0.18018628873354,1.4568785995688744,1.152057886401251,0.3317725484149313,0.3105482143322435,-0.1107812935766543,Spyware-TIBS-98f79b05b432de9dd246e9fec02ce0e37acbfbe0798d10c621c0b397e05ea470-8.raw,0.3529411764705882,0.3571428571428571,0.3503958755293684,,0.4123699516913216,0.4616216216216216,0.5655370843989765,0.4231519618469542,0.371215720625532,,0.3253856942496493,0.4333733493397358,0.4444444444444444,0.3571428571428571,0.3839080459770115,0.4545454545454545,0.4244186046511627,0.3725490196078431,0.1989247311827957,0.3893129770992366,0.5476190476190477,0.5625,0.5476190476190477,0.6150812700798793,0.6879459769868186,0.6150812700798793,0.0112359550561797,4.630058338735068e-05,0.0112359550561797,0.0,0.0,0.0,0.0,0.0,0.0,0.0,0.0666666666666666,0.0,0.0,0.0,0.0,0.1240293585788749,0.1184755592377796,0.1650519031141867,1.0,1.0,1.0,,1.0,1.0,,0.5454545454545454,1.0,,,1
7.7989011330445726,0.3416270496242342,1.2870105326982868,-2.029969899798508,0.1766959785473321,-0.4553939746606077,-1.9329666697432972,-0.2390584581642403,0.8951714394540908,-0.4009209524730626,Spyware-TIBS-7651d72f90c1aaecc18a032dd6140ec4def8a836e7efcfc83b9a3389345dcb10-1.raw,0.5882352941176471,0.5714285714285714,0.2909838580985699,,0.4485268529117033,0.7837837837837838,0.5448757763975158,0.8142206806850206,0.4099048433885821,,0.4333800841514726,0.8823529411764706,0.8148148148148148,0.6718146718146718,0.8160919540229885,0.8181818181818182,0.8168604651162791,0.7058823529411765,0.5698924731182796,0.7633587786259542,0.7857142857142857,0.828125,0.7857142857142857,0.6544868508590158,0.7038683613657307,0.6544868508590158,0.0337078651685393,0.000138901750162,0.0337078651685393,0.0,0.2,0.0,0.1538461538461538,0.2,0.1538461538461538,0.2,0.2666666666666666,0.2409090909090907,0.0,0.1853146853146851,0.2409090909090907,0.2047509452572744,0.2829705505761845,0.3023172905525847,1.0,1.0,1.0,,1.0,1.0,,0.9090909090909092,0.0,,,1
-0.4766789320415435,0.4550985278871684,-4.451527456226957,-2.856377727061339,0.1178074657750671,0.7034967915582412,0.7355892919652766,0.1574394842715778,0.0898700448760025,-0.0603511729643298,Spyware-TIBS-589f74cdc865423cfb901a43f8fddab707b0e509a1053e15379dc61562f8659f-3.raw,0.2941176470588235,0.3571428571428571,0.3149512060394034,,0.2499968553854668,0.3027027027027027,0.429483695652174,0.2068068502059397,0.1974709459252996,,0.2791023842917251,0.1866746698679471,0.3703703703703703,0.193050193050193,0.2344827586206896,0.3818181818181818,0.1075581395348837,0.1568627450980392,0.1021505376344086,0.2061068702290076,0.5,0.484375,0.5,0.71849832049488,0.8175292810103341,0.71849832049488,0.0112359550561797,4.630058338735068e-05,0.0112359550561797,0.0,0.0,0.0,0.0,0.0,0.0,0.0,0.0666666666666666,0.0,0.0,0.0,0.0,0.1557414104882463,0.1373239436619719,0.2013480392156864,0.0,0.6363636363636364,0.5,,0.6666666666666666,0.6666666666666666,,0.2727272727272727,1.0,,,1
2.8745558631586583,2.532797042412552,-9.054391830497496,2.8212667425369817,0.0685992033257818,-3.9003017662420514,-0.190171403663587,1.1034067670294545,-1.0704618590685313,-0.0690292683415694,Spyware-TIBS-979db6d35d22f609cbdd3515bea40d29c89bf89364999c4218ab5dfffd7fc11a-6.raw,0.4411764705882353,0.4285714285714285,0.2553658427346511,,0.351015472523378,0.5221621621621622,0.4617508813160987,0.5001083893344895,0.3573758701510053,,0.9102384291725104,0.3499399759903961,0.5185185185185185,0.388030888030888,0.4022988505747126,0.5454545454545454,0.3982558139534883,0.3529411764705882,0.2526881720430107,0.4274809160305343,0.7380952380952381,0.703125,0.7380952380952381,0.8561487534176973,0.8961985593577376,0.8561487534176973,0.6853932584269663,0.856745994999537,0.6853932584269663,0.5364705882352941,0.0,0.0,0.0769230769230769,0.0,0.0769230769230769,0.0,0.1333333333333333,0.0,0.0,0.1101871101871101,0.0,0.1994526171741363,0.0940236010658544,0.2246952835188128,0.0,0.0,0.0,,0.0,0.0,,0.3636363636363636,1.0,,,1
8.260408511149649,2.334094827033061,2.1446121504832525,-1.972395248021298,-0.0273367011693939,0.1201852526083669,-1.4060881675217207,-1.1043342812976282,-0.0396122343082816,-0.758360479825738,Spyware-TIBS-7651d72f90c1aaecc18a032dd6140ec4def8a836e7efcfc83b9a3389345dcb10-5.raw,0.6176470588235294,0.6428571428571429,0.1604783906343001,,0.3598535984482278,0.7772972972972974,0.4794236602628917,0.7654454801647518,0.3150214238492246,,0.4333800841514726,0.84093637454982,0.8518518518518519,0.6891891891891891,0.5862068965517241,0.8545454545454545,0.7180232558139535,0.7647058823529411,0.5752688172043011,0.7862595419847328,0.7380952380952381,0.8125,0.7380952380952381,0.6022284916202144,0.6977449713371359,0.6022284916202144,0.0337078651685393,0.000138901750162,0.0337078651685393,0.0,0.3,0.0,0.2307692307692307,0.3,0.2307692307692307,0.3,0.3333333333333333,0.3456521739130434,0.0,0.265886287625418,0.3456521739130434,0.2729381240663575,0.3741579914268217,0.3569479965899405,1.0,1.0,1.0,,1.0,1.0,,0.9090909090909092,0.0,,,1
3.0750113792946814,-2.941666001167321,-1.3109804201310198,-2.0240137347863003,0.2338743464750036,0.7519351507208341,1.295746953865739,0.2420854837386321,-0.0615976315953174,-0.1300450091000573,Spyware-TIBS-1421d1a140f3875addfe2378e53f749e8c6023bb0ec3fbe33943218ec09f6b33-9.raw,0.4117647058823529,0.4285714285714285,0.2684793060414496,,0.4757452387041951,0.5448648648648649,0.5638888888888889,0.5677433340559289,0.4390294484790252,,0.364656381486676,0.6728691476590636,0.5925925925925926,0.5675675675675675,0.3908045977011494,0.5272727272727272,0.4418604651162791,0.5098039215686274,0.3817204301075269,0.4580152671755725,0.5952380952380952,0.640625,0.5952380952380952,0.6050623996974085,0.7160924407404896,0.6050623996974085,0.0224719101123595,9.260116677470137e-05,0.0224719101123595,0.0,0.0,0.0,0.0,0.0,0.0,0.0,0.0666666666666666,0.0,0.0,0.0,0.0,0.0958408679927671,0.1017214397496085,0.1327886710239653,1.0,1.0,1.0,,1.0,1.0,,0.7272727272727273,1.0,,,1
8.29049034117203,0.1079780239370199,1.1569939657453472,-2.1567242337830552,0.1798105976285657,-0.5004051394662513,-1.6493012938021527,-1.0413282261274512,0.6715594776240656,-0.4932523459947505,Spyware-TIBS-7651d72f90c1aaecc18a032dd6140ec4def8a836e7efcfc83b9a3389345dcb10-2.raw,0.6470588235294118,0.6428571428571429,0.2189283741484073,,0.3848722314527775,0.84,0.5086462450592888,0.8354649902449599,0.3417922181099641,,0.4403927068723702,0.907563025210084,0.8888888888888888,0.6988416988416989,0.767816091954023,0.8909090909090909,0.8255813953488372,0.8235294117647058,0.6021505376344086,0.8244274809160306,0.7857142857142857,0.859375,0.7857142857142857,0.6053972820349145,0.6793372028573613,0.6053972820349145,0.0337078651685393,0.000138901750162,0.0337078651685393,0.0,0.2,0.0,0.1538461538461538,0.2,0.1538461538461538,0.2,0.2666666666666666,0.2304347826086956,0.0,0.177257525083612,0.2304347826086956,0.1791807532038683,0.2627066748315982,0.2710997442455242,1.0,1.0,1.0,,1.0,1.0,,0.9090909090909092,0.0,,,1
6.015910922020656,-1.2287802844407505,-4.185537374597858,3.101658369680521,0.1096265551367252,1.825392551485959,0.369256958105877,1.800291798746677,0.3021892926686372,0.288765046943797,Spyware-TIBS-4754c35288a9488036c211c68f36f86496240000164edd36f9eaaeed12e65dbf-8.raw,0.5,0.4285714285714285,0.2864137029115854,,0.3905369356747326,0.614054054054054,0.4784838350055743,0.6234554519835248,0.3980511428909922,,0.6619915848527349,0.5744297719087635,0.6296296296296297,0.555984555984556,0.5494252873563218,0.6181818181818182,0.5290697674418605,0.5490196078431373,0.3655913978494624,0.5648854961832062,0.7619047619047619,0.75,0.7619047619047619,0.7888483071297349,0.8282846371804441,0.7888483071297349,0.6853932584269663,0.856745994999537,0.6853932584269663,0.5364705882352941,0.0,0.0,0.0769230769230769,0.0,0.0769230769230769,0.0,0.2,0.0,0.0,0.1045364891518736,0.0,0.1695646126025876,0.0798122065727696,0.2931121166415285,1.0,1.0,1.0,,1.0,1.0,,0.6363636363636364,1.0,,,1
8.914489343745958,-0.5428165822115023,1.8068993057366909,-1.9083466444645547,0.1850818779699496,-1.2801817879335462,-1.6168518377722951,-1.5567739595912753,0.3602310429923817,-0.5425258054755105,Spyware-TIBS-8217ae4fbd1555e6e06a5d3f18231377941f07d100b5ad62a8b31b9f1b64703e-3.raw,0.6764705882352942,0.7142857142857143,0.2117678348575055,,0.427954085832603,0.9589189189189188,0.6094202898550725,0.9267288098851072,0.3878912779492332,,0.4488078541374474,0.946578631452581,0.925925925925926,0.9034749034749034,0.7885057471264367,0.9272727272727272,0.8866279069767442,0.9803921568627452,0.7956989247311828,0.916030534351145,0.8095238095238095,0.890625,0.8095238095238095,0.5401679970908261,0.5663131029134999,0.5401679970908261,0.0224719101123595,9.260116677470137e-05,0.0224719101123595,0.0,0.2,0.0,0.1538461538461538,0.2,0.1538461538461538,0.2,0.2666666666666666,0.2255319148936171,0.0,0.1734860883797054,0.2255319148936171,0.1672117271363167,0.2532214563979624,0.2564872757613685,1.0,1.0,1.0,,1.0,1.0,,0.9090909090909092,0.0,,,1
1.1181177668226048,6.8469763592523165,0.1129055339534291,-1.5179306355964777,-0.2992219384405418,0.2726090363179653,0.999462717163288,0.6423683681023022,0.8949094215975271,0.087722177393705,Spyware-TIBS-589f74cdc865423cfb901a43f8fddab707b0e509a1053e15379dc61562f8659f-1.raw,0.2941176470588235,0.3571428571428571,0.5063524212852145,,0.3182349907548332,0.3005405405405405,0.4255434782608696,0.2605679601127249,0.2704880880840097,,0.2917251051893408,0.2208883553421368,0.3703703703703703,0.1776061776061776,0.4666666666666667,0.3818181818181818,0.1075581395348837,0.1568627450980392,0.1021505376344086,0.2061068702290076,0.4761904761904761,0.46875,0.4761904761904761,0.6768819497586783,0.7812647373784332,0.6768819497586783,0.0112359550561797,4.630058338735068e-05,0.0112359550561797,0.0,0.3,0.0,0.2307692307692307,0.3,0.2307692307692307,0.3,0.2666666666666666,0.4542857142857144,0.0,0.3494505494505494,0.4542857142857144,0.479204339963834,0.5492957746478873,0.4869467787114844,0.0,0.6363636363636364,0.5,,0.6666666666666666,0.6666666666666666,,0.2727272727272727,1.0,,,1
5.584725686939393,1.7322131280342894,0.6725320804569215,-2.2706615787980167,0.0070946833388331,1.368035115988799,-1.930598128775488,0.0681157208728961,-0.2127202566934277,-1.0295339585348824,Spyware-TIBS-7651d72f90c1aaecc18a032dd6140ec4def8a836e7efcfc83b9a3389345dcb10-10.raw,0.4705882352941176,0.5,0.195185533341732,,0.3952780468170211,0.5827027027027027,0.4927345537757439,0.5840017342293519,0.352926796972876,,0.3997194950911641,0.6656662665066027,0.6296296296296297,0.5617760617760618,0.4137931034482758,0.6181818181818182,0.6133720930232558,0.4509803921568627,0.3548387096774194,0.4885496183206106,0.6666666666666666,0.6875,0.6666666666666666,0.699595921882892,0.789355621189389,0.699595921882892,0.0224719101123595,9.260116677470137e-05,0.0224719101123595,0.0,0.2,0.0,0.1538461538461538,0.2,0.1538461538461538,0.2,0.2666666666666666,0.2650000000000001,0.0,0.2038461538461538,0.2650000000000001,0.2635623869801088,0.3295774647887326,0.3741176470588237,1.0,1.0,1.0,,1.0,1.0,,0.6363636363636364,0.0,,,1
4.036456802168254,-3.016167760998023,-0.8460105920555776,-2.003804196742478,0.2453793990766912,0.4772678272032513,-0.7071028069999009,-0.0848095463935223,-0.2068329875894961,-0.2390723920014192,Spyware-TIBS-87163ea3765848c449bf0ff0549bacf6a38706b9004b2262e20b822fb5f4e852-9.raw,0.4411764705882353,0.4285714285714285,0.2584313276635133,,0.5111698408009145,0.5989189189189189,0.582726204465335,0.645783654888359,0.476934986096823,,0.3870967741935484,0.7466986794717887,0.6296296296296297,0.6486486486486487,0.4689655172413793,0.5818181818181818,0.6540697674418605,0.5686274509803921,0.489247311827957,0.5190839694656488,0.6190476190476191,0.640625,0.6190476190476191,0.6181647492533809,0.6712650742027793,0.6181647492533809,0.0224719101123595,9.260116677470137e-05,0.0224719101123595,0.0,0.0,0.0,0.0,0.0,0.0,0.0,0.1333333333333333,0.0,0.0,0.0,0.0,0.0828893993450959,0.0940236010658544,0.2246952835188128,1.0,1.0,1.0,,1.0,1.0,,0.7272727272727273,0.5,,,1
4.834808929694137,-3.006301764637207,-1.4097536616718016,-2.409765823163055,0.2953416591047756,0.5527479420747179,-0.361598270067237,-0.8123331948710777,0.0126849103455233,-0.2760306062203521,Spyware-TIBS-4579cff31815c40492e3f2dd85eb22f5084a96d95d850a31d48bd79553fe42b4-10.raw,0.5294117647058824,0.5714285714285714,0.1887681826551279,,0.4054037056137659,0.6583783783783784,0.4838586956521738,0.6815521352698894,0.3637615987125556,,0.4067321178120617,0.7773109243697479,0.7407407407407407,0.6891891891891891,0.4896551724137931,0.6909090909090909,0.6802325581395349,0.5686274509803921,0.489247311827957,0.5419847328244275,0.6428571428571429,0.703125,0.6428571428571429,0.5960842798214648,0.7066098846567542,0.5960842798214648,0.0224719101123595,9.260116677470137e-05,0.0224719101123595,0.0,0.0,0.0,0.0,0.0,0.0,0.0,0.1333333333333333,0.0,0.0,0.0,0.0,0.0479204339963837,0.0732394366197184,0.1766666666666668,1.0,1.0,1.0,,1.0,1.0,,0.6363636363636364,0.5,,,1
1.875435128707982,-2.1163888977491876,-1.2485403780630588,-1.845832253522442,0.1345834942103667,1.5217022492837808,0.7750421211106778,0.500862173807297,-0.0850641578445475,0.4034087487267204,Spyware-TIBS-954f736dfd60b84b6e7b02b873945bb19058beb1f7be314716f5c924f632f598-9.raw,0.3529411764705882,0.3571428571428571,0.3403879688498487,,0.4680481266606338,0.4497297297297297,0.545140664961637,0.4697593756774333,0.4307932749485781,,0.332398316970547,0.5456182472989196,0.4814814814814814,0.4613899613899614,0.3793103448275862,0.4545454545454545,0.3633720930232558,0.3725490196078431,0.2311827956989247,0.3511450381679389,0.5476190476190477,0.546875,0.5476190476190477,0.6279945410988488,0.6719046920863269,0.6279945410988488,0.0112359550561797,4.630058338735068e-05,0.0112359550561797,0.0,0.0,0.0,0.0,0.0,0.0,0.0,0.1333333333333333,0.0,0.0,0.0,0.0,0.1240293585788749,0.1184755592377796,0.2811995386389851,1.0,1.0,1.0,,1.0,1.0,,0.5454545454545454,1.0,,,1
7.81727763130642,-1.8663914271241024,-0.0435861815517018,-2.177940092188391,0.376144874707866,-1.1036076324509745,-0.8575104985068172,1.3934610624356856,0.8744376458022267,0.4308915753567547,Spyware-TIBS-5045036bec213df4c03e57feb5f3b97b6e676eb3a1ab220d1596ad71f3246baa-1.raw,0.5882352941176471,0.5714285714285714,0.3260909593076782,,0.5307061127113707,0.8454054054054054,0.6304347826086958,0.8991979189247779,0.4978394662033731,,0.4544179523141655,0.957983193277311,0.8148148148148148,0.7683397683397684,0.8873563218390804,0.8181818181818182,0.936046511627907,0.803921568627451,0.5967741935483871,0.816793893129771,0.9047619047619048,0.90625,0.9047619047619048,0.7563326614073285,0.7544521841667015,0.7563326614073285,0.0337078651685393,0.0130104639318455,0.0337078651685393,0.0,0.1,0.0,0.0769230769230769,0.1,0.0769230769230769,0.1,0.2,0.123255813953488,0.0,0.0948121645796061,0.123255813953488,0.118129441944573,0.1745823779888634,0.2271773825809394,1.0,1.0,1.0,,1.0,1.0,,0.9090909090909092,0.5,,,1
7.337301264557997,-1.9112500287436165,0.3501993515031425,-2.2037529590549307,0.2675488843689623,-0.5015600183954599,-1.5618991329811025,-2.021648284002349,0.614626368432997,-0.635695522006343,Spyware-TIBS-992eed3db41572414b500aecbe50a54ccd1e5faa2561dec87e1fe3c2db678f44-3.raw,0.6470588235294118,0.6428571428571429,0.1905726385564354,,0.3766676462617392,0.8313513513513513,0.497183794466403,0.826577064816822,0.3330130309295913,,0.4361851332398317,0.8985594237695078,0.8888888888888888,0.693050193050193,0.7172413793103448,0.8909090909090909,0.813953488372093,0.8235294117647058,0.5967741935483871,0.8244274809160306,0.7142857142857143,0.8125,0.7142857142857143,0.5192033831511697,0.6065510214481608,0.5192033831511697,0.0224719101123595,9.260116677470137e-05,0.0224719101123595,0.0,0.1,0.0,0.0769230769230769,0.1,0.0769230769230769,0.1,0.2,0.1177777777777777,0.0,0.0905982905982905,0.1177777777777777,0.0958408679927671,0.1586854460093894,0.1986056644880174,1.0,1.0,1.0,,1.0,1.0,,0.9090909090909092,0.0,,,1
3.5717548837680906,1.1574076337117,-7.067898713722537,2.3103705785084276,0.0591258364052132,0.8847177198329691,0.3683100016616976,1.218994465959948,0.1395531854539852,-0.2620663132739257,Spyware-TIBS-4754c35288a9488036c211c68f36f86496240000164edd36f9eaaeed12e65dbf-5.raw,0.4411764705882353,0.4285714285714285,0.2277764783748949,,0.2317920869259842,0.4745945945945946,0.3867802585193891,0.3915022761760243,0.2262590664896652,,0.6171107994389902,0.2869147659063625,0.5185185185185185,0.3455598455598455,0.3494252873563218,0.5454545454545454,0.311046511627907,0.3333333333333333,0.2258064516129032,0.4122137404580153,0.6904761904761905,0.6875,0.6904761904761905,0.8366995418757666,0.959127883641992,0.8366995418757666,0.6853932584269663,0.856745994999537,0.6853932584269663,0.5364705882352941,0.0,0.0,0.0769230769230769,0.0,0.0769230769230769,0.0,0.1333333333333333,0.0,0.0,0.1101871101871101,0.0,0.1994526171741363,0.0940236010658544,0.2246952835188128,0.0,0.6363636363636364,0.5,,0.6666666666666666,0.6666666666666666,,0.3636363636363636,1.0,,,1
5.19846094398443,0.8457060570975258,1.7828870130324723,-1.1566972399776658,-0.0672193052860957,0.2514271598324458,1.309172067777162,0.1326779734518567,-0.4817037593718957,0.4132415121839839,Spyware-TIBS-6666171e4b060f807fe35397acf8a6b5851d02614d02d63d32142e126aac932d-6.raw,0.4705882352941176,0.5,0.2429425617071587,,0.4921321744380573,0.6335135135135135,0.57070938215103,0.6746152178625623,0.4565640310045936,,0.3842917251051893,0.7707082833133253,0.6666666666666666,0.6583011583011583,0.496551724137931,0.6181818181818182,0.6715116279069767,0.6274509803921569,0.489247311827957,0.5877862595419847,0.6190476190476191,0.65625,0.6190476190476191,0.5697523557949004,0.6206393116646292,0.5697523557949004,0.0224719101123595,9.260116677470137e-05,0.0224719101123595,0.0,0.2,0.0,0.1538461538461538,0.2,0.1538461538461538,0.2,0.2666666666666666,0.2650000000000001,0.0,0.2038461538461538,0.2650000000000001,0.2635623869801088,0.3295774647887326,0.3741176470588237,1.0,1.0,1.0,,1.0,1.0,,0.8181818181818182,1.0,,,1
5.268347533941495,-2.903781347162113,-1.5300052653534555,-2.703780348003231,0.3360417540028872,0.6784422790769533,-2.010629221373121,-0.9482773040748947,0.1571878523617677,-0.9163928820714636,Spyware-TIBS-7651d72f90c1aaecc18a032dd6140ec4def8a836e7efcfc83b9a3389345dcb10-8.raw,0.5294117647058824,0.5714285714285714,0.1774258884183391,,0.4062841976830479,0.6562162162162162,0.4807065217391305,0.6824192499458054,0.3647037553855712,,0.4081346423562412,0.7809123649459784,0.7407407407407407,0.694980694980695,0.4988505747126436,0.6909090909090909,0.6831395348837209,0.5686274509803921,0.4838709677419355,0.5419847328244275,0.6666666666666666,0.71875,0.6666666666666666,0.6336088276694567,0.743210163400431,0.6336088276694567,0.0337078651685393,0.000138901750162,0.0337078651685393,0.0,0.0,0.0,0.0,0.0,0.0,0.0,0.1333333333333333,0.0,0.0,0.0,0.0,0.0479204339963837,0.0732394366197184,0.1766666666666668,1.0,1.0,1.0,,1.0,1.0,,0.6363636363636364,0.0,,,1
7.7823994250052735,-0.3271108632818432,-2.80088314555562,6.438868370059152,-0.2311810318441715,1.713011321568422,-1.2948391642168668,-1.183910163343754,-0.0760537501461752,1.0296985270949857,Spyware-TIBS-3760770f4e0ecfe15d832609a805cbe1f8f32ca7e011fd5c6a0ad98750afe2e8-9.raw,0.5882352941176471,0.7142857142857143,0.1856625544712453,,0.4122589652960341,0.7048648648648649,0.4353002070393376,0.7773683069585953,0.5196160545064077,,0.6956521739130435,0.7935174069627852,0.7037037037037037,0.7046332046332047,0.6045977011494252,0.6727272727272727,0.8168604651162791,0.6862745098039216,0.5376344086021505,0.6870229007633588,0.6428571428571429,0.6875,0.6428571428571429,0.5559007715230526,0.5998708522860868,0.5559007715230526,1.0,1.0,1.0,0.8,0.0,0.0,0.2307692307692307,0.0,0.2307692307692307,0.0,0.3333333333333333,0.0,0.0,0.2912087912087911,0.0,0.3354430379746836,0.0610328638497652,0.4305322128851538,1.0,1.0,1.0,,1.0,1.0,,0.6363636363636364,0.5,,,1
8.39805266311112,-2.53838128985568,-1.8572865015692903,-2.928771999137997,0.4128466034920795,-0.0179800472466864,-2.3909959969841,0.1383612280402055,0.3537727590626305,0.3854458398526075,Spyware-TIBS-2361f526473d9f47642b2c9504cf0e0ffa62f222eccbdf665035ad4658cfb915-4.raw,0.6764705882352942,0.7142857142857143,0.1487550890975671,,0.3494924592143495,0.8486486486486486,0.4665217391304347,0.8400173422935183,0.3462888749584477,,0.4768583450210378,0.9117647058823528,0.8888888888888888,0.7258687258687259,0.696551724137931,0.8909090909090909,0.7354651162790697,0.8627450980392157,0.6397849462365591,0.8625954198473282,0.9285714285714286,0.953125,0.9285714285714286,0.7863109505898879,0.8423902000273792,0.7863109505898879,0.0561797752808988,0.0002778035003241,0.0561797752808988,0.0094117647058823,0.0,0.0,0.0769230769230769,0.0,0.0769230769230769,0.0,0.2,0.0,0.0,0.0905982905982905,0.0,0.0958408679927671,0.0447574334898277,0.1986056644880174,1.0,1.0,1.0,,1.0,1.0,,0.9090909090909092,0.0,,,1
0.569280130251327,4.76432410026749,-1.2768419483079303,-1.9112237617849717,-0.1491438304683718,0.3141750652674179,0.8927090320790473,0.4205505187667226,0.9926062780523984,0.158471114844999,Spyware-TIBS-954f736dfd60b84b6e7b02b873945bb19058beb1f7be314716f5c924f632f598-3.raw,0.2941176470588235,0.3571428571428571,0.488630086540232,,0.2879680758732594,0.2983783783783784,0.4216032608695653,0.2367223065250379,0.238101452449098,,0.273492286115007,0.2142857142857142,0.3703703703703703,0.1911196911196911,0.4689655172413793,0.3818181818181818,0.1075581395348837,0.1568627450980392,0.0913978494623656,0.1984732824427481,0.4761904761904761,0.46875,0.4761904761904761,0.6796097563447521,0.7860959708664363,0.6796097563447521,0.0112359550561797,4.630058338735068e-05,0.0112359550561797,0.0,0.2,0.0,0.1538461538461538,0.2,0.1538461538461538,0.2,0.2,0.311764705882353,0.0,0.2398190045248868,0.311764705882353,0.3777257738538456,0.4200497100248551,0.397347174163783,0.0,0.6363636363636364,0.5,,0.6666666666666666,0.6666666666666666,,0.2727272727272727,1.0,,,1
1.9824080843207716,2.741013640653218,-8.841072719416559,3.0550551521199902,-0.0034838500994686,-3.621237865311278,-0.1277849470349948,0.3937271534561059,-1.128691428075269,-0.2362718404695023,Spyware-TIBS-306cacba59ca07650c4ff93e770a530fee5ab0bd21fbbdacc6450bf5f8227b66-6.raw,0.4117647058823529,0.4285714285714285,0.2527261196014649,,0.3414701981386676,0.4875675675675676,0.4710748792270531,0.448948623455452,0.3483506074182286,,0.8821879382889201,0.3061224489795918,0.4814814814814814,0.3725868725868725,0.3494252873563218,0.509090909090909,0.3430232558139535,0.2745098039215686,0.2258064516129032,0.3893129770992366,0.6666666666666666,0.640625,0.6666666666666666,0.7825185967104167,0.820780237785623,0.7825185967104167,0.6853932584269663,0.856745994999537,0.6853932584269663,0.5364705882352941,0.0,0.0,0.0769230769230769,0.0,0.0769230769230769,0.0,0.1333333333333333,0.0,0.0,0.1132478632478629,0.0,0.2156419529837255,0.1017214397496085,0.2424836601307188,0.0,0.0,0.0,,0.0,0.0,,0.0909090909090909,1.0,,,1
0.2982629005792177,0.242543651206622,-4.773108121208722,-3.1187554852336916,0.1497801313171556,0.640093290426817,1.154034553123591,-0.6968383308274183,0.0871306818478656,-0.1700174382512054,Spyware-TIBS-570dbd214653ec1c9b7ff1f2c119060a7cacc28549706ece5f233ebdc05b1518-5.raw,0.3823529411764705,0.4285714285714285,0.2272509666728045,,0.167607954616923,0.3772972972972973,0.3548447204968943,0.2564491654021244,0.1093120000931242,,0.3043478260869565,0.2533013205282113,0.4814814814814814,0.2471042471042471,0.225287356321839,0.4909090909090909,0.1308139534883721,0.2156862745098039,0.0967741935483871,0.2213740458015267,0.5238095238095238,0.546875,0.5238095238095238,0.6695332657256124,0.820780237785623,0.6695332657256124,0.0112359550561797,4.630058338735068e-05,0.0112359550561797,0.0,0.0,0.0,0.0,0.0,0.0,0.0,0.0666666666666666,0.0,0.0,0.0,0.0,0.109532420563162,0.1098591549295773,0.1484593837535013,0.0,0.6363636363636364,0.5,,0.6666666666666666,0.6666666666666666,,0.2727272727272727,1.0,,,1
10.117655878093023,5.393157856584151,5.038793969253967,-1.2199302959725469,-0.2370619280928009,-0.90927493523427,-1.5150680449536935,-0.2224289255407337,0.0054131982276195,-0.4568874007483955,Spyware-TIBS-8217ae4fbd1555e6e06a5d3f18231377941f07d100b5ad62a8b31b9f1b64703e-2.raw,0.6176470588235294,0.6428571428571429,0.2501616473903046,,0.4739080362598918,0.8908108108108108,0.6333670374115267,0.8861911987860395,0.4370635789352005,,0.4446002805049088,0.9129651860744298,0.8518518518518519,0.8648648648648649,0.7793103448275862,0.8545454545454545,0.8604651162790697,0.8627450980392157,0.7419354838709677,0.8549618320610687,0.8333333333333334,0.875,0.8333333333333334,0.6243826411606487,0.6311868053177558,0.6243826411606487,0.0224719101123595,9.260116677470137e-05,0.0224719101123595,0.0,0.5,0.0,0.3846153846153846,0.5,0.3846153846153846,0.5,0.4666666666666667,0.5520833333333331,0.0,0.4246794871794869,0.5520833333333331,0.4252938517179027,0.5645539906103286,0.4892973856209149,1.0,1.0,1.0,,1.0,1.0,,0.9090909090909092,0.0,,,1
7.731231148789334,2.0322551782870937,3.03484612565178,-1.2242278832307985,-0.0447481928060525,-0.6947632063830571,-0.1838672061620875,-0.0831043702087673,0.3312051292851515,0.201307376461904,Spyware-TIBS-3031e4fc4cab067dba86e6f667dfaf323a996c8a112776899d692d8af34b21b2-2.raw,0.5588235294117647,0.5714285714285714,0.2950676109596671,,0.4854747953776314,0.7816216216216216,0.6012195121951222,0.8064166486017775,0.4494404073793536,,0.4165497896213184,0.8817527010804321,0.7777777777777778,0.6525096525096525,0.767816091954023,0.7818181818181819,0.7994186046511628,0.8235294117647058,0.6021505376344086,0.8091603053435115,0.7380952380952381,0.78125,0.7380952380952381,0.5918401521753532,0.6156935223561857,0.5918401521753532,0.0224719101123595,9.260116677470137e-05,0.0224719101123595,0.0,0.3,0.0,0.2307692307692307,0.3,0.2307692307692307,0.3,0.3333333333333333,0.361363636363636,0.0,0.2779720279720276,0.361363636363636,0.3027700147953316,0.3994878361075544,0.3920677361853832,1.0,1.0,1.0,,1.0,1.0,,1.0,0.5,,,1
2.8492998275667176,2.462078345337018,-8.414354014419406,3.2435986760903965,-0.0053184505644651,-3.983971962906598,-0.2344631503796218,0.0455204469521635,-1.1974654598198171,0.4134027773311818,Spyware-TIBS-306cacba59ca07650c4ff93e770a530fee5ab0bd21fbbdacc6450bf5f8227b66-7.raw,0.4705882352941176,0.4285714285714285,0.251897004525676,,0.32924114162086,0.5545945945945946,0.449599542334096,0.5224365922393237,0.3320465680033404,,0.9074333800841514,0.3709483793517407,0.5185185185185185,0.3976833976833976,0.4482758620689655,0.5818181818181818,0.4302325581395348,0.392156862745098,0.2580645161290322,0.4351145038167939,0.6904761904761905,0.6875,0.6904761904761905,0.7446435076036925,0.8014405105730501,0.7446435076036925,0.6853932584269663,0.856745994999537,0.6853932584269663,0.5364705882352941,0.0,0.0,0.0769230769230769,0.0,0.0769230769230769,0.0,0.2,0.0,0.0,0.1072874493927125,0.0,0.1841153516703151,0.0867309117865085,0.3117647058823528,0.0,0.0,0.0,,0.0,0.0,,0.4545454545454545,1.0,,,1
4.844512180147012,-3.0175140009112664,-1.3955453467965326,-2.398466948638251,0.2966673483816824,0.5320132898410603,-0.3620517182037722,-0.81492987733555,0.0360473244851084,-0.2668522795180466,Spyware-TIBS-4579cff31815c40492e3f2dd85eb22f5084a96d95d850a31d48bd79553fe42b4-9.raw,0.5294117647058824,0.5714285714285714,0.1859326090959308,,0.4082653048389327,0.6583783783783784,0.4838586956521738,0.6843702579666161,0.3668236078998562,,0.4081346423562412,0.7821128451380552,0.7407407407407407,0.6891891891891891,0.4988505747126436,0.6909090909090909,0.6802325581395349,0.5686274509803921,0.489247311827957,0.5419847328244275,0.6428571428571429,0.703125,0.6428571428571429,0.5950539503790572,0.7047400911017114,0.5950539503790572,0.0224719101123595,9.260116677470137e-05,0.0224719101123595,0.0,0.0,0.0,0.0,0.0,0.0,0.0,0.1333333333333333,0.0,0.0,0.0,0.0,0.0479204339963837,0.0732394366197184,0.1766666666666668,1.0,1.0,1.0,,1.0,1.0,,0.6363636363636364,0.5,,,1
5.125552655599341,-2.981367147467613,-1.327889948265644,-2.6066615431950635,0.3230406808892015,0.6037777726809002,-1.9563308004710285,-1.2485740859805636,0.2065991045002738,-0.928091718846029,Spyware-TIBS-992eed3db41572414b500aecbe50a54ccd1e5faa2561dec87e1fe3c2db678f44-8.raw,0.5294117647058824,0.5714285714285714,0.1944393297735223,,0.4113470270814202,0.6572972972972972,0.4822826086956521,0.6874051593323217,0.3701211562554108,,0.4109396914446003,0.7851140456182473,0.7407407407407407,0.6891891891891891,0.5057471264367817,0.6909090909090909,0.6802325581395349,0.5686274509803921,0.4946236559139785,0.5419847328244275,0.6428571428571429,0.703125,0.6428571428571429,0.5991834130454686,0.7122340462986003,0.5991834130454686,0.0224719101123595,9.260116677470137e-05,0.0224719101123595,0.0,0.0,0.0,0.0,0.0,0.0,0.0,0.1333333333333333,0.0,0.0,0.0,0.0,0.0479204339963837,0.0732394366197184,0.1766666666666668,1.0,1.0,1.0,,1.0,1.0,,0.6363636363636364,0.0,,,1
2.216698806664875,0.9807980373116982,-6.1287971476567105,3.870539077832519,-0.0926807254808032,0.8189927748417152,0.7008904849951835,-0.4474804358202669,-0.0331414979016579,-0.8818020445989962,Spyware-TIBS-0149e4302db69ee3430709369101d4e70f5d8bfce7c76555cb835f4862a03879-5.raw,0.3823529411764705,0.4285714285714285,0.2499355551463818,,0.3127633614671513,0.412972972972973,0.4142857142857142,0.3817472360719705,0.3182886839943606,,0.8751753155680224,0.2545018007202881,0.4444444444444444,0.2451737451737451,0.2919540229885057,0.4727272727272727,0.2732558139534883,0.2745098039215686,0.1666666666666666,0.366412213740458,0.5238095238095238,0.53125,0.5238095238095238,0.6296156876769887,0.7086932510800552,0.6296156876769887,0.6629213483146067,0.8591999259190666,0.6629213483146067,0.6588235294117647,0.0,0.0,0.0769230769230769,0.0,0.0769230769230769,0.0,0.1333333333333333,0.0,0.0,0.1164835164835162,0.0,0.2327563936967193,0.1098591549295773,0.2612885154061625,0.0,0.6363636363636364,0.5,,0.6666666666666666,0.6666666666666666,,0.2727272727272727,1.0,,,1
3.2456919058308284,-2.520566246907104,-1.1256875275246254,-2.117236481506346,0.2133473862543731,1.044880111259516,-0.9192902520275522,0.6666707789983543,-0.331340773988956,-0.2579231630296112,Spyware-TIBS-87163ea3765848c449bf0ff0549bacf6a38706b9004b2262e20b822fb5f4e852-10.raw,0.3823529411764705,0.3571428571428571,0.2791014546124103,,0.5102451541490043,0.5254054054054054,0.6016149068322983,0.5517017125514849,0.475945539706629,,0.3800841514726508,0.6368547418967587,0.5185185185185185,0.5154440154440154,0.3977011494252873,0.509090909090909,0.5843023255813954,0.4509803921568627,0.3602150537634409,0.465648854961832,0.6190476190476191,0.609375,0.6190476190476191,0.6848960941793235,0.7141137100773849,0.6848960941793235,0.0112359550561797,4.630058338735068e-05,0.0112359550561797,0.0,0.0,0.0,0.0,0.0,0.0,0.0,0.1333333333333333,0.0,0.0,0.0,0.0,0.109532420563162,0.1098591549295773,0.2612885154061625,1.0,1.0,1.0,,1.0,1.0,,0.7272727272727273,0.5,,,1
3.2669496624086483,0.9202236498159844,-6.412454638574045,2.3971046994447676,0.090436861718129,0.3692407405797416,0.3486902352141824,0.7953464549417734,1.1972393927649818,0.1013180057482435,Spyware-TIBS-4754c35288a9488036c211c68f36f86496240000164edd36f9eaaeed12e65dbf-2.raw,0.4411764705882353,0.4285714285714285,0.3841162097468485,,0.2736749529242705,0.4605405405405405,0.3646298472385428,0.4296553219163234,0.2723200593926516,,0.6199158485273493,0.2791116446578631,0.5185185185185185,0.3397683397683397,0.5793103448275863,0.5454545454545454,0.2936046511627907,0.3333333333333333,0.2096774193548387,0.4122137404580153,0.6428571428571429,0.640625,0.6428571428571429,0.7753027268323995,0.8771611167171234,0.7753027268323995,0.6292134831460674,0.8544309658301694,0.6292134831460674,0.4894117647058824,0.0,0.0,0.0769230769230769,0.0,0.0769230769230769,0.0,0.1333333333333333,0.0,0.0,0.1101871101871101,0.0,0.1994526171741363,0.0940236010658544,0.2246952835188128,0.0,0.6363636363636364,0.5,,0.6666666666666666,0.6666666666666666,,0.3636363636363636,1.0,,,1
2.6920231547722535,2.614651274247231,-8.935260777934651,2.403085069614222,0.0675701723167223,-3.795011236003601,-0.2895777931615408,1.0289977411877618,-0.8560036506443648,0.3628167762817587,Spyware-TIBS-4754c35288a9488036c211c68f36f86496240000164edd36f9eaaeed12e65dbf-7.raw,0.4411764705882353,0.4285714285714285,0.2706932673789605,,0.3103224606727707,0.5178378378378379,0.4549353701527616,0.4630392369390852,0.3126234281827637,,0.638148667601683,0.3559423769507803,0.5185185185185185,0.3899613899613899,0.4367816091954023,0.5454545454545454,0.4011627906976744,0.3529411764705882,0.2526881720430107,0.4198473282442748,0.7380952380952381,0.703125,0.7380952380952381,0.8612914422642334,0.904736996672718,0.8612914422642334,0.6853932584269663,0.856745994999537,0.6853932584269663,0.5364705882352941,0.0,0.0,0.0769230769230769,0.0,0.0769230769230769,0.0,0.1333333333333333,0.0,0.0,0.1101871101871101,0.0,0.1994526171741363,0.0940236010658544,0.2246952835188128,0.0,0.0,0.0,,0.0,0.0,,0.3636363636363636,1.0,,,1
6.150747265620874,-1.8324286137773935,0.5562020178234074,-1.551806763633004,0.1871644434686887,-0.6668238247953027,1.2312171119797222,-0.1914051990940418,0.1423832619123227,0.724668577001811,Spyware-TIBS-6666171e4b060f807fe35397acf8a6b5851d02614d02d63d32142e126aac932d-3.raw,0.5588235294117647,0.5714285714285714,0.2508049993039056,,0.4676501998287488,0.7751351351351351,0.5919936373276777,0.7884240190765228,0.4303674796085496,,0.4067321178120617,0.8607442977190877,0.7777777777777778,0.6544401544401545,0.6873563218390805,0.7818181818181819,0.7965116279069767,0.8235294117647058,0.5913978494623656,0.8015267175572519,0.7142857142857143,0.765625,0.7142857142857143,0.565019832698423,0.5955114549463706,0.565019832698423,0.0224719101123595,9.260116677470137e-05,0.0224719101123595,0.0,0.1,0.0,0.0769230769230769,0.1,0.0769230769230769,0.1,0.2,0.1261904761904762,0.0,0.097069597069597,0.1261904761904762,0.130069749418755,0.1830985915492957,0.2424836601307188,1.0,1.0,1.0,,1.0,1.0,,0.9090909090909092,1.0,,,1
7.34136282496714,-2.618176965823806,-3.493110210260874,3.626280698892834,0.1760977685265602,0.4135055681966244,0.9842073267499148,1.059859834754231,-0.2026042806792112,-0.6759296926962143,Spyware-TIBS-979db6d35d22f609cbdd3515bea40d29c89bf89364999c4218ab5dfffd7fc11a-10.raw,0.5588235294117647,0.5,0.181644668591779,,0.5028698826000347,0.7513513513513513,0.5581654294803813,0.8241924994580533,0.5187463714236241,,0.97054698457223,0.7887154861944778,0.7407407407407407,0.7722007722007722,0.5287356321839081,0.6909090909090909,0.7238372093023255,0.7058823529411765,0.5645161290322581,0.7633587786259542,0.7857142857142857,0.796875,0.7857142857142857,0.6852328773552845,0.6932356884954669,0.6852328773552845,0.6966292134831461,0.8567922955829244,0.6966292134831461,0.4470588235294118,0.0,0.0,0.0769230769230769,0.0,0.0769230769230769,0.0,0.1333333333333333,0.0,0.0,0.0994371482176359,0.0,0.1425925109160679,0.0669872895912056,0.1622190339550454,1.0,1.0,1.0,,1.0,1.0,,0.8181818181818182,1.0,,,1
2.1657479055854485,1.884187359555378,-7.71302671690034,3.8939314574379313,-0.0537079715634627,-4.050600199927814,0.2305707739846589,-0.4690514837359799,-1.482768711691366,-0.1335719742660685,Spyware-TIBS-961bfaad26e065fccd479a8aea79ac6f02bfed983259420097133a86e0fc2d21-8.raw,0.4117647058823529,0.4285714285714285,0.2716299433294462,,0.3730211639546113,0.494054054054054,0.4815821256038646,0.4769130717537394,0.3830758105093755,,0.8962131837307152,0.3463385354141656,0.4814814814814814,0.2992277992277992,0.3816091954022989,0.509090909090909,0.4302325581395348,0.392156862745098,0.2096774193548387,0.3969465648854962,0.5952380952380952,0.59375,0.5952380952380952,0.6593684954640058,0.7008090884810635,0.6593684954640058,0.6629213483146067,0.8591999259190666,0.6629213483146067,0.6588235294117647,0.0,0.0,0.0769230769230769,0.0,0.0769230769230769,0.0,0.1333333333333333,0.0,0.0,0.1132478632478629,0.0,0.2156419529837255,0.1017214397496085,0.2424836601307188,1.0,0.0,0.0,,0.0,0.0,,0.4545454545454545,1.0,,,1
1.5583898611289744,2.492379285573646,-8.191881657150569,3.774976581777216,-0.0629000940418678,-3.806444927048997,-0.0315321654933887,-0.173231355021833,-1.110484632291934,-0.2067181595110545,Spyware-TIBS-961bfaad26e065fccd479a8aea79ac6f02bfed983259420097133a86e0fc2d21-7.raw,0.3823529411764705,0.4285714285714285,0.2920640765973117,,0.3925107860278486,0.4572972972972973,0.4881366459627328,0.4504660741383048,0.4061309385078757,,0.8877980364656382,0.322328931572629,0.4444444444444444,0.2837837837837837,0.3632183908045977,0.4727272727272727,0.3604651162790697,0.2941176470588235,0.2043010752688172,0.3740458015267175,0.5952380952380952,0.578125,0.5952380952380952,0.7001546361387124,0.7329960384198544,0.7001546361387124,0.6629213483146067,0.8591999259190666,0.6629213483146067,0.6588235294117647,0.0,0.0,0.0769230769230769,0.0,0.0769230769230769,0.0,0.1333333333333333,0.0,0.0,0.1164835164835162,0.0,0.2327563936967193,0.1098591549295773,0.2612885154061625,0.0,0.0,0.0,,0.0,0.0,,0.3636363636363636,1.0,,,1
3.282242296578631,0.8673542668521954,-6.316597072590772,2.432422448550407,0.0972864150959855,0.2622589166421787,0.32168596365776,0.7880706538756447,1.352031596820679,0.1845902280191425,Spyware-TIBS-961bfaad26e065fccd479a8aea79ac6f02bfed983259420097133a86e0fc2d21-2.raw,0.4411764705882353,0.4285714285714285,0.3963781494622958,,0.2831937861056988,0.4648648648648649,0.3714453584018803,0.4383264686754823,0.2827884668706021,,0.6016830294530154,0.2947178871548619,0.5185185185185185,0.3397683397683397,0.6229885057471264,0.5454545454545454,0.2936046511627907,0.3333333333333333,0.2096774193548387,0.4274809160305343,0.6428571428571429,0.640625,0.6428571428571429,0.7701971611396105,0.8683477433852453,0.7701971611396105,0.6292134831460674,0.8573016020001852,0.6292134831460674,0.4894117647058824,0.0,0.0,0.0769230769230769,0.0,0.0769230769230769,0.0,0.1333333333333333,0.0,0.0,0.1101871101871101,0.0,0.1994526171741363,0.0940236010658544,0.2246952835188128,0.0,0.6363636363636364,0.5,,0.6666666666666666,0.6666666666666666,,0.3636363636363636,1.0,,,1
2.0274868784917763,0.984994924225152,-6.037432389014836,3.942293890925536,-0.1161968239865703,0.8909221719361897,0.798928921171418,-0.8508718756834122,-0.0691146740629068,-0.9334467414065803,Spyware-TIBS-0149e4302db69ee3430709369101d4e70f5d8bfce7c76555cb835f4862a03879-4.raw,0.3823529411764705,0.4285714285714285,0.2466948996501562,,0.2893674293405113,0.4097297297297297,0.4088819875776399,0.3615868198569261,0.2925179279383454,,0.8681626928471248,0.2112845138055222,0.4444444444444444,0.2393822393822393,0.271264367816092,0.4727272727272727,0.2703488372093023,0.2745098039215686,0.1559139784946236,0.366412213740458,0.5,0.515625,0.5,0.5922205809385792,0.6771422135260717,0.5922205809385792,0.6629213483146067,0.8591999259190666,0.6629213483146067,0.6588235294117647,0.0,0.0,0.0769230769230769,0.0,0.0769230769230769,0.0,0.1333333333333333,0.0,0.0,0.1164835164835162,0.0,0.2327563936967193,0.1098591549295773,0.2612885154061625,0.0,0.6363636363636364,0.5,,0.6666666666666666,0.6666666666666666,,0.2727272727272727,1.0,,,1
6.650727746153387,-2.905595839242741,-2.472707413862538,-3.1666409331859273,0.4902761234604514,0.1067577995121514,-1.239199738019048,2.679843165809654,-0.0103013158503211,0.0526202636348725,Spyware-TIBS-5045036bec213df4c03e57feb5f3b97b6e676eb3a1ab220d1596ad71f3246baa-9.raw,0.5294117647058824,0.5714285714285714,0.2369729331614803,,0.5044590634080075,0.7372972972972973,0.598913043478261,0.779102536310427,0.4697542244268122,,0.4460028050490883,0.8691476590636255,0.7407407407407407,0.7992277992277992,0.5816091954022988,0.6909090909090909,0.811046511627907,0.6274509803921569,0.5483870967741935,0.6564885496183206,0.9285714285714286,0.890625,0.9285714285714286,0.9287349073966326,0.9523356219591224,0.9287349073966326,0.0337078651685393,0.0130104639318455,0.0337078651685393,0.0,0.0,0.0,0.0,0.0,0.0,0.0,0.1333333333333333,0.0,0.0,0.0,0.0,0.0479204339963837,0.0732394366197184,0.1766666666666668,1.0,1.0,1.0,,1.0,1.0,,0.6363636363636364,0.5,,,1
6.2569357756201,0.8736689496141923,0.9966519098708444,-1.9119254466483615,0.0218772675163609,0.5017329871691103,-0.0261779335772295,-0.6981324975616916,-0.1719416310975171,-0.2924926943214921,Spyware-TIBS-4579cff31815c40492e3f2dd85eb22f5084a96d95d850a31d48bd79553fe42b4-7.raw,0.5588235294117647,0.5714285714285714,0.1622797759923836,,0.3881911594301159,0.6962162162162162,0.479745493107105,0.7082159115543031,0.3453435847266527,,0.4095371669004207,0.7953181272509003,0.7777777777777778,0.7084942084942085,0.5149425287356322,0.7272727272727273,0.686046511627907,0.6274509803921569,0.4946236559139785,0.5648854961832062,0.6666666666666666,0.734375,0.6666666666666666,0.5874389438587737,0.6940583581424677,0.5874389438587737,0.0224719101123595,9.260116677470137e-05,0.0224719101123595,0.0,0.2,0.0,0.1538461538461538,0.2,0.1538461538461538,0.2,0.2666666666666666,0.2465116279069766,0.0,0.1896243291592127,0.2465116279069766,0.2184280247277011,0.2938093678349162,0.3190150478796167,1.0,1.0,1.0,,1.0,1.0,,0.6363636363636364,0.5,,,1
10.007568611263371,1.1867407247595343,-0.9782630859615702,3.3954308931846517,-0.0352290008257344,0.2557827763638852,-0.6390760570932168,0.614761654407708,-0.0705768233696414,-0.3173057387700737,Spyware-TIBS-78791f14568516cded277d28fae715f599d5074532d9a5f41fd1f0a14d648db2-6.raw,0.6470588235294118,0.5714285714285714,0.1751058736880871,,0.4244943745704742,0.8518918918918919,0.5244071146245062,0.8786039453717754,0.4293948618292596,,0.7307152875175316,0.8619447779111644,0.8518518518518519,0.7857142857142857,0.6781609195402298,0.8909090909090909,0.8691860465116279,0.8627450980392157,0.6881720430107527,0.9236641221374046,0.8571428571428571,0.890625,0.8571428571428571,0.7019773481711866,0.7406100965307386,0.7019773481711866,0.6966292134831461,0.8567922955829244,0.6966292134831461,0.4470588235294118,0.2,0.0,0.2307692307692307,0.2,0.2307692307692307,0.2,0.3333333333333333,0.2304347826086956,0.0,0.265886287625418,0.2304347826086956,0.2729381240663575,0.2627066748315982,0.3569479965899405,1.0,1.0,1.0,,1.0,1.0,,0.9090909090909092,0.5,,,1
-0.0075363949308426,2.498892610863635,-2.568355462383752,-2.15221232489729,0.0011238094714578,0.2142561744327008,0.7553853182622174,0.2661341497283087,1.028047303971195,0.1810720139007959,Spyware-TIBS-98f79b05b432de9dd246e9fec02ce0e37acbfbe0798d10c621c0b397e05ea470-2.raw,0.2941176470588235,0.3571428571428571,0.4921745534892285,,0.3190604520697852,0.3005405405405405,0.4255434782608696,0.2612182961196618,0.2713713599649618,,0.2903225806451613,0.2232893157262905,0.3703703703703703,0.1911196911196911,0.4528735632183908,0.3818181818181818,0.1075581395348837,0.1568627450980392,0.0913978494623656,0.1984732824427481,0.4761904761904761,0.46875,0.4761904761904761,0.6768819497586783,0.7812647373784332,0.6768819497586783,0.0112359550561797,4.630058338735068e-05,0.0112359550561797,0.0,0.1,0.0,0.0769230769230769,0.1,0.0769230769230769,0.1,0.1333333333333333,0.1606060606060606,0.0,0.1235431235431235,0.1606060606060606,0.2700969916159792,0.2829705505761845,0.3023172905525847,0.0,0.6363636363636364,0.5,,0.6666666666666666,0.6666666666666666,,0.2727272727272727,1.0,,,1
4.845905817473429,-3.0208867900510223,-1.3944985324819457,-2.39338561630866,0.2972620043437585,0.5254957520096172,-0.3664471713757071,-0.7959775963946243,0.0305022608638366,-0.2755538732063285,Spyware-TIBS-404929a7b78f384d1d1715f06d93c3cf0301d8027cb5e721ffff4d89e1b7da7c-9.raw,0.5294117647058824,0.5714285714285714,0.1916037562143251,,0.4100262889774972,0.6605405405405406,0.4870108695652175,0.6861044873184479,0.3687079212458876,,0.4123422159887798,0.7827130852340937,0.7407407407407407,0.694980694980695,0.496551724137931,0.6909090909090909,0.6773255813953488,0.5686274509803921,0.4946236559139785,0.5343511450381679,0.6428571428571429,0.703125,0.6428571428571429,0.5960842798214648,0.7066098846567542,0.5960842798214648,0.0224719101123595,9.260116677470137e-05,0.0224719101123595,0.0,0.0,0.0,0.0,0.0,0.0,0.0,0.1333333333333333,0.0,0.0,0.0,0.0,0.0479204339963837,0.0732394366197184,0.1766666666666668,1.0,1.0,1.0,,1.0,1.0,,0.6363636363636364,0.5,,,1
0.5688543477930242,4.705643562871872,-1.2017421479491146,-1.8283763025663151,-0.1436963109736278,0.2165617956932627,0.8594913635725038,0.503545563734296,1.0622100740328118,0.1668256074656494,Spyware-TIBS-327c5b55bece5d32b51b019eae79acd917c944de61153db2fea6a3f59b070a97-2.raw,0.2941176470588235,0.3571428571428571,0.5134413551832075,,0.3220871435579426,0.2983783783783784,0.4216032608695653,0.2636028614784305,0.274610023528453,,0.2889200561009817,0.2262905162064826,0.3703703703703703,0.1891891891891892,0.4804597701149425,0.3818181818181818,0.1075581395348837,0.1568627450980392,0.0913978494623656,0.1984732824427481,0.4761904761904761,0.46875,0.4761904761904761,0.6796097563447521,0.7860959708664363,0.6796097563447521,0.0112359550561797,4.630058338735068e-05,0.0112359550561797,0.0,0.2,0.0,0.1538461538461538,0.2,0.1538461538461538,0.2,0.2,0.311764705882353,0.0,0.2398190045248868,0.311764705882353,0.3777257738538456,0.4200497100248551,0.397347174163783,0.0,0.6363636363636364,0.5,,0.6666666666666666,0.6666666666666666,,0.2727272727272727,1.0,,,1
6.763983925457985,-1.6007039820983608,-0.0695681701072908,-2.2085197758227575,0.2174026527821725,-0.0905697359749116,-0.0132481420279785,-1.1687491020520266,0.0178760961573511,-0.136180828896924,Spyware-TIBS-404929a7b78f384d1d1715f06d93c3cf0301d8027cb5e721ffff4d89e1b7da7c-5.raw,0.6176470588235294,0.6428571428571429,0.1552029049427702,,0.3627203168133325,0.7805405405405406,0.4838220424671388,0.7684803815304574,0.3180889106916011,,0.4319775596072931,0.843937575030012,0.8518518518518519,0.6891891891891891,0.5770114942528736,0.8545454545454545,0.7122093023255814,0.7647058823529411,0.5860215053763441,0.7786259541984732,0.7142857142857143,0.796875,0.7142857142857143,0.5668739906769802,0.6624853093018356,0.5668739906769802,0.0224719101123595,9.260116677470137e-05,0.0224719101123595,0.0,0.1,0.0,0.0769230769230769,0.1,0.0769230769230769,0.1,0.2,0.1204545454545453,0.0,0.0926573426573425,0.1204545454545453,0.1067318757192177,0.166453265044814,0.2125668449197862,1.0,1.0,1.0,,1.0,1.0,,0.9090909090909092,0.5,,,1
3.128132749945043,1.0154483245086845,-1.9503443163975351,-2.4700046529362982,0.0576721251078714,0.4657566214031853,0.8990683587312049,0.2083982830659462,-0.3346407905097641,0.3175614538029357,Spyware-TIBS-505c865b3cadf62b53d15f53d6d9a4293f7d7287fc88b54fa2b19974b3338a57-7.raw,0.4411764705882353,0.5,0.2400384180903421,,0.2917607359689852,0.5405405405405406,0.490716803760282,0.4459137220897464,0.2421597286588785,,0.3464235624123422,0.3739495798319328,0.5555555555555556,0.5675675675675675,0.3632183908045977,0.5636363636363636,0.2877906976744186,0.4313725490196078,0.5161290322580645,0.4045801526717557,0.6428571428571429,0.671875,0.6428571428571429,0.6842933592096607,0.7933728660828128,0.6842933592096607,0.0112359550561797,4.630058338735068e-05,0.0112359550561797,0.0,0.1,0.0,0.0769230769230769,0.1,0.0769230769230769,0.1,0.2,0.1394736842105263,0.0,0.1072874493927125,0.1394736842105263,0.1841153516703151,0.2216456634544106,0.3117647058823528,0.0,0.8181818181818182,1.0,,0.6666666666666666,0.8333333333333334,,0.4545454545454545,1.0,,,1
5.266939898206476,-2.8973603092553906,-1.5420040296344049,-2.706428354752607,0.336847278771725,0.6850346666648971,-2.016369496167326,-0.9258025996229832,0.1569556926748516,-0.9216281205436851,Spyware-TIBS-7651d72f90c1aaecc18a032dd6140ec4def8a836e7efcfc83b9a3389345dcb10-9.raw,0.5294117647058824,0.5714285714285714,0.1859326090959308,,0.4060640746657273,0.6562162162162162,0.4807065217391305,0.6822024712768263,0.3644682162173172,,0.4109396914446003,0.78031212484994,0.7407407407407407,0.694980694980695,0.4942528735632184,0.6909090909090909,0.6831395348837209,0.5686274509803921,0.4838709677419355,0.5419847328244275,0.6666666666666666,0.71875,0.6666666666666666,0.6357243559424404,0.7470078262061176,0.6357243559424404,0.0337078651685393,0.000138901750162,0.0337078651685393,0.0,0.0,0.0,0.0,0.0,0.0,0.0,0.1333333333333333,0.0,0.0,0.0,0.0,0.0479204339963837,0.0732394366197184,0.1766666666666668,1.0,1.0,1.0,,1.0,1.0,,0.6363636363636364,0.0,,,1
6.872952421656877,6.059116098738068,4.409109003752328,-0.8342285780039459,-0.4433557311240672,1.0728865299986334,-1.9644168851907189,-0.2901440277450149,-0.5993972552141696,-0.0405282380394245,Spyware-TIBS-2361f526473d9f47642b2c9504cf0e0ffa62f222eccbdf665035ad4658cfb915-7.raw,0.4705882352941176,0.5,0.2250336760701238,,0.4680344967524407,0.5913513513513513,0.5060068649885585,0.6522870149577281,0.4845740942564091,,0.3758765778401122,0.7521008403361344,0.6296296296296297,0.6486486486486487,0.4896551724137931,0.5818181818181818,0.6569767441860465,0.5686274509803921,0.5053763440860215,0.5267175572519084,0.6190476190476191,0.640625,0.6190476190476191,0.6203386957752927,0.6751071534650052,0.6203386957752927,0.0224719101123595,9.260116677470137e-05,0.0224719101123595,0.0,0.4,0.0,0.3846153846153846,0.4,0.3846153846153846,0.4,0.4666666666666667,0.5047619047619047,0.0,0.4853479853479852,0.5047619047619047,0.5408163265306122,0.5492957746478873,0.6185807656395894,1.0,1.0,1.0,,1.0,1.0,,0.6363636363636364,0.0,,,1
4.665508566133988,8.74634682649299,-0.515331982660938,1.1837597753150415,-0.4404135433566813,0.222888308093085,1.244490834364383,0.7847038624836864,1.180154995408779,0.4422931009769063,Spyware-TIBS-961bfaad26e065fccd479a8aea79ac6f02bfed983259420097133a86e0fc2d21-1.raw,0.4411764705882353,0.4285714285714285,0.3902471796045723,,0.2227491954036277,0.4540540540540541,0.354406580493537,0.3832646867548233,0.2163140793856119,,0.3225806451612903,0.28031212484994,0.5185185185185185,0.3146718146718146,0.6068965517241379,0.5454545454545454,0.2936046511627907,0.3333333333333333,0.1989247311827957,0.4122137404580153,0.6190476190476191,0.625,0.6190476190476191,0.7434636308757654,0.853838613963243,0.7434636308757654,0.5168539325842697,0.0392628947124733,0.5168539325842697,0.3952941176470588,0.4,0.0,0.3846153846153846,0.4,0.3846153846153846,0.4,0.3333333333333333,0.5170731707317076,0.0,0.4971857410881801,0.5170731707317076,0.5633572972257754,0.5671590518722089,0.4511716881874701,0.0,0.6363636363636364,0.5,,0.6666666666666666,0.6666666666666666,,0.3636363636363636,1.0,,,1
8.468643131248644,1.5631962416000738,2.875259195231643,-1.4169333998338178,-0.0488125865706793,-0.8140209833935695,0.2291097962976259,-1.3025544605473844,-0.3383452918052155,-0.0711649164690157,Spyware-TIBS-35687c2a333d215c400adb744ca367dae9ce2b5fcc705ac639b11bc319d50475-5.raw,0.6470588235294118,0.7142857142857143,0.1622169029644633,,0.414688894708014,0.8843243243243243,0.5673913043478261,0.8677650119228268,0.3736970690825385,,0.4347826086956521,0.9033613445378152,0.8888888888888888,0.9054054054054054,0.6528735632183909,0.8181818181818182,0.8488372093023255,0.9215686274509804,0.7849462365591398,0.7480916030534351,0.7380952380952381,0.828125,0.7380952380952381,0.5134215077505317,0.5677891143750541,0.5134215077505317,0.0224719101123595,9.260116677470137e-05,0.0224719101123595,0.0,0.3,0.0,0.2307692307692307,0.3,0.2307692307692307,0.3,0.3333333333333333,0.3382978723404254,0.0,0.2602291325695579,0.3382978723404254,0.2589742603208804,0.3623014683847766,0.3405089695452648,1.0,1.0,1.0,,1.0,1.0,,0.9090909090909092,0.5,,,1
7.473843502459165,-1.7484991102720435,0.2502346686109707,-2.367562561301864,0.2700807082832929,-0.5518794468324866,-2.01669097990356,-0.828902984125636,-0.1691643668951445,-0.8957713959870219,Spyware-TIBS-8217ae4fbd1555e6e06a5d3f18231377941f07d100b5ad62a8b31b9f1b64703e-9.raw,0.5882352941176471,0.6428571428571429,0.1829620082243908,,0.4608956700754288,0.8097297297297297,0.5809006211180126,0.8270106221547799,0.4231399014142778,,0.4361851332398317,0.8523409363745498,0.8148148148148148,0.9884169884169884,0.6,0.8363636363636363,0.7383720930232558,0.7843137254901961,0.956989247311828,0.8015267175572519,0.7619047619047619,0.8125,0.7619047619047619,0.6251149879987473,0.6790247735854779,0.6251149879987473,0.0224719101123595,9.260116677470137e-05,0.0224719101123595,0.0,0.1,0.0,0.0769230769230769,0.1,0.0769230769230769,0.1,0.2,0.123255813953488,0.0,0.0948121645796061,0.123255813953488,0.118129441944573,0.1745823779888634,0.2271773825809394,1.0,1.0,1.0,,1.0,1.0,,0.6363636363636364,0.0,,,1
7.206668448666015,-0.8709595571420438,-1.2087152291000611,-2.870785150036694,0.3430746316620202,0.1341943525987814,-1.104902439732809,2.804894434251028,-0.1055466775034695,0.0342529302904819,Spyware-TIBS-5045036bec213df4c03e57feb5f3b97b6e676eb3a1ab220d1596ad71f3246baa-8.raw,0.5294117647058824,0.5714285714285714,0.2284662124838888,,0.5053395554772896,0.7372972972972973,0.598913043478261,0.779969650986343,0.4706963810998278,,0.4460028050490883,0.8691476590636255,0.7407407407407407,0.7992277992277992,0.5908045977011495,0.6909090909090909,0.811046511627907,0.6274509803921569,0.5483870967741935,0.6564885496183206,0.9285714285714286,0.890625,0.9285714285714286,0.9263692421335116,0.9484880158258558,0.9263692421335116,0.0337078651685393,0.0130104639318455,0.0337078651685393,0.0,0.1,0.0,0.0769230769230769,0.1,0.0769230769230769,0.1,0.2,0.1292682926829267,0.0,0.0994371482176359,0.1292682926829267,0.1425925109160679,0.1920302301614563,0.2585365853658535,1.0,1.0,1.0,,1.0,1.0,,0.6363636363636364,0.5,,,1
3.422429746913806,0.9324142396522151,-6.662121648657261,2.6607112745957737,0.0677292420225356,0.4940782935309853,0.5262304142703793,0.720350634182624,0.5990260940114196,-0.4262204719783074,Spyware-TIBS-979db6d35d22f609cbdd3515bea40d29c89bf89364999c4218ab5dfffd7fc11a-3.raw,0.4411764705882353,0.4285714285714285,0.2890861769521317,,0.2703433613107704,0.4648648648648649,0.3714453584018803,0.4266204205506178,0.2686561167753679,,0.8597475455820477,0.2557022809123649,0.5185185185185185,0.3397683397683397,0.4666666666666667,0.5454545454545454,0.2936046511627907,0.3333333333333333,0.2096774193548387,0.4274809160305343,0.6428571428571429,0.640625,0.6428571428571429,0.7701971611396105,0.8683477433852453,0.7701971611396105,0.6292134831460674,0.8544309658301694,0.6292134831460674,0.4894117647058824,0.0,0.0,0.0769230769230769,0.0,0.0769230769230769,0.0,0.1333333333333333,0.0,0.0,0.1101871101871101,0.0,0.1994526171741363,0.0940236010658544,0.2246952835188128,0.0,0.6363636363636364,0.5,,0.6666666666666666,0.6666666666666666,,0.3636363636363636,1.0,,,1
7.657503604226626,0.2733184571726731,1.4718543214626885,-1.9521296490182376,0.160790501135548,-0.5031997106551472,-1.8676041219030848,-0.5466658014303175,0.8903923358229405,-0.4227663649519653,Spyware-TIBS-992eed3db41572414b500aecbe50a54ccd1e5faa2561dec87e1fe3c2db678f44-1.raw,0.5882352941176471,0.5714285714285714,0.2882833118517154,,0.4514618264759774,0.7848648648648648,0.5463768115942028,0.8172555820507262,0.4130453656319678,,0.4319775596072931,0.8853541416566627,0.8148148148148148,0.666023166023166,0.8160919540229885,0.8181818181818182,0.813953488372093,0.7058823529411765,0.5752688172043011,0.7633587786259542,0.7619047619047619,0.8125,0.7619047619047619,0.6212916675450701,0.6722785361714693,0.6212916675450701,0.0224719101123595,9.260116677470137e-05,0.0224719101123595,0.0,0.2,0.0,0.1538461538461538,0.2,0.1538461538461538,0.2,0.2666666666666666,0.2409090909090907,0.0,0.1853146853146851,0.2409090909090907,0.2047509452572744,0.2829705505761845,0.3023172905525847,1.0,1.0,1.0,,1.0,1.0,,0.9090909090909092,0.0,,,1
8.091531513904409,0.7096950381077116,0.360326875600203,-2.395146185526042,0.2138652385475976,-0.2452149688682032,-0.8269648242570228,2.424060046557623,0.0583172710690922,0.160994340365922,Spyware-TIBS-5045036bec213df4c03e57feb5f3b97b6e676eb3a1ab220d1596ad71f3246baa-6.raw,0.5588235294117647,0.5714285714285714,0.2563378257608758,,0.5050174242324302,0.7772972972972974,0.5950689289501591,0.8261435074788641,0.4703516896340904,,0.4586255259467041,0.9099639855942376,0.7777777777777778,0.806949806949807,0.6781609195402298,0.7272727272727273,0.8284883720930233,0.7254901960784313,0.5483870967741935,0.7099236641221374,0.9285714285714286,0.90625,0.9285714285714286,0.8690835941655671,0.8871732311562268,0.8690835941655671,0.0337078651685393,0.0130104639318455,0.0337078651685393,0.0,0.2,0.0,0.1538461538461538,0.2,0.1538461538461538,0.2,0.2666666666666666,0.2465116279069766,0.0,0.1896243291592127,0.2465116279069766,0.2184280247277011,0.2938093678349162,0.3190150478796167,1.0,1.0,1.0,,1.0,1.0,,0.8181818181818182,0.5,,,1
0.2508869470958915,0.0053236799088422,-4.297202820622957,-2.7425642906660808,0.2045404335024111,0.0329607517960909,1.014954595194968,-0.7665242183857579,1.379896595380917,0.2430180587226283,Spyware-TIBS-570dbd214653ec1c9b7ff1f2c119060a7cacc28549706ece5f233ebdc05b1518-2.raw,0.3823529411764705,0.4285714285714285,0.4281716074387771,,0.2294939686293252,0.374054054054054,0.34944099378882,0.3097767179709516,0.1755321548250787,,0.3169705469845722,0.2647058823529412,0.4814814814814814,0.2413127413127413,0.5080459770114942,0.4909090909090909,0.1308139534883721,0.2156862745098039,0.0967741935483871,0.2213740458015267,0.5,0.53125,0.5,0.6313280237501494,0.7887906961262519,0.6313280237501494,0.0112359550561797,4.630058338735068e-05,0.0112359550561797,0.0,0.0,0.0,0.0,0.0,0.0,0.0,0.0666666666666666,0.0,0.0,0.0,0.0,0.109532420563162,0.1098591549295773,0.1484593837535013,0.0,0.6363636363636364,0.5,,0.6666666666666666,0.6666666666666666,,0.2727272727272727,1.0,,,1
2.047091591819259,10.902620490292904,2.77123331709823,-0.8360000103145031,-0.6193980541963385,0.3774399290880902,1.3644363309351537,0.527882311951517,0.605775366858133,-0.0282081505079088,Spyware-TIBS-98f79b05b432de9dd246e9fec02ce0e37acbfbe0798d10c621c0b397e05ea470-1.raw,0.2941176470588235,0.3571428571428571,0.4921745534892285,,0.3102555313769637,0.2983783783783784,0.4216032608695653,0.2542813787123347,0.2619497932348058,,0.2875175315568022,0.2130852340936374,0.3703703703703703,0.1756756756756756,0.4459770114942529,0.3818181818181818,0.1075581395348837,0.1568627450980392,0.0913978494623656,0.1984732824427481,0.4523809523809524,0.453125,0.4523809523809524,0.6350588751943153,0.744820071841076,0.6350588751943153,0.0112359550561797,4.630058338735068e-05,0.0112359550561797,0.0,0.5,0.0,0.3846153846153846,0.5,0.3846153846153846,0.5,0.4,0.7162162162162162,0.0,0.5509355509355508,0.7162162162162162,0.6657054884902988,0.7868290826037309,0.6516163222045577,0.0,0.6363636363636364,0.5,,0.6666666666666666,0.6666666666666666,,0.2727272727272727,1.0,,,1
7.108500827305275,0.1124623494355945,1.8558742606802296,-1.4840483676470442,0.0889261713973062,-0.6804137459613901,-0.3042093462517414,-0.1652410409759231,0.3265932477534284,0.1391412780010617,Spyware-TIBS-87163ea3765848c449bf0ff0549bacf6a38706b9004b2262e20b822fb5f4e852-2.raw,0.5588235294117647,0.5,0.2840019580457268,,0.4811797121128403,0.7816216216216216,0.6012195121951222,0.8020810752221982,0.4448445211695213,,0.4165497896213184,0.8769507803121248,0.7777777777777778,0.6525096525096525,0.7402298850574712,0.7818181818181819,0.7965116279069767,0.8235294117647058,0.6021505376344086,0.8015267175572519,0.7380952380952381,0.78125,0.7380952380952381,0.5918401521753532,0.6156935223561857,0.5918401521753532,0.0224719101123595,9.260116677470137e-05,0.0224719101123595,0.0,0.2,0.0,0.1538461538461538,0.2,0.1538461538461538,0.2,0.2666666666666666,0.2465116279069766,0.0,0.1896243291592127,0.2465116279069766,0.2184280247277011,0.2938093678349162,0.3190150478796167,1.0,1.0,1.0,,1.0,1.0,,1.0,0.5,,,1
10.232439550556196,-0.5204505748481707,-2.161603984732587,5.023411391150405,-0.1727525746193584,0.8677478010028148,-0.8523075740154286,-2.961163085924933,0.4238020124988574,2.472844987684624,Spyware-TIBS-3760770f4e0ecfe15d832609a805cbe1f8f32ca7e011fd5c6a0ad98750afe2e8-3.raw,0.8235294117647058,1.0,0.0985969434726569,,0.2329153092413931,0.9362162162162162,0.3328695652173914,0.9104704097116844,0.3303969634877199,,0.5525946704067322,0.9159663865546218,0.9629629629629628,0.747104247104247,0.8206896551724138,0.9636363636363636,0.9651162790697676,0.9411764705882352,0.6344086021505376,0.9770992366412212,0.7380952380952381,0.859375,0.7380952380952381,0.4714722106281573,0.549802370052843,0.4714722106281573,0.8764044943820225,0.9818038707287712,0.8764044943820225,0.5725490196078431,0.0,0.0,0.3076923076923077,0.0,0.3076923076923077,0.0,0.4,0.0,0.0,0.3261538461538462,0.0,0.3066907775768539,0.0219718309859155,0.3741176470588237,1.0,1.0,1.0,,1.0,1.0,,0.9090909090909092,0.5,,,1
7.653942153779229,4.361004281690628,3.992032904868968,-1.0593896677953532,-0.2540709652462468,-0.0278104409501435,0.0431400474052409,-0.1633133912608493,-0.3471506045643201,-0.0845272363922687,Spyware-TIBS-7469e64fea64885609ff5e5a6256e808fdd81e6f797d5706b1cf4a96c96d0c1b-4.raw,0.5294117647058824,0.5714285714285714,0.2284662124838888,,0.457132614684092,0.7124324324324325,0.5626630434782608,0.732495122479948,0.4191133032522229,,0.4025245441795231,0.8163265306122449,0.7407407407407407,0.6351351351351351,0.5885057471264368,0.7454545454545455,0.6918604651162791,0.7647058823529411,0.5806451612903226,0.7709923664122137,0.6904761904761905,0.734375,0.6904761904761905,0.5889684027421882,0.6338136270700121,0.5889684027421882,0.0224719101123595,9.260116677470137e-05,0.0224719101123595,0.0,0.4,0.0,0.3076923076923077,0.4,0.3076923076923077,0.4,0.4,0.4818181818181819,0.0,0.3706293706293706,0.4818181818181819,0.4007890843333884,0.5160051216389243,0.4818181818181817,1.0,1.0,1.0,,1.0,1.0,,0.9090909090909092,0.5,,,1
7.964322736395359,-3.1841074224666133,-2.991456063809774,3.906309813806979,0.2079676911265602,-0.3000513806793884,1.1758079246770423,0.2376091978253643,0.2112733639693046,-0.5737633014358251,Spyware-TIBS-306cacba59ca07650c4ff93e770a530fee5ab0bd21fbbdacc6450bf5f8227b66-10.raw,0.6176470588235294,0.5,0.2105955047038319,,0.4960227207906995,0.8518918918918919,0.5805864509605665,0.9098200737047476,0.5088312940552217,,1.0,0.8505402160864346,0.8148148148148148,0.8088803088803089,0.671264367816092,0.8,0.7761627906976745,0.8235294117647058,0.6451612903225806,0.8549618320610687,0.7857142857142857,0.828125,0.7857142857142857,0.5962947176173786,0.6021538636253987,0.5962947176173786,0.6966292134831461,0.8567922955829244,0.6966292134831461,0.4470588235294118,0.0,0.0,0.0769230769230769,0.0,0.0769230769230769,0.0,0.1333333333333333,0.0,0.0,0.0948121645796061,0.0,0.118129441944573,0.0553553881428102,0.1353397172822618,1.0,1.0,1.0,,1.0,1.0,,0.9090909090909092,1.0,,,1
5.697296193012142,3.2662389893568164,2.83392826121312,-1.2096120850840275,-0.1952725879896104,0.6729346762017301,-0.3214643160895667,0.3236025113238161,-0.4954817400386376,-0.3333141281475584,Spyware-TIBS-30533d67f47b9264c85d2a594ee58789410e4f2d0e5f38cbc487908da385c8bb-7.raw,0.4411764705882353,0.5,0.2492348728769278,,0.5087901325055575,0.5902702702702702,0.5690951821386604,0.6436158681985693,0.4743886167102945,,0.3758765778401122,0.7424969987995198,0.6296296296296297,0.6467181467181468,0.464367816091954,0.5818181818181818,0.6540697674418605,0.5686274509803921,0.4838709677419355,0.5190839694656488,0.6190476190476191,0.640625,0.6190476190476191,0.6225185942383995,0.6789597517669678,0.6225185942383995,0.0224719101123595,9.260116677470137e-05,0.0224719101123595,0.0,0.3,0.0,0.2307692307692307,0.3,0.2307692307692307,0.3,0.3333333333333333,0.3975000000000001,0.0,0.3057692307692308,0.3975000000000001,0.3713833634719714,0.4577464788732396,0.4728431372549021,1.0,1.0,1.0,,1.0,1.0,,0.6363636363636364,0.5,,,1
2.0333353831735614,10.63861249735414,2.588265351660259,-0.9821432349709056,-0.5680206966808202,0.2010593769819532,1.6956845354673702,0.5289902304435333,0.9010627079812734,-0.5172646299367447,Spyware-TIBS-954f736dfd60b84b6e7b02b873945bb19058beb1f7be314716f5c924f632f598-1.raw,0.2941176470588235,0.3571428571428571,0.4921745534892285,,0.3108058389202651,0.2962162162162162,0.4176630434782609,0.2547149360502926,0.2625386411554405,,0.2861150070126227,0.2136854741896758,0.3703703703703703,0.1756756756756756,0.4459770114942529,0.3818181818181818,0.1075581395348837,0.1568627450980392,0.0913978494623656,0.1984732824427481,0.4523809523809524,0.453125,0.4523809523809524,0.6377241090363025,0.749602884408172,0.6377241090363025,0.0112359550561797,4.630058338735068e-05,0.0112359550561797,0.0,0.5,0.0,0.3846153846153846,0.5,0.3846153846153846,0.5,0.3333333333333333,0.7162162162162162,0.0,0.5509355509355508,0.7162162162162162,0.6657054884902988,0.7868290826037309,0.5448860625331213,0.0,0.6363636363636364,0.5,,0.6666666666666666,0.6666666666666666,,0.2727272727272727,1.0,,,1
9.913359218073182,-0.9020758887528808,-2.1484852028098276,3.076308506515285,0.131084008074962,0.0314676950665071,-0.6881888137521259,0.327823555342333,0.0977742528828776,-0.2438892919102381,Spyware-TIBS-5065428bc91f6a12f48944a8c7299d559faf3d53e2c7c47db05bb9103450ab8d-5.raw,0.6764705882352942,0.6428571428571429,0.1638781480799526,,0.408191930499826,0.8897297297297297,0.5197584541062804,0.90505094298721,0.4105268299367852,,0.7349228611500701,0.879951980792317,0.8888888888888888,0.7953667953667953,0.7057471264367816,0.9090909090909092,0.8924418604651163,0.9411764705882352,0.6989247311827957,0.9618320610687024,0.8809523809523809,0.921875,0.8809523809523809,0.69356877206376,0.7318965008865357,0.69356877206376,0.6966292134831461,0.8567922955829244,0.6966292134831461,0.4470588235294118,0.1,0.0,0.1538461538461538,0.1,0.1538461538461538,0.1,0.2666666666666666,0.1152173913043478,0.0,0.177257525083612,0.1152173913043478,0.1791807532038683,0.1512553582363747,0.2710997442455242,1.0,1.0,1.0,,1.0,1.0,,1.0,0.5,,,1
11.812848043046596,9.008846670168996,4.026975516709905,2.2263753144030236,-0.8047298298364582,1.4103481118445576,-0.5691598123117413,-1.3514107338701358,-0.6086710187601921,3.7618949859188313,Spyware-TIBS-3760770f4e0ecfe15d832609a805cbe1f8f32ca7e011fd5c6a0ad98750afe2e8-2.raw,0.7941176470588235,0.9285714285714286,0.1004024515348397,,0.1906085637736811,0.8248648648648649,0.2902626811594202,0.8196401474094949,0.3261609823985688,,0.4305750350631136,0.8589435774309724,0.8888888888888888,0.7046332046332047,0.767816091954023,0.8727272727272727,0.875,0.7647058823529411,0.5913978494623656,0.8320610687022901,0.7857142857142857,0.859375,0.7857142857142857,0.6220509708584129,0.7090931887585674,0.6220509708584129,0.4044943820224719,0.4243911473284563,0.4044943820224719,0.2431372549019608,0.5,0.0,0.6923076923076923,0.5,0.6923076923076923,0.5,0.8,0.4907407407407405,0.0,0.6794871794871793,0.4907407407407405,0.6549125979505728,0.4814814814814815,0.7543936092955702,1.0,1.0,1.0,,1.0,1.0,,0.9090909090909092,0.5,,,1
0.103556359235515,0.2658465054394902,-4.721731048659002,-3.0701600740446846,0.1156714585340906,0.7852450802640887,1.2826172678338954,-1.144270759039691,-0.1419759849270769,-0.2965572766962661,Spyware-TIBS-570dbd214653ec1c9b7ff1f2c119060a7cacc28549706ece5f233ebdc05b1518-4.raw,0.3823529411764705,0.4285714285714285,0.1948444117105505,,0.1369165167733737,0.374054054054054,0.34944099378882,0.2300021677866897,0.0764711103480084,,0.3015427769985975,0.2010804321728691,0.4814814814814814,0.2413127413127413,0.1632183908045977,0.4909090909090909,0.1308139534883721,0.2156862745098039,0.0967741935483871,0.2213740458015267,0.5,0.53125,0.5,0.6313280237501494,0.7887906961262519,0.6313280237501494,0.0112359550561797,4.630058338735068e-05,0.0112359550561797,0.0,0.0,0.0,0.0,0.0,0.0,0.0,0.0666666666666666,0.0,0.0,0.0,0.0,0.109532420563162,0.1098591549295773,0.1484593837535013,0.0,0.6363636363636364,0.5,,0.6666666666666666,0.6666666666666666,,0.2727272727272727,1.0,,,1
4.525732936795194,-1.4795540433467982,-3.096650879377033,4.74920863588801,-0.0845779475042276,1.818611211576856,0.798111113330776,-0.2748627904626562,-0.3189469260591145,-0.4943211073867401,Spyware-TIBS-574cbd37cab3adfdd1b55051c52471c180bc4b5e69e7e018d8f7039b644ed0fd-10.raw,0.4411764705882353,0.4285714285714285,0.2492348728769278,,0.4552466958600214,0.5762162162162162,0.5469447708578146,0.5950574463472794,0.4720049320345716,,0.908835904628331,0.4987995198079231,0.5555555555555556,0.4324324324324324,0.4045977011494253,0.5454545454545454,0.5813953488372093,0.4901960784313725,0.3064516129032258,0.5572519083969466,0.5714285714285714,0.59375,0.5714285714285714,0.538315007824994,0.5558112160542891,0.538315007824994,0.6629213483146067,0.8591999259190666,0.6629213483146067,0.6588235294117647,0.0,0.0,0.0769230769230769,0.0,0.0769230769230769,0.0,0.2,0.0,0.0,0.1101871101871101,0.0,0.1994526171741363,0.0940236010658544,0.3314255431902492,1.0,1.0,1.0,,1.0,1.0,,0.5454545454545454,1.0,,,1
5.987579847684518,0.5707703158171016,1.3847187302224098,-1.527770562268123,-0.0156481986742425,0.0910135761724404,1.609416366363032,-0.5311430510187392,-0.3724573658918318,0.3319135983802742,Spyware-TIBS-1981a8ad7e1e19ce11df0ba175d0e34fd8f1b1511b571dc00e362a078867d775-9.raw,0.5588235294117647,0.5,0.2148416273335998,,0.3748764013092641,0.7372972972972973,0.5381760339342526,0.6947756340776068,0.3310963374761728,,0.4193548387096774,0.6932773109243697,0.7037037037037037,0.8243243243243243,0.5379310344827586,0.6727272727272727,0.5203488372093024,0.6078431372549019,0.7526881720430108,0.6106870229007634,0.6666666666666666,0.765625,0.6666666666666666,0.5317076238512537,0.6578558248535717,0.5317076238512537,0.0112359550561797,4.630058338735068e-05,0.0112359550561797,0.0,0.2,0.0,0.1538461538461538,0.2,0.1538461538461538,0.2,0.2666666666666666,0.2465116279069766,0.0,0.1896243291592127,0.2465116279069766,0.2184280247277011,0.2938093678349162,0.3190150478796167,1.0,1.0,1.0,,1.0,1.0,,0.8181818181818182,1.0,,,1
11.675163967663952,2.891147175750814,-2.0827717176963834,6.181337621207967,-0.4769517840789089,2.429627164496139,-1.8378321023710833,-2.2409368622567896,-0.9898702703888786,4.031596123998977,Spyware-TIBS-3760770f4e0ecfe15d832609a805cbe1f8f32ca7e011fd5c6a0ad98750afe2e8-5.raw,0.8823529411764706,0.9285714285714286,0.0275767318669177,,0.1522961007747363,0.8854054054054054,0.1903428093645483,0.8868415347929763,0.230642712121058,,0.7307152875175316,0.8769507803121248,0.925925925925926,0.7162162162162162,0.7195402298850575,1.0,0.8517441860465116,0.8823529411764706,0.6290322580645161,0.931297709923664,0.7857142857142857,0.921875,0.7857142857142857,0.5748713115960926,0.7449692949992487,0.5748713115960926,0.9887640449438202,0.9985183813316048,0.9887640449438202,0.7905882352941177,0.1,0.0,0.3846153846153846,0.1,0.3846153846153846,0.1,0.8,0.0999999999999995,0.0,0.3846153846153845,0.0999999999999995,0.349005424954792,0.1070954026043048,0.7764705882352942,1.0,1.0,1.0,,1.0,1.0,,0.9090909090909092,0.5,,,1
3.267406663817825,-3.377020972181333,-0.706760003374676,-1.656879068773606,0.2533051204181936,0.1384508917986664,1.210150901946565,0.2622380794457024,0.2702764206035623,0.0781603154862968,Spyware-TIBS-5555ad162e1d6f2cce4027b9c8f6d68e141d13498aa7ed59965dceb22f9bf1b9-8.raw,0.4117647058823529,0.4285714285714285,0.3472452382413712,,0.5476520910289034,0.5643243243243243,0.5954106280193237,0.6314762627357468,0.5159722434419667,,0.3800841514726508,0.7376950780312125,0.5925925925925926,0.61003861003861,0.5172413793103449,0.5272727272727272,0.5203488372093024,0.5294117647058824,0.4354838709677419,0.465648854961832,0.5952380952380952,0.609375,0.5952380952380952,0.5856182136960488,0.6085796009852259,0.5856182136960488,0.0224719101123595,9.260116677470137e-05,0.0224719101123595,0.0,0.0,0.0,0.0,0.0,0.0,0.0,0.0666666666666666,0.0,0.0,0.0,0.0,0.0958408679927671,0.1017214397496085,0.1327886710239653,1.0,1.0,1.0,,1.0,1.0,,0.9090909090909092,1.0,,,1
4.035270902062936,-3.0216420902584975,-0.841373923272013,-1.992817375502102,0.2429759092566922,0.479701809164947,-0.6966686788557654,-0.1067069188695801,-0.2396967182140735,-0.2560046519929057,Spyware-TIBS-87163ea3765848c449bf0ff0549bacf6a38706b9004b2262e20b822fb5f4e852-8.raw,0.4411764705882353,0.4285714285714285,0.2492348728769278,,0.5125976657781288,0.5989189189189189,0.582726204465335,0.6470843269022328,0.4784628077287403,,0.391304347826087,0.7454981992797118,0.6296296296296297,0.6486486486486487,0.464367816091954,0.5818181818181818,0.6540697674418605,0.5686274509803921,0.489247311827957,0.5190839694656488,0.6190476190476191,0.640625,0.6190476190476191,0.6159967303293511,0.6674334709576241,0.6159967303293511,0.0224719101123595,9.260116677470137e-05,0.0224719101123595,0.0,0.0,0.0,0.0,0.0,0.0,0.0,0.1333333333333333,0.0,0.0,0.0,0.0,0.0828893993450959,0.0940236010658544,0.2246952835188128,1.0,1.0,1.0,,1.0,1.0,,0.7272727272727273,0.5,,,1
2.002392468099498,-1.966185149199396,-1.519299929178447,-2.0209215794551447,0.1701254102579268,1.5792223026794197,0.6628741311374637,0.9357692391341972,0.2300164606471175,0.5355353511531595,Spyware-TIBS-327c5b55bece5d32b51b019eae79acd917c944de61153db2fea6a3f59b070a97-6.raw,0.3529411764705882,0.3571428571428571,0.3837555644611003,,0.4519920948090182,0.4410810810810811,0.5303069053708442,0.456319098200737,0.4136127709112346,,0.3309957924263674,0.5210084033613446,0.4814814814814814,0.3996138996138996,0.4344827586206896,0.4545454545454545,0.3372093023255814,0.3725490196078431,0.2365591397849462,0.3511450381679389,0.5714285714285714,0.5625,0.5714285714285714,0.6775630563597841,0.7257816007012313,0.6775630563597841,0.0112359550561797,4.630058338735068e-05,0.0112359550561797,0.0,0.0,0.0,0.0,0.0,0.0,0.0,0.1333333333333333,0.0,0.0,0.0,0.0,0.1240293585788749,0.1184755592377796,0.2811995386389851,1.0,1.0,1.0,,1.0,1.0,,0.5454545454545454,1.0,,,1
2.9428895798596546,0.961729859559694,-6.213539298955398,2.236826798129257,0.0586859038208085,0.5183572963283944,0.3672164107670859,0.3163664043339012,1.2425789994265104,0.354634109212178,Spyware-TIBS-4754c35288a9488036c211c68f36f86496240000164edd36f9eaaeed12e65dbf-1.raw,0.4411764705882353,0.4285714285714285,0.3841162097468485,,0.2258428161875913,0.4583783783783783,0.3612220916568741,0.38608280945155,0.2197163118159461,,0.3927068723702664,0.2647058823529412,0.5185185185185185,0.3243243243243243,0.5678160919540229,0.5454545454545454,0.2936046511627907,0.3333333333333333,0.2096774193548387,0.4122137404580153,0.6190476190476191,0.625,0.6190476190476191,0.7384253320140942,0.845048439161245,0.7384253320140942,0.6404494382022472,0.8662839151773313,0.6404494382022472,0.4988235294117646,0.0,0.0,0.0769230769230769,0.0,0.0769230769230769,0.0,0.1333333333333333,0.0,0.0,0.1101871101871101,0.0,0.1994526171741363,0.0940236010658544,0.2246952835188128,0.0,0.6363636363636364,0.5,,0.6666666666666666,0.6666666666666666,,0.3636363636363636,1.0,,,1
0.980106121939285,6.763672286314274,0.3029447641889808,-1.384972864070239,-0.3231765866807706,0.2686305555403526,1.122071285065522,0.2337402233470841,0.8282775043668463,0.048581595929301,Spyware-TIBS-9675cdaca063fc0ae0f9c3efb59251dcbf8c89cf9209b6df888c9c64a50e5f20-1.raw,0.2941176470588235,0.3571428571428571,0.4992634873872215,,0.307503993660457,0.2994594594594594,0.4235733695652174,0.2521135920225449,0.2590055536316319,,0.2973352033660589,0.2070828331332533,0.3703703703703703,0.166023166023166,0.4505747126436781,0.3818181818181818,0.1075581395348837,0.1568627450980392,0.0967741935483871,0.183206106870229,0.4523809523809524,0.453125,0.4523809523809524,0.633729565015061,0.742434599568157,0.633729565015061,0.0112359550561797,4.630058338735068e-05,0.0112359550561797,0.0,0.3,0.0,0.2307692307692307,0.3,0.2307692307692307,0.3,0.2666666666666666,0.4542857142857144,0.0,0.3494505494505494,0.4542857142857144,0.479204339963834,0.5492957746478873,0.4869467787114844,0.0,0.6363636363636364,0.5,,0.6666666666666666,0.6666666666666666,,0.3636363636363636,1.0,,,1
5.87559873580421,-2.7166675150837403,-2.5058643834628844,4.597138857774009,0.0489619995898697,0.4049679448259459,1.1597258943330115,-0.3654334386884817,-0.0201429963915479,-0.8041423238371856,Spyware-TIBS-0149e4302db69ee3430709369101d4e70f5d8bfce7c76555cb835f4862a03879-9.raw,0.5,0.5,0.2398812137350159,,0.562345772783377,0.6854054054054054,0.5851727982162768,0.7884240190765228,0.5867304134606985,,0.9607293127629734,0.7713085234093637,0.6666666666666666,0.666023166023166,0.5333333333333333,0.6181818181818182,0.686046511627907,0.6470588235294118,0.4946236559139785,0.7099236641221374,0.6190476190476191,0.65625,0.6190476190476191,0.5099230945185211,0.5135456931628852,0.5099230945185211,0.6741573033707865,0.859246226502454,0.6741573033707865,0.5270588235294117,0.0,0.0,0.0769230769230769,0.0,0.0769230769230769,0.0,0.1333333333333333,0.0,0.0,0.1045364891518736,0.0,0.1695646126025876,0.0798122065727696,0.1918552036199095,1.0,1.0,1.0,,1.0,1.0,,0.7272727272727273,1.0,,,1
-0.3968253272283182,0.2544399471033576,-4.12038664403324,-2.594171187289984,0.1823457058435717,0.1419714166289726,0.5258100513503315,0.4606872493216456,1.2013035672381476,0.3251139377403811,Spyware-TIBS-589f74cdc865423cfb901a43f8fddab707b0e509a1053e15379dc61562f8659f-2.raw,0.2941176470588235,0.3571428571428571,0.5063524212852145,,0.3278653727626067,0.3027027027027027,0.429483695652174,0.2681552135269889,0.280792926695118,,0.2931276297335203,0.2316926770708283,0.3703703703703703,0.193050193050193,0.4758620689655172,0.3818181818181818,0.1075581395348837,0.1568627450980392,0.1021505376344086,0.2061068702290076,0.5,0.484375,0.5,0.71849832049488,0.8175292810103341,0.71849832049488,0.0112359550561797,4.630058338735068e-05,0.0112359550561797,0.0,0.0,0.0,0.0,0.0,0.0,0.0,0.0666666666666666,0.0,0.0,0.0,0.0,0.1557414104882463,0.1373239436619719,0.2013480392156864,0.0,0.6363636363636364,0.5,,0.6666666666666666,0.6666666666666666,,0.2727272727272727,1.0,,,1
2.998071280576474,-2.453951284121293,-1.3464432457359252,-2.0052539579478967,0.1952018763799864,1.051719348224462,0.6478589549243401,1.12689803243752,-0.44582401861652,0.4150670696918032,Spyware-TIBS-6666171e4b060f807fe35397acf8a6b5851d02614d02d63d32142e126aac932d-10.raw,0.3823529411764705,0.4285714285714285,0.2726201436199598,,0.5032012175947472,0.5178378378378379,0.5890062111801243,0.5456319098200737,0.4684082863225042,,0.3716690042075736,0.6290516206482593,0.5185185185185185,0.5173745173745173,0.3885057471264367,0.509090909090909,0.5843023255813954,0.4509803921568627,0.3548387096774194,0.465648854961832,0.6190476190476191,0.609375,0.6190476190476191,0.6931868822993561,0.7283905559053828,0.6931868822993561,0.0112359550561797,4.630058338735068e-05,0.0112359550561797,0.0,0.0,0.0,0.0,0.0,0.0,0.0,0.1333333333333333,0.0,0.0,0.0,0.0,0.109532420563162,0.1098591549295773,0.2612885154061625,1.0,1.0,1.0,,1.0,1.0,,0.6363636363636364,1.0,,,1
-0.5194936248410589,0.5127988308459106,-4.546237363140041,-2.9190383677733944,0.0973766280256577,0.8736348958761719,0.792979491828236,0.080405389558545,-0.2605501286738412,-0.1942895159387973,Spyware-TIBS-589f74cdc865423cfb901a43f8fddab707b0e509a1053e15379dc61562f8659f-4.raw,0.2941176470588235,0.3571428571428571,0.2724176026514454,,0.2312863989132211,0.3027027027027027,0.429483695652174,0.1920659007153696,0.1774501166237178,,0.2805049088359046,0.1698679471788715,0.3703703703703703,0.193050193050193,0.1494252873563218,0.3818181818181818,0.1075581395348837,0.1568627450980392,0.1021505376344086,0.2061068702290076,0.5,0.484375,0.5,0.71849832049488,0.8175292810103341,0.71849832049488,0.0112359550561797,4.630058338735068e-05,0.0112359550561797,0.0,0.0,0.0,0.0,0.0,0.0,0.0,0.0666666666666666,0.0,0.0,0.0,0.0,0.1557414104882463,0.1373239436619719,0.2013480392156864,0.0,0.6363636363636364,0.5,,0.6666666666666666,0.6666666666666666,,0.2727272727272727,1.0,,,1
6.532187368921858,-2.296097508674203,-2.532853946995864,3.7962011283373913,0.065025215013323,0.7798554318491717,-0.8603791555130328,-0.7143301155669575,0.0395431874427349,-0.5550938397710689,Spyware-TIBS-2725437ab005d0af1ff71341ddc285cdb1225f0b33771aa4d382d6373647a577-8.raw,0.5294117647058824,0.5714285714285714,0.2199594918062971,,0.4969748808191092,0.7016216216216217,0.5469021739130434,0.7719488402341209,0.5135765886537436,,0.6900420757363254,0.7869147659063626,0.7037037037037037,0.696911196911197,0.5747126436781609,0.6727272727272727,0.8168604651162791,0.6862745098039216,0.543010752688172,0.6870229007633588,0.6428571428571429,0.6875,0.6428571428571429,0.5559007715230526,0.5998708522860868,0.5559007715230526,0.6741573033707865,0.859246226502454,0.6741573033707865,0.5270588235294117,0.0,0.0,0.0769230769230769,0.0,0.0769230769230769,0.0,0.2,0.0,0.0,0.1019230769230769,0.0,0.1557414104882463,0.0732394366197184,0.2753921568627452,1.0,1.0,1.0,,1.0,1.0,,0.6363636363636364,0.5,,,1
5.7928984905132275,-1.0911021092125823,0.017222699027574,-2.1832598411107234,0.1699241427997688,0.2131890951076283,-0.5835995163988161,0.2367909744305115,-0.5306509073816383,-0.3342284431821237,Spyware-TIBS-35687c2a333d215c400adb744ca367dae9ce2b5fcc705ac639b11bc319d50475-10.raw,0.5,0.5714285714285714,0.2020735662790532,,0.4657174123595929,0.6843243243243243,0.5835562987736901,0.6954259700845437,0.4282993308141251,,0.4095371669004207,0.7148859543817527,0.6666666666666666,0.8494208494208494,0.4781609195402299,0.6545454545454545,0.6569767441860465,0.6078431372549019,0.7956989247311828,0.5801526717557252,0.7142857142857143,0.734375,0.7142857142857143,0.6677563907184417,0.7104461912905,0.6677563907184417,0.0112359550561797,4.630058338735068e-05,0.0112359550561797,0.0,0.1,0.0,0.0769230769230769,0.1,0.0769230769230769,0.1,0.2,0.1325,0.0,0.1019230769230769,0.1325,0.1557414104882463,0.2014084507042254,0.2753921568627452,1.0,1.0,1.0,,1.0,1.0,,0.6363636363636364,0.5,,,1
3.371054823864894,1.090122833572438,-6.835060394350006,2.3993881626604563,0.0463447748923232,0.8048166401889595,0.4271155009593644,0.844182949908167,0.2996271151541764,-0.2268577033932075,Spyware-TIBS-4754c35288a9488036c211c68f36f86496240000164edd36f9eaaeed12e65dbf-3.raw,0.4411764705882353,0.4285714285714285,0.2492348728769278,,0.2253668745285203,0.4724324324324324,0.3833725029377203,0.385649252113592,0.2191928914420481,,0.6115007012622721,0.2490996398559423,0.5185185185185185,0.3455598455598455,0.3839080459770115,0.5454545454545454,0.311046511627907,0.3333333333333333,0.2204301075268817,0.4122137404580153,0.6666666666666666,0.65625,0.6666666666666666,0.8003576237222418,0.8892091004684611,0.8003576237222418,0.6741573033707865,0.8552643763311417,0.6741573033707865,0.5270588235294117,0.0,0.0,0.0769230769230769,0.0,0.0769230769230769,0.0,0.1333333333333333,0.0,0.0,0.1101871101871101,0.0,0.1994526171741363,0.0940236010658544,0.2246952835188128,0.0,0.6363636363636364,0.5,,0.6666666666666666,0.6666666666666666,,0.3636363636363636,1.0,,,1
0.8561462094433382,0.2081766150643346,-4.928720226196934,-3.1822925455992213,0.25737732007706,0.1670550415240549,0.754526245620316,0.4800391605098389,1.068519000445916,0.2669517474883611,Spyware-TIBS-599e4bde3509a8bf8d535685bcf40f703d68c03b3bb6343accac3ae6dc696248-3.raw,0.3823529411764705,0.4285714285714285,0.373080464002946,,0.216160803008767,0.3978378378378378,0.3890683229813665,0.2982874485150661,0.1612652109194137,,0.3127629733520337,0.2575030012004802,0.4814814814814814,0.2664092664092664,0.4758620689655172,0.4909090909090909,0.1686046511627907,0.2156862745098039,0.1182795698924731,0.2442748091603053,0.5952380952380952,0.59375,0.5952380952380952,0.7692974504218603,0.8921737129257223,0.7692974504218603,0.0224719101123595,0.002916936753403,0.0224719101123595,0.0,0.0,0.0,0.0,0.0,0.0,0.0,0.0666666666666666,0.0,0.0,0.0,0.0,0.109532420563162,0.1098591549295773,0.1484593837535013,0.0,0.6363636363636364,0.5,,0.6666666666666666,0.6666666666666666,,0.2727272727272727,1.0,,,1
3.424387220778469,-3.195958841598266,-1.1260449965572996,-1.9349684149257296,0.2520247598554413,0.3789609688228435,1.3013066799354651,0.0077133791277944,0.033317295863197,-0.1164778363669864,Spyware-TIBS-9675cdaca063fc0ae0f9c3efb59251dcbf8c89cf9209b6df888c9c64a50e5f20-9.raw,0.4411764705882353,0.4285714285714285,0.2706932673789605,,0.4769020413477712,0.5989189189189189,0.582726204465335,0.6145675265553869,0.4402672669308096,,0.3688639551192146,0.7136854741896759,0.6296296296296297,0.6216216216216216,0.4482758620689655,0.5818181818181818,0.4941860465116279,0.5686274509803921,0.4569892473118279,0.5114503816793893,0.6190476190476191,0.640625,0.6190476190476191,0.5883410569146215,0.6185567905798851,0.5883410569146215,0.0224719101123595,9.260116677470137e-05,0.0224719101123595,0.0,0.0,0.0,0.0,0.0,0.0,0.0,0.0666666666666666,0.0,0.0,0.0,0.0,0.0828893993450959,0.0940236010658544,0.1179650238473767,1.0,1.0,1.0,,1.0,1.0,,0.6363636363636364,1.0,,,1
6.5519688299606225,-2.303107758729262,-2.526197216401175,3.806828376175935,0.0718641321428764,0.7414293495474411,-0.8821468401190782,-0.6672851024753017,0.1309751618711954,-0.5268251647349609,Spyware-TIBS-2725437ab005d0af1ff71341ddc285cdb1225f0b33771aa4d382d6373647a577-9.raw,0.5294117647058824,0.5714285714285714,0.2398085067206776,,0.4998364800442761,0.7016216216216217,0.5469021739130434,0.7747669629308476,0.516717110897129,,0.6942496493688639,0.7917166866746699,0.7037037037037037,0.696911196911197,0.593103448275862,0.6727272727272727,0.8168604651162791,0.6862745098039216,0.5483870967741935,0.6870229007633588,0.6428571428571429,0.6875,0.6428571428571429,0.5588429626072273,0.6051450886629912,0.5588429626072273,0.6741573033707865,0.859246226502454,0.6741573033707865,0.5270588235294117,0.0,0.0,0.0769230769230769,0.0,0.0769230769230769,0.0,0.2,0.0,0.0,0.1019230769230769,0.0,0.1557414104882463,0.0732394366197184,0.2753921568627452,1.0,1.0,1.0,,1.0,1.0,,0.6363636363636364,0.5,,,1
4.551558456686313,-1.6689817864372591,-1.4272265459839553,-2.152164883043531,0.1476139159658326,1.090157872243895,0.6616680451141154,0.4801164852831336,-0.214397504760337,1.4568561938910134,Spyware-TIBS-1981a8ad7e1e19ce11df0ba175d0e34fd8f1b1511b571dc00e362a078867d775-8.raw,0.5,0.5714285714285714,0.2631474583233006,,0.3607356656374906,0.6,0.4574693422519509,0.5948406676783005,0.3653235953020292,,0.3730715287517531,0.5888355342136855,0.6296296296296297,0.7142857142857143,0.4896551724137931,0.6,0.4273255813953488,0.5294117647058824,0.6290322580645161,0.5114503816793893,0.6904761904761905,0.703125,0.6904761904761905,0.6964468051682847,0.7541671338341398,0.6964468051682847,0.0112359550561797,4.630058338735068e-05,0.0112359550561797,0.0,0.0,0.0,0.0769230769230769,0.0,0.0769230769230769,0.0,0.2,0.0,0.0,0.1045364891518736,0.0,0.1695646126025876,0.0798122065727696,0.2931121166415285,1.0,1.0,1.0,,1.0,1.0,,0.6363636363636364,1.0,,,1
8.904968995317239,5.701048883138945,5.087077181578198,-0.9114944077542608,-0.3666273014938445,-0.3611623812504733,0.3242694645652167,-0.5809664149266042,-0.779959809337364,-0.1768987814478168,Spyware-TIBS-35687c2a333d215c400adb744ca367dae9ce2b5fcc705ac639b11bc319d50475-6.raw,0.5882352941176471,0.6428571428571429,0.1775609157306819,,0.4472690070984431,0.8,0.5673913043478261,0.8129200086711468,0.4085589052842741,,0.4249649368863955,0.8547418967587035,0.8148148148148148,0.942084942084942,0.5793103448275863,0.7636363636363637,0.7441860465116279,0.7843137254901961,0.7956989247311828,0.7022900763358778,0.7142857142857143,0.78125,0.7142857142857143,0.553988036304483,0.6074551568404175,0.553988036304483,0.0224719101123595,9.260116677470137e-05,0.0224719101123595,0.0,0.5,0.0,0.3846153846153846,0.5,0.3846153846153846,0.5,0.4666666666666667,0.5638297872340424,0.0,0.4337152209492633,0.5638297872340424,0.4424993266900082,0.5804614923584057,0.5085523571130579,1.0,1.0,1.0,,1.0,1.0,,0.8181818181818182,0.5,,,1
1.7883667283729958,0.7897438837666519,-5.357159199521617,3.694186052468056,-0.0536212015357399,0.3259420277969708,0.5816787848172273,-0.916243544295037,1.3664382022339563,-0.1281507708851057,Spyware-TIBS-574cbd37cab3adfdd1b55051c52471c180bc4b5e69e7e018d8f7039b644ed0fd-2.raw,0.3823529411764705,0.4285714285714285,0.4540968514085806,,0.3313794795034023,0.3978378378378378,0.3890683229813665,0.3977888575764144,0.3387944468776418,,0.6619915848527349,0.2653061224489796,0.4444444444444444,0.2335907335907336,0.5770114942528736,0.4727272727272727,0.252906976744186,0.2745098039215686,0.1451612903225806,0.366412213740458,0.4761904761904761,0.5,0.4761904761904761,0.5639916741939254,0.6625342900923126,0.5639916741939254,0.6179775280898876,0.8572553014167978,0.6179775280898876,0.611764705882353,0.0,0.0,0.0769230769230769,0.0,0.0769230769230769,0.0,0.1333333333333333,0.0,0.0,0.1164835164835162,0.0,0.2327563936967193,0.1098591549295773,0.2612885154061625,0.0,0.6363636363636364,0.5,,0.6666666666666666,0.6666666666666666,,0.2727272727272727,1.0,,,1
0.7790455674026814,0.0505612895225637,-4.730479590966496,-3.079355032173137,0.2116282997562479,0.2617837594992133,1.3706420923746712,-1.5723257586989534,1.222121409479114,0.1523746581429425,Spyware-TIBS-248a7274908dc58a27ad4f999f106628810a4d04b027244683886198ad927afd-3.raw,0.4411764705882353,0.5714285714285714,0.3044136015964411,,0.115186380453484,0.4021621621621621,0.27262044653349,0.2850639497073488,0.0532191201784495,,0.3169705469845722,0.2406962785114045,0.5555555555555556,0.2625482625482625,0.4666666666666667,0.509090909090909,0.1424418604651162,0.2156862745098039,0.0967741935483871,0.3206106870229007,0.5,0.5625,0.5,0.599407247305175,0.8113366564178897,0.599407247305175,0.0112359550561797,4.630058338735068e-05,0.0112359550561797,0.0,0.0,0.0,0.0,0.0,0.0,0.0,0.0666666666666666,0.0,0.0,0.0,0.0,0.0828893993450959,0.0940236010658544,0.1179650238473767,0.0,0.6363636363636364,0.5,,0.6666666666666666,0.6666666666666666,,0.2727272727272727,1.0,,,1
-0.928290418287686,4.468129996457382,-5.115635402095167,-2.5526130409131116,-0.024829370793803,-3.762156194050844,-0.0622752121103333,1.085853705381954,-1.2166413202710125,0.4394492740382383,Spyware-TIBS-954f736dfd60b84b6e7b02b873945bb19058beb1f7be314716f5c924f632f598-7.raw,0.2647058823529412,0.3571428571428571,0.3686898984919311,,0.3785202945306837,0.3254054054054054,0.5470546984572232,0.2646867548233254,0.3349954280348371,,0.2987377279102384,0.2713085234093637,0.3333333333333333,0.2277992277992278,0.2666666666666666,0.3454545454545454,0.1686046511627907,0.1176470588235294,0.1182795698924731,0.1984732824427481,0.5714285714285714,0.515625,0.5714285714285714,0.8201410047471689,0.8454867214854146,0.8201410047471689,0.0112359550561797,4.630058338735068e-05,0.0112359550561797,0.0,0.1,0.0,0.0769230769230769,0.1,0.0769230769230769,0.1,0.1333333333333333,0.165625,0.0,0.1274038461538461,0.165625,0.2905176311030745,0.2975352112676058,0.3247549019607844,0.0,0.0,0.0,,0.0,0.0,,0.1818181818181818,1.0,,,1
6.715392627600174,2.678329293590102,2.403899936714977,-1.5113595438733152,-0.1428562230689721,0.5061066291174126,0.2274463793606544,-0.946742773837361,-0.3478843633085143,-0.2835587403491728,Spyware-TIBS-404929a7b78f384d1d1715f06d93c3cf0301d8027cb5e721ffff4d89e1b7da7c-6.raw,0.5588235294117647,0.5714285714285714,0.1622797759923836,,0.3800305012270133,0.6918918918918919,0.4735949098621423,0.6999783221331021,0.3366114009279716,,0.4109396914446003,0.7971188475390156,0.7777777777777778,0.6583011583011583,0.5011494252873563,0.7272727272727273,0.6773255813953488,0.6274509803921569,0.4946236559139785,0.5725190839694656,0.6428571428571429,0.71875,0.6428571428571429,0.5490794415987362,0.6549726306600692,0.5490794415987362,0.0224719101123595,9.260116677470137e-05,0.0224719101123595,0.0,0.3,0.0,0.2307692307692307,0.3,0.2307692307692307,0.3,0.3333333333333333,0.361363636363636,0.0,0.2779720279720276,0.361363636363636,0.3027700147953316,0.3994878361075544,0.3920677361853832,1.0,1.0,1.0,,1.0,1.0,,0.8181818181818182,0.5,,,1
0.6560622657264191,0.2044359270361552,-4.995567520548409,-3.2651924052725647,0.1465765747050849,0.76868486311483,1.5484309428361611,-1.7945433582006722,0.0897754394749422,-0.2634296501072639,Spyware-TIBS-248a7274908dc58a27ad4f999f106628810a4d04b027244683886198ad927afd-4.raw,0.4411764705882353,0.5714285714285714,0.1511393551533489,,0.0716377186484481,0.4021621621621621,0.27262044653349,0.2453934532841968,0.0066205604049746,,0.3169705469845722,0.2034813925570228,0.5555555555555556,0.2625482625482625,0.2022988505747126,0.509090909090909,0.1424418604651162,0.2156862745098039,0.0967741935483871,0.3206106870229007,0.5,0.5625,0.5,0.599407247305175,0.8113366564178897,0.599407247305175,0.0112359550561797,4.630058338735068e-05,0.0112359550561797,0.0,0.0,0.0,0.0,0.0,0.0,0.0,0.0666666666666666,0.0,0.0,0.0,0.0,0.0828893993450959,0.0940236010658544,0.1179650238473767,0.0,0.6363636363636364,0.5,,0.6666666666666666,0.6666666666666666,,0.2727272727272727,1.0,,,1
5.907307966440858,-1.1579998845748978,-4.396010647228286,3.517503473133594,0.0815555843075154,1.9805512693403848,0.5941016906342551,1.4290407330255808,0.0758965601735778,-0.2160418240282861,Spyware-TIBS-979db6d35d22f609cbdd3515bea40d29c89bf89364999c4218ab5dfffd7fc11a-7.raw,0.5,0.4285714285714285,0.2544226166026936,,0.3650252423852756,0.6151351351351352,0.4801003344481604,0.598959462388901,0.3700343786671072,,0.9312762973352032,0.4501800720288115,0.6296296296296297,0.4401544401544401,0.4850574712643678,0.6181818181818182,0.5377906976744186,0.5490196078431373,0.3279569892473118,0.5725190839694656,0.7380952380952381,0.734375,0.7380952380952381,0.7521623604911095,0.7933728660828128,0.7521623604911095,0.6853932584269663,0.856745994999537,0.6853932584269663,0.5364705882352941,0.0,0.0,0.0769230769230769,0.0,0.0769230769230769,0.0,0.2,0.0,0.0,0.1045364891518736,0.0,0.1695646126025876,0.0798122065727696,0.2931121166415285,1.0,1.0,1.0,,1.0,1.0,,0.6363636363636364,1.0,,,1
-0.0413682510354938,2.640567015061205,-2.827929386247563,-2.368196459969229,-0.0563179147729373,0.6959406219681121,0.9662396887436584,-0.0079559176712099,0.02522453422258,-0.1476968653844129,Spyware-TIBS-9675cdaca063fc0ae0f9c3efb59251dcbf8c89cf9209b6df888c9c64a50e5f20-3.raw,0.2941176470588235,0.3571428571428571,0.3255846068863929,,0.2453192412674054,0.3016216216216216,0.4275135869565218,0.2031216128332972,0.1924657385999041,,0.2861150070126227,0.1782713085234093,0.3703703703703703,0.1814671814671814,0.2390804597701149,0.3818181818181818,0.1075581395348837,0.1568627450980392,0.0967741935483871,0.183206106870229,0.4761904761904761,0.46875,0.4761904761904761,0.6755214224638916,0.7788550998837975,0.6755214224638916,0.0112359550561797,4.630058338735068e-05,0.0112359550561797,0.0,0.1,0.0,0.0769230769230769,0.1,0.0769230769230769,0.1,0.1333333333333333,0.1606060606060606,0.0,0.1235431235431235,0.1606060606060606,0.2700969916159792,0.2829705505761845,0.3023172905525847,0.0,0.6363636363636364,0.5,,0.6666666666666666,0.6666666666666666,,0.3636363636363636,1.0,,,1
5.9969347382466145,-2.641298378466702,-2.676486773587399,4.4513914604151,0.0621169343191471,0.4677291762711852,1.0962653234877342,-0.0783752936834695,-0.0722778460477753,-0.7854910176383838,Spyware-TIBS-961bfaad26e065fccd479a8aea79ac6f02bfed983259420097133a86e0fc2d21-10.raw,0.5,0.5,0.2369729331614803,,0.5535408520905556,0.6864864864864865,0.5867892976588629,0.779969650986343,0.5770609107639589,,0.9509116409537168,0.7563025210084033,0.6666666666666666,0.666023166023166,0.5218390804597701,0.6181818181818182,0.686046511627907,0.6470588235294118,0.510752688172043,0.7099236641221374,0.6428571428571429,0.671875,0.6428571428571429,0.5432808777875896,0.5437115601902404,0.5432808777875896,0.6741573033707865,0.859246226502454,0.6741573033707865,0.5270588235294117,0.0,0.0,0.0769230769230769,0.0,0.0769230769230769,0.0,0.1333333333333333,0.0,0.0,0.1045364891518736,0.0,0.1695646126025876,0.0798122065727696,0.1918552036199095,1.0,1.0,1.0,,1.0,1.0,,0.7272727272727273,1.0,,,1
3.2600752866305576,-3.3504937278756284,-0.7481620353079329,-1.6930542337803416,0.2460003756134796,0.205213736758674,1.2360267724965197,0.2222286802245454,0.1492089059775914,0.0400359967465868,Spyware-TIBS-5555ad162e1d6f2cce4027b9c8f6d68e141d13498aa7ed59965dceb22f9bf1b9-9.raw,0.4117647058823529,0.4285714285714285,0.3188895026493992,,0.5376242646843012,0.5643243243243243,0.5954106280193237,0.622588337307609,0.5052421257770666,,0.3758765778401122,0.7256902761104442,0.5925925925925926,0.61003861003861,0.4942528735632184,0.5272727272727272,0.5203488372093024,0.5294117647058824,0.4354838709677419,0.465648854961832,0.5952380952380952,0.609375,0.5952380952380952,0.5856182136960488,0.6085796009852259,0.5856182136960488,0.0224719101123595,9.260116677470137e-05,0.0224719101123595,0.0,0.0,0.0,0.0,0.0,0.0,0.0,0.0666666666666666,0.0,0.0,0.0,0.0,0.0958408679927671,0.1017214397496085,0.1327886710239653,1.0,1.0,1.0,,1.0,1.0,,0.9090909090909092,1.0,,,1
6.773244424850025,7.044996677058749,5.340991150531165,-0.5874127357250778,-0.4853731203022626,0.6573619034431563,-0.0427937635593628,0.5858119757069012,-0.7320519447755965,-0.3408934077768257,Spyware-TIBS-87163ea3765848c449bf0ff0549bacf6a38706b9004b2262e20b822fb5f4e852-7.raw,0.4411764705882353,0.4285714285714285,0.2584313276635133,,0.5154533157325575,0.5989189189189189,0.582726204465335,0.6496856709299805,0.4815184509925747,,0.3842917251051893,0.7478991596638656,0.6296296296296297,0.6486486486486487,0.4758620689655172,0.5818181818181818,0.6540697674418605,0.5686274509803921,0.4838709677419355,0.5190839694656488,0.6190476190476191,0.640625,0.6190476190476191,0.6149149361455273,0.6655215844609796,0.6149149361455273,0.0224719101123595,9.260116677470137e-05,0.0224719101123595,0.0,0.5,0.0,0.3846153846153846,0.5,0.3846153846153846,0.5,0.4666666666666667,0.6309523809523809,0.0,0.4853479853479852,0.6309523809523809,0.5408163265306122,0.6713615023474178,0.6185807656395894,1.0,1.0,1.0,,1.0,1.0,,0.7272727272727273,0.5,,,1
1.8754596998224984,0.8488102009756813,-5.674084604151506,3.921581959595106,-0.1058163840182506,0.6421314012616163,0.8131545808989751,-1.1144907205813046,0.3430060597942304,-0.7684281297219845,Spyware-TIBS-574cbd37cab3adfdd1b55051c52471c180bc4b5e69e7e018d8f7039b644ed0fd-3.raw,0.3823529411764705,0.4285714285714285,0.2985453875897627,,0.3097445315153267,0.4064864864864865,0.4034782608695652,0.3791458920442228,0.3149634251484233,,0.8611500701262272,0.2292917166866746,0.4444444444444444,0.2393822393822393,0.367816091954023,0.4727272727272727,0.2703488372093023,0.2745098039215686,0.1451612903225806,0.366412213740458,0.4761904761904761,0.5,0.4761904761904761,0.5545967579510056,0.6453982032653393,0.5545967579510056,0.6292134831460674,0.8574405037503473,0.6292134831460674,0.6235294117647059,0.0,0.0,0.0769230769230769,0.0,0.0769230769230769,0.0,0.1333333333333333,0.0,0.0,0.1164835164835162,0.0,0.2327563936967193,0.1098591549295773,0.2612885154061625,0.0,0.6363636363636364,0.5,,0.6666666666666666,0.6666666666666666,,0.2727272727272727,1.0,,,1
4.107297919258917,6.799818199089028,-1.7242219651495807,0.9028953009736248,-0.2995711763849346,0.2090058231470687,1.1233137847596693,0.6502987927476322,1.250135644366789,0.4309276486433444,Spyware-TIBS-979db6d35d22f609cbdd3515bea40d29c89bf89364999c4218ab5dfffd7fc11a-1.raw,0.4411764705882353,0.4285714285714285,0.3871816946757105,,0.2198935454491989,0.4540540540540541,0.354406580493537,0.3806633427270756,0.2131735571422262,,0.3225806451612903,0.2731092436974789,0.5185185185185185,0.3146718146718146,0.593103448275862,0.5454545454545454,0.2936046511627907,0.3333333333333333,0.1989247311827957,0.4122137404580153,0.6190476190476191,0.625,0.6190476190476191,0.7434636308757654,0.853838613963243,0.7434636308757654,0.5168539325842697,0.0363922585424576,0.5168539325842697,0.3952941176470588,0.3,0.0,0.3076923076923077,0.3,0.3076923076923077,0.3,0.2666666666666666,0.3975000000000001,0.0,0.4076923076923077,0.3975000000000001,0.479204339963834,0.4577464788732396,0.3741176470588237,0.0,0.6363636363636364,0.5,,0.6666666666666666,0.6666666666666666,,0.3636363636363636,1.0,,,1
3.419877590883567,0.8948739933675208,-6.6466461779225705,2.7925435215853507,0.0524116894911289,0.50697573851023,0.5585374256017511,0.643329413061529,0.3869752692784224,-0.541265858663013,Spyware-TIBS-961bfaad26e065fccd479a8aea79ac6f02bfed983259420097133a86e0fc2d21-3.raw,0.4411764705882353,0.4285714285714285,0.2676277824500988,,0.2767685737082349,0.4735135135135135,0.3850763807285545,0.4324734446130501,0.275722291822985,,0.8807854137447405,0.2605042016806723,0.5185185185185185,0.3455598455598455,0.4229885057471264,0.5454545454545454,0.311046511627907,0.3333333333333333,0.2096774193548387,0.4274809160305343,0.6428571428571429,0.640625,0.6428571428571429,0.760075015648461,0.850874606714203,0.760075015648461,0.6404494382022472,0.8574868043337346,0.6404494382022472,0.4988235294117646,0.0,0.0,0.0769230769230769,0.0,0.0769230769230769,0.0,0.1333333333333333,0.0,0.0,0.1101871101871101,0.0,0.1994526171741363,0.0940236010658544,0.2246952835188128,0.0,0.6363636363636364,0.5,,0.6666666666666666,0.6666666666666666,,0.3636363636363636,1.0,,,1
7.172099104234915,-2.5848356178465526,-3.284206426174496,3.2810018443574123,0.1946949375917243,0.3597786699540893,0.8297448746720166,1.0568515317216918,0.3759204063598532,-0.1198431934501375,Spyware-TIBS-4754c35288a9488036c211c68f36f86496240000164edd36f9eaaeed12e65dbf-9.raw,0.5588235294117647,0.5,0.2508049993039056,,0.4805354496231218,0.7470270270270271,0.5520148462354191,0.8016475178842402,0.4942502979252182,,0.7012622720897616,0.8007202881152461,0.7407407407407407,0.7722007722007722,0.6436781609195402,0.6909090909090909,0.7151162790697675,0.7058823529411765,0.5591397849462365,0.7557251908396947,0.7857142857142857,0.796875,0.7857142857142857,0.6892849800664772,0.70016099801775,0.6892849800664772,0.6966292134831461,0.8567922955829244,0.6966292134831461,0.4470588235294118,0.0,0.0,0.0769230769230769,0.0,0.0769230769230769,0.0,0.1333333333333333,0.0,0.0,0.0994371482176359,0.0,0.1425925109160679,0.0669872895912056,0.1622190339550454,1.0,1.0,1.0,,1.0,1.0,,0.8181818181818182,1.0,,,1
4.061787071739869,-2.9131548054701337,-0.9939284990794656,-2.1008404339652325,0.2525297037672309,0.5586164647641989,-0.7310601480250576,-0.0753253293246059,-0.1525206530759608,-0.2253031658831029,Spyware-TIBS-30533d67f47b9264c85d2a594ee58789410e4f2d0e5f38cbc487908da385c8bb-9.raw,0.4411764705882353,0.5,0.2584313276635133,,0.5056965117215931,0.5902702702702702,0.5690951821386604,0.6407977455018427,0.4710783365078071,,0.3786816269284712,0.7418967587034814,0.6296296296296297,0.6467181467181468,0.4666666666666667,0.5818181818181818,0.6540697674418605,0.5686274509803921,0.489247311827957,0.5190839694656488,0.6190476190476191,0.640625,0.6190476190476191,0.6290942467157745,0.6905810946860846,0.6290942467157745,0.0224719101123595,9.260116677470137e-05,0.0224719101123595,0.0,0.0,0.0,0.0,0.0,0.0,0.0,0.1333333333333333,0.0,0.0,0.0,0.0,0.0828893993450959,0.0940236010658544,0.2246952835188128,1.0,1.0,1.0,,1.0,1.0,,0.6363636363636364,0.5,,,1
0.6867374774065756,-0.1901147818879029,-4.84933069694721,-3.1064178518454115,0.3020994924237548,-0.1793653998294528,1.1313989922741294,0.1899073769361976,1.5702907935295842,-0.2223086781351438,Spyware-TIBS-599e4bde3509a8bf8d535685bcf40f703d68c03b3bb6343accac3ae6dc696248-1.raw,0.3823529411764705,0.4285714285714285,0.4216902964463266,,0.245594395039056,0.3956756756756757,0.3854658385093168,0.3236505527856059,0.1927601625602215,,0.3253856942496493,0.2641056422569027,0.4814814814814814,0.2509652509652509,0.5080459770114942,0.4909090909090909,0.1686046511627907,0.2156862745098039,0.1182795698924731,0.2442748091603053,0.5714285714285714,0.578125,0.5714285714285714,0.7307364162148329,0.8586415340750067,0.7307364162148329,0.0224719101123595,0.002916936753403,0.0224719101123595,0.0,0.0,0.0,0.0,0.0,0.0,0.0,0.0,0.0,0.0,0.0,0.0,0.109532420563162,0.1098591549295773,0.0356302521008401,0.0,0.6363636363636364,0.5,,0.6666666666666666,0.6666666666666666,,0.2727272727272727,1.0,,,1
2.417313599965121,0.995644521060934,-6.250255636522701,3.7403219135179255,-0.074123138800217,0.8235513097255237,0.6366627543656773,-0.0706603929281618,-0.0808706805431818,-0.8213777090543122,Spyware-TIBS-961bfaad26e065fccd479a8aea79ac6f02bfed983259420097133a86e0fc2d21-5.raw,0.3823529411764705,0.4285714285714285,0.2499355551463818,,0.3147759147683679,0.414054054054054,0.4160869565217392,0.3834814654238023,0.3205055232249857,,0.8695652173913043,0.2611044417767106,0.4444444444444444,0.2451737451737451,0.2896551724137931,0.4727272727272727,0.2732558139534883,0.2745098039215686,0.1774193548387097,0.366412213740458,0.5476190476190477,0.546875,0.5476190476190477,0.669271048586848,0.7444222188988835,0.669271048586848,0.6629213483146067,0.8591999259190666,0.6629213483146067,0.6588235294117647,0.0,0.0,0.0769230769230769,0.0,0.0769230769230769,0.0,0.1333333333333333,0.0,0.0,0.1164835164835162,0.0,0.2327563936967193,0.1098591549295773,0.2612885154061625,0.0,0.6363636363636364,0.5,,0.6666666666666666,0.6666666666666666,,0.3636363636363636,1.0,,,1
6.319156816551799,0.9337496631377168,1.2434461708260238,-1.88437055853474,0.0272819307922686,0.2485695983244621,-0.4553888841812483,0.3909866959144719,-0.5479845897944624,-0.3317041254359385,Spyware-TIBS-35687c2a333d215c400adb744ca367dae9ce2b5fcc705ac639b11bc319d50475-9.raw,0.5,0.5714285714285714,0.2137066885731957,,0.4666204811486004,0.6843243243243243,0.5835562987736901,0.6962930847604596,0.4292656453505515,,0.4151472650771388,0.7172869147659063,0.6666666666666666,0.8378378378378378,0.4942528735632184,0.6545454545454545,0.6569767441860465,0.6078431372549019,0.7634408602150538,0.5801526717557252,0.7142857142857143,0.734375,0.7142857142857143,0.6677563907184417,0.7104461912905,0.6677563907184417,0.0112359550561797,4.630058338735068e-05,0.0112359550561797,0.0,0.2,0.0,0.1538461538461538,0.2,0.1538461538461538,0.2,0.2666666666666666,0.2585365853658535,0.0,0.1988742964352718,0.2585365853658535,0.2477837074934946,0.3170731707317075,0.354854136776662,1.0,1.0,1.0,,1.0,1.0,,0.6363636363636364,0.5,,,1
8.22837144681643,-2.3079392934913407,0.6057422342475857,-2.143840060547148,0.3714308224268295,-1.4191071288199408,-2.005088823305442,-0.8302975302098489,1.1579269546886657,-0.2843085654834648,Spyware-TIBS-8217ae4fbd1555e6e06a5d3f18231377941f07d100b5ad62a8b31b9f1b64703e-1.raw,0.6470588235294118,0.6428571428571429,0.3039955809243234,,0.4755228922220533,0.9221621621621622,0.6175395256916998,0.9336657272924344,0.4387915301272537,,0.4502103786816269,0.9591836734693876,0.8888888888888888,0.8667953667953668,0.9402298850574712,0.8909090909090909,0.8837209302325582,0.9215686274509804,0.7043010752688172,0.8625954198473282,0.8333333333333334,0.890625,0.8333333333333334,0.5986761817448479,0.6158869270656592,0.5986761817448479,0.0224719101123595,9.260116677470137e-05,0.0224719101123595,0.0,0.1,0.0,0.0769230769230769,0.1,0.0769230769230769,0.1,0.2,0.1177777777777777,0.0,0.0905982905982905,0.1177777777777777,0.0958408679927671,0.1586854460093894,0.1986056644880174,1.0,1.0,1.0,,1.0,1.0,,0.9090909090909092,0.0,,,1
8.019613485179999,-2.248984560325442,-3.4522429670028876,2.9047305079345316,0.2079098015397848,0.6510352851568634,-1.0706501022675456,0.7939920191044977,0.1073067850991769,-0.3688708406168497,Spyware-TIBS-5065428bc91f6a12f48944a8c7299d559faf3d53e2c7c47db05bb9103450ab8d-9.raw,0.5882352941176471,0.5714285714285714,0.1991652857055176,,0.4579606965111547,0.7686486486486487,0.5238612836438925,0.8241924994580533,0.4682835408396659,,0.7180925666199158,0.8187274909963985,0.7777777777777778,0.8011583011583011,0.6275862068965518,0.7454545454545455,0.8575581395348837,0.7450980392156863,0.6129032258064516,0.7175572519083969,0.8095238095238095,0.828125,0.8095238095238095,0.7315208819155737,0.7789621104454608,0.7315208819155737,0.6966292134831461,0.8567922955829244,0.6966292134831461,0.4470588235294118,0.0,0.0,0.0769230769230769,0.0,0.0769230769230769,0.0,0.2,0.0,0.0,0.097069597069597,0.0,0.130069749418755,0.0610328638497652,0.2424836601307188,1.0,1.0,1.0,,1.0,1.0,,0.7272727272727273,0.5,,,1
7.791063166264958,-2.9034027113233085,-2.2078467094896865,3.5364714808775624,0.1772814598245398,-0.171091891671699,-0.9023424886220072,-0.4777734162306118,0.6544033399653811,-0.1460888640093861,Spyware-TIBS-2725437ab005d0af1ff71341ddc285cdb1225f0b33771aa4d382d6373647a577-2.raw,0.5882352941176471,0.5714285714285714,0.2720800343705887,,0.5068070422594261,0.8054054054054054,0.5748964803312632,0.8747019293301539,0.5218256151842119,,0.7082748948106592,0.8661464585834334,0.7777777777777778,0.667953667953668,0.7954022988505747,0.8,0.9156976744186046,0.8235294117647058,0.6182795698924731,0.9083969465648856,0.7380952380952381,0.78125,0.7380952380952381,0.5723838352572875,0.5814203600351207,0.5723838352572875,0.6292134831460674,0.8573016020001852,0.6292134831460674,0.4894117647058824,0.0,0.0,0.0769230769230769,0.0,0.0769230769230769,0.0,0.2,0.0,0.0,0.097069597069597,0.0,0.130069749418755,0.0610328638497652,0.2424836601307188,1.0,1.0,1.0,,1.0,1.0,,0.9090909090909092,0.5,,,1
3.2497454771331595,-3.318788144665588,-0.7991018845621644,-1.7320979438980106,0.2373497037639509,0.2863316650320944,1.266073268801331,0.1762105119096372,0.0021470401195838,-0.0122438628044315,Spyware-TIBS-5555ad162e1d6f2cce4027b9c8f6d68e141d13498aa7ed59965dceb22f9bf1b9-10.raw,0.4117647058823529,0.4285714285714285,0.2936844043454244,,0.5241723025147133,0.5643243243243243,0.5954106280193237,0.6106655105137655,0.4908480654948839,,0.3744740532959327,0.71968787515006,0.5925925925925926,0.61003861003861,0.4620689655172413,0.5272727272727272,0.5203488372093024,0.5294117647058824,0.4354838709677419,0.465648854961832,0.5952380952380952,0.609375,0.5952380952380952,0.5856182136960488,0.6085796009852259,0.5856182136960488,0.0224719101123595,9.260116677470137e-05,0.0224719101123595,0.0,0.0,0.0,0.0,0.0,0.0,0.0,0.0666666666666666,0.0,0.0,0.0,0.0,0.0958408679927671,0.1017214397496085,0.1327886710239653,1.0,1.0,1.0,,1.0,1.0,,0.9090909090909092,1.0,,,1
5.726823268652835,-1.474813589984806,0.2716356247755573,-1.7111656633464265,0.1472442690619992,-0.1276842220713692,1.249616745838048,-0.0304110368733778,-0.3044771114780403,0.5385218271549632,Spyware-TIBS-6666171e4b060f807fe35397acf8a6b5851d02614d02d63d32142e126aac932d-5.raw,0.5294117647058824,0.5714285714285714,0.2142883446879028,,0.44810757097395,0.7124324324324325,0.5626630434782608,0.7236071970518101,0.4094561973538129,,0.4011220196353436,0.8013205282112845,0.7407407407407407,0.6447876447876448,0.542528735632184,0.7454545454545455,0.688953488372093,0.7647058823529411,0.5752688172043011,0.7557251908396947,0.6904761904761905,0.734375,0.6904761904761905,0.5938650323979805,0.6425119631214148,0.5938650323979805,0.0224719101123595,9.260116677470137e-05,0.0224719101123595,0.0,0.1,0.0,0.0769230769230769,0.1,0.0769230769230769,0.1,0.2,0.1292682926829267,0.0,0.0994371482176359,0.1292682926829267,0.1425925109160679,0.1920302301614563,0.2585365853658535,1.0,1.0,1.0,,1.0,1.0,,0.9090909090909092,1.0,,,1
13.487508901753587,17.165800644342646,8.355406025847342,8.84512257054297,-1.5782305783578647,1.6882144630856886,0.348241662313593,-0.956828153668852,-1.1811281371573903,1.162031891407163,Spyware-TIBS-3760770f4e0ecfe15d832609a805cbe1f8f32ca7e011fd5c6a0ad98750afe2e8-6.raw,0.6176470588235294,0.7142857142857143,0.178942590554654,,0.4038782019123351,0.7470270270270271,0.4383720930232561,0.8127032300021678,0.5062627955061673,,0.699859747545582,0.8259303721488596,0.7407407407407407,0.7123552123552124,0.6505747126436782,0.7090909090909091,0.8343023255813954,0.7450980392156863,0.543010752688172,0.7557251908396947,0.6428571428571429,0.703125,0.6428571428571429,0.5029837878677371,0.5376554777832975,0.5029837878677371,1.0,1.0,1.0,0.8,1.0,0.0,1.0,1.0,1.0,1.0,1.0,1.0,0.0,1.0,1.0,1.0,0.9776773850651076,1.0,1.0,1.0,1.0,,1.0,1.0,,0.8181818181818182,0.5,,,1
2.3707426059803263,-2.386795211175779,-1.7042048843106916,-2.190861266625233,0.2425028826674598,1.1713810235614688,0.8781408001837643,1.4678369402878306,0.2109054798604261,-0.0405277361565394,Spyware-TIBS-9675cdaca063fc0ae0f9c3efb59251dcbf8c89cf9209b6df888c9c64a50e5f20-7.raw,0.3529411764705882,0.3571428571428571,0.3537318444225416,,0.4996422538525223,0.4702702702702703,0.5803708439897698,0.496206373292868,0.4646000732156087,,0.3576437587657784,0.5822328931572629,0.4814814814814814,0.4575289575289575,0.4091954022988506,0.4545454545454545,0.3895348837209302,0.392156862745098,0.3010752688172043,0.3740458015267175,0.6190476190476191,0.59375,0.6190476190476191,0.7234864458696549,0.7421486080531043,0.7234864458696549,0.0112359550561797,4.630058338735068e-05,0.0112359550561797,0.0,0.0,0.0,0.0,0.0,0.0,0.0,0.0666666666666666,0.0,0.0,0.0,0.0,0.1240293585788749,0.1184755592377796,0.1650519031141867,1.0,1.0,1.0,,1.0,1.0,,0.5454545454545454,1.0,,,1
3.318282476807218,-3.2103078353444325,-0.9898831657542184,-1.8341572722247204,0.2639333615847023,0.2721953444638327,1.120797171214195,0.5482604647175703,0.1943492931904848,0.0293207747675752,Spyware-TIBS-589f74cdc865423cfb901a43f8fddab707b0e509a1053e15379dc61562f8659f-8.raw,0.4117647058823529,0.4285714285714285,0.3188895026493992,,0.5412929816396442,0.5643243243243243,0.5954106280193237,0.6258400173422936,0.509167778581299,,0.3702664796633941,0.7334933973589436,0.5925925925925926,0.6216216216216216,0.496551724137931,0.5272727272727272,0.5203488372093024,0.5294117647058824,0.4301075268817204,0.4885496183206106,0.6190476190476191,0.625,0.6190476190476191,0.6225185942383995,0.6428292946145975,0.6225185942383995,0.0224719101123595,9.260116677470137e-05,0.0224719101123595,0.0,0.0,0.0,0.0,0.0,0.0,0.0,0.0666666666666666,0.0,0.0,0.0,0.0,0.0958408679927671,0.1017214397496085,0.1327886710239653,1.0,1.0,1.0,,1.0,1.0,,0.7272727272727273,1.0,,,1
1.4492343152047784,-1.720997608444659,-1.6249324562900584,-2.034440285818134,0.1136777175027281,2.02446319864223,0.8958372940862571,0.0780025127546911,0.1184783438924577,0.36341262929281,Spyware-TIBS-9675cdaca063fc0ae0f9c3efb59251dcbf8c89cf9209b6df888c9c64a50e5f20-6.raw,0.3529411764705882,0.3571428571428571,0.3437239377430221,,0.3566917767220092,0.427027027027027,0.5062020460358063,0.3765445480164752,0.3116381663024856,,0.3113604488078541,0.400360144057623,0.4814814814814814,0.2953667953667954,0.360919540229885,0.4545454545454545,0.2994186046511627,0.3529411764705882,0.2096774193548387,0.2977099236641221,0.5238095238095238,0.53125,0.5238095238095238,0.6127557632643426,0.6787152599516527,0.6127557632643426,0.0112359550561797,4.630058338735068e-05,0.0112359550561797,0.0,0.0,0.0,0.0,0.0,0.0,0.0,0.1333333333333333,0.0,0.0,0.0,0.0,0.1240293585788749,0.1184755592377796,0.2811995386389851,1.0,1.0,1.0,,1.0,1.0,,0.4545454545454545,1.0,,,1
8.009748568161363,-2.2357355469799645,-3.4711819260283887,2.887852374750305,0.2054114603122801,0.6812086525429156,-1.064453262274937,0.7919075441269471,0.0641332249253333,-0.3814075071659895,Spyware-TIBS-5065428bc91f6a12f48944a8c7299d559faf3d53e2c7c47db05bb9103450ab8d-10.raw,0.5882352941176471,0.5714285714285714,0.1937641932118089,,0.4548160819780044,0.7686486486486487,0.5238612836438925,0.8209408194233687,0.4648366261822916,,0.7152875175315568,0.8169267707082833,0.7777777777777778,0.8011583011583011,0.6160919540229886,0.7454545454545455,0.8575581395348837,0.7450980392156863,0.6075268817204301,0.7175572519083969,0.8095238095238095,0.828125,0.8095238095238095,0.7325679612108646,0.7807557048010629,0.7325679612108646,0.6966292134831461,0.8567922955829244,0.6966292134831461,0.4470588235294118,0.0,0.0,0.0769230769230769,0.0,0.0769230769230769,0.0,0.2,0.0,0.0,0.097069597069597,0.0,0.130069749418755,0.0610328638497652,0.2424836601307188,1.0,1.0,1.0,,1.0,1.0,,0.7272727272727273,0.5,,,1
7.383499464162282,0.2463705630062822,1.3893964465137894,-1.7529784370873904,0.1387098848365615,-0.579372084793908,-0.2890790690382073,-0.0684554438013062,0.7702360197193786,0.2561328435683903,Spyware-TIBS-4579cff31815c40492e3f2dd85eb22f5084a96d95d850a31d48bd79553fe42b4-1.raw,0.5882352941176471,0.5714285714285714,0.2936844043454244,,0.4485268529117033,0.7848648648648648,0.5463768115942028,0.8142206806850206,0.4099048433885821,,0.429172510518934,0.8805522208883554,0.8148148148148148,0.666023166023166,0.8160919540229885,0.8181818181818182,0.813953488372093,0.7058823529411765,0.5698924731182796,0.7633587786259542,0.7619047619047619,0.8125,0.7619047619047619,0.6212916675450701,0.6722785361714693,0.6212916675450701,0.0224719101123595,9.260116677470137e-05,0.0224719101123595,0.0,0.2,0.0,0.1538461538461538,0.2,0.1538461538461538,0.2,0.2666666666666666,0.2409090909090907,0.0,0.1853146853146851,0.2409090909090907,0.2047509452572744,0.2829705505761845,0.3023172905525847,1.0,1.0,1.0,,1.0,1.0,,0.9090909090909092,0.5,,,1
6.625364917458063,-3.888437373511727,-0.9928032047428494,-2.333822392043736,0.3986011113137669,-0.6364029288186154,-0.1625350772164101,-1.4405387117124957,0.5348749133071313,0.0413387809967209,Spyware-TIBS-404929a7b78f384d1d1715f06d93c3cf0301d8027cb5e721ffff4d89e1b7da7c-3.raw,0.6470588235294118,0.6428571428571429,0.1905726385564354,,0.3798694356045835,0.8432432432432433,0.5129446640316204,0.8300455235204856,0.3364390551951027,,0.4347826086956521,0.897358943577431,0.8888888888888888,0.6988416988416989,0.7080459770114943,0.8909090909090909,0.8197674418604651,0.8235294117647058,0.6021505376344086,0.816793893129771,0.7380952380952381,0.828125,0.7380952380952381,0.540132910196888,0.6164649587110695,0.540132910196888,0.0224719101123595,9.260116677470137e-05,0.0224719101123595,0.0,0.0,0.0,0.0,0.0,0.0,0.0,0.1333333333333333,0.0,0.0,0.0,0.0,0.0087128061811609,0.0499359795134441,0.1228163992869874,1.0,1.0,1.0,,1.0,1.0,,0.9090909090909092,0.5,,,1
8.152283470612154,-3.5569757326453884,-1.9515383184398916,-3.068687656449025,0.6041482604546076,-0.8323455365980753,-2.591608057309948,1.3081797004094524,1.2825132635305985,-0.168611149831559,Spyware-TIBS-2361f526473d9f47642b2c9504cf0e0ffa62f222eccbdf665035ad4658cfb915-1.raw,0.6176470588235294,0.6428571428571429,0.2950032757683067,,0.4722699114798321,0.8540540540540541,0.5835187057633974,0.8844569694342077,0.4353107293109856,,0.4768583450210378,0.9453781512605042,0.8518518518518519,0.7084942084942085,0.9057471264367816,0.8545454545454545,0.8343023255813954,0.803921568627451,0.6344086021505376,0.8396946564885496,0.9761904761904762,0.96875,0.9761904761904762,0.8408481122276017,0.8572710159358126,0.8408481122276017,0.0561797752808988,0.0002778035003241,0.0561797752808988,0.0094117647058823,0.0,0.0,0.0,0.0,0.0,0.0,0.1333333333333333,0.0,0.0,0.0,0.0,0.017830859161445,0.0553553881428102,0.1353397172822618,1.0,1.0,1.0,,1.0,1.0,,0.9090909090909092,0.0,,,1
8.314053896653515,1.6195712235512298,-1.5629482671464572,6.717726604937026,-0.3766779715419032,1.7358511089001958,-1.1342805168984404,-1.1225042948140116,-0.2098002126230115,0.9864694038724056,Spyware-TIBS-3760770f4e0ecfe15d832609a805cbe1f8f32ca7e011fd5c6a0ad98750afe2e8-7.raw,0.5882352941176471,0.7142857142857143,0.1748603694838274,,0.4143553749848006,0.7048648648648649,0.4353002070393376,0.779536093648385,0.5220318408474736,,0.6914446002805049,0.7929171668667467,0.7037037037037037,0.7046332046332047,0.6022988505747127,0.6727272727272727,0.8168604651162791,0.6862745098039216,0.5376344086021505,0.6870229007633588,0.6428571428571429,0.6875,0.6428571428571429,0.5490794415987362,0.5876427864003573,0.5490794415987362,1.0,1.0,1.0,0.8,0.1,0.0,0.3076923076923077,0.1,0.3076923076923077,0.1,0.4,0.123255813953488,0.0,0.3792486583184254,0.123255813953488,0.4190251902939568,0.1745823779888634,0.5026903784769722,1.0,1.0,1.0,,1.0,1.0,,0.6363636363636364,0.5,,,1
1.6375484208871058,2.592923998416894,-7.871574049064612,4.0138516869237675,-0.116335327986142,-3.751651573200445,-0.1578509857810831,-0.8635990620366985,-1.206624846150902,0.2737561320317782,Spyware-TIBS-0149e4302db69ee3430709369101d4e70f5d8bfce7c76555cb835f4862a03879-6.raw,0.4117647058823529,0.4285714285714285,0.2873831297694306,,0.3625041753492967,0.4875675675675676,0.4710748792270531,0.4675915889876436,0.3715007428123266,,0.8948106591865358,0.3355342136854742,0.4444444444444444,0.2915057915057915,0.4045977011494253,0.509090909090909,0.375,0.3333333333333333,0.1935483870967742,0.3740458015267175,0.5714285714285714,0.59375,0.5714285714285714,0.6276100009227773,0.7151423076318916,0.6276100009227773,0.6629213483146067,0.8591999259190666,0.6629213483146067,0.6588235294117647,0.0,0.0,0.0769230769230769,0.0,0.0769230769230769,0.0,0.2,0.0,0.0,0.1132478632478629,0.0,0.2156419529837255,0.1017214397496085,0.3521786492374727,0.0,0.0,0.0,,0.0,0.0,,0.3636363636363636,1.0,,,1
7.089594379495753,0.244715809165335,-3.2474903227263643,6.821315400878886,-0.2851788166974234,2.357927640223767,-1.4951353088262558,-0.5206067589032731,-0.1871843457310663,0.9601489630465524,Spyware-TIBS-3760770f4e0ecfe15d832609a805cbe1f8f32ca7e011fd5c6a0ad98750afe2e8-10.raw,0.5294117647058824,0.6428571428571429,0.2001104768919168,,0.4049634595791247,0.6313513513513513,0.4444565217391303,0.6817689139388684,0.5192047179131992,,0.6872370266479664,0.6818727490996399,0.5925925925925926,0.5714285714285714,0.535632183908046,0.6,0.747093023255814,0.5686274509803921,0.4139784946236559,0.6335877862595419,0.6428571428571429,0.65625,0.6428571428571429,0.6159212084603248,0.6371763935288428,0.6159212084603248,0.9887640449438202,0.9999536994166126,0.9887640449438202,1.0,0.0,0.0,0.2307692307692307,0.0,0.2307692307692307,0.0,0.3333333333333333,0.0,0.0,0.3057692307692308,0.0,0.3713833634719714,0.0732394366197184,0.4728431372549021,1.0,1.0,1.0,,1.0,1.0,,0.6363636363636364,0.5,,,1
4.781037498214517,8.886635360826405,-0.6680578767539279,3.381061793250111,-0.5519883172939687,0.4709794574413791,1.0230152784885125,0.1445052404975004,0.9542167478254352,0.3187940768010358,Spyware-TIBS-306cacba59ca07650c4ff93e770a530fee5ab0bd21fbbdacc6450bf5f8227b66-1.raw,0.4411764705882353,0.4285714285714285,0.4086400891777434,,0.2303642619487699,0.4627027027027027,0.3680376028202116,0.3902016041621504,0.2246888053679729,,0.3534361851332398,0.2773109243697479,0.5185185185185185,0.3243243243243243,0.6022988505747127,0.5454545454545454,0.2936046511627907,0.3333333333333333,0.2096774193548387,0.4274809160305343,0.5714285714285714,0.59375,0.5714285714285714,0.6545841974376482,0.7632729813241529,0.6545841974376482,0.6067415730337079,0.8307250671358459,0.6067415730337079,0.4705882352941176,0.4,0.0,0.3846153846153846,0.4,0.3846153846153846,0.4,0.4,0.5170731707317076,0.0,0.4971857410881801,0.5170731707317076,0.5633572972257754,0.5671590518722089,0.5474892395982782,0.0,0.6363636363636364,0.5,,0.6666666666666666,0.6666666666666666,,0.3636363636363636,1.0,,,1
9.70512557515486,1.5342723646032776,-1.2342428898940856,3.2758985779361796,-0.039924153371018,0.5392652158243401,-0.808293423028884,1.118542124607164,-0.1107422693915474,-0.372574373065583,Spyware-TIBS-5065428bc91f6a12f48944a8c7299d559faf3d53e2c7c47db05bb9103450ab8d-7.raw,0.6176470588235294,0.5714285714285714,0.1763048477088892,,0.4401217126711584,0.8097297297297297,0.5234074823053592,0.850639497073488,0.4475911103092067,,0.7251051893408135,0.8349339735894358,0.8148148148148148,0.777992277992278,0.6482758620689655,0.8545454545454545,0.8517441860465116,0.803921568627451,0.6827956989247311,0.8549618320610687,0.8571428571428571,0.875,0.8571428571428571,0.7520088628064284,0.7951257583554995,0.7520088628064284,0.6966292134831461,0.8567922955829244,0.6966292134831461,0.4470588235294118,0.2,0.0,0.2307692307692307,0.2,0.2307692307692307,0.2,0.3333333333333333,0.2355555555555554,0.0,0.2717948717948715,0.2355555555555554,0.2875226039783003,0.2726134585289512,0.3741176470588237,1.0,1.0,1.0,,1.0,1.0,,0.7272727272727273,0.5,,,1
-1.3418159934215934,1.9060998004736611,-6.338241641275493,-2.7836003300529533,0.1273837565797784,-3.970060467940245,0.0548515914100569,0.1100053988961896,-0.9981407165522852,0.537349735714478,Spyware-TIBS-98f79b05b432de9dd246e9fec02ce0e37acbfbe0798d10c621c0b397e05ea470-6.raw,0.2941176470588235,0.3571428571428571,0.3574848094273614,,0.3507031358096124,0.3459459459459459,0.508288043478261,0.2861478430522436,0.3052301154014605,,0.3015427769985975,0.2881152460984393,0.3703703703703703,0.2355212355212355,0.296551724137931,0.3818181818181818,0.1947674418604651,0.1764705882352941,0.1236559139784946,0.2061068702290076,0.5476190476190477,0.515625,0.5476190476190477,0.7502930128916918,0.8027123207713526,0.7502930128916918,0.0112359550561797,4.630058338735068e-05,0.0112359550561797,0.0,0.0,0.0,0.0,0.0,0.0,0.0,0.0666666666666666,0.0,0.0,0.0,0.0,0.1557414104882463,0.1373239436619719,0.2013480392156864,0.0,0.0,0.0,,0.0,0.0,,0.2727272727272727,1.0,,,1
6.289613391156335,0.4830808086475989,1.5494011350408925,-1.3914501354885274,0.0071731538441819,-0.163256365288394,1.3691206451612332,0.0834750979114586,-0.2962237029430563,0.5676999409595774,Spyware-TIBS-6666171e4b060f807fe35397acf8a6b5851d02614d02d63d32142e126aac932d-4.raw,0.5294117647058824,0.5714285714285714,0.2256306389246916,,0.454711261493566,0.7124324324324325,0.5626630434782608,0.7301105571211792,0.41652237240143,,0.4025245441795231,0.8115246098439376,0.7407407407407407,0.6447876447876448,0.5747126436781609,0.7454545454545455,0.688953488372093,0.7647058823529411,0.5752688172043011,0.7633587786259542,0.6904761904761905,0.734375,0.6904761904761905,0.5889684027421882,0.6338136270700121,0.5889684027421882,0.0224719101123595,9.260116677470137e-05,0.0224719101123595,0.0,0.2,0.0,0.1538461538461538,0.2,0.1538461538461538,0.2,0.2666666666666666,0.2523809523809524,0.0,0.1941391941391941,0.2523809523809524,0.2327563936967193,0.3051643192488263,0.3365079365079363,1.0,1.0,1.0,,1.0,1.0,,0.9090909090909092,1.0,,,1
10.607565568432587,3.8532643850755655,0.2891523559582765,-0.503068150885127,-0.5569936333423173,2.33048539526337,-1.5949130338949815,-2.4993622236086845,-0.4134781759718288,7.88735821741888,Spyware-TIBS-3760770f4e0ecfe15d832609a805cbe1f8f32ca7e011fd5c6a0ad98750afe2e8-1.raw,1.0,0.7857142857142857,0.0,,0.0,0.8454054054054054,0.0,0.8291784088445697,0.215211555619317,,0.4207573632538569,0.8787515006002401,1.0,0.7239382239382239,0.8229885057471265,0.9272727272727272,0.811046511627907,0.7647058823529411,0.5806451612903226,0.7557251908396947,0.8333333333333334,0.9375,0.8333333333333334,0.6716920243140019,0.8359729354058936,0.6716920243140019,0.0898876404494382,0.0055097694230947,0.0898876404494382,0.0235294117647058,0.0,0.0,0.6923076923076923,0.0,0.6923076923076923,0.0,0.7333333333333333,0.0,0.0,0.6552197802197802,0.0,0.6178313097390856,0.0,0.6420868347338935,1.0,1.0,1.0,,1.0,1.0,,0.9090909090909092,0.5,,,1
-0.1349630475026287,2.762158780199006,-2.9968642658319538,-2.483626690107697,-0.083749448842521,0.9510645180951782,1.0214809660289692,-0.1182609205647815,-0.425899934737645,-0.3334866940509395,Spyware-TIBS-98f79b05b432de9dd246e9fec02ce0e37acbfbe0798d10c621c0b397e05ea470-4.raw,0.2941176470588235,0.3571428571428571,0.2617842018044559,,0.219729940503893,0.3005405405405405,0.4255434782608696,0.1829611966182527,0.1650843102903879,,0.2748948106591865,0.1596638655462184,0.3703703703703703,0.1911196911196911,0.1264367816091954,0.3818181818181818,0.1075581395348837,0.1568627450980392,0.0913978494623656,0.1984732824427481,0.4761904761904761,0.46875,0.4761904761904761,0.6768819497586783,0.7812647373784332,0.6768819497586783,0.0112359550561797,4.630058338735068e-05,0.0112359550561797,0.0,0.1,0.0,0.0769230769230769,0.1,0.0769230769230769,0.1,0.1333333333333333,0.1606060606060606,0.0,0.1235431235431235,0.1606060606060606,0.2700969916159792,0.2829705505761845,0.3023172905525847,0.0,0.6363636363636364,0.5,,0.6666666666666666,0.6666666666666666,,0.2727272727272727,1.0,,,1
6.777560574567787,-1.5997020729021525,-0.071026474405741,-2.20759032743493,0.22267424257485,-0.1112618138007642,-0.0241098607601929,-1.1448239309829802,0.1050459510008872,-0.0999077070622989,Spyware-TIBS-4579cff31815c40492e3f2dd85eb22f5084a96d95d850a31d48bd79553fe42b4-5.raw,0.6176470588235294,0.6428571428571429,0.1604783906343001,,0.36374414480087,0.7783783783783784,0.4808897876643074,0.7695642748753523,0.3191844417067356,,0.4305750350631136,0.8463385354141657,0.8518518518518519,0.6833976833976834,0.5977011494252874,0.8545454545454545,0.7151162790697675,0.7647058823529411,0.5752688172043011,0.7862595419847328,0.7142857142857143,0.796875,0.7142857142857143,0.5687326272979943,0.6658690064219048,0.5687326272979943,0.0224719101123595,9.260116677470137e-05,0.0224719101123595,0.0,0.1,0.0,0.0769230769230769,0.1,0.0769230769230769,0.1,0.2,0.1204545454545453,0.0,0.0926573426573425,0.1204545454545453,0.1067318757192177,0.166453265044814,0.2125668449197862,1.0,1.0,1.0,,1.0,1.0,,0.9090909090909092,0.5,,,1
7.915919897442256,-1.6950886294309204,-0.3894566909974671,-2.4183518079510784,0.3712450497459678,-0.8133368237899591,-0.8553648328051874,1.6662940356059155,0.4523994476795492,0.3015691418391707,Spyware-TIBS-5045036bec213df4c03e57feb5f3b97b6e676eb3a1ab220d1596ad71f3246baa-2.raw,0.5882352941176471,0.5714285714285714,0.2693794881237342,,0.5068070422594261,0.8335135135135135,0.6139233954451349,0.8744851506611749,0.4722666422215201,,0.455820476858345,0.9381752701080432,0.8148148148148148,0.7683397683397684,0.7816091954022989,0.8181818181818182,0.9186046511627908,0.803921568627451,0.5967741935483871,0.8244274809160306,0.9285714285714286,0.921875,0.9285714285714286,0.7985574143074533,0.8018829902041158,0.7985574143074533,0.0337078651685393,0.0130104639318455,0.0337078651685393,0.0,0.1,0.0,0.0769230769230769,0.1,0.0769230769230769,0.1,0.2,0.123255813953488,0.0,0.0948121645796061,0.123255813953488,0.118129441944573,0.1745823779888634,0.2271773825809394,1.0,1.0,1.0,,1.0,1.0,,0.9090909090909092,0.5,,,1
1.8712050972768275,-0.9717405857476682,-3.2181522497783965,-2.7214592750795767,0.1684123677669601,1.126992345759842,0.9721676233524894,0.1844419679291617,-0.2994908522947372,0.5078690345512533,Spyware-TIBS-570dbd214653ec1c9b7ff1f2c119060a7cacc28549706ece5f233ebdc05b1518-7.raw,0.4117647058823529,0.4285714285714285,0.2590273941774586,,0.2446160705176314,0.4648648648648649,0.4342995169082124,0.3628874918707999,0.1917133218124264,,0.3380084151472651,0.354141656662665,0.5185185185185185,0.3030888030888031,0.3310344827586207,0.5272727272727272,0.252906976744186,0.3529411764705882,0.1344086021505376,0.2595419847328244,0.5952380952380952,0.609375,0.5952380952380952,0.6903755029944841,0.7933728660828128,0.6903755029944841,0.0112359550561797,4.630058338735068e-05,0.0112359550561797,0.0,0.0,0.0,0.0,0.0,0.0,0.0,0.1333333333333333,0.0,0.0,0.0,0.0,0.0958408679927671,0.1017214397496085,0.2424836601307188,1.0,0.8181818181818182,1.0,,0.6666666666666666,0.8333333333333334,,0.5454545454545454,1.0,,,1
-0.6496786671146408,0.4282828377365701,-4.32439999267268,-2.7641733482088524,0.0950912942580951,0.7402651013899327,0.8315345413262811,-0.2347102339950454,0.0473040513404089,-0.1068668163576925,Spyware-TIBS-327c5b55bece5d32b51b019eae79acd917c944de61153db2fea6a3f59b070a97-3.raw,0.2941176470588235,0.3571428571428571,0.3078622721414104,,0.2381652432044879,0.2983783783783784,0.4216032608695653,0.1974853674398439,0.1848107156316523,,0.273492286115007,0.1758703481392557,0.3703703703703703,0.1891891891891892,0.2160919540229885,0.3818181818181818,0.1075581395348837,0.1568627450980392,0.0913978494623656,0.1984732824427481,0.4761904761904761,0.46875,0.4761904761904761,0.6796097563447521,0.7860959708664363,0.6796097563447521,0.0112359550561797,4.630058338735068e-05,0.0112359550561797,0.0,0.0,0.0,0.0,0.0,0.0,0.0,0.0666666666666666,0.0,0.0,0.0,0.0,0.1557414104882463,0.1373239436619719,0.2013480392156864,0.0,0.6363636363636364,0.5,,0.6666666666666666,0.6666666666666666,,0.2727272727272727,1.0,,,1
4.077814584784114,-2.9551702821547217,-0.9278573468620468,-2.0501241970542954,0.2586257124971686,0.4704264665145934,-0.7472460954722486,-0.0782150346718608,-0.0252763151725537,-0.1802411835033637,Spyware-TIBS-7469e64fea64885609ff5e5a6256e808fdd81e6f797d5706b1cf4a96c96d0c1b-9.raw,0.4411764705882353,0.5,0.2706932673789605,,0.5152153449030217,0.5924324324324325,0.5725029377203291,0.6494688922610015,0.4812638140539217,,0.3814866760168303,0.7521008403361344,0.6296296296296297,0.640926640926641,0.5011494252873563,0.5818181818181818,0.6569767441860465,0.5686274509803921,0.489247311827957,0.5267175572519084,0.6190476190476191,0.640625,0.6190476190476191,0.624704469119502,0.6828229123672211,0.624704469119502,0.0224719101123595,9.260116677470137e-05,0.0224719101123595,0.0,0.0,0.0,0.0,0.0,0.0,0.0,0.1333333333333333,0.0,0.0,0.0,0.0,0.0828893993450959,0.0940236010658544,0.2246952835188128,1.0,1.0,1.0,,1.0,1.0,,0.6363636363636364,0.5,,,1
5.873899290231206,-2.7035177826082686,-2.526112479856208,4.582150987388761,0.0465921014185855,0.4329707672773103,1.1698667674823755,-0.3835468854446357,-0.0599242017345815,-0.8195899445265831,Spyware-TIBS-0149e4302db69ee3430709369101d4e70f5d8bfce7c76555cb835f4862a03879-10.raw,0.5,0.5,0.2340646525879448,,0.5555727568658223,0.6854054054054054,0.5851727982162768,0.7819206590071537,0.5792923344632064,,0.9607293127629734,0.7695078031212484,0.6666666666666666,0.667953667953668,0.5241379310344828,0.6181818181818182,0.686046511627907,0.6470588235294118,0.4946236559139785,0.7099236641221374,0.6190476190476191,0.65625,0.6190476190476191,0.5099230945185211,0.5135456931628852,0.5099230945185211,0.6741573033707865,0.859246226502454,0.6741573033707865,0.5270588235294117,0.0,0.0,0.0769230769230769,0.0,0.0769230769230769,0.0,0.1333333333333333,0.0,0.0,0.1045364891518736,0.0,0.1695646126025876,0.0798122065727696,0.1918552036199095,1.0,1.0,1.0,,1.0,1.0,,0.7272727272727273,1.0,,,1
-0.6564246476301151,0.4325784990609078,-4.359251107979596,-2.7907132782462325,0.0738260863199634,0.8713743027983017,0.9154544495456968,-0.330228444651142,-0.3185921806406719,-0.2287119945045775,Spyware-TIBS-5555ad162e1d6f2cce4027b9c8f6d68e141d13498aa7ed59965dceb22f9bf1b9-5.raw,0.2941176470588235,0.3571428571428571,0.2653286687534524,,0.2186293254172903,0.3016216216216216,0.4275135869565218,0.1820940819423368,0.1639066144491184,,0.2847124824684432,0.1548619447779111,0.3703703703703703,0.1814671814671814,0.135632183908046,0.3818181818181818,0.1075581395348837,0.1568627450980392,0.0967741935483871,0.183206106870229,0.4761904761904761,0.46875,0.4761904761904761,0.6755214224638916,0.7788550998837975,0.6755214224638916,0.0112359550561797,4.630058338735068e-05,0.0112359550561797,0.0,0.0,0.0,0.0,0.0,0.0,0.0,0.0666666666666666,0.0,0.0,0.0,0.0,0.1557414104882463,0.1373239436619719,0.2013480392156864,0.0,0.6363636363636364,0.5,,0.6666666666666666,0.6666666666666666,,0.3636363636363636,1.0,,,1
7.794138915572167,-4.015367041021341,-1.358177394697481,-2.5720000902344826,0.524061439704943,-1.1876533979141162,-0.6969134335646888,0.4885735893069036,0.7696433809302395,0.326847793285677,Spyware-TIBS-5045036bec213df4c03e57feb5f3b97b6e676eb3a1ab220d1596ad71f3246baa-3.raw,0.6470588235294118,0.6428571428571429,0.2550174921745534,,0.4675184188649429,0.8994594594594595,0.5874505928853757,0.9249945805332755,0.4302264694634754,,0.4656381486676016,0.9861944777911164,0.8888888888888888,0.8108108108108109,0.8367816091954023,0.8909090909090909,0.936046511627907,0.9215686274509804,0.6236559139784946,0.8931297709923665,0.9047619047619048,0.9375,0.9047619047619048,0.7088062417363776,0.7341286484625932,0.7088062417363776,0.0337078651685393,0.0130104639318455,0.0337078651685393,0.0,0.0,0.0,0.0,0.0,0.0,0.0,0.1333333333333333,0.0,0.0,0.0,0.0,0.0087128061811609,0.0499359795134441,0.1228163992869874,1.0,1.0,1.0,,1.0,1.0,,0.9090909090909092,0.5,,,1
7.582768746064437,0.3565310082180104,1.2046684335067157,-2.133169830721877,0.1006777120176679,6.090930425861772e-05,-1.4716976312473966,-1.5340084375999297,0.1246854252036214,-0.7722556572814494,Spyware-TIBS-992eed3db41572414b500aecbe50a54ccd1e5faa2561dec87e1fe3c2db678f44-4.raw,0.6176470588235294,0.6428571428571429,0.1604783906343001,,0.3649727383859145,0.7783783783783784,0.4808897876643074,0.7708649468892261,0.3204990789248966,,0.4319775596072931,0.8499399759903962,0.8518518518518519,0.6833976833976834,0.6,0.8545454545454545,0.7151162790697675,0.7647058823529411,0.5806451612903226,0.7862595419847328,0.7142857142857143,0.796875,0.7142857142857143,0.565946352869744,0.6607965201424513,0.565946352869744,0.0224719101123595,9.260116677470137e-05,0.0224719101123595,0.0,0.2,0.0,0.1538461538461538,0.2,0.1538461538461538,0.2,0.2666666666666666,0.2355555555555554,0.0,0.181196581196581,0.2355555555555554,0.1916817359855337,0.2726134585289512,0.2863616557734203,1.0,1.0,1.0,,1.0,1.0,,0.9090909090909092,0.0,,,1
7.348778781367589,5.388023769011484,4.4233263782434165,-0.6398483429061286,-0.4320353293499434,0.5964864438831305,-0.0687142311368275,-0.5187976935215086,-0.6649106441875591,0.7799246312972119,Spyware-TIBS-3031e4fc4cab067dba86e6f667dfaf323a996c8a112776899d692d8af34b21b2-5.raw,0.5294117647058824,0.5714285714285714,0.2029460504511139,,0.4192714557049596,0.6691891891891892,0.4996195652173912,0.6954259700845437,0.4282993308141251,,0.394109396914446,0.7893157262905162,0.7037037037037037,0.6216216216216216,0.5379310344827586,0.6363636363636364,0.6802325581395349,0.7058823529411765,0.4946236559139785,0.6030534351145038,0.6428571428571429,0.6875,0.6428571428571429,0.5667444856737083,0.6193095325070221,0.5667444856737083,0.0224719101123595,9.260116677470137e-05,0.0224719101123595,0.0,0.4,0.0,0.3846153846153846,0.4,0.3846153846153846,0.4,0.4666666666666667,0.4818181818181819,0.0,0.4632867132867132,0.4818181818181819,0.4988081538714451,0.5160051216389243,0.5715686274509806,1.0,1.0,1.0,,1.0,1.0,,1.0,0.5,,,1
3.727465337287827,1.0420433842508754,-7.118509995385399,2.7718732822553216,0.0585407324739679,0.731494322176725,0.4614737236480585,1.2527301804593145,-0.0352357457083778,-0.6718510780862129,Spyware-TIBS-979db6d35d22f609cbdd3515bea40d29c89bf89364999c4218ab5dfffd7fc11a-5.raw,0.4411764705882353,0.4285714285714285,0.2185800235883096,,0.2739129237538065,0.48,0.3952996474735608,0.4298721005853024,0.2725817695796,,0.884992987377279,0.2821128451380552,0.5185185185185185,0.3513513513513513,0.328735632183908,0.5454545454545454,0.311046511627907,0.3333333333333333,0.2204301075268817,0.4274809160305343,0.6904761904761905,0.671875,0.6904761904761905,0.8301696621883986,0.9098294599247234,0.8301696621883986,0.6853932584269663,0.856745994999537,0.6853932584269663,0.5364705882352941,0.0,0.0,0.0769230769230769,0.0,0.0769230769230769,0.0,0.1333333333333333,0.0,0.0,0.1101871101871101,0.0,0.1994526171741363,0.0940236010658544,0.2246952835188128,0.0,0.6363636363636364,0.5,,0.6666666666666666,0.6666666666666666,,0.3636363636363636,1.0,,,1
9.795735290532358,5.56003231448979,4.932304481629321,-1.2894526521119194,-0.29315211282697,-0.4986814226072942,-1.3028734089931675,-0.89136645084508,-0.5029727009505034,-0.7543263681493521,Spyware-TIBS-8217ae4fbd1555e6e06a5d3f18231377941f07d100b5ad62a8b31b9f1b64703e-6.raw,0.6176470588235294,0.6428571428571429,0.178942590554654,,0.4309072607833218,0.841081081081081,0.5659251769464105,0.8406676783004552,0.3910512762995543,,0.4389901823281907,0.8745498199279712,0.8518518518518519,0.918918918918919,0.6298850574712643,0.8727272727272727,0.7383720930232558,0.8431372549019608,0.8655913978494624,0.8396946564885496,0.7619047619047619,0.828125,0.7619047619047619,0.5840416663979247,0.63740233524104,0.5840416663979247,0.0224719101123595,9.260116677470137e-05,0.0224719101123595,0.0,0.5,0.0,0.3846153846153846,0.5,0.3846153846153846,0.5,0.4666666666666667,0.5520833333333331,0.0,0.4246794871794869,0.5520833333333331,0.4252938517179027,0.5645539906103286,0.4892973856209149,1.0,1.0,1.0,,1.0,1.0,,0.8181818181818182,0.0,,,1
4.353224307328277,-2.892229182088717,-0.9050560592159496,-2.304100738838398,0.2759064568030817,0.621197342934041,-2.3185043586170675,-0.5428904079265409,-0.0283402731903737,-0.8966783988579075,Spyware-TIBS-2361f526473d9f47642b2c9504cf0e0ffa62f222eccbdf665035ad4658cfb915-10.raw,0.4411764705882353,0.5,0.2553658427346511,,0.509028103335093,0.5902702702702702,0.5690951821386604,0.6438326468675483,0.4746432536489471,,0.3786816269284712,0.7460984393757503,0.6296296296296297,0.6486486486486487,0.4689655172413793,0.5818181818181818,0.6569767441860465,0.5686274509803921,0.5053763440860215,0.5267175572519084,0.6190476190476191,0.640625,0.6190476190476191,0.6301954649951663,0.6925273099548603,0.6301954649951663,0.0224719101123595,9.260116677470137e-05,0.0224719101123595,0.0,0.0,0.0,0.0,0.0,0.0,0.0,0.1333333333333333,0.0,0.0,0.0,0.0,0.0828893993450959,0.0940236010658544,0.2246952835188128,1.0,1.0,1.0,,1.0,1.0,,0.6363636363636364,0.0,,,1
3.4274746352732732,-2.4838743926463733,-2.297976848451556,-2.6175192039119515,0.2959723919952732,1.1747795714724178,1.1521262538067645,1.1422282503208077,0.0840220768457485,-0.1098527883591043,Spyware-TIBS-599e4bde3509a8bf8d535685bcf40f703d68c03b3bb6343accac3ae6dc696248-9.raw,0.4411764705882353,0.4285714285714285,0.2523003578057898,,0.3981336967714497,0.5643243243243243,0.528202115158637,0.542813787123347,0.3559824402367104,,0.3702664796633941,0.5972388955582233,0.5925925925925926,0.5405405405405406,0.3885057471264367,0.5636363636363636,0.4825581395348837,0.4313725490196078,0.2795698924731182,0.4351145038167939,0.6904761904761905,0.6875,0.6904761904761905,0.7329172737298645,0.781354059639369,0.7329172737298645,0.0224719101123595,0.002916936753403,0.0224719101123595,0.0,0.0,0.0,0.0,0.0,0.0,0.0,0.0666666666666666,0.0,0.0,0.0,0.0,0.0828893993450959,0.0940236010658544,0.1179650238473767,1.0,1.0,1.0,,1.0,1.0,,0.5454545454545454,1.0,,,1
8.183526242587527,-1.2532492922710017,-1.0620502985049889,-3.0067575653382064,0.3793550230841094,-0.0537511493870561,-2.1607955920837303,0.7348402673638202,0.3405654714050717,-0.6024976029270858,Spyware-TIBS-2361f526473d9f47642b2c9504cf0e0ffa62f222eccbdf665035ad4658cfb915-6.raw,0.6176470588235294,0.6428571428571429,0.1710293620173595,,0.4001924211572004,0.8043243243243243,0.5160768452982812,0.8081508779536094,0.3581853458455212,,0.4726507713884993,0.885954381752701,0.8518518518518519,0.7162162162162162,0.6597701149425287,0.8727272727272727,0.7122093023255814,0.7843137254901961,0.6290322580645161,0.8015267175572519,0.9047619047619048,0.921875,0.9047619047619048,0.8076817342811158,0.8717843305801645,0.8076817342811158,0.0449438202247191,0.0002315029169367,0.0449438202247191,0.0117647058823529,0.1,0.0,0.0769230769230769,0.1,0.0769230769230769,0.1,0.2,0.1204545454545453,0.0,0.0926573426573425,0.1204545454545453,0.1067318757192177,0.166453265044814,0.2125668449197862,1.0,1.0,1.0,,1.0,1.0,,0.8181818181818182,0.0,,,1
-0.0772768435651413,2.6956860856151956,-2.919819751489679,-2.432655239015281,-0.0761130387473201,0.8603790927526488,1.0237799191978263,-0.0856408399555647,-0.3167166916798816,-0.2746445679186307,Spyware-TIBS-9675cdaca063fc0ae0f9c3efb59251dcbf8c89cf9209b6df888c9c64a50e5f20-4.raw,0.2941176470588235,0.3571428571428571,0.2795065365494384,,0.2266087847951597,0.3016216216216216,0.4275135869565218,0.188380663342727,0.1724449092983223,,0.2861150070126227,0.1650660264105642,0.3703703703703703,0.1814671814671814,0.1586206896551724,0.3818181818181818,0.1075581395348837,0.1568627450980392,0.0967741935483871,0.183206106870229,0.4761904761904761,0.46875,0.4761904761904761,0.6755214224638916,0.7788550998837975,0.6755214224638916,0.0112359550561797,4.630058338735068e-05,0.0112359550561797,0.0,0.1,0.0,0.0769230769230769,0.1,0.0769230769230769,0.1,0.1333333333333333,0.1606060606060606,0.0,0.1235431235431235,0.1606060606060606,0.2700969916159792,0.2829705505761845,0.3023172905525847,0.0,0.6363636363636364,0.5,,0.6666666666666666,0.6666666666666666,,0.3636363636363636,1.0,,,1
7.461742245298256,-2.500985821890981,-3.7298858815796057,3.474902159401593,0.2049838617529508,0.4725033100614942,0.9057960422449208,1.4557047056998575,-0.0096923452446765,-0.5940072521361092,Spyware-TIBS-979db6d35d22f609cbdd3515bea40d29c89bf89364999c4218ab5dfffd7fc11a-9.raw,0.5588235294117647,0.5,0.2037759744196594,,0.5000780784779206,0.7405405405405405,0.5427889713679747,0.8213743767613266,0.5156843622363234,,0.976157082748948,0.7827130852340937,0.7407407407407407,0.7702702702702703,0.5632183908045977,0.6909090909090909,0.686046511627907,0.7058823529411765,0.553763440860215,0.732824427480916,0.8095238095238095,0.8125,0.8095238095238095,0.7283873478626488,0.7412299633275583,0.7283873478626488,0.6966292134831461,0.8567922955829244,0.6966292134831461,0.4470588235294118,0.0,0.0,0.0769230769230769,0.0,0.0769230769230769,0.0,0.1333333333333333,0.0,0.0,0.0994371482176359,0.0,0.1425925109160679,0.0669872895912056,0.1622190339550454,1.0,1.0,1.0,,1.0,1.0,,0.8181818181818182,1.0,,,1
6.984712687015096,1.712145658093719,-0.2472478627219585,-2.7230061083635473,0.1680839909642451,0.7425806988637729,-1.1866689096653833,3.7717892045965655,-0.291792034025733,-0.0172712190209695,Spyware-TIBS-5045036bec213df4c03e57feb5f3b97b6e676eb3a1ab220d1596ad71f3246baa-10.raw,0.4705882352941176,0.5,0.2578666330713545,,0.5037175964022964,0.6637837837837838,0.6171624713958812,0.685454151311511,0.4689608293337468,,0.4347826086956521,0.7599039615846338,0.6296296296296297,0.666023166023166,0.5241379310344828,0.6181818181818182,0.7412790697674418,0.5098039215686274,0.4139784946236559,0.6030534351145038,0.9285714285714286,0.859375,0.9285714285714286,1.0,1.0,1.0,0.0224719101123595,0.0129641633484581,0.0224719101123595,0.0,0.2,0.0,0.1538461538461538,0.2,0.1538461538461538,0.2,0.2666666666666666,0.2650000000000001,0.0,0.2038461538461538,0.2650000000000001,0.2635623869801088,0.3295774647887326,0.3741176470588237,1.0,1.0,1.0,,1.0,1.0,,0.6363636363636364,0.5,,,1
-0.3553940472836854,1.872039761082586,-7.122845794897062,-3.3309288864183526,0.1545894495732216,-3.6932689863855144,0.8731344751878667,-1.9423972800572495,-0.8916231551666305,0.3044446892564066,Spyware-TIBS-248a7274908dc58a27ad4f999f106628810a4d04b027244683886198ad927afd-6.raw,0.4411764705882353,0.5714285714285714,0.1817942044419673,,0.127560863589341,0.4432432432432432,0.3373678025851941,0.2963364404942553,0.0664602409883985,,0.3211781206171108,0.2743097238895558,0.5555555555555556,0.2953667953667954,0.2666666666666666,0.509090909090909,0.1860465116279069,0.2156862745098039,0.1021505376344086,0.3206106870229007,0.5476190476190477,0.59375,0.5476190476190477,0.6351271042754759,0.8020878401458167,0.6351271042754759,0.0112359550561797,4.630058338735068e-05,0.0112359550561797,0.0,0.0,0.0,0.0,0.0,0.0,0.0,0.0666666666666666,0.0,0.0,0.0,0.0,0.0828893993450959,0.0940236010658544,0.1179650238473767,0.0,0.0,0.0,,0.0,0.0,,0.0909090909090909,1.0,,,1
4.356587058645681,-2.9173768615834383,-0.8651531366747593,-2.276789943045889,0.2763700735577337,0.5829729518574414,-2.3156643648160102,-0.5697855026046121,0.0036774960201624,-0.8827914253875858,Spyware-TIBS-2361f526473d9f47642b2c9504cf0e0ffa62f222eccbdf665035ad4658cfb915-8.raw,0.4411764705882353,0.5,0.2492348728769278,,0.5156912865620932,0.5902702702702702,0.5690951821386604,0.6499024495989595,0.4817730879312276,,0.3786816269284712,0.7496998799519808,0.6296296296296297,0.6486486486486487,0.4827586206896552,0.5818181818181818,0.6569767441860465,0.5686274509803921,0.5053763440860215,0.5267175572519084,0.6190476190476191,0.640625,0.6190476190476191,0.6257996554025226,0.6847584671124102,0.6257996554025226,0.0224719101123595,9.260116677470137e-05,0.0224719101123595,0.0,0.0,0.0,0.0,0.0,0.0,0.0,0.1333333333333333,0.0,0.0,0.0,0.0,0.0828893993450959,0.0940236010658544,0.2246952835188128,1.0,1.0,1.0,,1.0,1.0,,0.6363636363636364,0.0,,,1
2.66307627943177,5.128870998242659,-7.829840489240917,2.6403419731815068,-0.1200856145549177,-3.3369329930837086,-0.2230579356250401,1.2012604844476016,-1.1276597751783828,0.1458663210618104,Spyware-TIBS-4754c35288a9488036c211c68f36f86496240000164edd36f9eaaeed12e65dbf-6.raw,0.4117647058823529,0.4285714285714285,0.2558767568894616,,0.2949997833709988,0.4854054054054054,0.4675724637681159,0.4077606763494472,0.2972049594545239,,0.6185133239831697,0.3067226890756303,0.4814814814814814,0.3764478764478765,0.3586206896551724,0.509090909090909,0.3430232558139535,0.2745098039215686,0.2311827956989247,0.3740458015267175,0.7142857142857143,0.6875,0.7142857142857143,0.8622729479938087,0.9346262433203784,0.8622729479938087,0.6853932584269663,0.856745994999537,0.6853932584269663,0.5364705882352941,0.1,0.0,0.1538461538461538,0.1,0.1538461538461538,0.1,0.2,0.1432432432432431,0.0,0.2203742203742202,0.1432432432432431,0.3160158350031768,0.2325846973734295,0.3314255431902492,0.0,0.0,0.0,,0.0,0.0,,0.0909090909090909,1.0,,,1
3.970470079915232,-3.1951147300009035,-0.7833201082582065,-1.7455436397243418,0.2379054053952155,0.1445903772020395,0.763043642708935,0.5869925477789094,-0.3361656008547398,0.5270725967340505,Spyware-TIBS-589f74cdc865423cfb901a43f8fddab707b0e509a1053e15379dc61562f8659f-10.raw,0.4411764705882353,0.5,0.2768242372366842,,0.5406782236633433,0.6335135135135135,0.6372502937720328,0.6726642098417516,0.5085099664897789,,0.3744740532959327,0.7695078031212484,0.6296296296296297,0.6428571428571429,0.4942528735632184,0.5636363636363636,0.7790697674418605,0.5882352941176471,0.4516129032258064,0.5267175572519084,0.6666666666666666,0.671875,0.6666666666666666,0.626248119277605,0.6262902051912111,0.626248119277605,0.0224719101123595,9.260116677470137e-05,0.0224719101123595,0.0,0.0,0.0,0.0,0.0,0.0,0.0,0.1333333333333333,0.0,0.0,0.0,0.0,0.0828893993450959,0.0940236010658544,0.2246952835188128,1.0,1.0,1.0,,1.0,1.0,,0.7272727272727273,1.0,,,1
1.905428919111836,-2.508107312722243,-1.296073836180518,-1.9249393041354004,0.1707152501635108,1.28058357801281,1.1830974668714012,0.3437987532649068,-0.0392660162464804,-0.17703211019549,Spyware-TIBS-1421d1a140f3875addfe2378e53f749e8c6023bb0ec3fbe33943218ec09f6b33-8.raw,0.3529411764705882,0.3571428571428571,0.3137002177044632,,0.4641636028255655,0.4637837837837837,0.5692455242966759,0.4665076956427487,0.4266367013911563,,0.335203366058906,0.5372148859543817,0.4814814814814814,0.4671814671814672,0.3379310344827586,0.4545454545454545,0.3924418604651162,0.3725490196078431,0.2419354838709677,0.3893129770992366,0.5476190476190477,0.546875,0.5476190476190477,0.6127557632643426,0.6451321149605728,0.6127557632643426,0.0112359550561797,4.630058338735068e-05,0.0112359550561797,0.0,0.0,0.0,0.0,0.0,0.0,0.0,0.0666666666666666,0.0,0.0,0.0,0.0,0.1240293585788749,0.1184755592377796,0.1650519031141867,1.0,1.0,1.0,,1.0,1.0,,0.6363636363636364,1.0,,,1
-0.5304432665151009,1.7135137249347685,-6.685260059882483,-3.057185143193857,0.1668590403162654,-4.0493369735821885,0.4727083865823208,-0.7721170041412156,-0.861120477021483,0.4725508088848445,Spyware-TIBS-570dbd214653ec1c9b7ff1f2c119060a7cacc28549706ece5f233ebdc05b1518-6.raw,0.3823529411764705,0.4285714285714285,0.2726201436199598,,0.2546508848945297,0.4205405405405405,0.4268944099378883,0.3314545848688489,0.2024509169112394,,0.3281907433380084,0.3265306122448979,0.4814814814814814,0.2857142857142857,0.3241379310344827,0.4909090909090909,0.2151162790697674,0.2352941176470588,0.1290322580645161,0.2290076335877862,0.5714285714285714,0.578125,0.5714285714285714,0.7012004346175464,0.8066424985362113,0.7012004346175464,0.0112359550561797,4.630058338735068e-05,0.0112359550561797,0.0,0.0,0.0,0.0,0.0,0.0,0.0,0.0666666666666666,0.0,0.0,0.0,0.0,0.109532420563162,0.1098591549295773,0.1484593837535013,0.0,0.0,0.0,,0.0,0.0,,0.2727272727272727,1.0,,,1
0.9783570133685048,6.77181220932605,0.2911191862282551,-1.3953596978039748,-0.3248330321338948,0.2860267707639148,1.1286412720682986,0.22230787535807,0.8024649627708059,0.0407442586559807,Spyware-TIBS-5555ad162e1d6f2cce4027b9c8f6d68e141d13498aa7ed59965dceb22f9bf1b9-1.raw,0.2941176470588235,0.3571428571428571,0.4921745534892285,,0.304202148400649,0.2994594594594594,0.4235733695652174,0.2495122479947973,0.2554724661078234,,0.2959326788218794,0.2022809123649459,0.3703703703703703,0.166023166023166,0.4459770114942529,0.3818181818181818,0.1075581395348837,0.1568627450980392,0.0967741935483871,0.183206106870229,0.4523809523809524,0.453125,0.4523809523809524,0.633729565015061,0.742434599568157,0.633729565015061,0.0112359550561797,4.630058338735068e-05,0.0112359550561797,0.0,0.3,0.0,0.2307692307692307,0.3,0.2307692307692307,0.3,0.2666666666666666,0.4542857142857144,0.0,0.3494505494505494,0.4542857142857144,0.479204339963834,0.5492957746478873,0.4869467787114844,0.0,0.6363636363636364,0.5,,0.6666666666666666,0.6666666666666666,,0.3636363636363636,1.0,,,1
6.768583644649335,-1.6162096792264364,-0.0356675278526506,-2.185112533790303,0.223509485020203,-0.1413787846269044,-0.0244498086530729,-1.1783786729325922,0.1561003907988692,-0.0822441967712977,Spyware-TIBS-4579cff31815c40492e3f2dd85eb22f5084a96d95d850a31d48bd79553fe42b4-4.raw,0.6176470588235294,0.6428571428571429,0.1683916191715948,,0.3649727383859145,0.7783783783783784,0.4808897876643074,0.7708649468892261,0.3204990789248966,,0.429172510518934,0.8487394957983193,0.8518518518518519,0.6833976833976834,0.6091954022988506,0.8545454545454545,0.7151162790697675,0.7647058823529411,0.5752688172043011,0.7862595419847328,0.7142857142857143,0.796875,0.7142857142857143,0.564094428144406,0.657425042205954,0.564094428144406,0.0224719101123595,9.260116677470137e-05,0.0224719101123595,0.0,0.1,0.0,0.0769230769230769,0.1,0.0769230769230769,0.1,0.2,0.1204545454545453,0.0,0.0926573426573425,0.1204545454545453,0.1067318757192177,0.166453265044814,0.2125668449197862,1.0,1.0,1.0,,1.0,1.0,,0.9090909090909092,0.5,,,1
5.461339572397131,13.318405683544707,4.116519697431759,-1.1086323793065214,-0.800348715990246,-0.1182814031761068,2.00188822725826,0.0124219088811591,-0.796968337935578,-0.1472026904299707,Spyware-TIBS-505c865b3cadf62b53d15f53d6d9a4293f7d7287fc88b54fa2b19974b3338a57-5.raw,0.4411764705882353,0.5714285714285714,0.2247109934460329,,0.2222732537445559,0.5037837837837837,0.4327849588719153,0.3826143507478864,0.1678057425722404,,0.3239831697054698,0.3259303721488595,0.5555555555555556,0.4884169884169884,0.328735632183908,0.5636363636363636,0.2209302325581395,0.3725490196078431,0.4193548387096774,0.3893129770992366,0.5952380952380952,0.625,0.5952380952380952,0.6477485123658022,0.7557755741315209,0.6477485123658022,0.0112359550561797,4.630058338735068e-05,0.0112359550561797,0.0,0.7,0.0,0.5384615384615384,0.7,0.5384615384615384,0.7,0.5333333333333333,0.8431818181818185,0.0,0.6486013986013986,0.8431818181818185,0.6948462929475591,0.8655569782330347,0.661319073083779,0.0,0.6363636363636364,0.5,,0.6666666666666666,0.6666666666666666,,0.2727272727272727,1.0,,,1
9.766746698067696,-3.1626674845336273,-2.994065467078478,2.9168133109455914,0.3150872830554633,-0.5537477355762332,-0.8425780326403056,0.0573751621303411,0.6789969674474591,-0.0451239585131891,Spyware-TIBS-5065428bc91f6a12f48944a8c7299d559faf3d53e2c7c47db05bb9103450ab8d-3.raw,0.7058823529411765,0.6428571428571429,0.2098500556387245,,0.4282007937553969,0.9524324324324324,0.5468336483931946,0.9718187730327336,0.4314398530575108,,0.7391304347826086,0.9369747899159664,0.925925925925926,0.805019305019305,0.8505747126436781,0.9454545454545454,1.0,1.0,0.7150537634408602,1.0,0.9047619047619048,0.953125,0.9047619047619048,0.6638235627141096,0.6860635008520906,0.6638235627141096,0.6853932584269663,0.8553106769145291,0.6853932584269663,0.4392156862745098,0.0,0.0,0.0769230769230769,0.0,0.0769230769230769,0.0,0.2,0.0,0.0,0.088628762541806,0.0,0.0854233823413792,0.0398040416411512,0.1852514919011081,1.0,1.0,1.0,,1.0,1.0,,1.0,0.5,,,1
10.162429274809844,5.433396253257982,1.2652841489499147,3.950441398688523,-0.3670445986755007,0.8164480773133894,-0.5121229216479731,1.1796562389816572,-0.4172438146147214,-0.4131437081647655,Spyware-TIBS-78791f14568516cded277d28fae715f599d5074532d9a5f41fd1f0a14d648db2-7.raw,0.5882352941176471,0.5714285714285714,0.1883631007180997,,0.4579606965111547,0.7697297297297298,0.5253623188405799,0.8241924994580533,0.4682835408396659,,0.7110799438990182,0.8169267707082833,0.7777777777777778,0.8011583011583011,0.6137931034482759,0.7454545454545455,0.8575581395348837,0.7450980392156863,0.6075268817204301,0.7175572519083969,0.8095238095238095,0.828125,0.8095238095238095,0.7252653200547139,0.768246646492351,0.7252653200547139,0.6966292134831461,0.8567922955829244,0.6966292134831461,0.4470588235294118,0.4,0.0,0.3846153846153846,0.4,0.3846153846153846,0.4,0.4666666666666667,0.4608695652173913,0.0,0.4431438127090299,0.4608695652173913,0.4604528657913362,0.4856093080220452,0.5286445012787726,1.0,1.0,1.0,,1.0,1.0,,0.7272727272727273,0.5,,,1
0.6422256471809241,0.2214099470606096,-5.02013975464067,-3.2786014339313665,0.1425674132957014,0.808389758388435,1.5594766625544445,-1.8122709584302923,0.0257878435830711,-0.292076690763849,Spyware-TIBS-248a7274908dc58a27ad4f999f106628810a4d04b027244683886198ad927afd-5.raw,0.4411764705882353,0.5714285714285714,0.148073870224487,,0.0654504770805194,0.4021621621621621,0.27262044653349,0.2397572078907435,0.0,,0.3183730715287517,0.1968787515006002,0.5555555555555556,0.2625482625482625,0.1839080459770115,0.509090909090909,0.1424418604651162,0.2156862745098039,0.0967741935483871,0.3206106870229007,0.5,0.5625,0.5,0.599407247305175,0.8113366564178897,0.599407247305175,0.0112359550561797,4.630058338735068e-05,0.0112359550561797,0.0,0.0,0.0,0.0,0.0,0.0,0.0,0.0666666666666666,0.0,0.0,0.0,0.0,0.0828893993450959,0.0940236010658544,0.1179650238473767,0.0,0.6363636363636364,0.5,,0.6666666666666666,0.6666666666666666,,0.2727272727272727,1.0,,,1
2.7318957851032275,3.663906897339025,-1.689805954156581,-2.371556388084074,-0.0860007029735254,-0.368127033808197,1.3647253123519725,-0.5930489254103869,-0.2038426893111156,-0.178828669283291,Spyware-TIBS-1981a8ad7e1e19ce11df0ba175d0e34fd8f1b1511b571dc00e362a078867d775-5.raw,0.4411764705882353,0.5714285714285714,0.2185800235883096,,0.2272706411648058,0.5113513513513513,0.4447121034077558,0.3871667027964448,0.1731531182839505,,0.3309957924263674,0.3283313325330132,0.5555555555555556,0.4864864864864865,0.335632183908046,0.5636363636363636,0.2441860465116279,0.3725490196078431,0.4086021505376344,0.3740458015267175,0.5952380952380952,0.625,0.5952380952380952,0.6397125240545122,0.7414134618978223,0.6397125240545122,0.0112359550561797,4.630058338735068e-05,0.0112359550561797,0.0,0.2,0.0,0.1538461538461538,0.2,0.1538461538461538,0.2,0.2,0.2717948717948714,0.0,0.2090729783037472,0.2717948717948714,0.2801502295173182,0.3427230046948356,0.2931121166415285,0.0,0.6363636363636364,0.5,,0.6666666666666666,0.6666666666666666,,0.2727272727272727,1.0,,,1
3.601132928215421,7.68380127596866,0.7851869108020914,-1.765984721258835,-0.4047927706936898,-0.1486311311845236,1.7292869817668226,-0.7281457579495094,-0.5160694482822734,-0.272121971459594,Spyware-TIBS-1981a8ad7e1e19ce11df0ba175d0e34fd8f1b1511b571dc00e362a078867d775-4.raw,0.4411764705882353,0.5714285714285714,0.2093835688017237,,0.1972863166433058,0.5081081081081081,0.4396004700352529,0.3598525905050942,0.1410688640136892,,0.3253856942496493,0.276110444177671,0.5555555555555556,0.4691119691119691,0.2988505747126437,0.5636363636363636,0.2441860465116279,0.3725490196078431,0.3709677419354839,0.3740458015267175,0.5714285714285714,0.609375,0.5714285714285714,0.6048710224942517,0.7120857572584831,0.6048710224942517,0.0112359550561797,4.630058338735068e-05,0.0112359550561797,0.0,0.4,0.0,0.3076923076923077,0.4,0.3076923076923077,0.4,0.3333333333333333,0.5170731707317076,0.0,0.3977485928705441,0.5170731707317076,0.4581661006483486,0.5671590518722089,0.4511716881874701,0.0,0.6363636363636364,0.5,,0.6666666666666666,0.6666666666666666,,0.2727272727272727,1.0,,,1
0.5556344464641779,4.721538716578713,-1.229365622872228,-1.848437097539498,-0.1506952804784094,0.2709782020142423,0.8780700435608695,0.4800846125669588,0.9386150037562638,0.1212139062547247,Spyware-TIBS-954f736dfd60b84b6e7b02b873945bb19058beb1f7be314716f5c924f632f598-2.raw,0.2941176470588235,0.3571428571428571,0.4992634873872215,,0.3171343756682305,0.2983783783783784,0.4216032608695653,0.259700845436809,0.2693103922427402,,0.2889200561009817,0.2238895558223289,0.3703703703703703,0.1911196911196911,0.4505747126436781,0.3818181818181818,0.1075581395348837,0.1568627450980392,0.0913978494623656,0.1984732824427481,0.4761904761904761,0.46875,0.4761904761904761,0.6796097563447521,0.7860959708664363,0.6796097563447521,0.0112359550561797,4.630058338735068e-05,0.0112359550561797,0.0,0.2,0.0,0.1538461538461538,0.2,0.1538461538461538,0.2,0.2,0.311764705882353,0.0,0.2398190045248868,0.311764705882353,0.3777257738538456,0.4200497100248551,0.397347174163783,0.0,0.6363636363636364,0.5,,0.6666666666666666,0.6666666666666666,,0.2727272727272727,1.0,,,1
3.708183828713852,11.075187427391874,1.9832623237047151,2.707907526227267,-0.786145416161167,0.5026852302557377,1.3226296875040495,-0.795803565390473,0.9002785926352503,0.6572630889633336,Spyware-TIBS-0149e4302db69ee3430709369101d4e70f5d8bfce7c76555cb835f4862a03879-1.raw,0.3823529411764705,0.4285714285714285,0.4443748849199043,,0.2564118690330939,0.387027027027027,0.3710559006211181,0.3331888142206807,0.2562171855368616,,0.3099579242636746,0.2521008403361344,0.4444444444444444,0.2084942084942085,0.5793103448275863,0.4727272727272727,0.252906976744186,0.2745098039215686,0.1344086021505376,0.3511450381679389,0.4523809523809524,0.484375,0.4523809523809524,0.534067396106496,0.6454921289276107,0.534067396106496,0.5056179775280899,0.039216594129086,0.5056179775280899,0.4941176470588235,0.5,0.0,0.4615384615384615,0.5,0.4615384615384615,0.5,0.4666666666666667,0.6625000000000002,0.0,0.6115384615384616,0.6625000000000002,0.6948462929475591,0.7140845070422538,0.670294117647059,0.0,0.6363636363636364,0.5,,0.6666666666666666,0.6666666666666666,,0.2727272727272727,1.0,,,1
8.038352876996306,-0.9951547853545428,-0.3910882836573022,2.906376065438722,0.0518637663665905,-0.3614391339077802,-0.865798239652723,-0.4884257652331889,0.983994611070794,0.5127795523150569,Spyware-TIBS-2725437ab005d0af1ff71341ddc285cdb1225f0b33771aa4d382d6373647a577-1.raw,0.5882352941176471,0.5714285714285714,0.3287915055545327,,0.4963249938155914,0.8172972972972973,0.591407867494824,0.8638629958812053,0.5103358996596309,,0.4824684431977559,0.8853541416566627,0.7777777777777778,0.667953667953668,0.896551724137931,0.8,0.9331395348837208,0.8235294117647058,0.6182795698924731,0.9083969465648856,0.7380952380952381,0.78125,0.7380952380952381,0.5623843822645915,0.5638058815609106,0.5623843822645915,0.6179775280898876,0.4424483748495231,0.6179775280898876,0.48,0.1,0.0,0.1538461538461538,0.1,0.1538461538461538,0.1,0.2666666666666666,0.123255813953488,0.0,0.1896243291592127,0.123255813953488,0.2184280247277011,0.1745823779888634,0.3190150478796167,1.0,1.0,1.0,,1.0,1.0,,0.9090909090909092,0.5,,,1
0.815929006298573,3.4362409858882645,-5.0564836813915,-2.696598484137993,0.0377844227671658,-4.651340197554865,0.527688440379301,-0.8411607270593358,-1.3228554673032624,0.3149934961559982,Spyware-TIBS-1981a8ad7e1e19ce11df0ba175d0e34fd8f1b1511b571dc00e362a078867d775-6.raw,0.4117647058823529,0.5714285714285714,0.2464248450254711,,0.2886406739817388,0.5113513513513513,0.5096014492753626,0.4019076522870149,0.2388211554632071,,0.3295932678821879,0.3475390156062425,0.5185185185185185,0.5193050193050193,0.328735632183908,0.5272727272727272,0.2761627906976744,0.3137254901960784,0.4408602150537634,0.3358778625954198,0.6190476190476191,0.625,0.6190476190476191,0.6778551314638721,0.7393733561131107,0.6778551314638721,0.0112359550561797,4.630058338735068e-05,0.0112359550561797,0.0,0.1,0.0,0.0769230769230769,0.1,0.0769230769230769,0.1,0.1333333333333333,0.1432432432432431,0.0,0.1101871101871101,0.1432432432432431,0.1994526171741363,0.2325846973734295,0.2246952835188128,0.0,0.0,0.0,,0.0,0.0,,0.0909090909090909,1.0,,,1
7.22084878824356,-0.9018407264837668,-1.1652301308409825,-2.8457698516511445,0.3433114924470926,0.095127592727956,-1.105350176654876,2.7829102426569796,-0.0934970720595851,0.0460935054166872,Spyware-TIBS-5045036bec213df4c03e57feb5f3b97b6e676eb3a1ab220d1596ad71f3246baa-7.raw,0.5294117647058824,0.5714285714285714,0.2313017860430859,,0.5110627539276236,0.7372972972972973,0.598913043478261,0.7856058963797963,0.4768203994744293,,0.4446002805049088,0.8733493397358943,0.7407407407407407,0.7992277992277992,0.5954022988505747,0.6909090909090909,0.811046511627907,0.6666666666666666,0.543010752688172,0.6564885496183206,0.9285714285714286,0.890625,0.9285714285714286,0.922831764418621,0.9427345302570171,0.922831764418621,0.0337078651685393,0.0130104639318455,0.0337078651685393,0.0,0.1,0.0,0.0769230769230769,0.1,0.0769230769230769,0.1,0.2,0.1292682926829267,0.0,0.0994371482176359,0.1292682926829267,0.1425925109160679,0.1920302301614563,0.2585365853658535,1.0,1.0,1.0,,1.0,1.0,,0.6363636363636364,0.5,,,1
8.005818251241651,0.0767143785282736,1.326700750838823,-2.022912569129622,0.1365487527473657,-0.3889724207155852,-1.4879381108636438,-1.629427308802062,0.4455863614119216,-0.6293470241433645,Spyware-TIBS-7651d72f90c1aaecc18a032dd6140ec4def8a836e7efcfc83b9a3389345dcb10-3.raw,0.6470588235294118,0.6428571428571429,0.1879948444117105,,0.3714647385796175,0.8302702702702702,0.4957509881422928,0.8209408194233687,0.3274457414981354,,0.4375876577840112,0.8919567827130852,0.8888888888888888,0.6988416988416989,0.7034482758620689,0.8909090909090909,0.8168604651162791,0.8235294117647058,0.5913978494623656,0.8244274809160306,0.7380952380952381,0.828125,0.7380952380952381,0.5507325132930622,0.6357804787916478,0.5507325132930622,0.0337078651685393,0.000138901750162,0.0337078651685393,0.0,0.2,0.0,0.1538461538461538,0.2,0.1538461538461538,0.2,0.2666666666666666,0.2304347826086956,0.0,0.177257525083612,0.2304347826086956,0.1791807532038683,0.2627066748315982,0.2710997442455242,1.0,1.0,1.0,,1.0,1.0,,0.9090909090909092,0.0,,,1
3.189193651449988,-3.35029897782915,-0.7332368259631832,-1.6762380464804576,0.2183936449921918,0.2799251658857639,1.2790670080054385,0.0298829204139092,-0.2332653298595712,-0.1273561441639078,Spyware-TIBS-1421d1a140f3875addfe2378e53f749e8c6023bb0ec3fbe33943218ec09f6b33-10.raw,0.4117647058823529,0.4285714285714285,0.2684793060414496,,0.5283301817307678,0.5805405405405405,0.6216787439613529,0.614350747886408,0.4952971386730133,,0.3716690042075736,0.7292917166866747,0.5925925925925926,0.6216216216216216,0.4114942528735632,0.5272727272727272,0.5232558139534884,0.5294117647058824,0.4301075268817204,0.5419847328244275,0.5952380952380952,0.609375,0.5952380952380952,0.5697772440836394,0.5806359178621414,0.5697772440836394,0.0224719101123595,9.260116677470137e-05,0.0224719101123595,0.0,0.0,0.0,0.0,0.0,0.0,0.0,0.0666666666666666,0.0,0.0,0.0,0.0,0.0958408679927671,0.1017214397496085,0.1327886710239653,1.0,1.0,1.0,,1.0,1.0,,0.8181818181818182,1.0,,,1
0.7442282310823013,0.3662051046283431,-5.2047029713366015,-3.3772776765483647,0.1914345820291781,0.6841100500435843,0.9410122508290636,0.2455266624755558,-0.0846074063973178,-0.1537247250790885,Spyware-TIBS-599e4bde3509a8bf8d535685bcf40f703d68c03b3bb6343accac3ae6dc696248-4.raw,0.3823529411764705,0.4285714285714285,0.2078070336954519,,0.1691173695928353,0.3978378378378378,0.3890683229813665,0.2577498374159983,0.1109271258182939,,0.3127629733520337,0.2214885954381752,0.4814814814814814,0.2664092664092664,0.2114942528735632,0.4909090909090909,0.1686046511627907,0.2156862745098039,0.1182795698924731,0.2442748091603053,0.5952380952380952,0.59375,0.5952380952380952,0.7692974504218603,0.8921737129257223,0.7692974504218603,0.0224719101123595,0.002916936753403,0.0224719101123595,0.0,0.0,0.0,0.0,0.0,0.0,0.0,0.0666666666666666,0.0,0.0,0.0,0.0,0.109532420563162,0.1098591549295773,0.1484593837535013,0.0,0.6363636363636364,0.5,,0.6666666666666666,0.6666666666666666,,0.2727272727272727,1.0,,,1
1.0477047671906985,2.609895008345077,-8.01109982435983,3.979623898538568,-0.0893783806362495,-3.77746296849646,-0.1539082381670144,-0.1820569817784982,-1.0017716907274583,-0.2279299947637873,Spyware-TIBS-574cbd37cab3adfdd1b55051c52471c180bc4b5e69e7e018d8f7039b644ed0fd-6.raw,0.3529411764705882,0.4285714285714285,0.3337160310635026,,0.4279080470315949,0.4367567567567567,0.5228900255754478,0.4363754606546716,0.4468569622523115,,0.8835904628330996,0.315126050420168,0.4074074074074074,0.276061776061776,0.3724137931034483,0.4363636363636363,0.3284883720930232,0.2352941176470588,0.1827956989247312,0.366412213740458,0.5714285714285714,0.546875,0.5714285714285714,0.6837184301951745,0.6970789063986043,0.6837184301951745,0.6629213483146067,0.8591999259190666,0.6629213483146067,0.6588235294117647,0.0,0.0,0.0769230769230769,0.0,0.0769230769230769,0.0,0.1333333333333333,0.0,0.0,0.1199095022624432,0.0,0.25087756621636,0.1184755592377796,0.2811995386389851,0.0,0.0,0.0,,0.0,0.0,,0.1818181818181818,1.0,,,1
3.2640573949482525,-2.418290351643241,-1.2657977535241958,-2.2149453148939813,0.2205412507776892,1.1240347288302563,-0.9412453208723798,0.6604645054117338,-0.2574734629707619,-0.2322091912198423,Spyware-TIBS-30533d67f47b9264c85d2a594ee58789410e4f2d0e5f38cbc487908da385c8bb-10.raw,0.3823529411764705,0.4285714285714285,0.2791014546124103,,0.5037043559200512,0.5167567567567568,0.5872049689440997,0.5460654671580316,0.4689466615642274,,0.367461430575035,0.6326530612244898,0.5185185185185185,0.5135135135135135,0.4,0.509090909090909,0.5843023255813954,0.4509803921568627,0.3548387096774194,0.465648854961832,0.6190476190476191,0.609375,0.6190476190476191,0.6943780582749127,0.7304417765506052,0.6943780582749127,0.0112359550561797,4.630058338735068e-05,0.0112359550561797,0.0,0.0,0.0,0.0,0.0,0.0,0.0,0.1333333333333333,0.0,0.0,0.0,0.0,0.109532420563162,0.1098591549295773,0.2612885154061625,1.0,1.0,1.0,,1.0,1.0,,0.6363636363636364,0.5,,,1
8.523989274066738,8.663530608511536,5.569765642922907,-1.0942660737430807,-0.5224985401837173,0.8849054454177139,-1.2268048685057786,-0.2769880603176828,-0.4928107867609702,-0.9038263686163032,Spyware-TIBS-7651d72f90c1aaecc18a032dd6140ec4def8a836e7efcfc83b9a3389345dcb10-7.raw,0.5294117647058824,0.5714285714285714,0.1859326090959308,,0.4109067810467793,0.6562162162162162,0.4807065217391305,0.6869716019943638,0.3696500779189032,,0.4081346423562412,0.7833133253301321,0.7407407407407407,0.694980694980695,0.5103448275862069,0.6909090909090909,0.6831395348837209,0.5686274509803921,0.4838709677419355,0.5419847328244275,0.6666666666666666,0.71875,0.6666666666666666,0.6304459531602128,0.7375323707487184,0.6304459531602128,0.0337078651685393,0.000138901750162,0.0337078651685393,0.0,0.6,0.0,0.4615384615384615,0.6,0.4615384615384615,0.6,0.5333333333333333,0.6913043478260869,0.0,0.531772575250836,0.6913043478260869,0.554210236653825,0.7085119412124923,0.6144927536231886,1.0,1.0,1.0,,1.0,1.0,,0.6363636363636364,0.0,,,1
5.912473379821392,1.005080074273983,1.1066054729772503,-1.8190509978182832,-0.0023000056446849,0.6169218345574675,-0.0892211838891444,-0.5920586964898841,-0.2501452700311506,-0.3305202874436294,Spyware-TIBS-404929a7b78f384d1d1715f06d93c3cf0301d8027cb5e721ffff4d89e1b7da7c-7.raw,0.5294117647058824,0.5714285714285714,0.1802614619775363,,0.4102464119948175,0.6605405405405406,0.4870108695652175,0.6863212659874268,0.3689434604141413,,0.4053295932678822,0.7797118847539015,0.7407407407407407,0.694980694980695,0.4850574712643678,0.6909090909090909,0.6773255813953488,0.5686274509803921,0.4946236559139785,0.5343511450381679,0.6428571428571429,0.703125,0.6428571428571429,0.5889002942982888,0.6935727246204787,0.5889002942982888,0.0224719101123595,9.260116677470137e-05,0.0224719101123595,0.0,0.2,0.0,0.1538461538461538,0.2,0.1538461538461538,0.2,0.2666666666666666,0.2523809523809524,0.0,0.1941391941391941,0.2523809523809524,0.2327563936967193,0.3051643192488263,0.3365079365079363,1.0,1.0,1.0,,1.0,1.0,,0.6363636363636364,0.5,,,1
7.429529954897532,2.020417791601843,3.1751286234221867,-1.1100472454253676,-0.0949306440854574,-0.5265908579088712,-0.0018173504362458,-0.7061328920530483,-0.0056626931690623,0.0221722695937937,Spyware-TIBS-3031e4fc4cab067dba86e6f667dfaf323a996c8a112776899d692d8af34b21b2-3.raw,0.5588235294117647,0.5714285714285714,0.2508049993039056,,0.4655026581963533,0.7718918918918919,0.5873806998939558,0.7862562323867331,0.4280695365036335,,0.4137447405329593,0.8589435774309724,0.7777777777777778,0.6525096525096525,0.6758620689655173,0.7818181818181819,0.7906976744186046,0.8235294117647058,0.5913978494623656,0.8091603053435115,0.6904761904761905,0.75,0.6904761904761905,0.53614752665825,0.5718782458259546,0.53614752665825,0.0224719101123595,9.260116677470137e-05,0.0224719101123595,0.0,0.3,0.0,0.2307692307692307,0.3,0.2307692307692307,0.3,0.3333333333333333,0.361363636363636,0.0,0.2779720279720276,0.361363636363636,0.3027700147953316,0.3994878361075544,0.3920677361853832,1.0,1.0,1.0,,1.0,1.0,,1.0,0.5,,,1
9.020475034281697,3.998029315581112,3.75447792891542,-1.5611910077982023,-0.1616561262623448,-0.4040911135893032,-1.6045929639867231,-0.5576685158170109,-0.4717410760169241,-0.8649293892786153,Spyware-TIBS-8217ae4fbd1555e6e06a5d3f18231377941f07d100b5ad62a8b31b9f1b64703e-7.raw,0.5882352941176471,0.6428571428571429,0.1829620082243908,,0.4608956700754288,0.8097297297297297,0.5809006211180126,0.8270106221547799,0.4231399014142778,,0.4333800841514726,0.8529411764705882,0.8148148148148148,0.9671814671814672,0.6045977011494252,0.8363636363636363,0.7383720930232558,0.7843137254901961,0.8978494623655914,0.8015267175572519,0.7619047619047619,0.8125,0.7619047619047619,0.618436167905164,0.6672400156655726,0.618436167905164,0.0224719101123595,9.260116677470137e-05,0.0224719101123595,0.0,0.4,0.0,0.3076923076923077,0.4,0.3076923076923077,0.4,0.4,0.4608695652173913,0.0,0.354515050167224,0.4608695652173913,0.3666954949288467,0.4856093080220452,0.4427962489343561,1.0,1.0,1.0,,1.0,1.0,,0.6363636363636364,0.0,,,1
4.877725496783128,-0.6395233031624794,-1.5922312342954832,-2.025578841304012,0.0016193734728042,1.847785765070932,0.8404050539642548,-0.2148700312429984,-0.5861561254798688,2.162182423836776,Spyware-TIBS-599e4bde3509a8bf8d535685bcf40f703d68c03b3bb6343accac3ae6dc696248-10.raw,0.5882352941176471,0.5,0.1181488982998834,,0.2221146065248658,0.6691891891891892,0.3857660455486544,0.5805332755256882,0.2540003463062365,,0.3884992987377279,0.6284513805522209,0.6666666666666666,0.5733590733590733,0.4091954022988506,0.6545454545454545,0.4970930232558139,0.4901960784313725,0.3279569892473118,0.4885496183206106,0.7142857142857143,0.765625,0.7142857142857143,0.6635516893793582,0.7708144909120386,0.6635516893793582,0.0224719101123595,0.002916936753403,0.0224719101123595,0.0,0.0,0.0,0.1538461538461538,0.0,0.1538461538461538,0.0,0.2666666666666666,0.0,0.0,0.1941391941391941,0.0,0.2327563936967193,0.0610328638497652,0.3365079365079363,1.0,1.0,1.0,,1.0,1.0,,0.6363636363636364,1.0,,,1
4.676648497817321,11.479592650939995,3.1056278727729785,-1.2604180479215787,-0.6956698434637655,-0.048019254963509,2.0034024652577,-0.5551194784495874,-0.8453897204040174,-0.2799620383157246,Spyware-TIBS-505c865b3cadf62b53d15f53d6d9a4293f7d7287fc88b54fa2b19974b3338a57-4.raw,0.4411764705882353,0.5714285714285714,0.1971216290862765,,0.19538255000702,0.5102702702702703,0.4430082256169212,0.3581183611532625,0.1390317685044662,,0.3197755960729312,0.2773109243697479,0.5555555555555556,0.4749034749034749,0.2804597701149425,0.5636363636363636,0.2209302325581395,0.3725490196078431,0.3817204301075269,0.3893129770992366,0.5714285714285714,0.609375,0.5714285714285714,0.6026326290889708,0.7080384873317623,0.6026326290889708,0.0112359550561797,4.630058338735068e-05,0.0112359550561797,0.0,0.6,0.0,0.4615384615384615,0.6,0.4615384615384615,0.6,0.4666666666666667,0.7395348837209303,0.0,0.5688729874776386,0.7395348837209303,0.619622355860213,0.7707173272191286,0.5945280437756499,0.0,0.6363636363636364,0.5,,0.6666666666666666,0.6666666666666666,,0.2727272727272727,1.0,,,1
9.997141639011115,1.2173736597262113,-1.0274059949602792,3.3655448916784,-0.0383951416330751,0.3136241794068877,-0.6257684800505717,0.6171577789081288,-0.1368224513967677,-0.3441803609623159,Spyware-TIBS-5065428bc91f6a12f48944a8c7299d559faf3d53e2c7c47db05bb9103450ab8d-6.raw,0.6470588235294118,0.5714285714285714,0.1622169029644633,,0.4192914668883523,0.8486486486486486,0.520108695652174,0.8729676999783221,0.4236981005505602,,0.7321178120617111,0.8529411764705882,0.8518518518518519,0.7857142857142857,0.6620689655172414,0.8909090909090909,0.8691860465116279,0.8627450980392157,0.6881720430107527,0.9083969465648856,0.8571428571428571,0.890625,0.8571428571428571,0.7048972106357673,0.7456330488609377,0.7048972106357673,0.6966292134831461,0.8567922955829244,0.6966292134831461,0.4470588235294118,0.2,0.0,0.2307692307692307,0.2,0.2307692307692307,0.2,0.3333333333333333,0.2304347826086956,0.0,0.265886287625418,0.2304347826086956,0.2729381240663575,0.2627066748315982,0.3569479965899405,1.0,1.0,1.0,,1.0,1.0,,0.9090909090909092,0.5,,,1
8.25254730750693,6.216625458575785,5.429761267301242,-0.6206065292694569,-0.3373597051253333,-0.4808222547317006,-0.2379256274127515,0.9997172448982596,0.2832011803868987,0.261455375285875,Spyware-TIBS-30533d67f47b9264c85d2a594ee58789410e4f2d0e5f38cbc487908da385c8bb-1.raw,0.5,0.5,0.3620289978235108,,0.5494770425400229,0.7178378378378378,0.6336677814938686,0.7758508562757425,0.517925004067662,,0.4011220196353436,0.8499399759903962,0.7037037037037037,0.6235521235521235,0.7977011494252874,0.7090909090909091,0.7877906976744186,0.7058823529411765,0.5698924731182796,0.7404580152671756,0.7380952380952381,0.75,0.7380952380952381,0.6492226893260206,0.6511204256402359,0.6492226893260206,0.0224719101123595,9.260116677470137e-05,0.0224719101123595,0.0,0.5,0.0,0.3846153846153846,0.5,0.3846153846153846,0.5,0.4666666666666667,0.6022727272727273,0.0,0.4632867132867132,0.6022727272727273,0.4988081538714451,0.6325224071702947,0.5715686274509806,1.0,1.0,1.0,,1.0,1.0,,0.9090909090909092,0.5,,,1
-0.5235924152235106,0.1201616495452681,-3.8521399595465553,-2.4147991713628616,0.1604617756495227,0.0581562918570667,0.6357626023052492,0.0411861845067686,1.1855644960829628,0.3087273721934102,Spyware-TIBS-1421d1a140f3875addfe2378e53f749e8c6023bb0ec3fbe33943218ec09f6b33-2.raw,0.2941176470588235,0.3571428571428571,0.509896888234211,,0.327590218990956,0.3059459459459459,0.4353940217391305,0.26793843485801,0.2804985027348006,,0.2973352033660589,0.2304921968787515,0.3703703703703703,0.193050193050193,0.4758620689655172,0.3818181818181818,0.1075581395348837,0.1568627450980392,0.0967741935483871,0.1984732824427481,0.4761904761904761,0.46875,0.4761904761904761,0.6701016903784026,0.7692561821009002,0.6701016903784026,0.0112359550561797,4.630058338735068e-05,0.0112359550561797,0.0,0.0,0.0,0.0,0.0,0.0,0.0,0.0666666666666666,0.0,0.0,0.0,0.0,0.1557414104882463,0.1373239436619719,0.2013480392156864,0.0,0.6363636363636364,0.5,,0.6666666666666666,0.6666666666666666,,0.3636363636363636,1.0,,,1
1.164506217443892,1.7925298617648997,-3.3426797585011077,-2.695651885289563,0.1023350544583934,-0.0238201050774119,1.8557804412969443,-1.6966564005540643,1.5837977927506028,-0.3573908369662179,Spyware-TIBS-248a7274908dc58a27ad4f999f106628810a4d04b027244683886198ad927afd-1.raw,0.4411764705882353,0.5714285714285714,0.3442649056716447,,0.1427909966796269,0.4,0.2692126909518216,0.3102102753089096,0.0827570050621822,,0.3295932678821879,0.2484993997599039,0.5555555555555556,0.2471042471042471,0.4988505747126436,0.509090909090909,0.1424418604651162,0.2156862745098039,0.0967741935483871,0.3206106870229007,0.4761904761904761,0.546875,0.4761904761904761,0.560455061440929,0.7776183600157313,0.560455061440929,0.0112359550561797,4.630058338735068e-05,0.0112359550561797,0.0,0.1,0.0,0.0769230769230769,0.1,0.0769230769230769,0.1,0.0666666666666666,0.1394736842105263,0.0,0.1072874493927125,0.1394736842105263,0.1841153516703151,0.2216456634544106,0.1039215686274509,0.0,0.6363636363636364,0.5,,0.6666666666666666,0.6666666666666666,,0.2727272727272727,1.0,,,1
7.784489152256816,6.472542452954574,5.2068992986959985,-0.7292136135622855,-0.4199066824999667,0.1689397424769919,0.0791340944847894,0.1740565623296738,-0.5320778446602354,-0.1681506889368402,Spyware-TIBS-7469e64fea64885609ff5e5a6256e808fdd81e6f797d5706b1cf4a96c96d0c1b-6.raw,0.5,0.5,0.2427894943085517,,0.4808438145754658,0.6756756756756757,0.570624303232999,0.7099501409061348,0.4444850992992653,,0.3983169705469845,0.7941176470588235,0.7037037037037037,0.6698841698841699,0.5609195402298851,0.7272727272727273,0.6686046511627907,0.6862745098039216,0.5698924731182796,0.7404580152671756,0.6666666666666666,0.703125,0.6666666666666666,0.5994892934431932,0.6479708471134217,0.5994892934431932,0.0224719101123595,9.260116677470137e-05,0.0224719101123595,0.0,0.5,0.0,0.3846153846153846,0.5,0.3846153846153846,0.5,0.4666666666666667,0.6022727272727273,0.0,0.4632867132867132,0.6022727272727273,0.4988081538714451,0.6325224071702947,0.5715686274509806,1.0,1.0,1.0,,1.0,1.0,,0.8181818181818182,0.5,,,1
8.298583906316304,-3.835703981668508,-1.90718371001736,-2.962842796560623,0.5663675791917812,-1.0481486869268792,-0.8984000202737285,1.514334912466112,0.4340008123434129,0.2941016223238031,Spyware-TIBS-5045036bec213df4c03e57feb5f3b97b6e676eb3a1ab220d1596ad71f3246baa-4.raw,0.6470588235294118,0.6428571428571429,0.221506168293132,,0.4639164058542429,0.9113513513513514,0.6032114624505931,0.921092564491654,0.4263721921647749,,0.4810659186535764,0.985594237695078,0.8888888888888888,0.803088803088803,0.7724137931034483,0.8909090909090909,0.9447674418604652,0.9215686274509804,0.6505376344086021,0.9389312977099236,1.0,1.0,1.0,0.8192428998904647,0.8292954456977472,0.8192428998904647,0.0337078651685393,0.0130104639318455,0.0337078651685393,0.0,0.0,0.0,0.0,0.0,0.0,0.0,0.1333333333333333,0.0,0.0,0.0,0.0,0.0087128061811609,0.0499359795134441,0.1228163992869874,1.0,1.0,1.0,,1.0,1.0,,0.9090909090909092,0.5,,,1
8.094358764177416,4.223168933167102,3.771930081917401,-1.2629763314678284,-0.2301733050145708,-0.1587581037765726,0.0152402841672586,-0.1620871207192261,-0.6898892808246495,-0.265293330175987,Spyware-TIBS-35687c2a333d215c400adb744ca367dae9ce2b5fcc705ac639b11bc319d50475-7.raw,0.5588235294117647,0.6428571428571429,0.1844110818202642,,0.4661469206860721,0.7578378378378379,0.5673913043478261,0.78690656839367,0.4287589194351085,,0.4179523141654979,0.8277310924369747,0.7777777777777778,0.945945945945946,0.5540229885057472,0.7272727272727273,0.7267441860465116,0.7254901960784313,0.8225806451612904,0.6335877862595419,0.7142857142857143,0.765625,0.7142857142857143,0.6020011908752818,0.6613068695555712,0.6020011908752818,0.0224719101123595,9.260116677470137e-05,0.0224719101123595,0.0,0.4,0.0,0.3076923076923077,0.4,0.3076923076923077,0.4,0.4,0.4711111111111108,0.0,0.362393162393162,0.4711111111111108,0.3833634719710669,0.5004694835680752,0.4618736383442267,1.0,1.0,1.0,,1.0,1.0,,0.6363636363636364,0.5,,,1
7.014522055663717,-1.8115980146192112,-3.98619532823401,3.621861856073918,0.1442144170088824,1.128253572893765,0.5178552122570211,1.7682970264301967,-0.098023685332102,-0.1318673564329854,Spyware-TIBS-979db6d35d22f609cbdd3515bea40d29c89bf89364999c4218ab5dfffd7fc11a-8.raw,0.5294117647058824,0.5,0.2341373596022831,,0.4894906982302108,0.6789189189189189,0.513804347826087,0.764578365488836,0.5053629150941206,,0.9621318373071528,0.7208883553421368,0.6666666666666666,0.7065637065637066,0.5448275862068965,0.6545454545454545,0.6395348837209303,0.6274509803921569,0.4516129032258064,0.648854961832061,0.7857142857142857,0.8125,0.7857142857142857,0.7558239584709343,0.8474383933516157,0.7558239584709343,0.6853932584269663,0.856745994999537,0.6853932584269663,0.5364705882352941,0.0,0.0,0.0769230769230769,0.0,0.0769230769230769,0.0,0.2,0.0,0.0,0.1019230769230769,0.0,0.1557414104882463,0.0732394366197184,0.2753921568627452,1.0,1.0,1.0,,1.0,1.0,,0.7272727272727273,1.0,,,1
6.820113359306461,0.0825994297141987,2.026971609892044,-1.348917018594874,0.045010412702222,-0.5656739258050756,-0.1375047984457781,-0.7755369713134501,0.1036188733689202,0.0021887475200652,Spyware-TIBS-87163ea3765848c449bf0ff0549bacf6a38706b9004b2262e20b822fb5f4e852-3.raw,0.5588235294117647,0.5,0.2535714125323908,,0.4650731498698743,0.7718918918918919,0.5873806998939558,0.7858226750487752,0.4276099478826504,,0.4137447405329593,0.8601440576230492,0.7777777777777778,0.6525096525096525,0.6758620689655173,0.7818181818181819,0.7877906976744186,0.8235294117647058,0.5913978494623656,0.8015267175572519,0.6904761904761905,0.75,0.6904761904761905,0.5352367629757743,0.5702411116762279,0.5352367629757743,0.0224719101123595,9.260116677470137e-05,0.0224719101123595,0.0,0.2,0.0,0.1538461538461538,0.2,0.1538461538461538,0.2,0.2666666666666666,0.2465116279069766,0.0,0.1896243291592127,0.2465116279069766,0.2184280247277011,0.2938093678349162,0.3190150478796167,1.0,1.0,1.0,,1.0,1.0,,1.0,0.5,,,1
7.445851357042163,4.29424539488662,4.2136657243723485,-0.6628473362318934,-0.2191927743874037,-0.6067898082913017,1.2100397568204029,1.3752837505544462,0.2484613702963208,0.91590135063481,Spyware-TIBS-6666171e4b060f807fe35397acf8a6b5851d02614d02d63d32142e126aac932d-1.raw,0.5,0.5,0.3620289978235108,,0.550605878526282,0.7189189189189189,0.6352842809364552,0.7769347496206374,0.5191328972381946,,0.4025245441795231,0.8487394957983193,0.7037037037037037,0.6274131274131274,0.7931034482758621,0.7090909090909091,0.7877906976744186,0.7058823529411765,0.5698924731182796,0.7404580152671756,0.7380952380952381,0.75,0.7380952380952381,0.6482150449376728,0.6493862203377112,0.6482150449376728,0.0224719101123595,9.260116677470137e-05,0.0224719101123595,0.0,0.4,0.0,0.3076923076923077,0.4,0.3076923076923077,0.4,0.4,0.4930232558139532,0.0,0.3792486583184254,0.4930232558139532,0.4190251902939568,0.5322633475270226,0.5026903784769722,1.0,1.0,1.0,,1.0,1.0,,0.9090909090909092,1.0,,,1
4.836516484797106,-3.0080205319226687,-1.4120410704521391,-2.4129846994352784,0.2942753826596042,0.5566694363091392,-0.3611304111885813,-0.7999034098520212,-0.0228212254495387,-0.2901487658170886,Spyware-TIBS-404929a7b78f384d1d1715f06d93c3cf0301d8027cb5e721ffff4d89e1b7da7c-10.raw,0.5294117647058824,0.5714285714285714,0.1859326090959308,,0.4067244437176891,0.6605405405405406,0.4870108695652175,0.6828528072837633,0.3651748337220791,,0.4081346423562412,0.7791116446578632,0.7407407407407407,0.694980694980695,0.4827586206896552,0.6909090909090909,0.6773255813953488,0.5686274509803921,0.4946236559139785,0.5343511450381679,0.6428571428571429,0.703125,0.6428571428571429,0.5971159649605109,0.7084821384664739,0.5971159649605109,0.0224719101123595,9.260116677470137e-05,0.0224719101123595,0.0,0.0,0.0,0.0,0.0,0.0,0.0,0.1333333333333333,0.0,0.0,0.0,0.0,0.0479204339963837,0.0732394366197184,0.1766666666666668,1.0,1.0,1.0,,1.0,1.0,,0.6363636363636364,0.5,,,1
-0.3132992222010582,0.4846547055058314,-4.595749552104597,-2.9669245214275146,0.1322150855838538,0.7191197995808721,0.657570387701035,0.5475938698854054,-0.039798579442479,-0.0702525436294147,Spyware-TIBS-589f74cdc865423cfb901a43f8fddab707b0e509a1053e15379dc61562f8659f-5.raw,0.2941176470588235,0.3571428571428571,0.3043178051924139,,0.264855159054603,0.3059459459459459,0.4353940217391305,0.2185128983308042,0.2133698397824381,,0.2847124824684432,0.2226890756302521,0.3703703703703703,0.1988416988416988,0.2114942528735632,0.3818181818181818,0.1075581395348837,0.1568627450980392,0.1129032258064516,0.2061068702290076,0.5238095238095238,0.5,0.5238095238095238,0.7584875237046662,0.8511578665202698,0.7584875237046662,0.0112359550561797,4.630058338735068e-05,0.0112359550561797,0.0,0.0,0.0,0.0,0.0,0.0,0.0,0.0666666666666666,0.0,0.0,0.0,0.0,0.1557414104882463,0.1373239436619719,0.2013480392156864,0.0,0.6363636363636364,0.5,,0.6666666666666666,0.6666666666666666,,0.2727272727272727,1.0,,,1
7.398463831178206,8.921962175452759,6.460039421152926,-0.357036542717094,-0.6190399708410677,0.6690003520945983,0.0890530181915937,0.6591151784575192,-0.783575790798524,-0.2883426450343619,Spyware-TIBS-3031e4fc4cab067dba86e6f667dfaf323a996c8a112776899d692d8af34b21b2-7.raw,0.4411764705882353,0.5,0.2584313276635133,,0.5185469365165217,0.5978378378378378,0.5810223266745008,0.6525037936267072,0.484828731195062,,0.3842917251051893,0.751500600240096,0.6296296296296297,0.6486486486486487,0.4919540229885057,0.5818181818181818,0.6569767441860465,0.5686274509803921,0.4838709677419355,0.5267175572519084,0.6190476190476191,0.640625,0.6190476190476191,0.617080000357903,0.669347965757811,0.617080000357903,0.0224719101123595,9.260116677470137e-05,0.0224719101123595,0.0,0.6,0.0,0.4615384615384615,0.6,0.4615384615384615,0.6,0.5333333333333333,0.7395348837209303,0.0,0.5688729874776386,0.7395348837209303,0.619622355860213,0.7707173272191286,0.6863657090743273,1.0,1.0,1.0,,1.0,1.0,,0.7272727272727273,0.5,,,1
8.411450793699727,4.329769025963193,3.4389986581507994,-1.5812022990221368,-0.1936071768759654,0.2211205499483139,-1.3625882036104846,-0.8685371322929212,-0.2151880040241112,-0.8263211682929008,Spyware-TIBS-7651d72f90c1aaecc18a032dd6140ec4def8a836e7efcfc83b9a3389345dcb10-6.raw,0.5882352941176471,0.5714285714285714,0.1721598232369729,,0.3898273816262271,0.7491891891891892,0.4968426501035197,0.7535226533709083,0.3470943985208748,,0.4305750350631136,0.8349339735894358,0.8148148148148148,0.7239382239382239,0.5724137931034483,0.8363636363636363,0.7122093023255814,0.6862745098039216,0.5698924731182796,0.7786259541984732,0.7142857142857143,0.78125,0.7142857142857143,0.6000614763683155,0.6903799147485862,0.6000614763683155,0.0337078651685393,0.000138901750162,0.0337078651685393,0.0,0.4,0.0,0.3076923076923077,0.4,0.3076923076923077,0.4,0.4,0.4608695652173913,0.0,0.354515050167224,0.4608695652173913,0.3666954949288467,0.4856093080220452,0.4427962489343561,1.0,1.0,1.0,,1.0,1.0,,0.8181818181818182,0.0,,,1
7.998271359396167,-2.246811164749081,-3.4529385500474623,2.9042973499288833,0.2001330052630684,0.6857120211465608,-1.047568770095553,0.7386060948177421,0.0015324807071412,-0.409525124895581,Spyware-TIBS-78791f14568516cded277d28fae715f599d5074532d9a5f41fd1f0a14d648db2-8.raw,0.5882352941176471,0.5714285714285714,0.1829620082243908,,0.455025722946881,0.7697297297297298,0.5253623188405799,0.8211575980923477,0.4650664204927833,,0.7180925666199158,0.8145258103241296,0.7777777777777778,0.8011583011583011,0.6045977011494252,0.7454545454545455,0.8575581395348837,0.7450980392156863,0.6129032258064516,0.7175572519083969,0.8095238095238095,0.828125,0.8095238095238095,0.7273453965885115,0.7718097133460445,0.7273453965885115,0.6966292134831461,0.8567922955829244,0.6966292134831461,0.4470588235294118,0.0,0.0,0.0769230769230769,0.0,0.0769230769230769,0.0,0.2,0.0,0.0,0.097069597069597,0.0,0.130069749418755,0.0610328638497652,0.2424836601307188,1.0,1.0,1.0,,1.0,1.0,,0.7272727272727273,0.5,,,1
7.998159308805557,-2.2419975718951832,-3.4577747275203787,2.8973908052072135,0.2037832635022297,0.6782847714705614,-1.062351810156508,0.7768980364733687,0.0514822022373417,-0.3881557799003052,Spyware-TIBS-78791f14568516cded277d28fae715f599d5074532d9a5f41fd1f0a14d648db2-9.raw,0.5882352941176471,0.5714285714285714,0.1964647394586632,,0.4558642868223881,0.7697297297297298,0.5253623188405799,0.8220247127682636,0.4659855977347497,,0.7152875175315568,0.8169267707082833,0.7777777777777778,0.8011583011583011,0.6114942528735632,0.7454545454545455,0.8575581395348837,0.7450980392156863,0.6075268817204301,0.7175572519083969,0.8095238095238095,0.828125,0.8095238095238095,0.7304750881688297,0.7771707181700995,0.7304750881688297,0.6966292134831461,0.8567922955829244,0.6966292134831461,0.4470588235294118,0.0,0.0,0.0769230769230769,0.0,0.0769230769230769,0.0,0.2,0.0,0.0,0.097069597069597,0.0,0.130069749418755,0.0610328638497652,0.2424836601307188,1.0,1.0,1.0,,1.0,1.0,,0.7272727272727273,0.5,,,1
6.535135071899817,0.4589515427894595,1.697673230927561,-1.5533992051808416,0.0225482974562054,-0.0946309891581667,-0.1925349888063867,-0.3390340874769262,-0.2710113669539364,-0.1354548636413693,Spyware-TIBS-87163ea3765848c449bf0ff0549bacf6a38706b9004b2262e20b822fb5f4e852-5.raw,0.5294117647058824,0.5,0.2227950653654944,,0.4544911384762455,0.7189189189189189,0.5721195652173916,0.7298937784522003,0.416286833233176,,0.4095371669004207,0.8091236494597839,0.7407407407407407,0.6428571428571429,0.5586206896551724,0.7454545454545455,0.688953488372093,0.7647058823529411,0.5752688172043011,0.7633587786259542,0.6904761904761905,0.734375,0.6904761904761905,0.5879927492832758,0.6320804836117693,0.5879927492832758,0.0224719101123595,9.260116677470137e-05,0.0224719101123595,0.0,0.2,0.0,0.1538461538461538,0.2,0.1538461538461538,0.2,0.2666666666666666,0.2523809523809524,0.0,0.1941391941391941,0.2523809523809524,0.2327563936967193,0.3051643192488263,0.3365079365079363,1.0,1.0,1.0,,1.0,1.0,,1.0,0.5,,,1
0.2304891136153891,1.892734298592281,-7.356651452128984,-3.496030824211248,0.2543901454753751,-4.072325880493433,0.0760224366023141,0.91225136458695,-0.8948180809256875,0.6003574722380396,Spyware-TIBS-599e4bde3509a8bf8d535685bcf40f703d68c03b3bb6343accac3ae6dc696248-7.raw,0.3823529411764705,0.4285714285714285,0.285582765604861,,0.279556231997082,0.4443243243243243,0.4665217391304347,0.3529156730977671,0.2291004913765384,,0.3436185133239832,0.3391356542617046,0.4814814814814814,0.3108108108108108,0.3471264367816092,0.4909090909090909,0.25,0.2352941176470588,0.1612903225806451,0.2519083969465648,0.6904761904761905,0.65625,0.6904761904761905,0.8727948635178924,0.942928391050926,0.8727948635178924,0.0224719101123595,0.002916936753403,0.0224719101123595,0.0,0.0,0.0,0.0,0.0,0.0,0.0,0.0666666666666666,0.0,0.0,0.0,0.0,0.109532420563162,0.1098591549295773,0.1484593837535013,0.0,0.0,0.0,,0.0,0.0,,0.2727272727272727,1.0,,,1
-0.452651078317707,0.3619462233003513,-4.346542442669437,-2.800624165739409,0.1052635549556667,0.6746135592785585,0.7785367298027577,0.1139879866034038,-0.1441862727704718,-0.1198914336516479,Spyware-TIBS-1421d1a140f3875addfe2378e53f749e8c6023bb0ec3fbe33943218ec09f6b33-5.raw,0.2941176470588235,0.3571428571428571,0.3007733382434174,,0.2612781600231443,0.3091891891891892,0.441304347826087,0.2156947756340776,0.2095423282983122,,0.2889200561009817,0.2184873949579832,0.3703703703703703,0.1988416988416988,0.1885057471264367,0.3818181818181818,0.1104651162790697,0.1568627450980392,0.1075268817204301,0.1984732824427481,0.5,0.484375,0.5,0.7101840149931479,0.802987911237568,0.7101840149931479,0.0112359550561797,4.630058338735068e-05,0.0112359550561797,0.0,0.0,0.0,0.0,0.0,0.0,0.0,0.0666666666666666,0.0,0.0,0.0,0.0,0.1557414104882463,0.1373239436619719,0.2013480392156864,0.0,0.6363636363636364,0.5,,0.6666666666666666,0.6666666666666666,,0.3636363636363636,1.0,,,1
8.51114937048628,-0.92001319948889,-1.252518004547598,3.9515879752583265,0.0026396459084643,0.1092196662495248,-0.5051581051877706,-1.033417161888534,0.1664413815589833,-0.404586391704902,Spyware-TIBS-2725437ab005d0af1ff71341ddc285cdb1225f0b33771aa4d382d6373647a577-5.raw,0.6176470588235294,0.6428571428571429,0.2000445333207726,,0.4497456957540096,0.8227027027027027,0.5410010111223461,0.8608280945154997,0.4581342921262859,,0.7152875175315568,0.8589435774309724,0.8148148148148148,0.6911196911196911,0.6850574712643678,0.8363636363636363,0.8517441860465116,0.8823529411764706,0.6344086021505376,0.9389312977099236,0.7142857142857143,0.78125,0.7142857142857143,0.5323927744955856,0.568587170100437,0.5323927744955856,0.6741573033707865,0.859246226502454,0.6741573033707865,0.5270588235294117,0.1,0.0,0.1538461538461538,0.1,0.1538461538461538,0.1,0.2666666666666666,0.1204545454545453,0.0,0.1853146853146851,0.1204545454545453,0.2047509452572744,0.166453265044814,0.3023172905525847,1.0,1.0,1.0,,1.0,1.0,,0.9090909090909092,0.5,,,1
0.9634304773911796,2.8551493238866743,-8.356214308663587,3.738471675969982,-0.0987260171957303,-3.426090327670039,-0.1136119541775922,-0.165655391355193,-1.2092317648911295,-0.329549919972426,Spyware-TIBS-961bfaad26e065fccd479a8aea79ac6f02bfed983259420097133a86e0fc2d21-6.raw,0.3529411764705882,0.4285714285714285,0.2870124665590781,,0.3856962213571859,0.4237837837837838,0.5006393861892582,0.4010405376110991,0.4003201326457827,,0.8653576437587658,0.2821128451380552,0.4074074074074074,0.2702702702702703,0.3011494252873563,0.4363636363636363,0.3052325581395348,0.2156862745098039,0.1720430107526881,0.3282442748091603,0.5714285714285714,0.5625,0.5714285714285714,0.6986804382829986,0.7624570205927421,0.6986804382829986,0.6629213483146067,0.8591999259190666,0.6629213483146067,0.6588235294117647,0.0,0.0,0.0769230769230769,0.0,0.0769230769230769,0.0,0.1333333333333333,0.0,0.0,0.1199095022624432,0.0,0.25087756621636,0.1184755592377796,0.2811995386389851,0.0,0.0,0.0,,0.0,0.0,,0.0909090909090909,1.0,,,1
3.013847381758665,-3.0588155924913623,-1.0916548327139894,-1.869499766469226,0.2339335031743724,0.542997548244044,1.2244285656111156,0.1891138158243872,0.0460703665693605,-0.1068258409757261,Spyware-TIBS-9675cdaca063fc0ae0f9c3efb59251dcbf8c89cf9209b6df888c9c64a50e5f20-8.raw,0.4117647058823529,0.4285714285714285,0.2999856789214182,,0.5048503932165777,0.5524324324324325,0.576147342995169,0.5935399956644266,0.4701729607259306,,0.3632538569424965,0.6974789915966386,0.5925925925925926,0.6003861003861004,0.4298850574712644,0.5272727272727272,0.4941860465116279,0.5098039215686274,0.4247311827956989,0.4274809160305343,0.5952380952380952,0.609375,0.5952380952380952,0.5974433681456124,0.6294393322330761,0.5974433681456124,0.0224719101123595,9.260116677470137e-05,0.0224719101123595,0.0,0.0,0.0,0.0,0.0,0.0,0.0,0.0666666666666666,0.0,0.0,0.0,0.0,0.0958408679927671,0.1017214397496085,0.1327886710239653,1.0,1.0,1.0,,1.0,1.0,,0.6363636363636364,1.0,,,1
3.7914549460454174,-2.9617022816828165,-1.051326694175667,-1.878171011852376,0.2250778275448847,0.4759037242512678,0.8682844305763544,0.350334270530563,-0.3499516151772044,0.4211390924962815,Spyware-TIBS-6666171e4b060f807fe35397acf8a6b5851d02614d02d63d32142e126aac932d-8.raw,0.4411764705882353,0.5,0.2431039030192041,,0.5064104242102002,0.5913513513513513,0.570799059929495,0.6414480815087795,0.4718422473237656,,0.3814866760168303,0.7406962785114045,0.6296296296296297,0.6505791505791506,0.4574712643678161,0.5818181818181818,0.6540697674418605,0.5686274509803921,0.489247311827957,0.5190839694656488,0.6190476190476191,0.640625,0.6190476190476191,0.6236107830916633,0.6808900090668891,0.6236107830916633,0.0224719101123595,9.260116677470137e-05,0.0224719101123595,0.0,0.0,0.0,0.0,0.0,0.0,0.0,0.1333333333333333,0.0,0.0,0.0,0.0,0.0828893993450959,0.0940236010658544,0.2246952835188128,1.0,1.0,1.0,,1.0,1.0,,0.6363636363636364,1.0,,,1
7.090209929694058,6.718601008102938,5.409978478559066,-0.5699397703592405,-0.4766792129678188,0.466359431184107,0.1311808293440154,-0.0027283323208552,-0.6950949655751951,-0.2771339709664195,Spyware-TIBS-30533d67f47b9264c85d2a594ee58789410e4f2d0e5f38cbc487908da385c8bb-6.raw,0.4705882352941176,0.5,0.2429425617071587,,0.4900467984844944,0.6324324324324324,0.569050343249428,0.6726642098417516,0.4543326073053461,,0.3828892005610098,0.7707082833133253,0.6666666666666666,0.6544401544401545,0.4942528735632184,0.6181818181818182,0.6715116279069767,0.6274509803921569,0.489247311827957,0.5877862595419847,0.6190476190476191,0.65625,0.6190476190476191,0.5697523557949004,0.6206393116646292,0.5697523557949004,0.0224719101123595,9.260116677470137e-05,0.0224719101123595,0.0,0.5,0.0,0.3846153846153846,0.5,0.3846153846153846,0.5,0.4666666666666667,0.6162790697674417,0.0,0.474060822898032,0.6162790697674417,0.519323773077085,0.6514903373730758,0.5945280437756499,1.0,1.0,1.0,,1.0,1.0,,0.8181818181818182,0.5,,,1
6.799424539571073,7.105602378563116,5.264540946600722,-0.6336741208813453,-0.4782612424800397,0.6737063351822385,-0.0640219651162149,0.5350761501954767,-0.627207545179596,-0.3102793438223507,Spyware-TIBS-7469e64fea64885609ff5e5a6256e808fdd81e6f797d5706b1cf4a96c96d0c1b-7.raw,0.4411764705882353,0.5,0.2584313276635133,,0.515929257391629,0.5924324324324325,0.5725029377203291,0.6501192282679384,0.4820277248698805,,0.3772791023842917,0.7496998799519808,0.6296296296296297,0.640926640926641,0.4919540229885057,0.5818181818181818,0.6569767441860465,0.5686274509803921,0.489247311827957,0.5267175572519084,0.6190476190476191,0.640625,0.6190476190476191,0.617080000357903,0.669347965757811,0.617080000357903,0.0224719101123595,9.260116677470137e-05,0.0224719101123595,0.0,0.5,0.0,0.3846153846153846,0.5,0.3846153846153846,0.5,0.4666666666666667,0.6309523809523809,0.0,0.4853479853479852,0.6309523809523809,0.5408163265306122,0.6713615023474178,0.6185807656395894,1.0,1.0,1.0,,1.0,1.0,,0.6363636363636364,0.5,,,1
2.965099802565654,0.7368134554121571,-5.955174929994677,2.692529635817725,0.058700355735542,0.1974786151833002,0.4697773169041997,0.0652829556866695,1.3538894191310686,0.1158506513163118,Spyware-TIBS-306cacba59ca07650c4ff93e770a530fee5ab0bd21fbbdacc6450bf5f8227b66-2.raw,0.4411764705882353,0.4285714285714285,0.4147710590354672,,0.2801001653217347,0.4648648648648649,0.3714453584018803,0.4355083459787557,0.2793862344402687,,0.6002805049088359,0.2893157262905162,0.5185185185185185,0.3397683397683397,0.6091954022988506,0.5454545454545454,0.2936046511627907,0.3333333333333333,0.2096774193548387,0.4274809160305343,0.5952380952380952,0.609375,0.5952380952380952,0.6915916351338508,0.7955181395079775,0.6915916351338508,0.6292134831460674,0.8544309658301694,0.6292134831460674,0.4894117647058824,0.0,0.0,0.0769230769230769,0.0,0.0769230769230769,0.0,0.1333333333333333,0.0,0.0,0.1101871101871101,0.0,0.1994526171741363,0.0940236010658544,0.2246952835188128,0.0,0.6363636363636364,0.5,,0.6666666666666666,0.6666666666666666,,0.3636363636363636,1.0,,,1
3.814185883766896,-3.5219613795525926,-0.79174209105612,-1.764727705858295,0.2770261718308631,-0.0890470088422531,1.1529860812598434,0.2767512233609521,0.0644672501889436,0.0486758693140426,Spyware-TIBS-327c5b55bece5d32b51b019eae79acd917c944de61153db2fea6a3f59b070a97-9.raw,0.4411764705882353,0.5,0.2890861769521317,,0.5421060486405576,0.6302702702702703,0.6321386603995299,0.6739648818556254,0.5100377881216961,,0.3702664796633941,0.7749099639855942,0.6296296296296297,0.638996138996139,0.5149425287356322,0.5636363636363636,0.7790697674418605,0.5882352941176471,0.4408602150537634,0.5190839694656488,0.6428571428571429,0.65625,0.6428571428571429,0.5940249739628364,0.5988938995744175,0.5940249739628364,0.0224719101123595,9.260116677470137e-05,0.0224719101123595,0.0,0.0,0.0,0.0,0.0,0.0,0.0,0.0666666666666666,0.0,0.0,0.0,0.0,0.0828893993450959,0.0940236010658544,0.1179650238473767,1.0,1.0,1.0,,1.0,1.0,,0.7272727272727273,1.0,,,1
9.91301837026359,-0.9306986151657792,-2.090412745044897,3.1149372888202835,0.1379032266534252,-0.0427218478140409,-0.7053718402226863,0.313752999875596,0.2547326518839374,-0.1885478761789797,Spyware-TIBS-78791f14568516cded277d28fae715f599d5074532d9a5f41fd1f0a14d648db2-4.raw,0.6764705882352942,0.6428571428571429,0.1890832463839276,,0.4123008934898096,0.8897297297297297,0.5197584541062804,0.9096032950357684,0.4150234867852688,,0.7335203366058906,0.8853541416566627,0.8888888888888888,0.7953667953667953,0.7402298850574712,0.9090909090909092,0.8924418604651163,0.9411764705882352,0.6989247311827957,0.9618320610687024,0.8809523809523809,0.921875,0.8809523809523809,0.6888635576468426,0.7237860138610998,0.6888635576468426,0.6966292134831461,0.8567922955829244,0.6966292134831461,0.4470588235294118,0.1,0.0,0.1538461538461538,0.1,0.1538461538461538,0.1,0.2666666666666666,0.1152173913043478,0.0,0.177257525083612,0.1152173913043478,0.1791807532038683,0.1512553582363747,0.2710997442455242,1.0,1.0,1.0,,1.0,1.0,,1.0,0.5,,,1
5.441457526925348,1.6349209403369798,0.9130557618823532,-2.1537358026878697,-0.0041113529772982,1.2556687916933582,-1.8749299183762136,-0.2640309829859452,-0.0966534989935117,-1.0106513665219237,Spyware-TIBS-992eed3db41572414b500aecbe50a54ccd1e5faa2561dec87e1fe3c2db678f44-9.raw,0.4705882352941176,0.5,0.210109604705928,,0.4033878421919883,0.5837837837837838,0.4943935926773458,0.5915889876436159,0.3616045558032831,,0.3983169705469845,0.6740696278511404,0.6296296296296297,0.555984555984556,0.4413793103448276,0.6181818181818182,0.6104651162790697,0.4509803921568627,0.3602150537634409,0.4885496183206106,0.6428571428571429,0.671875,0.6428571428571429,0.6604851591375069,0.7512206660717142,0.6604851591375069,0.0112359550561797,4.630058338735068e-05,0.0112359550561797,0.0,0.2,0.0,0.1538461538461538,0.2,0.1538461538461538,0.2,0.2666666666666666,0.2650000000000001,0.0,0.2038461538461538,0.2650000000000001,0.2635623869801088,0.3295774647887326,0.3741176470588237,1.0,1.0,1.0,,1.0,1.0,,0.6363636363636364,0.0,,,1
7.684411909962607,4.2984438470647035,4.060954934656942,-1.023858202066879,-0.2605875105277953,-0.0500298324696153,0.0809258470637178,-0.201323239755014,-0.4618130763142211,-0.1033518012024365,Spyware-TIBS-3031e4fc4cab067dba86e6f667dfaf323a996c8a112776899d692d8af34b21b2-4.raw,0.5294117647058824,0.5714285714285714,0.2199594918062971,,0.4577929837360535,0.7189189189189189,0.5721195652173916,0.7331454584868848,0.4198199207569846,,0.4095371669004207,0.8145258103241296,0.7407407407407407,0.6428571428571429,0.5701149425287356,0.7454545454545455,0.6918604651162791,0.7647058823529411,0.5752688172043011,0.7709923664122137,0.6904761904761905,0.734375,0.6904761904761905,0.583132718501939,0.6234471615253817,0.583132718501939,0.0224719101123595,9.260116677470137e-05,0.0224719101123595,0.0,0.4,0.0,0.3076923076923077,0.4,0.3076923076923077,0.4,0.4,0.4818181818181819,0.0,0.3706293706293706,0.4818181818181819,0.4007890843333884,0.5160051216389243,0.4818181818181817,1.0,1.0,1.0,,1.0,1.0,,1.0,0.5,,,1
8.365767560863503,-3.2082423500230077,-2.1527465922944926,3.7570537148375287,0.1896991704007686,-0.4599156688285983,-0.6624657292154932,-1.2819599673964437,0.7447823315848556,-0.1944553088981393,Spyware-TIBS-2725437ab005d0af1ff71341ddc285cdb1225f0b33771aa4d382d6373647a577-3.raw,0.6470588235294118,0.6428571428571429,0.2447063155956546,,0.4667179715292318,0.8854054054054054,0.5688241106719369,0.9243442445263386,0.4756262706679327,,0.7180925666199158,0.9129651860744298,0.8518518518518519,0.7007722007722008,0.8298850574712644,0.8727272727272727,0.9593023255813954,0.9411764705882352,0.6505376344086021,0.9694656488549618,0.7380952380952381,0.8125,0.7380952380952381,0.5075199808067639,0.5270764963029405,0.5075199808067639,0.6629213483146067,0.8577646078340587,0.6629213483146067,0.5176470588235295,0.0,0.0,0.0769230769230769,0.0,0.0769230769230769,0.0,0.2,0.0,0.0,0.0926573426573425,0.0,0.1067318757192177,0.0499359795134441,0.2125668449197862,1.0,1.0,1.0,,1.0,1.0,,0.9090909090909092,0.5,,,1
4.06335408102861,-2.929850781473542,-0.9685371423218796,-2.08187470946881,0.2508890438329995,0.5393622732616212,-0.7286711156995912,-0.1001041613891722,-0.1657693554156964,-0.2313063213025389,Spyware-TIBS-7469e64fea64885609ff5e5a6256e808fdd81e6f797d5706b1cf4a96c96d0c1b-10.raw,0.4411764705882353,0.5,0.2553658427346511,,0.5073623075283434,0.5924324324324325,0.5725029377203291,0.6423151961846955,0.4728607950783775,,0.3800841514726508,0.7436974789915967,0.6296296296296297,0.640926640926641,0.4666666666666667,0.5818181818181818,0.6569767441860465,0.5686274509803921,0.4946236559139785,0.5267175572519084,0.6190476190476191,0.640625,0.6190476190476191,0.6257996554025226,0.6847584671124102,0.6257996554025226,0.0224719101123595,9.260116677470137e-05,0.0224719101123595,0.0,0.0,0.0,0.0,0.0,0.0,0.0,0.1333333333333333,0.0,0.0,0.0,0.0,0.0828893993450959,0.0940236010658544,0.2246952835188128,1.0,1.0,1.0,,1.0,1.0,,0.6363636363636364,0.5,,,1
6.639094228566606,-3.8857988260906855,-0.9952430499970226,-2.333576083415869,0.4044271221209678,-0.6580295643128539,-0.1740332343963793,-1.4187926678344758,0.634319840214581,0.0813309927418457,Spyware-TIBS-4579cff31815c40492e3f2dd85eb22f5084a96d95d850a31d48bd79553fe42b4-3.raw,0.6470588235294118,0.6428571428571429,0.1983060209906093,,0.3792691001028003,0.841081081081081,0.5100790513833995,0.8293951875135487,0.3357966756453194,,0.4333800841514726,0.8997599039615847,0.8888888888888888,0.693050193050193,0.7310344827586207,0.8909090909090909,0.8226744186046512,0.8235294117647058,0.5913978494623656,0.8244274809160306,0.7380952380952381,0.828125,0.7380952380952381,0.5418892517087623,0.6196655172068055,0.5418892517087623,0.0224719101123595,9.260116677470137e-05,0.0224719101123595,0.0,0.0,0.0,0.0,0.0,0.0,0.0,0.1333333333333333,0.0,0.0,0.0,0.0,0.0087128061811609,0.0499359795134441,0.1228163992869874,1.0,1.0,1.0,,1.0,1.0,,0.9090909090909092,0.5,,,1
1.664121801907621,2.6944339047998036,-8.046395452123603,3.877915219677398,-0.1210261043598939,-3.5752849524426065,-0.1319600921415761,-0.8210825066924319,-1.3966244772755072,0.2113603642389384,Spyware-TIBS-574cbd37cab3adfdd1b55051c52471c180bc4b5e69e7e018d8f7039b644ed0fd-8.raw,0.4117647058823529,0.4285714285714285,0.2621780314654552,,0.3439160094422289,0.4789189189189189,0.4570652173913044,0.4511164101452417,0.3510424836268448,,0.8877980364656382,0.3175270108043217,0.4444444444444444,0.2934362934362934,0.3494252873563218,0.509090909090909,0.3691860465116279,0.3333333333333333,0.1989247311827957,0.3740458015267175,0.5714285714285714,0.609375,0.5714285714285714,0.6368902743524963,0.7699802072762792,0.6368902743524963,0.6629213483146067,0.8591999259190666,0.6629213483146067,0.6588235294117647,0.0,0.0,0.0769230769230769,0.0,0.0769230769230769,0.0,0.2,0.0,0.0,0.1132478632478629,0.0,0.2156419529837255,0.1017214397496085,0.3521786492374727,0.0,0.0,0.0,,0.0,0.0,,0.3636363636363636,1.0,,,1
7.347590074440213,0.3508809479108341,1.2103986022226365,-1.876112666227604,0.1154342056448147,-0.3227858181133685,-0.2187518044185981,-0.105730060436387,0.3116563866076158,0.0851880773493578,Spyware-TIBS-404929a7b78f384d1d1715f06d93c3cf0301d8027cb5e721ffff4d89e1b7da7c-2.raw,0.5882352941176471,0.5714285714285714,0.2315718406677714,,0.4275627560240329,0.7751351351351351,0.5328674948240164,0.7925428137871233,0.3874725416501148,,0.4305750350631136,0.8625450180072028,0.8148148148148148,0.6718146718146718,0.7034482758620689,0.8181818181818182,0.7936046511627907,0.7058823529411765,0.5806451612903226,0.7557251908396947,0.7619047619047619,0.8125,0.7619047619047619,0.6299200184425571,0.6875032353174382,0.6299200184425571,0.0224719101123595,9.260116677470137e-05,0.0224719101123595,0.0,0.2,0.0,0.1538461538461538,0.2,0.1538461538461538,0.2,0.2666666666666666,0.2409090909090907,0.0,0.1853146853146851,0.2409090909090907,0.2047509452572744,0.2829705505761845,0.3023172905525847,1.0,1.0,1.0,,1.0,1.0,,0.9090909090909092,0.5,,,1
4.0632237617859825,-2.917186598744761,-0.99365479629136,-2.093495909510859,0.2491821219684705,0.5676325165421291,-0.716284762577533,-0.1023467292884119,-0.2038963267991318,-0.2477168498047397,Spyware-TIBS-30533d67f47b9264c85d2a594ee58789410e4f2d0e5f38cbc487908da385c8bb-8.raw,0.4411764705882353,0.5,0.2431039030192041,,0.5064104242102002,0.5902702702702702,0.5690951821386604,0.6414480815087795,0.4718422473237656,,0.3828892005610098,0.741296518607443,0.6296296296296297,0.6467181467181468,0.4597701149425287,0.5818181818181818,0.6540697674418605,0.5686274509803921,0.489247311827957,0.5190839694656488,0.6190476190476191,0.640625,0.6190476190476191,0.6268963450297854,0.6866966787618474,0.6268963450297854,0.0224719101123595,9.260116677470137e-05,0.0224719101123595,0.0,0.0,0.0,0.0,0.0,0.0,0.0,0.1333333333333333,0.0,0.0,0.0,0.0,0.0828893993450959,0.0940236010658544,0.2246952835188128,1.0,1.0,1.0,,1.0,1.0,,0.6363636363636364,0.5,,,1
7.354741653596013,0.3574659897525571,1.2027185180684166,-1.878814497957569,0.1199643712803136,-0.3333160960866223,-0.2286096367984816,-0.0851328489165853,0.3896212081408419,0.1161398163270581,Spyware-TIBS-4579cff31815c40492e3f2dd85eb22f5084a96d95d850a31d48bd79553fe42b4-2.raw,0.5882352941176471,0.5714285714285714,0.2396734794083348,,0.4265145511796496,0.772972972972973,0.529865424430642,0.7914589204422284,0.3863509265631917,,0.429172510518934,0.8625450180072028,0.8148148148148148,0.666023166023166,0.7195402298850575,0.8181818181818182,0.7965116279069767,0.7058823529411765,0.5698924731182796,0.7633587786259542,0.7619047619047619,0.8125,0.7619047619047619,0.6318501354907136,0.6909089210300151,0.6318501354907136,0.0224719101123595,9.260116677470137e-05,0.0224719101123595,0.0,0.2,0.0,0.1538461538461538,0.2,0.1538461538461538,0.2,0.2666666666666666,0.2409090909090907,0.0,0.1853146853146851,0.2409090909090907,0.2047509452572744,0.2829705505761845,0.3023172905525847,1.0,1.0,1.0,,1.0,1.0,,0.9090909090909092,0.5,,,1
4.8474785797296,-1.3010999244266628,-3.535916695163564,4.427718416843186,-0.0410106324939203,1.964403215127436,0.6763518960710384,0.4989082696935555,-0.2700643811618462,-0.400370476047418,Spyware-TIBS-961bfaad26e065fccd479a8aea79ac6f02bfed983259420097133a86e0fc2d21-9.raw,0.4411764705882353,0.4285714285714285,0.2553658427346511,,0.4452519210195214,0.5621621621621622,0.5247943595769683,0.5859527422501626,0.4610131041827229,,0.9172510518934082,0.4903961584633853,0.5555555555555556,0.4227799227799227,0.4114942528735632,0.5454545454545454,0.5319767441860465,0.4901960784313725,0.3172043010752688,0.5190839694656488,0.6190476190476191,0.625,0.6190476190476191,0.6257996554025226,0.648553667455611,0.6257996554025226,0.6629213483146067,0.8591999259190666,0.6629213483146067,0.6588235294117647,0.0,0.0,0.0769230769230769,0.0,0.0769230769230769,0.0,0.2,0.0,0.0,0.1101871101871101,0.0,0.1994526171741363,0.0940236010658544,0.3314255431902492,1.0,1.0,1.0,,1.0,1.0,,0.6363636363636364,1.0,,,1
3.40060047872336,-2.1938606136498104,-2.1858688698381883,-2.551329324721888,0.2357179071047101,1.5683489333275102,1.3889396378931145,-0.5642147054097806,0.433315327159789,0.4585021252752561,Spyware-TIBS-248a7274908dc58a27ad4f999f106628810a4d04b027244683886198ad927afd-7.raw,0.5,0.5714285714285714,0.2456977748820871,,0.2695257179477504,0.5437837837837838,0.373411371237458,0.5070453067418166,0.2183674977755178,,0.3702664796633941,0.5540216086434574,0.6666666666666666,0.4691119691119691,0.4574712643678161,0.5818181818181818,0.3662790697674418,0.4313725490196078,0.2365591397849462,0.4732824427480916,0.5952380952380952,0.65625,0.5952380952380952,0.6061568754303854,0.7547058385520578,0.6061568754303854,0.0112359550561797,4.630058338735068e-05,0.0112359550561797,0.0,0.0,0.0,0.0,0.0,0.0,0.0,0.1333333333333333,0.0,0.0,0.0,0.0,0.0589789956878565,0.0798122065727696,0.1918552036199095,1.0,1.0,1.0,,1.0,1.0,,0.6363636363636364,1.0,,,1
8.294757150510952,6.134264978443954,5.529487613227315,-0.5616480319313262,-0.3401298299435682,-0.5491339876433925,-0.2143153757496964,0.9707224238041492,0.2356605528568949,0.2659792564230595,Spyware-TIBS-3031e4fc4cab067dba86e6f667dfaf323a996c8a112776899d692d8af34b21b2-1.raw,0.5,0.5,0.3649372783970463,,0.5544439208795631,0.7254054054054054,0.6449832775919735,0.7806199869932798,0.5232397340180062,,0.4095371669004207,0.8517406962785115,0.7037037037037037,0.6254826254826255,0.7954022988505747,0.7090909090909091,0.7906976744186046,0.7058823529411765,0.5698924731182796,0.7480916030534351,0.7380952380952381,0.75,0.7380952380952381,0.6421953836009732,0.6390260885985596,0.6421953836009732,0.0224719101123595,9.260116677470137e-05,0.0224719101123595,0.0,0.5,0.0,0.3846153846153846,0.5,0.3846153846153846,0.5,0.4666666666666667,0.6022727272727273,0.0,0.4632867132867132,0.6022727272727273,0.4988081538714451,0.6325224071702947,0.5715686274509806,1.0,1.0,1.0,,1.0,1.0,,1.0,0.5,,,1
4.374099260845337,-2.9196007847421273,-0.8636722018838867,-2.2750156840339915,0.2826295663118156,0.553507189355203,-2.336454803129499,-0.525128651289563,0.0860660403088802,-0.8542865201459242,Spyware-TIBS-2361f526473d9f47642b2c9504cf0e0ffa62f222eccbdf665035ad4658cfb915-9.raw,0.4411764705882353,0.5,0.2676277824500988,,0.5166431698802357,0.5902702702702702,0.5690951821386604,0.6507695642748753,0.4827916356858387,,0.3800841514726508,0.7539015606242497,0.6296296296296297,0.6486486486486487,0.4988505747126436,0.5818181818181818,0.6569767441860465,0.5686274509803921,0.510752688172043,0.5267175572519084,0.6190476190476191,0.640625,0.6190476190476191,0.6290942467157745,0.6905810946860846,0.6290942467157745,0.0224719101123595,9.260116677470137e-05,0.0224719101123595,0.0,0.0,0.0,0.0,0.0,0.0,0.0,0.1333333333333333,0.0,0.0,0.0,0.0,0.0828893993450959,0.0940236010658544,0.2246952835188128,1.0,1.0,1.0,,1.0,1.0,,0.6363636363636364,0.0,,,1
-0.6633467162611475,0.3974432324774012,-4.306323497352327,-2.7616729444299373,0.0690537895924454,0.8443555700353008,0.9193588517838348,-0.3633161019682524,-0.3839979020642858,-0.2501960828771217,Spyware-TIBS-1421d1a140f3875addfe2378e53f749e8c6023bb0ec3fbe33943218ec09f6b33-4.raw,0.2941176470588235,0.3571428571428571,0.2653286687534524,,0.224682708393605,0.3059459459459459,0.4353940217391305,0.1868632126598742,0.1703839415761007,,0.2833099579242636,0.1638655462184874,0.3703703703703703,0.193050193050193,0.1218390804597701,0.3818181818181818,0.1075581395348837,0.1568627450980392,0.0967741935483871,0.1984732824427481,0.4761904761904761,0.46875,0.4761904761904761,0.6701016903784026,0.7692561821009002,0.6701016903784026,0.0112359550561797,4.630058338735068e-05,0.0112359550561797,0.0,0.0,0.0,0.0,0.0,0.0,0.0,0.0666666666666666,0.0,0.0,0.0,0.0,0.1557414104882463,0.1373239436619719,0.2013480392156864,0.0,0.6363636363636364,0.5,,0.6666666666666666,0.6666666666666666,,0.3636363636363636,1.0,,,1
5.811834117426685,-1.7896158108239784,-2.9033549992651175,4.028917021930632,0.0267014658742134,1.3409512107326182,-1.0712301284370616,-0.0055512714611631,0.0231051085202357,-0.5973174905084672,Spyware-TIBS-2725437ab005d0af1ff71341ddc285cdb1225f0b33771aa4d382d6373647a577-10.raw,0.4705882352941176,0.5,0.2578666330713545,,0.4976931769808919,0.6281081081081081,0.5624141876430205,0.6800346845870366,0.517167622403976,,0.6872370266479664,0.680672268907563,0.5925925925925926,0.5637065637065637,0.5241379310344828,0.6,0.747093023255814,0.5686274509803921,0.4193548387096774,0.6335877862595419,0.6428571428571429,0.65625,0.6428571428571429,0.6169791687134814,0.6390260885985596,0.6169791687134814,0.6629213483146067,0.8591999259190666,0.6629213483146067,0.6588235294117647,0.0,0.0,0.0769230769230769,0.0,0.0769230769230769,0.0,0.2,0.0,0.0,0.1072874493927125,0.0,0.1841153516703151,0.0867309117865085,0.3117647058823528,1.0,1.0,1.0,,1.0,1.0,,0.6363636363636364,0.5,,,1
4.3207493665695145,1.3155130774623571,0.6618063542271349,-1.795615882042963,-0.0663826118155203,1.23070070145627,1.9993056917504477,-0.6308392638281163,-0.2016108010484826,-0.3483016662734122,Spyware-TIBS-570dbd214653ec1c9b7ff1f2c119060a7cacc28549706ece5f233ebdc05b1518-9.raw,0.5,0.4285714285714285,0.1700824799701618,,0.3101638134530805,0.6043243243243244,0.4639353400222965,0.5460654671580316,0.2618516519147003,,0.3660589060308555,0.6008403361344538,0.6666666666666666,0.5328185328185329,0.3586206896551724,0.6363636363636364,0.4505813953488372,0.4901960784313725,0.2849462365591398,0.465648854961832,0.5952380952380952,0.65625,0.5952380952380952,0.5471180615429777,0.6464495809024099,0.5471180615429777,0.0112359550561797,4.630058338735068e-05,0.0112359550561797,0.0,0.2,0.0,0.1538461538461538,0.2,0.1538461538461538,0.2,0.2,0.2585365853658535,0.0,0.1988742964352718,0.2585365853658535,0.2477837074934946,0.3170731707317075,0.2585365853658535,1.0,1.0,1.0,,1.0,1.0,,0.5454545454545454,1.0,,,1
7.643204509074801,4.399599602923685,3.9259619212324823,-1.1043079485228575,-0.2585010656489405,0.050066009737483,0.0542605407637343,-0.1357414352966132,-0.4584593772881142,-0.1257112336396052,Spyware-TIBS-30533d67f47b9264c85d2a594ee58789410e4f2d0e5f38cbc487908da385c8bb-5.raw,0.5294117647058824,0.5714285714285714,0.2171239182470999,,0.4509691701991168,0.7113513513513513,0.5610869565217391,0.7264253197485367,0.4125182065411135,,0.4025245441795231,0.8085234093637454,0.7407407407407407,0.640926640926641,0.5586206896551724,0.7454545454545455,0.688953488372093,0.7647058823529411,0.5752688172043011,0.7633587786259542,0.6904761904761905,0.734375,0.6904761904761905,0.5948480469390486,0.6442581827505689,0.5948480469390486,0.0224719101123595,9.260116677470137e-05,0.0224719101123595,0.0,0.4,0.0,0.3076923076923077,0.4,0.3076923076923077,0.4,0.4,0.4818181818181819,0.0,0.3706293706293706,0.4818181818181819,0.4007890843333884,0.5160051216389243,0.4818181818181817,1.0,1.0,1.0,,1.0,1.0,,0.9090909090909092,0.5,,,1
4.995736026950139,-0.0884019645440853,0.0246593788395919,-1.7933349340160334,-0.0080919703391104,0.8623778866951984,1.2240892315605914,0.0420944913905074,-0.7712073175018075,0.6560944333200792,Spyware-TIBS-505c865b3cadf62b53d15f53d6d9a4293f7d7287fc88b54fa2b19974b3338a57-9.raw,0.5,0.5714285714285714,0.167174199396626,,0.3806031789956523,0.625945945945946,0.4962653288740244,0.6139171905484501,0.3871419603613377,,0.367461430575035,0.614045618247299,0.6296296296296297,0.8127413127413128,0.3655172413793103,0.6,0.5,0.5294117647058824,0.7096774193548387,0.5648854961832062,0.6666666666666666,0.6875,0.6666666666666666,0.6346658954503608,0.6756059700299791,0.6346658954503608,0.0112359550561797,4.630058338735068e-05,0.0112359550561797,0.0,0.1,0.0,0.1538461538461538,0.1,0.1538461538461538,0.1,0.2,0.1325,0.0,0.2038461538461538,0.1325,0.2635623869801088,0.2014084507042254,0.2753921568627452,1.0,1.0,1.0,,1.0,1.0,,0.5454545454545454,1.0,,,1
0.1054382602287768,2.6850959304964404,-2.994019638103063,-2.496904720357839,-0.0465379678687074,0.7545041524195316,0.9020632389416324,0.3676472366182061,-0.1775264962932339,-0.1807880761067626,Spyware-TIBS-9675cdaca063fc0ae0f9c3efb59251dcbf8c89cf9209b6df888c9c64a50e5f20-5.raw,0.2941176470588235,0.3571428571428571,0.3043178051924139,,0.2563253921334322,0.3048648648648648,0.4334239130434783,0.2117927595924561,0.2042426970125993,,0.2889200561009817,0.2148859543817527,0.3703703703703703,0.1872586872586872,0.1977011494252873,0.3818181818181818,0.1075581395348837,0.1568627450980392,0.0967741935483871,0.183206106870229,0.5,0.484375,0.5,0.7157177687645835,0.8126662132683452,0.7157177687645835,0.0112359550561797,4.630058338735068e-05,0.0112359550561797,0.0,0.1,0.0,0.0769230769230769,0.1,0.0769230769230769,0.1,0.1333333333333333,0.1606060606060606,0.0,0.1235431235431235,0.1606060606060606,0.2700969916159792,0.2829705505761845,0.3023172905525847,0.0,0.6363636363636364,0.5,,0.6666666666666666,0.6666666666666666,,0.3636363636363636,1.0,,,1
7.11443670046496,-2.748969364624555,-3.15173249028065,3.889903950991744,0.1765649061730983,0.1975474788839946,1.028078563363143,0.6450421099499647,0.3251029390300125,-0.5428559494777371,Spyware-TIBS-306cacba59ca07650c4ff93e770a530fee5ab0bd21fbbdacc6450bf5f8227b66-9.raw,0.5588235294117647,0.5,0.2563378257608758,,0.5262780863931454,0.7383783783783784,0.5397136797454933,0.8478213743767613,0.5444201407632995,,0.9733520336605892,0.804921968787515,0.7407407407407407,0.7741312741312741,0.6367816091954023,0.6909090909090909,0.7238372093023255,0.7058823529411765,0.553763440860215,0.7099236641221374,0.7380952380952381,0.765625,0.7380952380952381,0.6312747208295244,0.6526951759034368,0.6312747208295244,0.6966292134831461,0.8567922955829244,0.6966292134831461,0.4470588235294118,0.0,0.0,0.0769230769230769,0.0,0.0769230769230769,0.0,0.1333333333333333,0.0,0.0,0.0994371482176359,0.0,0.1425925109160679,0.0669872895912056,0.1622190339550454,1.0,1.0,1.0,,1.0,1.0,,0.8181818181818182,1.0,,,1
4.636761599440757,-1.9160523564086185,-3.0735320039449907,4.734810752098667,-0.0162221158598182,1.3711410106980038,1.0710779500594343,-0.1518673707643965,0.1360802289482193,-0.9084625666737614,Spyware-TIBS-0149e4302db69ee3430709369101d4e70f5d8bfce7c76555cb835f4862a03879-8.raw,0.4411764705882353,0.4285714285714285,0.2798897221655464,,0.5097420158237003,0.5762162162162162,0.5469447708578146,0.6446997615434641,0.5319365648458427,,0.9200561009817672,0.5870348139255702,0.5555555555555556,0.5135135135135135,0.4597701149425287,0.5454545454545454,0.5930232558139535,0.4901960784313725,0.3064516129032258,0.5572519083969466,0.5714285714285714,0.59375,0.5714285714285714,0.538315007824994,0.5558112160542891,0.538315007824994,0.6629213483146067,0.8591999259190666,0.6629213483146067,0.6588235294117647,0.0,0.0,0.0769230769230769,0.0,0.0769230769230769,0.0,0.1333333333333333,0.0,0.0,0.1101871101871101,0.0,0.1994526171741363,0.0940236010658544,0.2246952835188128,1.0,1.0,1.0,,1.0,1.0,,0.5454545454545454,1.0,,,1
8.476377305006569,-3.727460267246972,-1.9266172717606307,-3.102770713628201,0.5748116518228563,-0.7973193967579978,-2.2088439360734324,0.1737547330302564,0.8584306144620444,-0.3823679707745838,Spyware-TIBS-2361f526473d9f47642b2c9504cf0e0ffa62f222eccbdf665035ad4658cfb915-3.raw,0.6764705882352942,0.7142857142857143,0.1966447758751201,,0.3989956799984348,0.9102702702702704,0.5463768115942028,0.8946455668762194,0.3569047918144977,,0.4810659186535764,0.9603841536614646,0.925925925925926,0.7355212355212355,0.8045977011494253,0.9272727272727272,0.8430232558139535,0.9215686274509804,0.6559139784946236,0.900763358778626,0.9523809523809524,0.984375,0.9523809523809524,0.7584367814482473,0.8015416370360197,0.7584367814482473,0.0561797752808988,0.0002778035003241,0.0561797752808988,0.0094117647058823,0.0,0.0,0.0,0.0,0.0,0.0,0.1333333333333333,0.0,0.0,0.0,0.0,0.0,0.0447574334898277,0.1108496732026144,1.0,1.0,1.0,,1.0,1.0,,0.9090909090909092,0.0,,,1
5.438073421092327,3.222966171673358,2.767801423769403,-0.9955577241024448,-0.2173653818005799,0.5758861668823312,1.2583565838569213,0.8001797553405646,-0.6271069542384149,0.3392892613579593,Spyware-TIBS-6666171e4b060f807fe35397acf8a6b5851d02614d02d63d32142e126aac932d-7.raw,0.4411764705882353,0.5,0.2492348728769278,,0.5099799866532361,0.5913513513513513,0.570799059929495,0.6446997615434641,0.4756618014035588,,0.3772791023842917,0.7430972388955582,0.6296296296296297,0.6505791505791506,0.4666666666666667,0.5818181818181818,0.6540697674418605,0.5686274509803921,0.4838709677419355,0.5190839694656488,0.6190476190476191,0.640625,0.6190476190476191,0.6214278994875352,0.6770321350379123,0.6214278994875352,0.0224719101123595,9.260116677470137e-05,0.0224719101123595,0.0,0.3,0.0,0.2307692307692307,0.3,0.2307692307692307,0.3,0.3333333333333333,0.3975000000000001,0.0,0.3057692307692308,0.3975000000000001,0.3713833634719714,0.4577464788732396,0.4728431372549021,1.0,1.0,1.0,,1.0,1.0,,0.6363636363636364,1.0,,,1
7.661536833172557,4.379243244979462,3.95494438405843,-1.0826879431282757,-0.2546667119070206,0.0032850333666527,0.0422162788484276,-0.1275982987392938,-0.3938675620407706,-0.1013420395219065,Spyware-TIBS-7469e64fea64885609ff5e5a6256e808fdd81e6f797d5706b1cf4a96c96d0c1b-5.raw,0.5294117647058824,0.5714285714285714,0.2227950653654944,,0.4553716305455276,0.7124324324324325,0.5626630434782608,0.7307608931281162,0.4172289899061915,,0.4039270687237026,0.8127250900360145,0.7407407407407407,0.6351351351351351,0.5770114942528736,0.7454545454545455,0.6918604651162791,0.7647058823529411,0.5806451612903226,0.7709923664122137,0.6904761904761905,0.734375,0.6904761904761905,0.5938650323979805,0.6425119631214148,0.5938650323979805,0.0224719101123595,9.260116677470137e-05,0.0224719101123595,0.0,0.4,0.0,0.3076923076923077,0.4,0.3076923076923077,0.4,0.4,0.4818181818181819,0.0,0.3706293706293706,0.4818181818181819,0.4007890843333884,0.5160051216389243,0.4818181818181817,1.0,1.0,1.0,,1.0,1.0,,0.9090909090909092,0.5,,,1
7.500346735327148,2.111964604627551,3.0050358439298375,-1.228295640610353,-0.0786142714372557,-0.4910141659408024,-0.0884897914818095,-0.4297122487778934,0.0487021211119547,0.0466386404743798,Spyware-TIBS-30533d67f47b9264c85d2a594ee58789410e4f2d0e5f38cbc487908da385c8bb-3.raw,0.5588235294117647,0.5714285714285714,0.2508049993039056,,0.4659321665228325,0.774054054054054,0.5904559915164371,0.7866897897246911,0.4285291251246168,,0.4053295932678822,0.8619447779111644,0.7777777777777778,0.6505791505791506,0.6873563218390805,0.7818181818181819,0.7965116279069767,0.8235294117647058,0.5913978494623656,0.8015267175572519,0.7142857142857143,0.765625,0.7142857142857143,0.565946352869744,0.5971598740910755,0.565946352869744,0.0224719101123595,9.260116677470137e-05,0.0224719101123595,0.0,0.3,0.0,0.2307692307692307,0.3,0.2307692307692307,0.3,0.3333333333333333,0.361363636363636,0.0,0.2779720279720276,0.361363636363636,0.3027700147953316,0.3994878361075544,0.3920677361853832,1.0,1.0,1.0,,1.0,1.0,,0.9090909090909092,0.5,,,1
9.91383878925619,-0.9035783868025552,-2.1455758558794495,3.078363869222807,0.1317530286300198,0.0263991825161333,-0.690364559549171,0.3303992018392541,0.109674008179457,-0.2397498294188215,Spyware-TIBS-78791f14568516cded277d28fae715f599d5074532d9a5f41fd1f0a14d648db2-5.raw,0.6764705882352942,0.6428571428571429,0.1663986579103501,,0.4085832603083958,0.8897297297297297,0.5197584541062804,0.905484500325168,0.4109550829699741,,0.7349228611500701,0.8805522208883554,0.8888888888888888,0.7953667953667953,0.7080459770114943,0.9090909090909092,0.8924418604651163,0.9411764705882352,0.6989247311827957,0.9618320610687024,0.8809523809523809,0.921875,0.8809523809523809,0.69356877206376,0.7318965008865357,0.69356877206376,0.6966292134831461,0.8567922955829244,0.6966292134831461,0.4470588235294118,0.1,0.0,0.1538461538461538,0.1,0.1538461538461538,0.1,0.2666666666666666,0.1152173913043478,0.0,0.177257525083612,0.1152173913043478,0.1791807532038683,0.1512553582363747,0.2710997442455242,1.0,1.0,1.0,,1.0,1.0,,1.0,0.5,,,1
6.53060448615285,4.726571522102399,4.382431710364538,-0.7422373404319301,-0.3390485244851268,0.3508754591533378,0.011574324050334,-0.0814757930991629,-0.6104645683029231,-0.2866025736124704,Spyware-TIBS-87163ea3765848c449bf0ff0549bacf6a38706b9004b2262e20b822fb5f4e852-6.raw,0.4705882352941176,0.4285714285714285,0.2489121902528369,,0.4953760925880442,0.64,0.5806636155606407,0.6776501192282679,0.4600351345367565,,0.391304347826087,0.7743097238895558,0.6666666666666666,0.6563706563706564,0.4988505747126436,0.6181818181818182,0.6715116279069767,0.6274509803921569,0.489247311827957,0.5877862595419847,0.6190476190476191,0.65625,0.6190476190476191,0.5626424701485028,0.6079127065760423,0.5626424701485028,0.0224719101123595,9.260116677470137e-05,0.0224719101123595,0.0,0.4,0.0,0.3076923076923077,0.4,0.3076923076923077,0.4,0.4,0.5047619047619047,0.0,0.3882783882783882,0.5047619047619047,0.438129682252648,0.5492957746478873,0.5245564892623713,1.0,1.0,1.0,,1.0,1.0,,0.9090909090909092,0.5,,,1
3.5792080307213237,-1.3212253239201233,-2.1252898821644077,-2.4870653387591153,0.1079359272150917,2.2262771428185646,0.1955330490665479,0.7390701007774263,-0.9713504134596986,1.7382395825210717,Spyware-TIBS-570dbd214653ec1c9b7ff1f2c119060a7cacc28549706ece5f233ebdc05b1518-8.raw,0.5294117647058824,0.4285714285714285,0.1575768735039588,,0.2220412321857585,0.532972972972973,0.478789659224442,0.5009755040104054,0.3068375110767066,,0.3520336605890603,0.5474189675870348,0.5925925925925926,0.4806949806949807,0.3816091954022989,0.5636363636363636,0.4156976744186046,0.4313725490196078,0.2580645161290322,0.4122137404580153,0.6666666666666666,0.671875,0.6666666666666666,0.7299051962124513,0.8056431119916031,0.7299051962124513,0.0112359550561797,4.630058338735068e-05,0.0112359550561797,0.0,0.0,0.0,0.0,0.0,0.0,0.0,0.3333333333333333,0.0,0.0,0.0,0.0,0.0479204339963837,0.0732394366197184,0.4728431372549021,1.0,1.0,1.0,,1.0,1.0,,0.5454545454545454,1.0,,,1
1.613643613400015,0.7760896663471575,-5.045057135693056,2.99240212454292,-0.0448056349866185,0.252026043657391,0.5809473770203819,-0.9921282351365224,1.442367817158004,0.1861289336576142,Spyware-TIBS-0149e4302db69ee3430709369101d4e70f5d8bfce7c76555cb835f4862a03879-2.raw,0.3823529411764705,0.4285714285714285,0.4605781624010311,,0.3218198513226247,0.3978378378378378,0.3890683229813665,0.3895512681552135,0.3282644605321733,,0.5932678821879382,0.2671068427370948,0.4444444444444444,0.2335907335907336,0.5954022988505747,0.4727272727272727,0.252906976744186,0.2745098039215686,0.1451612903225806,0.366412213740458,0.4761904761904761,0.5,0.4761904761904761,0.5639916741939254,0.6625342900923126,0.5639916741939254,0.6067415730337079,0.5016668210019446,0.6067415730337079,0.6,0.0,0.0,0.0769230769230769,0.0,0.0769230769230769,0.0,0.1333333333333333,0.0,0.0,0.1164835164835162,0.0,0.2327563936967193,0.1098591549295773,0.2612885154061625,0.0,0.6363636363636364,0.5,,0.6666666666666666,0.6666666666666666,,0.2727272727272727,1.0,,,1
1.182639087902388,3.992827486983275,-1.6713819354908053,-2.1457427315692703,-0.0695891391707062,-0.0637324439260643,1.6885671478008597,-0.8163878836115547,1.4410672932448656,-0.3856605756535134,Spyware-TIBS-570dbd214653ec1c9b7ff1f2c119060a7cacc28549706ece5f233ebdc05b1518-1.raw,0.3823529411764705,0.4285714285714285,0.4184496409501012,,0.2224500320750681,0.3718918918918918,0.3458385093167703,0.3037069152395404,0.1679949014409539,,0.3141654978962132,0.2545018007202881,0.4814814814814814,0.2258687258687258,0.5011494252873563,0.4909090909090909,0.1308139534883721,0.2156862745098039,0.0967741935483871,0.2213740458015267,0.4761904761904761,0.515625,0.4761904761904761,0.5916577529186867,0.7543329215821,0.5916577529186867,0.0112359550561797,4.630058338735068e-05,0.0112359550561797,0.0,0.2,0.0,0.1538461538461538,0.2,0.1538461538461538,0.2,0.1333333333333333,0.2864864864864863,0.0,0.2203742203742202,0.2864864864864863,0.3160158350031768,0.3711457936810051,0.2246952835188128,0.0,0.6363636363636364,0.5,,0.6666666666666666,0.6666666666666666,,0.2727272727272727,1.0,,,1
-1.308821412002879,1.8360077477390533,-6.256161506140737,-2.743506049902788,0.1205751903516729,-4.0029840819654785,0.0883461057137434,0.0657626811632597,-1.1160244144254097,0.5200024699758887,Spyware-TIBS-1421d1a140f3875addfe2378e53f749e8c6023bb0ec3fbe33943218ec09f6b33-6.raw,0.2941176470588235,0.3571428571428571,0.3503958755293684,,0.3520789046678658,0.3513513513513513,0.5181385869565218,0.2872317363971385,0.3067022352030474,,0.3071528751753156,0.287515006002401,0.3703703703703703,0.2374517374517374,0.2781609195402298,0.3818181818181818,0.2005813953488372,0.1764705882352941,0.1290322580645161,0.2061068702290076,0.5476190476190477,0.515625,0.5476190476190477,0.7434636308757654,0.7910472603951029,0.7434636308757654,0.0112359550561797,4.630058338735068e-05,0.0112359550561797,0.0,0.0,0.0,0.0,0.0,0.0,0.0,0.0666666666666666,0.0,0.0,0.0,0.0,0.1557414104882463,0.1373239436619719,0.2013480392156864,0.0,0.0,0.0,,0.0,0.0,,0.3636363636363636,1.0,,,1
-0.6944097265507363,0.4882489951561708,-4.421275397109263,-2.8312786488440733,0.074167837643081,0.9158392204542958,0.8899235241383805,-0.3150373129001814,-0.3103895443189207,-0.2418187212670415,Spyware-TIBS-327c5b55bece5d32b51b019eae79acd917c944de61153db2fea6a3f59b070a97-4.raw,0.2941176470588235,0.3571428571428571,0.2653286687534524,,0.2180790178739889,0.2983783783783784,0.4216032608695653,0.1816605246043789,0.1633177665284836,,0.273492286115007,0.1602641056422569,0.3703703703703703,0.1891891891891892,0.128735632183908,0.3818181818181818,0.1075581395348837,0.1568627450980392,0.0913978494623656,0.1984732824427481,0.4761904761904761,0.46875,0.4761904761904761,0.6796097563447521,0.7860959708664363,0.6796097563447521,0.0112359550561797,4.630058338735068e-05,0.0112359550561797,0.0,0.0,0.0,0.0,0.0,0.0,0.0,0.0666666666666666,0.0,0.0,0.0,0.0,0.1557414104882463,0.1373239436619719,0.2013480392156864,0.0,0.6363636363636364,0.5,,0.6666666666666666,0.6666666666666666,,0.2727272727272727,1.0,,,1
9.765016725502766,-3.16308498696877,-2.991487527920963,2.9190659382241453,0.3159112591365319,-0.5584968169094786,-0.8457559455112258,0.0602907987263999,0.695529648100034,-0.0402149935165463,Spyware-TIBS-78791f14568516cded277d28fae715f599d5074532d9a5f41fd1f0a14d648db2-3.raw,0.7058823529411765,0.6428571428571429,0.2147814879155891,,0.4282007937553969,0.9524324324324324,0.5468336483931946,0.9718187730327336,0.4314398530575108,,0.7391304347826086,0.936374549819928,0.925925925925926,0.805019305019305,0.8528735632183908,0.9454545454545454,1.0,1.0,0.7150537634408602,1.0,0.9047619047619048,0.953125,0.9047619047619048,0.6638235627141096,0.6860635008520906,0.6638235627141096,0.6853932584269663,0.8553106769145291,0.6853932584269663,0.4392156862745098,0.0,0.0,0.0769230769230769,0.0,0.0769230769230769,0.0,0.2,0.0,0.0,0.088628762541806,0.0,0.0854233823413792,0.0398040416411512,0.1852514919011081,1.0,1.0,1.0,,1.0,1.0,,1.0,0.5,,,1
4.2363177989464615,-3.580095572157226,-0.9248814759113122,-1.8707720753899089,0.3003052816010202,-0.218320707632354,1.1896627155780857,0.0940914254382327,0.1075490059780752,0.0071411090364043,Spyware-TIBS-9675cdaca063fc0ae0f9c3efb59251dcbf8c89cf9209b6df888c9c64a50e5f20-10.raw,0.4705882352941176,0.5,0.2757755187083895,,0.5071932229915678,0.6713513513513514,0.6287757437070939,0.6887058313461956,0.4726798688324923,,0.3814866760168303,0.765906362545018,0.6666666666666666,0.6428571428571429,0.5310344827586206,0.6727272727272727,0.7703488372093024,0.6274509803921569,0.5268817204301075,0.6259541984732825,0.6666666666666666,0.6875,0.6666666666666666,0.5904341731969002,0.5981172756161764,0.5904341731969002,0.0224719101123595,9.260116677470137e-05,0.0224719101123595,0.0,0.0,0.0,0.0,0.0,0.0,0.0,0.0666666666666666,0.0,0.0,0.0,0.0,0.0706195869420388,0.0867309117865085,0.1039215686274509,1.0,1.0,1.0,,1.0,1.0,,0.6363636363636364,1.0,,,1
3.2511270666311014,0.919744367541764,-6.693536035416077,3.0867480626550488,-0.0076107215124122,0.7662661907415639,0.7201903221230056,0.1340795143510767,-0.1828503873925481,-0.8264787119731283,Spyware-TIBS-306cacba59ca07650c4ff93e770a530fee5ab0bd21fbbdacc6450bf5f8227b66-5.raw,0.4411764705882353,0.4285714285714285,0.2001871140151383,,0.2477361325048779,0.4767567567567567,0.3901880141010574,0.4060264469976154,0.2437936490152336,,0.8779803646563815,0.2346938775510204,0.5185185185185185,0.3455598455598455,0.2804597701149425,0.5454545454545454,0.311046511627907,0.3333333333333333,0.2204301075268817,0.4274809160305343,0.6190476190476191,0.625,0.6190476190476191,0.7173386446463258,0.8082591035051526,0.7173386446463258,0.6853932584269663,0.856745994999537,0.6853932584269663,0.5364705882352941,0.0,0.0,0.0769230769230769,0.0,0.0769230769230769,0.0,0.1333333333333333,0.0,0.0,0.1101871101871101,0.0,0.1994526171741363,0.0940236010658544,0.2246952835188128,0.0,0.6363636363636364,0.5,,0.6666666666666666,0.6666666666666666,,0.3636363636363636,1.0,,,1
6.535666610643476,0.4339569335701166,1.7433270249554904,-1.5220884626202011,0.0253325530658361,-0.1442557450251741,-0.1963161847076417,-0.3666206738845554,-0.1901047185729193,-0.1068301544947705,Spyware-TIBS-87163ea3765848c449bf0ff0549bacf6a38706b9004b2262e20b822fb5f4e852-4.raw,0.5294117647058824,0.5,0.2313017860430859,,0.4582332297706947,0.7189189189189189,0.5721195652173916,0.7335790158248429,0.4202909990934925,,0.4095371669004207,0.8157262905162065,0.7407407407407407,0.6428571428571429,0.5793103448275863,0.7454545454545455,0.688953488372093,0.7647058823529411,0.5752688172043011,0.7633587786259542,0.6904761904761905,0.734375,0.6904761904761905,0.583132718501939,0.6234471615253817,0.583132718501939,0.0224719101123595,9.260116677470137e-05,0.0224719101123595,0.0,0.2,0.0,0.1538461538461538,0.2,0.1538461538461538,0.2,0.2666666666666666,0.2523809523809524,0.0,0.1941391941391941,0.2523809523809524,0.2327563936967193,0.3051643192488263,0.3365079365079363,1.0,1.0,1.0,,1.0,1.0,,1.0,0.5,,,1
2.057063614317353,-2.2010014876749673,-1.1824807293961508,-1.8428734921742544,0.161042964728474,1.3764810822818103,0.7632672756668063,0.6630013564627986,0.2063175360247952,0.5655652265912918,Spyware-TIBS-5555ad162e1d6f2cce4027b9c8f6d68e141d13498aa7ed59965dceb22f9bf1b9-7.raw,0.3529411764705882,0.3571428571428571,0.3870915333542736,,0.4807375711885238,0.4497297297297297,0.545140664961637,0.480381530457403,0.4443714152361563,,0.3380084151472651,0.5618247298919568,0.4814814814814814,0.4420849420849421,0.4482758620689655,0.4545454545454545,0.3459302325581395,0.3725490196078431,0.2419354838709677,0.3358778625954198,0.5476190476190477,0.578125,0.5476190476190477,0.6279945410988488,0.749991375369781,0.6279945410988488,0.0112359550561797,4.630058338735068e-05,0.0112359550561797,0.0,0.0,0.0,0.0,0.0,0.0,0.0,0.1333333333333333,0.0,0.0,0.0,0.0,0.1240293585788749,0.1184755592377796,0.2811995386389851,1.0,1.0,1.0,,1.0,1.0,,0.7272727272727273,1.0,,,1
8.478252240603473,3.2664099133172813,1.3548311813659442,4.731001558773608,-0.3612020018398147,0.5953208903529983,-0.274475047562086,-0.8564886926261586,-0.2462918995094835,-0.5663616007956728,Spyware-TIBS-2725437ab005d0af1ff71341ddc285cdb1225f0b33771aa4d382d6373647a577-6.raw,0.5588235294117647,0.5714285714285714,0.2176080405620849,,0.4822534829290381,0.7437837837837837,0.5474019088016966,0.8033817472360719,0.4961346112712493,,0.6956521739130435,0.8163265306122449,0.7407407407407407,0.7046332046332047,0.6068965517241379,0.7090909090909091,0.8343023255813954,0.7450980392156863,0.5483870967741935,0.7557251908396947,0.6428571428571429,0.703125,0.6428571428571429,0.5038965730901347,0.539311957600067,0.5038965730901347,0.6741573033707865,0.859246226502454,0.6741573033707865,0.5270588235294117,0.3,0.0,0.3076923076923077,0.3,0.3076923076923077,0.3,0.4,0.361363636363636,0.0,0.3706293706293706,0.361363636363636,0.4007890843333884,0.3994878361075544,0.4818181818181817,1.0,1.0,1.0,,1.0,1.0,,0.8181818181818182,0.5,,,1
4.630519095565464,-0.8334447254014354,0.368815585889226,-1.753096887344856,0.1036769172464705,0.5342306849139391,-0.6000888252425568,0.0548855598307409,-0.2092389819044262,-0.2547902043259329,Spyware-TIBS-7469e64fea64885609ff5e5a6256e808fdd81e6f797d5706b1cf4a96c96d0c1b-8.raw,0.4411764705882353,0.5,0.2523003578057898,,0.5137875199258074,0.5924324324324325,0.5725029377203291,0.6481682202471277,0.4797359924220046,,0.3814866760168303,0.748499399759904,0.6296296296296297,0.640926640926641,0.4873563218390804,0.5818181818181818,0.6569767441860465,0.5686274509803921,0.4946236559139785,0.5267175572519084,0.6190476190476191,0.640625,0.6190476190476191,0.6225185942383995,0.6789597517669678,0.6225185942383995,0.0224719101123595,9.260116677470137e-05,0.0224719101123595,0.0,0.1,0.0,0.0769230769230769,0.1,0.0769230769230769,0.1,0.2,0.1394736842105263,0.0,0.1072874493927125,0.1394736842105263,0.1841153516703151,0.2216456634544106,0.3117647058823528,1.0,1.0,1.0,,1.0,1.0,,0.6363636363636364,0.5,,,1
8.359600406263036,2.278718857593113,-1.3746821101430802,3.545175164226863,-0.124731297199267,1.3470013378854742,-0.9762146136185206,1.7453973113463437,-0.2667080388126965,-0.5013342376367225,Spyware-TIBS-78791f14568516cded277d28fae715f599d5074532d9a5f41fd1f0a14d648db2-10.raw,0.5294117647058824,0.5,0.2114527711287056,,0.451409416233758,0.6962162162162162,0.5390217391304347,0.7270756557554736,0.4635698113936841,,0.7082748948106592,0.7058823529411765,0.6666666666666666,0.667953667953668,0.5448275862068965,0.6727272727272727,0.7877906976744186,0.6274509803921569,0.478494623655914,0.6641221374045801,0.8095238095238095,0.796875,0.8095238095238095,0.7933318855858855,0.8176399915052247,0.7933318855858855,0.6853932584269663,0.856745994999537,0.6853932584269663,0.5364705882352941,0.2,0.0,0.2307692307692307,0.2,0.2307692307692307,0.2,0.3333333333333333,0.2523809523809524,0.0,0.2912087912087911,0.2523809523809524,0.3354430379746836,0.3051643192488263,0.4305322128851538,1.0,1.0,1.0,,1.0,1.0,,0.7272727272727273,0.5,,,1
3.314584163992816,-2.5154973656848343,-1.143679989531384,-2.1416809848107516,0.2199901241229595,1.0251091615289991,-0.9221495899125792,0.6320334320861676,-0.2621622869126223,-0.2099493867183036,Spyware-TIBS-3031e4fc4cab067dba86e6f667dfaf323a996c8a112776899d692d8af34b21b2-10.raw,0.3823529411764705,0.4285714285714285,0.2823421101086356,,0.5122577074502206,0.5243243243243243,0.5998136645962733,0.5534359419033167,0.4780990406735218,,0.3758765778401122,0.6398559423769508,0.5185185185185185,0.5154440154440154,0.4114942528735632,0.509090909090909,0.5872093023255814,0.4509803921568627,0.3548387096774194,0.4732824427480916,0.6190476190476191,0.609375,0.6190476190476191,0.686075434553495,0.7161445496618651,0.686075434553495,0.0112359550561797,4.630058338735068e-05,0.0112359550561797,0.0,0.0,0.0,0.0,0.0,0.0,0.0,0.1333333333333333,0.0,0.0,0.0,0.0,0.109532420563162,0.1098591549295773,0.2612885154061625,1.0,1.0,1.0,,1.0,1.0,,0.7272727272727273,0.5,,,1
4.118189116136287,-3.0110780323276356,-0.8709276598055464,-2.0267849115745262,0.2538592726461487,0.4505062787077104,-0.7162066242770702,-0.0956293523396211,-0.1285287891605585,-0.192130205230089,Spyware-TIBS-3031e4fc4cab067dba86e6f667dfaf323a996c8a112776899d692d8af34b21b2-9.raw,0.4411764705882353,0.5,0.264562297521237,,0.5145014324144147,0.5978378378378378,0.5810223266745008,0.6488185562540646,0.4804999032379633,,0.3870967741935484,0.7490996398559424,0.6296296296296297,0.6486486486486487,0.4850574712643678,0.5818181818181818,0.6569767441860465,0.5686274509803921,0.489247311827957,0.5267175572519084,0.6190476190476191,0.640625,0.6190476190476191,0.6214278994875352,0.6770321350379123,0.6214278994875352,0.0224719101123595,9.260116677470137e-05,0.0224719101123595,0.0,0.0,0.0,0.0,0.0,0.0,0.0,0.1333333333333333,0.0,0.0,0.0,0.0,0.0828893993450959,0.0940236010658544,0.2246952835188128,1.0,1.0,1.0,,1.0,1.0,,0.7272727272727273,0.5,,,1
3.0698670784108466,5.658678358215311,-0.3022072341358554,-1.9606398458129624,-0.2371504786686437,-0.378012472887496,1.543993104300299,-0.7825669012932144,0.04192877679869,-0.10178809342232,Spyware-TIBS-505c865b3cadf62b53d15f53d6d9a4293f7d7287fc88b54fa2b19974b3338a57-3.raw,0.4411764705882353,0.5714285714285714,0.261496812592375,,0.2177518079833773,0.5102702702702703,0.4430082256169212,0.3784955560372859,0.1629676407378359,,0.3197755960729312,0.297719087635054,0.5555555555555556,0.4613899613899614,0.4,0.5636363636363636,0.2209302325581395,0.3725490196078431,0.3440860215053763,0.3893129770992366,0.5714285714285714,0.609375,0.5714285714285714,0.6026326290889708,0.7080384873317623,0.6026326290889708,0.0112359550561797,4.630058338735068e-05,0.0112359550561797,0.0,0.3,0.0,0.2307692307692307,0.3,0.2307692307692307,0.3,0.2666666666666666,0.3975000000000001,0.0,0.3057692307692308,0.3975000000000001,0.3713833634719714,0.4577464788732396,0.3741176470588237,0.0,0.6363636363636364,0.5,,0.6666666666666666,0.6666666666666666,,0.2727272727272727,1.0,,,1
1.154214735919621,3.3215769999983413,-5.04163075447826,-2.725699299842148,0.0763073634164967,-4.858186171673066,0.4145636075551377,-0.270256363902313,-1.1467646594086165,0.4736049564585767,Spyware-TIBS-505c865b3cadf62b53d15f53d6d9a4293f7d7287fc88b54fa2b19974b3338a57-6.raw,0.4117647058823529,0.5,0.2779312179054399,,0.3206808020583947,0.5037837837837837,0.497342995169082,0.4303056579232603,0.2731051899534975,,0.3422159887798036,0.3703481392557022,0.5185185185185185,0.5366795366795367,0.3954022988505747,0.5272727272727272,0.2645348837209302,0.3333333333333333,0.4731182795698925,0.3816793893129771,0.6428571428571429,0.640625,0.6428571428571429,0.7243478376484592,0.7892013315562098,0.7243478376484592,0.0112359550561797,4.630058338735068e-05,0.0112359550561797,0.0,0.1,0.0,0.0769230769230769,0.1,0.0769230769230769,0.1,0.1333333333333333,0.1432432432432431,0.0,0.1101871101871101,0.1432432432432431,0.1994526171741363,0.2325846973734295,0.2246952835188128,0.0,0.0,0.0,,0.0,0.0,,0.2727272727272727,1.0,,,1
-0.5927160746632777,0.2999210825016152,-4.141146240250218,-2.64870550814125,0.1065546432330896,0.5411956317681514,0.813704021808063,-0.2259233784339054,0.2666850834427833,-0.0071145762950042,Spyware-TIBS-1421d1a140f3875addfe2378e53f749e8c6023bb0ec3fbe33943218ec09f6b33-3.raw,0.2941176470588235,0.3571428571428571,0.3503958755293684,,0.2554999308184802,0.3059459459459459,0.4353940217391305,0.2111424235855191,0.2033594251316472,,0.2819074333800841,0.187875150060024,0.3703703703703703,0.193050193050193,0.2758620689655172,0.3818181818181818,0.1075581395348837,0.1568627450980392,0.0967741935483871,0.1984732824427481,0.4761904761904761,0.46875,0.4761904761904761,0.6701016903784026,0.7692561821009002,0.6701016903784026,0.0112359550561797,4.630058338735068e-05,0.0112359550561797,0.0,0.0,0.0,0.0,0.0,0.0,0.0,0.0666666666666666,0.0,0.0,0.0,0.0,0.1557414104882463,0.1373239436619719,0.2013480392156864,0.0,0.6363636363636364,0.5,,0.6666666666666666,0.6666666666666666,,0.3636363636363636,1.0,,,1
8.506575883545898,-0.944899028465563,-1.200184565387058,3.985889690506287,0.0086650007560836,0.0440468936545919,-0.5190758040089599,-1.0476417433097938,0.309448166923041,-0.3540981072561203,Spyware-TIBS-2725437ab005d0af1ff71341ddc285cdb1225f0b33771aa4d382d6373647a577-4.raw,0.6176470588235294,0.6428571428571429,0.2211464760868913,,0.453636242106652,0.8227027027027027,0.5410010111223461,0.8649468892261002,0.4623964294565947,,0.7138849929873773,0.8643457382953181,0.8148148148148148,0.6911196911196911,0.7172413793103448,0.8363636363636363,0.8517441860465116,0.8823529411764706,0.6344086021505376,0.931297709923664,0.7142857142857143,0.78125,0.7142857142857143,0.5279704643661941,0.5606277254319546,0.5279704643661941,0.6741573033707865,0.859246226502454,0.6741573033707865,0.5270588235294117,0.1,0.0,0.1538461538461538,0.1,0.1538461538461538,0.1,0.2666666666666666,0.1204545454545453,0.0,0.1853146853146851,0.1204545454545453,0.2047509452572744,0.166453265044814,0.3023172905525847,1.0,1.0,1.0,,1.0,1.0,,0.9090909090909092,0.5,,,1
7.069545840695691,-0.2822315352344373,-1.2556862696528552,4.100799850517891,-0.0819188197535309,0.7972336222567189,-0.7210485471794559,-0.6064579942248125,-0.0570160892181534,-0.5878524697290438,Spyware-TIBS-2725437ab005d0af1ff71341ddc285cdb1225f0b33771aa4d382d6373647a577-7.raw,0.5294117647058824,0.5714285714285714,0.2227950653654944,,0.5002767260789173,0.7016216216216217,0.5469021739130434,0.7752005202688056,0.517200268165342,,0.6900420757363254,0.7887154861944778,0.7037037037037037,0.696911196911197,0.5770114942528736,0.6727272727272727,0.8168604651162791,0.6862745098039216,0.543010752688172,0.6870229007633588,0.6428571428571429,0.6875,0.6428571428571429,0.5510221703000396,0.5911253645517187,0.5510221703000396,0.6741573033707865,0.859246226502454,0.6741573033707865,0.5270588235294117,0.1,0.0,0.1538461538461538,0.1,0.1538461538461538,0.1,0.2666666666666666,0.1292682926829267,0.0,0.1988742964352718,0.1292682926829267,0.2477837074934946,0.1920302301614563,0.354854136776662,1.0,1.0,1.0,,1.0,1.0,,0.6363636363636364,0.5,,,1
9.64577631436142,-0.8030762593383235,0.8561903242473721,-1.5109966398500236,0.1675176567865563,-1.2515748453524422,-0.9135100084225196,-0.3391588850179605,0.6825413984302086,2.2848678987881503,Spyware-TIBS-35687c2a333d215c400adb744ca367dae9ce2b5fcc705ac639b11bc319d50475-1.raw,0.7352941176470589,0.8571428571428571,0.2490392036261493,,0.4138245818933901,1.0,0.5539777983348754,1.0,0.4586577125001839,,0.4670406732117812,1.0,0.925925925925926,0.972972972972973,1.0,0.9272727272727272,0.9040697674418604,0.9215686274509804,0.8548387096774194,0.9389312977099236,0.9285714285714286,0.96875,0.9285714285714286,0.6550179737920384,0.647916462981654,0.6550179737920384,0.0449438202247191,0.000926011667747,0.0449438202247191,0.0117647058823529,0.1,0.0,0.2307692307692307,0.1,0.2307692307692307,0.1,0.3333333333333333,0.1104166666666665,0.0,0.2548076923076923,0.1104166666666665,0.2455922242314649,0.1373239436619719,0.3247549019607844,1.0,1.0,1.0,,1.0,1.0,,0.9090909090909092,0.5,,,1
0.7883814565721107,-0.0173332073139756,-4.637918451941637,-2.98514019341481,0.222399551818659,0.1280299357184514,1.3232957106471268,-1.4752730526903175,1.3831807287946356,0.1927919496278346,Spyware-TIBS-248a7274908dc58a27ad4f999f106628810a4d04b027244683886198ad927afd-2.raw,0.4411764705882353,0.5714285714285714,0.3473303906005067,,0.1494541799066271,0.4021621621621621,0.27262044653349,0.3162800780403208,0.0898868393444627,,0.332398316970547,0.2575030012004802,0.5555555555555556,0.2625482625482625,0.496551724137931,0.509090909090909,0.1424418604651162,0.2156862745098039,0.0967741935483871,0.3206106870229007,0.5,0.5625,0.5,0.599407247305175,0.8113366564178897,0.599407247305175,0.0112359550561797,4.630058338735068e-05,0.0112359550561797,0.0,0.0,0.0,0.0,0.0,0.0,0.0,0.0666666666666666,0.0,0.0,0.0,0.0,0.0828893993450959,0.0940236010658544,0.1179650238473767,0.0,0.6363636363636364,0.5,,0.6666666666666666,0.6666666666666666,,0.2727272727272727,1.0,,,1
7.708946600096462,2.080139673402251,2.985143986775528,-1.250626805830571,-0.0369995038104364,-0.6956114155524123,-0.2262152810775617,-0.0347772316672575,0.4614157946880134,0.2320634389672888,Spyware-TIBS-7469e64fea64885609ff5e5a6256e808fdd81e6f797d5706b1cf4a96c96d0c1b-2.raw,0.5588235294117647,0.5714285714285714,0.3006004374166368,,0.4906288952953808,0.7751351351351351,0.5919936373276777,0.8116193366572729,0.4549554708311527,,0.4081346423562412,0.8949579831932774,0.7777777777777778,0.640926640926641,0.7931034482758621,0.7818181818181819,0.7994186046511628,0.8235294117647058,0.6075268817204301,0.8091603053435115,0.7380952380952381,0.78125,0.7380952380952381,0.5974894620502473,0.6256450314295428,0.5974894620502473,0.0224719101123595,9.260116677470137e-05,0.0224719101123595,0.0,0.3,0.0,0.2307692307692307,0.3,0.2307692307692307,0.3,0.3333333333333333,0.361363636363636,0.0,0.2779720279720276,0.361363636363636,0.3027700147953316,0.3994878361075544,0.3920677361853832,1.0,1.0,1.0,,1.0,1.0,,0.9090909090909092,0.5,,,1
3.812482785661803,-3.216383865553849,-0.6760100627163335,-1.6689535087117018,0.2164761323646261,0.1870995110951667,0.8483068074591261,0.2522429282062924,-0.4014146611074931,0.4785611915763976,Spyware-TIBS-327c5b55bece5d32b51b019eae79acd917c944de61153db2fea6a3f59b070a97-10.raw,0.4411764705882353,0.5,0.264562297521237,,0.5309214196523793,0.6302702702702703,0.6321386603995299,0.6637762844136137,0.4980698520050116,,0.3688639551192146,0.7623049219687875,0.6296296296296297,0.638996138996139,0.4735632183908046,0.5636363636363636,0.7790697674418605,0.5882352941176471,0.4408602150537634,0.5190839694656488,0.6428571428571429,0.65625,0.6428571428571429,0.5940249739628364,0.5988938995744175,0.5940249739628364,0.0224719101123595,9.260116677470137e-05,0.0224719101123595,0.0,0.0,0.0,0.0,0.0,0.0,0.0,0.1333333333333333,0.0,0.0,0.0,0.0,0.0828893993450959,0.0940236010658544,0.2246952835188128,1.0,1.0,1.0,,1.0,1.0,,0.7272727272727273,1.0,,,1
9.186643008224006,-0.4805883410406438,1.4351412083690818,-1.8083037492876568,0.2363298559494367,-1.6043531438027543,-0.5076094933841437,0.5419360088538261,0.3741602533101551,0.3069808216139681,Spyware-TIBS-35687c2a333d215c400adb744ca367dae9ce2b5fcc705ac639b11bc319d50475-2.raw,0.6470588235294118,0.7142857142857143,0.267906462898177,,0.5025379898023009,0.9708108108108108,0.6820158102766801,0.9629308476045956,0.4676986098675054,,0.4586255259467041,0.968187274909964,0.8888888888888888,0.9555984555984556,0.8666666666666667,0.8909090909090909,0.9040697674418604,0.9215686274509804,0.8548387096774194,0.9389312977099236,0.9285714285714286,0.953125,0.9285714285714286,0.6770057454855009,0.6570471177534752,0.6770057454855009,0.0449438202247191,0.000926011667747,0.0449438202247191,0.0117647058823529,0.2,0.0,0.1538461538461538,0.2,0.1538461538461538,0.2,0.2666666666666666,0.2304347826086956,0.0,0.177257525083612,0.2304347826086956,0.1791807532038683,0.2627066748315982,0.2710997442455242,1.0,1.0,1.0,,1.0,1.0,,0.9090909090909092,0.5,,,1
0.4448063511356472,4.97727618851608,-1.6504335395012315,-2.1758231690277907,-0.233374794578408,0.9880580947592542,1.1430131583345815,0.0992257491059345,-0.4831322001661955,-0.3777272799263299,Spyware-TIBS-954f736dfd60b84b6e7b02b873945bb19058beb1f7be314716f5c924f632f598-5.raw,0.2941176470588235,0.3571428571428571,0.2617842018044559,,0.219729940503893,0.2983783783783784,0.4216032608695653,0.1829611966182527,0.1650843102903879,,0.273492286115007,0.1626650660264105,0.3703703703703703,0.1911196911196911,0.1379310344827586,0.3818181818181818,0.1075581395348837,0.1568627450980392,0.0913978494623656,0.1984732824427481,0.4761904761904761,0.46875,0.4761904761904761,0.6796097563447521,0.7860959708664363,0.6796097563447521,0.0112359550561797,4.630058338735068e-05,0.0112359550561797,0.0,0.2,0.0,0.1538461538461538,0.2,0.1538461538461538,0.2,0.2,0.311764705882353,0.0,0.2398190045248868,0.311764705882353,0.3777257738538456,0.4200497100248551,0.397347174163783,0.0,0.6363636363636364,0.5,,0.6666666666666666,0.6666666666666666,,0.2727272727272727,1.0,,,1
-1.0253358112296211,2.150159672113197,-6.323805629879886,-2.8015577734706674,0.0805473236397195,-3.695664020783077,-0.1082046647381507,-0.1958797757069005,-1.3993196763582445,1.0237588856424755,Spyware-TIBS-954f736dfd60b84b6e7b02b873945bb19058beb1f7be314716f5c924f632f598-8.raw,0.3235294117647059,0.3571428571428571,0.3022770514945069,,0.3010920769816884,0.3675675675675676,0.4737812911725961,0.2885324084110123,0.2521445831624179,,0.3015427769985975,0.2851140456182473,0.3703703703703703,0.2432432432432432,0.2758620689655172,0.4181818181818181,0.2093023255813953,0.2156862745098039,0.1236559139784946,0.2061068702290076,0.5476190476190477,0.5625,0.5476190476190477,0.7232966156437955,0.8807070144712379,0.7232966156437955,0.0112359550561797,4.630058338735068e-05,0.0112359550561797,0.0,0.0,0.0,0.0,0.0,0.0,0.0,0.1333333333333333,0.0,0.0,0.0,0.0,0.1394048988985701,0.127614169867691,0.3023172905525847,0.0,0.0,0.0,,0.0,0.0,,0.3636363636363636,1.0,,,1
7.058265688814054,3.8254529586795214,2.650665131925965,-1.4585874265612175,-0.2480625151148023,1.046907173323665,-1.7306238967029155,-1.1713267444875337,-0.3317829952383488,-0.0498048769532613,Spyware-TIBS-992eed3db41572414b500aecbe50a54ccd1e5faa2561dec87e1fe3c2db678f44-6.raw,0.5588235294117647,0.5714285714285714,0.1622797759923836,,0.3699370555547545,0.6583783783783784,0.4259278897136799,0.6900065033600694,0.3729476262744578,,0.4067321178120617,0.7845138055222088,0.7407407407407407,0.6891891891891891,0.5080459770114942,0.6909090909090909,0.6802325581395349,0.5686274509803921,0.489247311827957,0.5419847328244275,0.6428571428571429,0.703125,0.6428571428571429,0.589922545395748,0.6954278579739448,0.589922545395748,0.0224719101123595,9.260116677470137e-05,0.0224719101123595,0.0,0.3,0.0,0.3076923076923077,0.3,0.3076923076923077,0.3,0.4,0.361363636363636,0.0,0.3706293706293706,0.361363636363636,0.4007890843333884,0.3994878361075544,0.4818181818181817,1.0,1.0,1.0,,1.0,1.0,,0.6363636363636364,0.0,,,1
7.412315962621817,4.420909863012095,4.001132273858078,-0.8062623720341201,-0.2416881312508579,-0.3223743090241532,1.2828850861263132,1.3434562941549055,-0.1998151890809937,0.7508043287889546,Spyware-TIBS-6666171e4b060f807fe35397acf8a6b5851d02614d02d63d32142e126aac932d-2.raw,0.5,0.5,0.2980468252057278,,0.5235138148560621,0.707027027027027,0.6175027870680042,0.7509213093431606,0.4901434611454066,,0.4025245441795231,0.8259303721488596,0.7037037037037037,0.6274131274131274,0.6804597701149425,0.7090909090909091,0.7703488372093024,0.7058823529411765,0.5698924731182796,0.7404580152671756,0.7380952380952381,0.75,0.7380952380952381,0.6593684954640058,0.6685818544997998,0.6593684954640058,0.0224719101123595,9.260116677470137e-05,0.0224719101123595,0.0,0.4,0.0,0.3076923076923077,0.4,0.3076923076923077,0.4,0.4,0.4930232558139532,0.0,0.3792486583184254,0.4930232558139532,0.4190251902939568,0.5322633475270226,0.5026903784769722,1.0,1.0,1.0,,1.0,1.0,,0.9090909090909092,1.0,,,1
0.4071981429398814,4.65814362941325,-1.0424318410657734,-1.709694558633216,-0.1646319661905072,0.2102522045745579,0.950355843565704,0.0967308547142943,1.065474049948553,0.1339444112208106,Spyware-TIBS-327c5b55bece5d32b51b019eae79acd917c944de61153db2fea6a3f59b070a97-1.raw,0.2941176470588235,0.3571428571428571,0.5063524212852145,,0.3130070690934705,0.2962162162162162,0.4176630434782609,0.2564491654021244,0.2648940328379795,,0.2861150070126227,0.2154861944777911,0.3703703703703703,0.1737451737451737,0.4781609195402299,0.3818181818181818,0.1075581395348837,0.1568627450980392,0.0913978494623656,0.1984732824427481,0.4523809523809524,0.453125,0.4523809523809524,0.6377241090363025,0.749602884408172,0.6377241090363025,0.0112359550561797,4.630058338735068e-05,0.0112359550561797,0.0,0.2,0.0,0.1538461538461538,0.2,0.1538461538461538,0.2,0.2,0.311764705882353,0.0,0.2398190045248868,0.311764705882353,0.3777257738538456,0.4200497100248551,0.397347174163783,0.0,0.6363636363636364,0.5,,0.6666666666666666,0.6666666666666666,,0.2727272727272727,1.0,,,1
-0.0918334485460881,2.706781964949694,-2.9105888609086743,-2.4247086245165543,-0.065901051756528,0.796621276710485,0.9723785965308668,-0.0478684558144628,-0.1251486289129517,-0.2178358475613918,Spyware-TIBS-98f79b05b432de9dd246e9fec02ce0e37acbfbe0798d10c621c0b397e05ea470-3.raw,0.2941176470588235,0.3571428571428571,0.2936844043454244,,0.2387155507477893,0.3005405405405405,0.4255434782608696,0.1979189247778018,0.1853995635522871,,0.2748948106591865,0.1758703481392557,0.3703703703703703,0.1911196911196911,0.2022988505747126,0.3818181818181818,0.1075581395348837,0.1568627450980392,0.0913978494623656,0.1984732824427481,0.4761904761904761,0.46875,0.4761904761904761,0.6768819497586783,0.7812647373784332,0.6768819497586783,0.0112359550561797,4.630058338735068e-05,0.0112359550561797,0.0,0.1,0.0,0.0769230769230769,0.1,0.0769230769230769,0.1,0.1333333333333333,0.1606060606060606,0.0,0.1235431235431235,0.1606060606060606,0.2700969916159792,0.2829705505761845,0.3023172905525847,0.0,0.6363636363636364,0.5,,0.6666666666666666,0.6666666666666666,,0.2727272727272727,1.0,,,1
0.4743872156035073,4.939377138344174,-1.594417259721006,-2.13803135928967,-0.222900874843194,0.8910888739715686,1.1142437622221617,0.1442260833116525,-0.3109437122787596,-0.3092813869862464,Spyware-TIBS-954f736dfd60b84b6e7b02b873945bb19058beb1f7be314716f5c924f632f598-4.raw,0.2941176470588235,0.3571428571428571,0.2759620696004419,,0.2337627828580772,0.2983783783783784,0.4216032608695653,0.1940169087361803,0.1800999322665742,,0.273492286115007,0.1740696278511404,0.3703703703703703,0.1911196911196911,0.1839080459770115,0.3818181818181818,0.1075581395348837,0.1568627450980392,0.0913978494623656,0.1984732824427481,0.4761904761904761,0.46875,0.4761904761904761,0.6796097563447521,0.7860959708664363,0.6796097563447521,0.0112359550561797,4.630058338735068e-05,0.0112359550561797,0.0,0.2,0.0,0.1538461538461538,0.2,0.1538461538461538,0.2,0.2,0.311764705882353,0.0,0.2398190045248868,0.311764705882353,0.3777257738538456,0.4200497100248551,0.397347174163783,0.0,0.6363636363636364,0.5,,0.6666666666666666,0.6666666666666666,,0.2727272727272727,1.0,,,1
3.710837164325566,-0.0976044186622768,-4.788292401083622,4.117471177381503,-0.0880428657943013,1.5480421758139298,0.5562427175989663,0.3736791308118296,-0.6888832050516195,-0.3307578555007607,Spyware-TIBS-574cbd37cab3adfdd1b55051c52471c180bc4b5e69e7e018d8f7039b644ed0fd-9.raw,0.4117647058823529,0.4285714285714285,0.2369729331614803,,0.3559004848296805,0.4962162162162162,0.4850845410628019,0.4617385649252113,0.3642326770490632,,0.8934081346423562,0.32953181272509,0.4814814814814814,0.3030888030888031,0.3241379310344827,0.509090909090909,0.4273255813953488,0.392156862745098,0.1935483870967742,0.3969465648854962,0.5952380952380952,0.59375,0.5952380952380952,0.6570311808121618,0.6967402847638726,0.6570311808121618,0.6629213483146067,0.8591999259190666,0.6629213483146067,0.6588235294117647,0.0,0.0,0.0769230769230769,0.0,0.0769230769230769,0.0,0.2,0.0,0.0,0.1132478632478629,0.0,0.2156419529837255,0.1017214397496085,0.3521786492374727,1.0,0.8181818181818182,1.0,,0.6666666666666666,0.8333333333333334,,0.4545454545454545,1.0,,,1
4.119599247129909,-3.016204120347284,-0.8676566459832489,-2.015933512718361,0.2520667584899921,0.4512609970821378,-0.7040013824889358,-0.1178514334251383,-0.1491462893192981,-0.2034274547306871,Spyware-TIBS-3031e4fc4cab067dba86e6f667dfaf323a996c8a112776899d692d8af34b21b2-8.raw,0.4411764705882353,0.5,0.2523003578057898,,0.5156912865620932,0.5978378378378378,0.5810223266745008,0.6499024495989595,0.4817730879312276,,0.391304347826087,0.7496998799519808,0.6296296296296297,0.6486486486486487,0.4850574712643678,0.5818181818181818,0.6569767441860465,0.5686274509803921,0.4838709677419355,0.5267175572519084,0.6190476190476191,0.640625,0.6190476190476191,0.6192509800462647,0.6731848016483515,0.6192509800462647,0.0224719101123595,9.260116677470137e-05,0.0224719101123595,0.0,0.0,0.0,0.0,0.0,0.0,0.0,0.1333333333333333,0.0,0.0,0.0,0.0,0.0828893993450959,0.0940236010658544,0.2246952835188128,1.0,1.0,1.0,,1.0,1.0,,0.7272727272727273,0.5,,,1
0.0588825284471288,2.748614653209115,-3.0655757252511013,-2.539496995331669,-0.0486150969784205,0.8158189139212049,0.8860018106661698,0.3602758592982722,-0.1952826422696488,-0.207726741315014,Spyware-TIBS-98f79b05b432de9dd246e9fec02ce0e37acbfbe0798d10c621c0b397e05ea470-5.raw,0.2941176470588235,0.3571428571428571,0.2972288712944209,,0.2516477780153708,0.3027027027027027,0.429483695652174,0.2081075222198135,0.1992374896872039,,0.2791023842917251,0.2106842737094837,0.3703703703703703,0.1911196911196911,0.1862068965517241,0.3818181818181818,0.1075581395348837,0.1568627450980392,0.0913978494623656,0.1984732824427481,0.5,0.484375,0.5,0.71849832049488,0.8175292810103341,0.71849832049488,0.0112359550561797,4.630058338735068e-05,0.0112359550561797,0.0,0.1,0.0,0.0769230769230769,0.1,0.0769230769230769,0.1,0.1333333333333333,0.1606060606060606,0.0,0.1235431235431235,0.1606060606060606,0.2700969916159792,0.2829705505761845,0.3023172905525847,0.0,0.6363636363636364,0.5,,0.6666666666666666,0.6666666666666666,,0.2727272727272727,1.0,,,1
0.9697718502231214,-0.9005592119607987,-2.608895537862037,-2.2284404372656983,0.1146976983959265,1.0377042344271492,0.5522368967963436,0.6958767585499295,-0.3489435809469942,0.578872101792439,Spyware-TIBS-98f79b05b432de9dd246e9fec02ce0e37acbfbe0798d10c621c0b397e05ea470-7.raw,0.3235294117647059,0.3571428571428571,0.3572699932486344,,0.3565897589243206,0.3924324324324324,0.5177206851119895,0.3336223715586386,0.311529003764614,,0.3155680224403927,0.3229291716686674,0.4074074074074074,0.2548262548262548,0.3333333333333333,0.4181818181818181,0.3255813953488372,0.2745098039215686,0.1344086021505376,0.3129770992366412,0.5476190476190477,0.53125,0.5476190476190477,0.6932784507593744,0.7459638097192876,0.6932784507593744,0.0112359550561797,4.630058338735068e-05,0.0112359550561797,0.0,0.0,0.0,0.0,0.0,0.0,0.0,0.1333333333333333,0.0,0.0,0.0,0.0,0.1394048988985701,0.127614169867691,0.3023172905525847,1.0,0.8181818181818182,1.0,,0.6666666666666666,0.8333333333333334,,0.4545454545454545,1.0,,,1
7.515520191011272,2.225990519155832,2.802176107582314,-1.3689638854068586,-0.0884743066329329,-0.2723343377173935,-0.0477808861820875,-0.3878283411331302,-0.238743309440161,-0.0589162128623112,Spyware-TIBS-30533d67f47b9264c85d2a594ee58789410e4f2d0e5f38cbc487908da385c8bb-4.raw,0.5588235294117647,0.5714285714285714,0.2120752141051148,,0.4470338001577522,0.7632432432432432,0.57507953340403,0.7676132668545416,0.4083072258013547,,0.4053295932678822,0.8451380552220888,0.7777777777777778,0.6505791505791506,0.6091954022988506,0.7818181818181819,0.7877906976744186,0.8235294117647058,0.5913978494623656,0.8015267175572519,0.6904761904761905,0.78125,0.7380952380952381,0.5434734509238647,0.6491471887614585,0.6108312545882195,0.0224719101123595,9.260116677470137e-05,0.0224719101123595,0.0,0.3,0.0,0.2307692307692307,0.3,0.2307692307692307,0.3,0.3333333333333333,0.361363636363636,0.0,0.2779720279720276,0.361363636363636,0.3027700147953316,0.3994878361075544,0.3920677361853832,1.0,1.0,1.0,,1.0,1.0,,0.9090909090909092,0.5,,,1
3.33542467824105,5.284349813882523,-3.550920745978141,4.399584764357472,-0.3994413544245155,1.0029482714230875,1.0096979208936976,-0.1362486157885973,-0.3767600061937325,-1.0103184906410874,Spyware-TIBS-961bfaad26e065fccd479a8aea79ac6f02bfed983259420097133a86e0fc2d21-4.raw,0.3823529411764705,0.4285714285714285,0.2402135886577057,,0.2881095835272513,0.4108108108108108,0.4106832298136645,0.3605029265120312,0.2911324034192048,,0.8611500701262272,0.2148859543817527,0.4444444444444444,0.2393822393822393,0.2551724137931034,0.4727272727272727,0.2703488372093023,0.2745098039215686,0.1666666666666666,0.366412213740458,0.5238095238095238,0.53125,0.5238095238095238,0.6320535762906905,0.7130279682142965,0.6320535762906905,0.6629213483146067,0.8591999259190666,0.6629213483146067,0.6588235294117647,0.2,0.0,0.2307692307692307,0.2,0.2307692307692307,0.2,0.2666666666666666,0.2864864864864863,0.0,0.3305613305613303,0.2864864864864863,0.4325790528322178,0.3711457936810051,0.4381558028616852,0.0,0.6363636363636364,0.5,,0.6666666666666666,0.6666666666666666,,0.3636363636363636,1.0,,,1
2.087903996911033,-2.1884329607134823,-1.2140724096699018,-1.833332419383695,0.1711976867330953,1.2803084213255145,0.6273446607080121,0.8914665455333285,0.2384657728480932,0.5583263513252594,Spyware-TIBS-589f74cdc865423cfb901a43f8fddab707b0e509a1053e15379dc61562f8659f-6.raw,0.3529411764705882,0.3571428571428571,0.39376347114062,,0.4993832855968514,0.4594594594594595,0.561828644501279,0.495989594623889,0.4643229683117809,,0.335203366058906,0.5702280912364946,0.4814814814814814,0.4652509652509652,0.4666666666666667,0.4545454545454545,0.377906976744186,0.3725490196078431,0.2473118279569892,0.3969465648854962,0.5714285714285714,0.5625,0.5714285714285714,0.6569728337503679,0.6900217199259538,0.6569728337503679,0.0112359550561797,4.630058338735068e-05,0.0112359550561797,0.0,0.0,0.0,0.0,0.0,0.0,0.0,0.1333333333333333,0.0,0.0,0.0,0.0,0.1240293585788749,0.1184755592377796,0.2811995386389851,1.0,1.0,1.0,,1.0,1.0,,0.5454545454545454,1.0,,,1
8.091482342137132,-3.4190095505097187,-2.217627185173856,-3.259654838549471,0.5445445835469904,-0.3175999307162152,-2.20961348747295,0.3940457239445833,0.5104620821050105,-0.5267324883074727,Spyware-TIBS-2361f526473d9f47642b2c9504cf0e0ffa62f222eccbdf665035ad4658cfb915-5.raw,0.6470588235294118,0.7142857142857143,0.1673724912539127,,0.3872735734599107,0.8475675675675676,0.5186758893280633,0.8380663342727076,0.3443617363090977,,0.4768583450210378,0.9087635054021608,0.8888888888888888,0.7258687258687259,0.6873563218390805,0.8909090909090909,0.7354651162790697,0.8627450980392157,0.6397849462365591,0.8625954198473282,0.9285714285714286,0.953125,0.9285714285714286,0.7924129335237732,0.8527370112690656,0.7924129335237732,0.0561797752808988,0.0002778035003241,0.0561797752808988,0.0094117647058823,0.0,0.0,0.0,0.0,0.0,0.0,0.1333333333333333,0.0,0.0,0.0,0.0,0.0087128061811609,0.0499359795134441,0.1228163992869874,1.0,1.0,1.0,,1.0,1.0,,0.9090909090909092,0.0,,,1
7.155980567633956,-2.554428850529597,-3.3377985804761203,3.2424465360285915,0.1826299661062602,0.4567262595712714,0.864129746420497,1.0102884967314745,0.1624205200364216,-0.1969036886081277,Spyware-TIBS-4754c35288a9488036c211c68f36f86496240000164edd36f9eaaeed12e65dbf-10.raw,0.5588235294117647,0.5,0.2203744537905699,,0.4697977414611444,0.7470270270270271,0.5520148462354191,0.7908085844352916,0.4824733395125229,,0.7012622720897616,0.7935174069627852,0.7407407407407407,0.7741312741312741,0.5954022988505747,0.6909090909090909,0.7209302325581395,0.7058823529411765,0.5591397849462365,0.7557251908396947,0.7857142857142857,0.796875,0.7857142857142857,0.6892849800664772,0.70016099801775,0.6892849800664772,0.6966292134831461,0.8567922955829244,0.6966292134831461,0.4470588235294118,0.0,0.0,0.0769230769230769,0.0,0.0769230769230769,0.0,0.1333333333333333,0.0,0.0,0.0994371482176359,0.0,0.1425925109160679,0.0669872895912056,0.1622190339550454,1.0,1.0,1.0,,1.0,1.0,,0.8181818181818182,1.0,,,1
2.252079716460405,-1.2543071332310285,-4.016206960511717,-2.6347803889735593,0.3770959864111196,-1.6843241961928972,1.189560468456759,-0.6026966324310806,1.907725797688457,-0.0419687944261183,Spyware-TIBS-505c865b3cadf62b53d15f53d6d9a4293f7d7287fc88b54fa2b19974b3338a57-1.raw,0.4705882352941176,0.6428571428571429,0.4548643750787391,,0.3181191365351907,0.5881081081081081,0.5010297482837529,0.511814437459354,0.2703641201007181,,0.364656381486676,0.3943577430972389,0.5925925925925926,0.5077220077220077,0.7195402298850575,0.6,0.2645348837209302,0.4313725490196078,0.3655913978494624,0.5038167938931297,0.6428571428571429,0.671875,0.6428571428571429,0.6351826438509717,0.7064227946698504,0.6351826438509717,0.0337078651685393,0.0008797110843596,0.0337078651685393,0.0156862745098039,0.0,0.0,0.0,0.0,0.0,0.0,0.0,0.0,0.0,0.0,0.0,0.0706195869420388,0.0867309117865085,0.0,0.0,0.6363636363636364,0.5,,0.6666666666666666,0.6666666666666666,,0.2727272727272727,1.0,,,1
0.1739163815537876,4.472192310001174,-6.1929050605530165,-3.231484564242622,0.0589925945297107,-3.598608043479141,0.1417246052110706,1.0823264182168078,-1.214124422443562,0.3591034472031261,Spyware-TIBS-599e4bde3509a8bf8d535685bcf40f703d68c03b3bb6343accac3ae6dc696248-6.raw,0.3529411764705882,0.4285714285714285,0.2636606843068657,,0.2619093951463426,0.4097297297297297,0.4765345268542202,0.2972035551701713,0.2102177715013929,,0.3225806451612903,0.2899159663865546,0.4444444444444444,0.2934362934362934,0.2597701149425287,0.4545454545454545,0.2005813953488372,0.1568627450980392,0.1344086021505376,0.2061068702290076,0.6666666666666666,0.625,0.6666666666666666,0.8768945790624307,0.9400023046928564,0.8768945790624307,0.0224719101123595,0.002916936753403,0.0224719101123595,0.0,0.1,0.0,0.0769230769230769,0.1,0.0769230769230769,0.1,0.1333333333333333,0.1514285714285711,0.0,0.1164835164835162,0.1514285714285711,0.2327563936967193,0.2563380281690142,0.2612885154061625,0.0,0.0,0.0,,0.0,0.0,,0.0,1.0,,,1
7.386818098584178,0.2318440568507324,1.408604685754895,-1.7427051010911732,0.137182611433641,-0.5930572310408432,-0.2856440507175022,-0.0801197534436352,0.7418731915043786,0.2448142572094563,Spyware-TIBS-404929a7b78f384d1d1715f06d93c3cf0301d8027cb5e721ffff4d89e1b7da7c-1.raw,0.5882352941176471,0.5714285714285714,0.2882833118517154,,0.4516714674448538,0.787027027027027,0.5493788819875778,0.8174723607197052,0.4132696886493522,,0.4305750350631136,0.882953181272509,0.8148148148148148,0.6718146718146718,0.8137931034482758,0.8181818181818182,0.811046511627907,0.7058823529411765,0.5806451612903226,0.7557251908396947,0.7619047619047619,0.8125,0.7619047619047619,0.6193868632425378,0.6689175147222259,0.6193868632425378,0.0224719101123595,9.260116677470137e-05,0.0224719101123595,0.0,0.2,0.0,0.1538461538461538,0.2,0.1538461538461538,0.2,0.2666666666666666,0.2409090909090907,0.0,0.1853146853146851,0.2409090909090907,0.2047509452572744,0.2829705505761845,0.3023172905525847,1.0,1.0,1.0,,1.0,1.0,,0.9090909090909092,0.5,,,1
0.8617869467118752,0.1355876521759669,-4.82603238740472,-3.080313003457415,0.2697323683421466,0.0194680439257749,0.6996193428515859,0.5871696384977462,1.2600179375291134,0.3171708044417214,Spyware-TIBS-599e4bde3509a8bf8d535685bcf40f703d68c03b3bb6343accac3ae6dc696248-2.raw,0.3823529411764705,0.4285714285714285,0.4249309519425519,,0.2528899007559654,0.3978378378378378,0.3890683229813665,0.3299371341859961,0.2005666035652083,,0.3281907433380084,0.2749099639855942,0.4814814814814814,0.2664092664092664,0.5103448275862069,0.4909090909090909,0.1686046511627907,0.2156862745098039,0.1182795698924731,0.2442748091603053,0.5952380952380952,0.59375,0.5952380952380952,0.7692974504218603,0.8921737129257223,0.7692974504218603,0.0224719101123595,0.002916936753403,0.0224719101123595,0.0,0.0,0.0,0.0,0.0,0.0,0.0,0.0666666666666666,0.0,0.0,0.0,0.0,0.109532420563162,0.1098591549295773,0.1484593837535013,0.0,0.6363636363636364,0.5,,0.6666666666666666,0.6666666666666666,,0.2727272727272727,1.0,,,1
9.201886617474836,-2.8587274362528214,-3.061714376609131,2.624733260928011,0.305993482617537,-0.2631123277353197,-1.073910137342293,0.8820379241529349,0.5805131054126528,0.0014956440355464,Spyware-TIBS-5065428bc91f6a12f48944a8c7299d559faf3d53e2c7c47db05bb9103450ab8d-2.raw,0.6470588235294118,0.5714285714285714,0.2318173448720312,,0.4655173005256651,0.8724324324324324,0.5516304347826088,0.9230435725124648,0.4743116334497714,,0.7307152875175316,0.8907563025210085,0.8518518518518519,0.7722007722007722,0.8160919540229885,0.8727272727272727,0.9563953488372092,0.8823529411764706,0.6827956989247311,0.9389312977099236,0.9047619047619048,0.921875,0.9047619047619048,0.7327231935471418,0.7449692949992487,0.7327231935471418,0.6404494382022472,0.8544772664135568,0.6404494382022472,0.4078431372549019,0.0,0.0,0.0769230769230769,0.0,0.0769230769230769,0.0,0.2,0.0,0.0,0.0926573426573425,0.0,0.1067318757192177,0.0499359795134441,0.2125668449197862,1.0,1.0,1.0,,1.0,1.0,,1.0,0.5,,,1
4.999595609362417,-3.594957195853757,-1.4640020143805297,-2.2529719162929553,0.3303052412020411,0.0340077094601416,1.8743229634898873,-1.3185650149999095,0.3987014455605726,-0.0093766709549567,Spyware-TIBS-248a7274908dc58a27ad4f999f106628810a4d04b027244683886198ad927afd-10.raw,0.5882352941176471,0.6428571428571429,0.1802614619775363,,0.3416099587845854,0.7156756756756757,0.4503105590062115,0.7036635595057447,0.2955001045224004,,0.423562412342216,0.7809123649459784,0.8148148148148148,0.7104247104247104,0.5471264367816092,0.7090909090909091,0.561046511627907,0.6470588235294118,0.489247311827957,0.6946564885496184,0.6428571428571429,0.734375,0.6428571428571429,0.516795219697246,0.6286206878692825,0.516795219697246,0.0224719101123595,9.260116677470137e-05,0.0224719101123595,0.0,0.0,0.0,0.0,0.0,0.0,0.0,0.0666666666666666,0.0,0.0,0.0,0.0,0.0273831051407907,0.0610328638497652,0.0544351073762838,1.0,1.0,1.0,,1.0,1.0,,0.8181818181818182,1.0,,,1
6.893210278175409,0.4907613566986092,1.1857339179032564,-1.849547532915455,0.0534922487064007,0.0679866947193129,0.0261820329493042,-0.8845593537849431,-0.0850675972317104,-0.1877158624727694,Spyware-TIBS-4579cff31815c40492e3f2dd85eb22f5084a96d95d850a31d48bd79553fe42b4-6.raw,0.5882352941176471,0.5714285714285714,0.1748603694838274,,0.3856345622486928,0.7437837837837837,0.4893374741200827,0.7491870799913288,0.3426079381731811,,0.426367461430575,0.8283313325330132,0.8148148148148148,0.7181467181467182,0.5701149425287356,0.8363636363636363,0.7034883720930233,0.6862745098039216,0.5645161290322581,0.7480916030534351,0.6904761904761905,0.765625,0.6904761904761905,0.5706372129084055,0.6664994334165205,0.5706372129084055,0.0224719101123595,9.260116677470137e-05,0.0224719101123595,0.0,0.2,0.0,0.1538461538461538,0.2,0.1538461538461538,0.2,0.2666666666666666,0.2409090909090907,0.0,0.1853146853146851,0.2409090909090907,0.2047509452572744,0.2829705505761845,0.3023172905525847,1.0,1.0,1.0,,1.0,1.0,,0.8181818181818182,0.5,,,1
6.825738422684831,-2.108371099841003,0.1441015449236261,-1.9663100578460544,0.2800991921459342,-1.0345387847375358,1.292169676333308,0.6564090942987221,-0.0414760634206342,0.1055297232428501,Spyware-TIBS-1981a8ad7e1e19ce11df0ba175d0e34fd8f1b1511b571dc00e362a078867d775-10.raw,0.5588235294117647,0.5714285714285714,0.2535714125323908,,0.5056616867221488,0.7827027027027027,0.6027571580063629,0.826793843485801,0.4710410725655651,,0.4375876577840112,0.8427370948379351,0.7777777777777778,0.9787644787644788,0.6367816091954023,0.7818181818181819,0.627906976744186,0.7450980392156863,1.0,0.8396946564885496,0.7857142857142857,0.8125,0.7857142857142857,0.6554608412676265,0.6739620657776266,0.6554608412676265,0.0224719101123595,9.260116677470137e-05,0.0224719101123595,0.0,0.1,0.0,0.0769230769230769,0.1,0.0769230769230769,0.1,0.1333333333333333,0.1261904761904762,0.0,0.097069597069597,0.1261904761904762,0.130069749418755,0.1830985915492957,0.1484593837535013,1.0,1.0,1.0,,1.0,1.0,,0.8181818181818182,1.0,,,1
4.672609127438154,11.462747334609109,3.1387902567518715,-1.210287245378633,-0.6798015665586181,-0.1375304175912464,1.9630071394431932,-0.4690915392884747,-0.5533318042882422,-0.1786084809630816,Spyware-TIBS-1981a8ad7e1e19ce11df0ba175d0e34fd8f1b1511b571dc00e362a078867d775-3.raw,0.4411764705882353,0.5714285714285714,0.2339074482326186,,0.2094228289496274,0.5081081081081081,0.4396004700352529,0.3709083026230219,0.1540553478849856,,0.3253856942496493,0.2863145258103241,0.5555555555555556,0.4575289575289575,0.3425287356321839,0.5636363636363636,0.2441860465116279,0.3725490196078431,0.3387096774193548,0.3740458015267175,0.5714285714285714,0.609375,0.5714285714285714,0.6048710224942517,0.7120857572584831,0.6048710224942517,0.0112359550561797,4.630058338735068e-05,0.0112359550561797,0.0,0.6,0.0,0.4615384615384615,0.6,0.4615384615384615,0.6,0.4666666666666667,0.7395348837209303,0.0,0.5688729874776386,0.7395348837209303,0.619622355860213,0.7707173272191286,0.5945280437756499,0.0,0.6363636363636364,0.5,,0.6666666666666666,0.6666666666666666,,0.2727272727272727,1.0,,,1
8.59299770232428,2.096731564390441,2.621826819571447,-1.8348481361826372,-0.0167227379152334,-0.4940226761167278,-1.7672897236247602,-0.5888522943720361,-0.4483519014577383,-0.910470247435932,Spyware-TIBS-8217ae4fbd1555e6e06a5d3f18231377941f07d100b5ad62a8b31b9f1b64703e-10.raw,0.5882352941176471,0.6428571428571429,0.1856625544712453,,0.4640402846085791,0.8097297297297297,0.5809006211180126,0.8302623021894645,0.4265047466750477,,0.4389901823281907,0.851140456182473,0.8148148148148148,1.0,0.593103448275862,0.8363636363636363,0.7383720930232558,0.7843137254901961,0.9946236559139784,0.8015267175572519,0.7619047619047619,0.8125,0.7619047619047619,0.6260736867499621,0.6807163946417234,0.6260736867499621,0.0224719101123595,9.260116677470137e-05,0.0224719101123595,0.0,0.3,0.0,0.2307692307692307,0.3,0.2307692307692307,0.3,0.3333333333333333,0.3533333333333331,0.0,0.2717948717948715,0.3533333333333331,0.2875226039783003,0.3865414710485134,0.3741176470588237,1.0,1.0,1.0,,1.0,1.0,,0.6363636363636364,0.0,,,1
3.1522581789872492,-3.230693155790913,-0.8781832889181064,-1.754131317581915,0.2426988346509809,0.3135849192842709,1.2055644613106424,0.201211010733683,0.1461417751059899,-0.0164342473453034,Spyware-TIBS-327c5b55bece5d32b51b019eae79acd917c944de61153db2fea6a3f59b070a97-8.raw,0.4117647058823529,0.4285714285714285,0.3157388653614026,,0.5290639251218366,0.5610810810810811,0.5901570048309182,0.6150010838933448,0.49608226923386,,0.364656381486676,0.726890756302521,0.5925925925925926,0.6177606177606177,0.4758620689655172,0.5272727272727272,0.5203488372093024,0.5294117647058824,0.4193548387096774,0.4809160305343511,0.5952380952380952,0.609375,0.5952380952380952,0.5888255479689773,0.6142373817136465,0.5888255479689773,0.0224719101123595,9.260116677470137e-05,0.0224719101123595,0.0,0.0,0.0,0.0,0.0,0.0,0.0,0.0666666666666666,0.0,0.0,0.0,0.0,0.0958408679927671,0.1017214397496085,0.1327886710239653,1.0,1.0,1.0,,1.0,1.0,,0.7272727272727273,1.0,,,1
3.521272754277096,1.0432085119969086,-6.992223915329925,2.7042955824623514,0.0352971002262459,0.8040015907922379,0.5674839422309393,0.8580941928844512,-0.1537916133065912,-0.7347567553108922,Spyware-TIBS-979db6d35d22f609cbdd3515bea40d29c89bf89364999c4218ab5dfffd7fc11a-4.raw,0.4411764705882353,0.4285714285714285,0.2032525989440002,,0.2501158408002347,0.4767567567567567,0.3901880141010574,0.4081942336874051,0.2464107508847222,,0.8821879382889201,0.2346938775510204,0.5185185185185185,0.3455598455598455,0.2942528735632184,0.5454545454545454,0.311046511627907,0.3333333333333333,0.2204301075268817,0.4274809160305343,0.6666666666666666,0.65625,0.6666666666666666,0.7952238518026294,0.8804374132661846,0.7952238518026294,0.6629213483146067,0.854893971664043,0.6629213483146067,0.5176470588235295,0.0,0.0,0.0769230769230769,0.0,0.0769230769230769,0.0,0.1333333333333333,0.0,0.0,0.1101871101871101,0.0,0.1994526171741363,0.0940236010658544,0.2246952835188128,0.0,0.6363636363636364,0.5,,0.6666666666666666,0.6666666666666666,,0.3636363636363636,1.0,,,1
0.0323332202933824,2.4546453022590775,-2.522268451789532,-2.1269725497401875,0.0026123876127855,0.1800184113392139,0.7740754162975455,0.2714010655271127,1.0385817010836558,0.2047182058650152,Spyware-TIBS-9675cdaca063fc0ae0f9c3efb59251dcbf8c89cf9209b6df888c9c64a50e5f20-2.raw,0.2941176470588235,0.3571428571428571,0.4992634873872215,,0.3179598369831825,0.3016216216216216,0.4275135869565218,0.2603511814437459,0.2701936641236924,,0.2987377279102384,0.2202881152460984,0.3703703703703703,0.1814671814671814,0.4597701149425287,0.3818181818181818,0.1075581395348837,0.1568627450980392,0.0967741935483871,0.183206106870229,0.4761904761904761,0.46875,0.4761904761904761,0.6755214224638916,0.7788550998837975,0.6755214224638916,0.0112359550561797,4.630058338735068e-05,0.0112359550561797,0.0,0.1,0.0,0.0769230769230769,0.1,0.0769230769230769,0.1,0.1333333333333333,0.1606060606060606,0.0,0.1235431235431235,0.1606060606060606,0.2700969916159792,0.2829705505761845,0.3023172905525847,0.0,0.6363636363636364,0.5,,0.6666666666666666,0.6666666666666666,,0.3636363636363636,1.0,,,1
-0.4861478648669285,0.4602898815717759,-4.476424323277809,-2.875344536114559,0.1081048161129363,0.7663873469285556,0.7579201842836853,0.1545645883814649,-0.1122586565376143,-0.1308679526324649,Spyware-TIBS-327c5b55bece5d32b51b019eae79acd917c944de61153db2fea6a3f59b070a97-5.raw,0.2941176470588235,0.3571428571428571,0.2936844043454244,,0.2527483931019735,0.3016216216216216,0.4275135869565218,0.2089746368957294,0.2004151855284734,,0.2819074333800841,0.212484993997599,0.3703703703703703,0.1949806949806949,0.1862068965517241,0.3818181818181818,0.1075581395348837,0.1568627450980392,0.1021505376344086,0.1984732824427481,0.5,0.484375,0.5,0.7198920347999239,0.8199668285677366,0.7198920347999239,0.0112359550561797,4.630058338735068e-05,0.0112359550561797,0.0,0.0,0.0,0.0,0.0,0.0,0.0,0.0666666666666666,0.0,0.0,0.0,0.0,0.1557414104882463,0.1373239436619719,0.2013480392156864,0.0,0.6363636363636364,0.5,,0.6666666666666666,0.6666666666666666,,0.2727272727272727,1.0,,,1
2.5663940624670065,-2.7159395289074713,-1.287436744750494,-1.95600586881199,0.2461117404735164,0.7866396234038506,0.8677712760224332,1.447590526786933,0.2163864543814707,0.0517650064068936,Spyware-TIBS-589f74cdc865423cfb901a43f8fddab707b0e509a1053e15379dc61562f8659f-7.raw,0.3529411764705882,0.3571428571428571,0.3670757199952342,,0.5509179684754243,0.4897297297297297,0.6137468030690537,0.5391285497507046,0.5194668441735774,,0.3660589060308555,0.6308523409363745,0.4814814814814814,0.4806949806949807,0.4528735632183908,0.4545454545454545,0.4505813953488372,0.4117647058823529,0.3064516129032258,0.4351145038167939,0.6190476190476191,0.59375,0.6190476190476191,0.701561054782666,0.7048895841629582,0.701561054782666,0.0112359550561797,4.630058338735068e-05,0.0112359550561797,0.0,0.0,0.0,0.0,0.0,0.0,0.0,0.0666666666666666,0.0,0.0,0.0,0.0,0.1240293585788749,0.1184755592377796,0.1650519031141867,1.0,1.0,1.0,,1.0,1.0,,0.7272727272727273,1.0,,,1
1.885336848246736,0.8355327343264363,-5.6556931499019205,3.9455736712113625,-0.1009063600152256,0.6015956622303155,0.8003100684487543,-1.0930829108379796,0.4246349688109552,-0.7464273200969889,Spyware-TIBS-0149e4302db69ee3430709369101d4e70f5d8bfce7c76555cb835f4862a03879-3.raw,0.3823529411764705,0.4285714285714285,0.3115080095746639,,0.3147759147683679,0.4064864864864865,0.4034782608695652,0.3834814654238023,0.3205055232249857,,0.8667601683029453,0.2298919567827131,0.4444444444444444,0.2393822393822393,0.3862068965517241,0.4727272727272727,0.2703488372093023,0.2745098039215686,0.1451612903225806,0.366412213740458,0.4761904761904761,0.5,0.4761904761904761,0.5545967579510056,0.6453982032653393,0.5545967579510056,0.6292134831460674,0.8574405037503473,0.6292134831460674,0.6235294117647059,0.0,0.0,0.0769230769230769,0.0,0.0769230769230769,0.0,0.1333333333333333,0.0,0.0,0.1164835164835162,0.0,0.2327563936967193,0.1098591549295773,0.2612885154061625,0.0,0.6363636363636364,0.5,,0.6666666666666666,0.6666666666666666,,0.2727272727272727,1.0,,,1
5.429004281646542,1.6518880674468923,0.8860820333993914,-2.172160918343298,-0.0097411546692052,1.3036087883535437,-1.8590118723847635,-0.2861983909741862,-0.1917929954669675,-1.046715925202436,Spyware-TIBS-992eed3db41572414b500aecbe50a54ccd1e5faa2561dec87e1fe3c2db678f44-10.raw,0.4705882352941176,0.5,0.1981703476145712,,0.3978268396491536,0.5837837837837838,0.4943935926773458,0.5863862995881205,0.3556540926052896,,0.3983169705469845,0.6686674669867947,0.6296296296296297,0.555984555984556,0.4183908045977011,0.6181818181818182,0.6104651162790697,0.4509803921568627,0.3602150537634409,0.4885496183206106,0.6428571428571429,0.671875,0.6428571428571429,0.6604851591375069,0.7512206660717142,0.6604851591375069,0.0112359550561797,4.630058338735068e-05,0.0112359550561797,0.0,0.2,0.0,0.1538461538461538,0.2,0.1538461538461538,0.2,0.2666666666666666,0.2650000000000001,0.0,0.2038461538461538,0.2650000000000001,0.2635623869801088,0.3295774647887326,0.3741176470588237,1.0,1.0,1.0,,1.0,1.0,,0.6363636363636364,0.0,,,1
3.975624641636681,-3.5017931228587167,-0.8985595464439865,-1.8410514872747097,0.298653879154684,-0.1340002348062419,1.0684052760632534,0.6113740422847068,0.1319071994152379,0.0989155402307994,Spyware-TIBS-589f74cdc865423cfb901a43f8fddab707b0e509a1053e15379dc61562f8659f-9.raw,0.4411764705882353,0.5,0.2982826317387171,,0.5523387943105934,0.6335135135135135,0.6372502937720328,0.6832863646217212,0.5209871764837694,,0.3758765778401122,0.7815126050420168,0.6296296296296297,0.6428571428571429,0.5379310344827586,0.5636363636363636,0.7790697674418605,0.5882352941176471,0.4516129032258064,0.5267175572519084,0.6666666666666666,0.671875,0.6666666666666666,0.626248119277605,0.6262902051912111,0.626248119277605,0.0224719101123595,9.260116677470137e-05,0.0224719101123595,0.0,0.0,0.0,0.0,0.0,0.0,0.0,0.0666666666666666,0.0,0.0,0.0,0.0,0.0828893993450959,0.0940236010658544,0.1179650238473767,1.0,1.0,1.0,,1.0,1.0,,0.7272727272727273,1.0,,,1
3.0374369285667133,-3.0598352275454763,-1.1043723203029052,-1.8739545623442235,0.2304957657501685,0.5600851911259799,1.247343588786141,0.1596745201840717,-0.0112338206157447,-0.1200574801336975,Spyware-TIBS-954f736dfd60b84b6e7b02b873945bb19058beb1f7be314716f5c924f632f598-10.raw,0.4117647058823529,0.4285714285714285,0.2716299433294462,,0.5028937441737281,0.5535135135135135,0.5778985507246377,0.5918057663125948,0.46807927923034,,0.3618513323983169,0.6902761104441777,0.5925925925925926,0.6177606177606177,0.425287356321839,0.5272727272727272,0.4854651162790697,0.5098039215686274,0.3870967741935484,0.4809160305343511,0.5952380952380952,0.609375,0.5952380952380952,0.596360940214809,0.6275299148273159,0.596360940214809,0.0224719101123595,9.260116677470137e-05,0.0224719101123595,0.0,0.0,0.0,0.0,0.0,0.0,0.0,0.0666666666666666,0.0,0.0,0.0,0.0,0.0958408679927671,0.1017214397496085,0.1327886710239653,1.0,1.0,1.0,,1.0,1.0,,0.6363636363636364,1.0,,,1
11.132213546205188,2.2844160334078376,-0.5233461504194776,5.237189232264982,-0.322355976961841,0.782243453463718,-0.1704616506736099,-2.905787986525461,0.2091987471868533,1.3133056406057158,Spyware-TIBS-3760770f4e0ecfe15d832609a805cbe1f8f32ca7e011fd5c6a0ad98750afe2e8-4.raw,0.8235294117647058,1.0,0.0804492726937948,,0.2420724267619274,0.9210810810810812,0.3152173913043479,0.921526121829612,0.3006070327905196,,0.7251051893408135,0.8991596638655462,1.0,0.750965250965251,0.7632183908045977,0.9636363636363636,0.9331395348837208,0.9411764705882352,0.6344086021505376,0.9694656488549618,0.7142857142857143,0.859375,0.7142857142857143,0.4525911881907971,0.5723234611430535,0.4525911881907971,0.898876404494382,0.9848597092323365,0.898876404494382,0.4974789915966386,0.2,0.0,0.3846153846153846,0.2,0.3846153846153846,0.2,0.4666666666666667,0.2038461538461536,0.0,0.3920118343195264,0.2038461538461536,0.3630894422033662,0.2112676056338028,0.419683257918552,1.0,1.0,1.0,,1.0,1.0,,0.9090909090909092,0.5,,,1
1.3371787168764506,2.4970654187887753,-8.09150850868969,3.878163670454009,-0.0846227542129543,-3.771215106120614,0.0380658096917783,-0.5571096659134699,-1.1097458549721773,-0.2791441166870455,Spyware-TIBS-574cbd37cab3adfdd1b55051c52471c180bc4b5e69e7e018d8f7039b644ed0fd-7.raw,0.3823529411764705,0.4285714285714285,0.2920640765973117,,0.3847121419856354,0.4562162162162162,0.4863354037267082,0.4437459353999566,0.3975406864892037,,0.8863955119214586,0.3139255702280912,0.4444444444444444,0.2837837837837837,0.3494252873563218,0.4727272727272727,0.3517441860465116,0.2941176470588235,0.1935483870967742,0.3740458015267175,0.5714285714285714,0.5625,0.5714285714285714,0.6617712136186276,0.6983552622707081,0.6617712136186276,0.6629213483146067,0.8591999259190666,0.6629213483146067,0.6588235294117647,0.0,0.0,0.0769230769230769,0.0,0.0769230769230769,0.0,0.1333333333333333,0.0,0.0,0.1164835164835162,0.0,0.2327563936967193,0.1098591549295773,0.2612885154061625,0.0,0.0,0.0,,0.0,0.0,,0.2727272727272727,1.0,,,1
6.332408915139497,0.7580938867897857,1.012620774317188,-1.6168264208467862,-0.0327766876623409,0.5579403642122357,1.8325992785262673,-1.6694852330365395,-0.0618840619083874,0.944546750134362,Spyware-TIBS-248a7274908dc58a27ad4f999f106628810a4d04b027244683886198ad927afd-9.raw,0.6470588235294118,0.6428571428571429,0.1596391088197385,,0.2714088216157372,0.7286486486486486,0.3610671936758893,0.7125514849338825,0.2203824832009066,,0.4305750350631136,0.7947178871548619,0.8148148148148148,0.7027027027027027,0.5885057471264368,0.7272727272727273,0.5726744186046512,0.6470588235294118,0.4569892473118279,0.6106870229007634,0.6190476190476191,0.765625,0.6190476190476191,0.4722529089836491,0.6751966291373342,0.4722529089836491,0.0224719101123595,9.260116677470137e-05,0.0224719101123595,0.0,0.2,0.0,0.1538461538461538,0.2,0.1538461538461538,0.2,0.3333333333333333,0.2304347826086956,0.0,0.177257525083612,0.2304347826086956,0.1791807532038683,0.2627066748315982,0.3569479965899405,1.0,1.0,1.0,,1.0,1.0,,0.9090909090909092,1.0,,,1
2.387454722705433,3.4919598464208503,-1.2019197300772313,-1.9336230970279409,-0.0582063211496697,-0.7976736219931648,1.351012106653793,-1.0215062033442863,1.080924955205941,0.1911206057435372,Spyware-TIBS-1981a8ad7e1e19ce11df0ba175d0e34fd8f1b1511b571dc00e362a078867d775-1.raw,0.4411764705882353,0.5714285714285714,0.3994436343911577,,0.2653459738905208,0.505945945945946,0.4361927144535841,0.4218512898330804,0.21389502846841,,0.3380084151472651,0.3241296518607443,0.5555555555555556,0.416988416988417,0.5908045977011495,0.5636363636363636,0.2441860465116279,0.3725490196078431,0.2688172043010752,0.3740458015267175,0.5476190476190477,0.59375,0.5476190476190477,0.5687326272979943,0.6805809902289364,0.5687326272979943,0.0112359550561797,4.630058338735068e-05,0.0112359550561797,0.0,0.2,0.0,0.1538461538461538,0.2,0.1538461538461538,0.2,0.2,0.2717948717948714,0.0,0.2090729783037472,0.2717948717948714,0.2801502295173182,0.3427230046948356,0.2931121166415285,0.0,0.6363636363636364,0.5,,0.6666666666666666,0.6666666666666666,,0.2727272727272727,1.0,,,1
8.5719249660702,-0.5160286677460547,1.6646625883858526,-1.7482595216179997,0.141219360651537,-1.1868902016003384,0.0481947418586051,-1.2856773792914309,-0.034271271427349,0.014949503674016,Spyware-TIBS-35687c2a333d215c400adb744ca367dae9ce2b5fcc705ac639b11bc319d50475-4.raw,0.6764705882352942,0.7142857142857143,0.1739601874015426,,0.4097572497341053,0.9351351351351352,0.5785990338164252,0.9065683936700628,0.3684200400402439,,0.4488078541374474,0.9321728691476592,0.925925925925926,0.915057915057915,0.7195402298850575,0.9272727272727272,0.8604651162790697,0.9803921568627452,0.8333333333333334,0.916030534351145,0.7857142857142857,0.875,0.7857142857142857,0.5304040263322712,0.5745229577096141,0.5304040263322712,0.0224719101123595,9.260116677470137e-05,0.0224719101123595,0.0,0.2,0.0,0.1538461538461538,0.2,0.1538461538461538,0.2,0.2666666666666666,0.2255319148936171,0.0,0.1734860883797054,0.2255319148936171,0.1672117271363167,0.2532214563979624,0.2564872757613685,1.0,1.0,1.0,,1.0,1.0,,0.9090909090909092,0.5,,,1
-0.5351446191504967,0.1774266165693143,-3.9403588852454954,-2.4708427282140555,0.1568607948089189,0.153096387500131,0.6541423656805819,0.0438224932209693,1.108139608745988,0.2786285336008726,Spyware-TIBS-5555ad162e1d6f2cce4027b9c8f6d68e141d13498aa7ed59965dceb22f9bf1b9-2.raw,0.2941176470588235,0.3571428571428571,0.4921745534892285,,0.3146579917233745,0.3016216216216216,0.4275135869565218,0.2577498374159983,0.2666605765998838,,0.2973352033660589,0.2154861944777911,0.3703703703703703,0.1814671814671814,0.4551724137931034,0.3818181818181818,0.1075581395348837,0.1568627450980392,0.0967741935483871,0.183206106870229,0.4761904761904761,0.46875,0.4761904761904761,0.6755214224638916,0.7788550998837975,0.6755214224638916,0.0112359550561797,4.630058338735068e-05,0.0112359550561797,0.0,0.0,0.0,0.0,0.0,0.0,0.0,0.0666666666666666,0.0,0.0,0.0,0.0,0.1557414104882463,0.1373239436619719,0.2013480392156864,0.0,0.6363636363636364,0.5,,0.6666666666666666,0.6666666666666666,,0.3636363636363636,1.0,,,1
8.257366268619688,2.3145728087469255,2.1804575295576005,-1.948024709685752,-0.0268105927778294,0.0884613663025953,-1.4036266130700288,-1.1388728311222185,0.0009060194933565,-0.7443276372132077,Spyware-TIBS-7651d72f90c1aaecc18a032dd6140ec4def8a836e7efcfc83b9a3389345dcb10-4.raw,0.6176470588235294,0.6428571428571429,0.1631161334800649,,0.36210602002081,0.7772972972972974,0.4794236602628917,0.7678300455235205,0.3174315920825203,,0.4333800841514726,0.8463385354141657,0.8518518518518519,0.6891891891891891,0.5977011494252874,0.8545454545454545,0.7180232558139535,0.7647058823529411,0.5752688172043011,0.7862595419847328,0.7380952380952381,0.8125,0.7380952380952381,0.5974894620502473,0.6892050529823602,0.5974894620502473,0.0337078651685393,0.000138901750162,0.0337078651685393,0.0,0.3,0.0,0.2307692307692307,0.3,0.2307692307692307,0.3,0.3333333333333333,0.3456521739130434,0.0,0.265886287625418,0.3456521739130434,0.2729381240663575,0.3741579914268217,0.3569479965899405,1.0,1.0,1.0,,1.0,1.0,,0.9090909090909092,0.0,,,1
0.4157149926095179,4.275799019321569,-1.0955552319399302,-1.7776962129064098,-0.1167404876276142,-0.0642366650595328,1.3314435979005512,0.0341460851638286,1.303297396927193,-0.3904066114576365,Spyware-TIBS-1421d1a140f3875addfe2378e53f749e8c6023bb0ec3fbe33943218ec09f6b33-1.raw,0.2941176470588235,0.3571428571428571,0.5134413551832075,,0.3231877586445453,0.3037837837837838,0.4314538043478261,0.2644699761543464,0.2757877193697226,,0.2945301542776998,0.2208883553421368,0.3703703703703703,0.1776061776061776,0.4689655172413793,0.3818181818181818,0.1075581395348837,0.1568627450980392,0.0967741935483871,0.1984732824427481,0.4523809523809524,0.453125,0.4523809523809524,0.6284342420256499,0.7329320422534454,0.6284342420256499,0.0112359550561797,4.630058338735068e-05,0.0112359550561797,0.0,0.2,0.0,0.1538461538461538,0.2,0.1538461538461538,0.2,0.1333333333333333,0.311764705882353,0.0,0.2398190045248868,0.311764705882353,0.3777257738538456,0.4200497100248551,0.2811995386389851,0.0,0.6363636363636364,0.5,,0.6666666666666666,0.6666666666666666,,0.3636363636363636,1.0,,,1
3.5960111865016224,-0.2352278014554769,-4.502646887496279,4.343112321277997,-0.0891714606067157,1.335247998725574,0.5760280684215834,0.0885356739857596,-0.3843854454772807,-0.267126909347083,Spyware-TIBS-0149e4302db69ee3430709369101d4e70f5d8bfce7c76555cb835f4862a03879-7.raw,0.4117647058823529,0.4285714285714285,0.2905337670574272,,0.3776682054313782,0.4983783783783784,0.4885869565217392,0.4810318664643399,0.388190375305746,,0.9046283309957924,0.3427370948379352,0.4814814814814814,0.3030888030888031,0.3908045977011494,0.509090909090909,0.4302325581395348,0.392156862745098,0.1989247311827957,0.3969465648854962,0.5714285714285714,0.578125,0.5714285714285714,0.61615912667477,0.6569245695953011,0.61615912667477,0.6629213483146067,0.8591999259190666,0.6629213483146067,0.6588235294117647,0.0,0.0,0.0769230769230769,0.0,0.0769230769230769,0.0,0.2,0.0,0.0,0.1132478632478629,0.0,0.2156419529837255,0.1017214397496085,0.3521786492374727,1.0,0.8181818181818182,1.0,,0.6666666666666666,0.8333333333333334,,0.4545454545454545,1.0,,,1
3.0905284634459407,0.9739923957134744,-6.277158985794807,2.0762280379772675,0.0857502011548551,0.4414312093973412,0.2718611645994199,0.6741155204624161,1.3694556405923268,0.4519395251569651,Spyware-TIBS-979db6d35d22f609cbdd3515bea40d29c89bf89364999c4218ab5dfffd7fc11a-2.raw,0.4411764705882353,0.4285714285714285,0.4025091193200197,,0.2360755618576273,0.4627027027027027,0.3680376028202116,0.3954042922176458,0.2309698498547433,,0.3927068723702664,0.2779111644657863,0.5185185185185185,0.3281853281853282,0.6045977011494252,0.5454545454545454,0.2936046511627907,0.3333333333333333,0.2096774193548387,0.4274809160305343,0.6428571428571429,0.640625,0.6428571428571429,0.7727462091171731,0.8727479828139287,0.7727462091171731,0.6292134831460674,0.8544309658301694,0.6292134831460674,0.4894117647058824,0.0,0.0,0.0769230769230769,0.0,0.0769230769230769,0.0,0.1333333333333333,0.0,0.0,0.1101871101871101,0.0,0.1994526171741363,0.0940236010658544,0.2246952835188128,0.0,0.6363636363636364,0.5,,0.6666666666666666,0.6666666666666666,,0.3636363636363636,1.0,,,1
8.115350513440191,-3.4369353652592873,-2.154008149277715,-3.2054785989839822,0.5819299885253005,-0.5577816244541937,-2.5242710934876085,1.2892538334351369,0.8366828497246424,-0.332372134020546,Spyware-TIBS-2361f526473d9f47642b2c9504cf0e0ffa62f222eccbdf665035ad4658cfb915-2.raw,0.6176470588235294,0.6428571428571429,0.2343351903157155,,0.4487218677664725,0.8421621621621621,0.5673913043478261,0.8595274225016258,0.4101135159628936,,0.4768583450210378,0.9255702280912363,0.8518518518518519,0.7084942084942085,0.7931034482758621,0.8545454545454545,0.8168604651162791,0.803921568627451,0.6344086021505376,0.8396946564885496,0.9761904761904762,0.96875,0.9761904761904762,0.8523554276813028,0.8762908405997469,0.8523554276813028,0.0561797752808988,0.0002778035003241,0.0561797752808988,0.0094117647058823,0.0,0.0,0.0,0.0,0.0,0.0,0.1333333333333333,0.0,0.0,0.0,0.0,0.017830859161445,0.0553553881428102,0.1353397172822618,1.0,1.0,1.0,,1.0,1.0,,0.9090909090909092,0.0,,,1
2.5766552595872976,6.875145559628158,-0.5924424449943017,2.023699386861795,-0.4522001397731929,0.2672765084423837,1.3808547568132084,-1.0767752899069605,1.3767264912577637,0.2085120935590551,Spyware-TIBS-574cbd37cab3adfdd1b55051c52471c180bc4b5e69e7e018d8f7039b644ed0fd-1.raw,0.3823529411764705,0.4285714285714285,0.4411342294236789,,0.2536446082439214,0.387027027027027,0.3710559006211181,0.330804248861912,0.253169031594752,,0.3015427769985975,0.251500600240096,0.4444444444444444,0.2084942084942085,0.5701149425287356,0.4727272727272727,0.252906976744186,0.2745098039215686,0.1344086021505376,0.3511450381679389,0.4523809523809524,0.484375,0.4523809523809524,0.534067396106496,0.6454921289276107,0.534067396106496,0.5056179775280899,0.039216594129086,0.5056179775280899,0.4941176470588235,0.3,0.0,0.3076923076923077,0.3,0.3076923076923077,0.3,0.2666666666666666,0.4184210526315789,0.0,0.42914979757085,0.4184210526315789,0.5246026458551442,0.4914751667902148,0.4156862745098036,0.0,0.6363636363636364,0.5,,0.6666666666666666,0.6666666666666666,,0.2727272727272727,1.0,,,1
9.196662611293116,1.2795096158230312,2.859979356766302,-1.455367552030714,0.0204548637374848,-1.3204196177606786,0.0958243215961404,-0.9864160654328196,0.0702831060276202,0.140063645149834,Spyware-TIBS-35687c2a333d215c400adb744ca367dae9ce2b5fcc705ac639b11bc319d50475-3.raw,0.6764705882352942,0.7142857142857143,0.2042063053663126,,0.4281497507368878,0.9589189189189188,0.6094202898550725,0.9269455885540864,0.3881006460987921,,0.4488078541374474,0.947779111644658,0.925925925925926,0.9034749034749034,0.7839080459770115,0.9272727272727272,0.8866279069767442,0.9803921568627452,0.8010752688172043,0.916030534351145,0.8095238095238095,0.890625,0.8095238095238095,0.5401679970908261,0.5663131029134999,0.5401679970908261,0.0224719101123595,9.260116677470137e-05,0.0224719101123595,0.0,0.3,0.0,0.2307692307692307,0.3,0.2307692307692307,0.3,0.3333333333333333,0.3312500000000001,0.0,0.2548076923076923,0.3312500000000001,0.2455922242314649,0.3509389671361501,0.3247549019607844,1.0,1.0,1.0,,1.0,1.0,,0.9090909090909092,0.5,,,1
9.91684000446646,-0.9321755176403964,-2.0894371233483935,3.1152827120603104,0.1381728732823133,-0.0457478672211877,-0.7049109279751234,0.3138451730807695,0.2576589797944951,-0.1864427102372326,Spyware-TIBS-5065428bc91f6a12f48944a8c7299d559faf3d53e2c7c47db05bb9103450ab8d-4.raw,0.6764705882352942,0.6428571428571429,0.1865627365535301,,0.4126922232983792,0.8897297297297297,0.5197584541062804,0.9100368523737264,0.4154517398184575,,0.7335203366058906,0.885954381752701,0.8888888888888888,0.7953667953667953,0.7425287356321839,0.9090909090909092,0.8924418604651163,0.9411764705882352,0.6989247311827957,0.9618320610687024,0.8809523809523809,0.921875,0.8809523809523809,0.6888635576468426,0.7237860138610998,0.6888635576468426,0.6966292134831461,0.8567922955829244,0.6966292134831461,0.4470588235294118,0.1,0.0,0.1538461538461538,0.1,0.1538461538461538,0.1,0.2666666666666666,0.1152173913043478,0.0,0.177257525083612,0.1152173913043478,0.1791807532038683,0.1512553582363747,0.2710997442455242,1.0,1.0,1.0,,1.0,1.0,,1.0,0.5,,,1
8.2150199759407,6.344864002117202,5.216228291301097,-0.764363543032418,-0.3600869194420531,-0.1934264191668918,-0.1657298644607784,0.9680117490682671,-0.167296341555103,0.0944177408365854,Spyware-TIBS-30533d67f47b9264c85d2a594ee58789410e4f2d0e5f38cbc487908da385c8bb-2.raw,0.5,0.5,0.3009551057792634,,0.5219334444752992,0.705945945945946,0.615886287625418,0.7494038586603078,0.4884524107066605,,0.4011220196353436,0.826530612244898,0.7037037037037037,0.6235521235521235,0.6827586206896552,0.7090909090909091,0.7703488372093024,0.7058823529411765,0.5698924731182796,0.7404580152671756,0.7380952380952381,0.75,0.7380952380952381,0.6603900644226708,0.6703400246692511,0.6603900644226708,0.0224719101123595,9.260116677470137e-05,0.0224719101123595,0.0,0.5,0.0,0.3846153846153846,0.5,0.3846153846153846,0.5,0.4666666666666667,0.6022727272727273,0.0,0.4632867132867132,0.6022727272727273,0.4988081538714451,0.6325224071702947,0.5715686274509806,1.0,1.0,1.0,,1.0,1.0,,0.9090909090909092,0.5,,,1
-0.6054417568497922,0.3565109465275905,-4.232789627544682,-2.705192029503622,0.1007215287929176,0.6468022227326706,0.8375985963757172,-0.2254000571148953,0.145080719919144,-0.0536304241699662,Spyware-TIBS-5555ad162e1d6f2cce4027b9c8f6d68e141d13498aa7ed59965dceb22f9bf1b9-3.raw,0.2941176470588235,0.3571428571428571,0.3255846068863929,,0.2442186261808027,0.3016216216216216,0.4275135869565218,0.2022544981573813,0.1912880427586346,,0.2833099579242636,0.1746698679471788,0.3703703703703703,0.1814671814671814,0.2459770114942528,0.3818181818181818,0.1075581395348837,0.1568627450980392,0.0967741935483871,0.183206106870229,0.4761904761904761,0.46875,0.4761904761904761,0.6755214224638916,0.7788550998837975,0.6755214224638916,0.0112359550561797,4.630058338735068e-05,0.0112359550561797,0.0,0.0,0.0,0.0,0.0,0.0,0.0,0.0666666666666666,0.0,0.0,0.0,0.0,0.1557414104882463,0.1373239436619719,0.2013480392156864,0.0,0.6363636363636364,0.5,,0.6666666666666666,0.6666666666666666,,0.3636363636363636,1.0,,,1
1.7711911545800252,5.358641216419182,-3.7033463046664847,-2.406445574671834,-0.0699434106661675,-4.863704752481642,0.5415328824625524,-0.0704723221227078,-1.260326344854752,0.4695397160991854,Spyware-TIBS-1981a8ad7e1e19ce11df0ba175d0e34fd8f1b1511b571dc00e362a078867d775-7.raw,0.4117647058823529,0.5,0.2936844043454244,,0.3238603567530247,0.5027027027027027,0.4955917874396138,0.433123780619987,0.2765074223838317,,0.3478260869565217,0.3709483793517407,0.5185185185185185,0.5386100386100386,0.3977011494252873,0.5272727272727272,0.2906976744186046,0.3333333333333333,0.4838709677419355,0.366412213740458,0.6428571428571429,0.640625,0.6428571428571429,0.7255552575553389,0.7912856142876528,0.7255552575553389,0.0112359550561797,4.630058338735068e-05,0.0112359550561797,0.0,0.2,0.0,0.1538461538461538,0.2,0.1538461538461538,0.2,0.2,0.2789473684210526,0.0,0.214574898785425,0.2789473684210526,0.2976111163985915,0.3565604151223127,0.3117647058823528,0.0,0.0,0.0,,0.0,0.0,,0.3636363636363636,1.0,,,1
-0.6452316530625024,0.4197539174634339,-4.3394550802978795,-2.777365932208618,0.0781022638639901,0.8349908402292255,0.9042128912577992,-0.3143520514663981,-0.2467799478013105,-0.2009419915379211,Spyware-TIBS-5555ad162e1d6f2cce4027b9c8f6d68e141d13498aa7ed59965dceb22f9bf1b9-4.raw,0.2941176470588235,0.3571428571428571,0.2724176026514454,,0.2227566319920503,0.3016216216216216,0.4275135869565218,0.1853457619770214,0.168322973853879,,0.2847124824684432,0.15906362545018,0.3703703703703703,0.1814671814671814,0.1540229885057471,0.3818181818181818,0.1075581395348837,0.1568627450980392,0.0967741935483871,0.183206106870229,0.4761904761904761,0.46875,0.4761904761904761,0.6755214224638916,0.7788550998837975,0.6755214224638916,0.0112359550561797,4.630058338735068e-05,0.0112359550561797,0.0,0.0,0.0,0.0,0.0,0.0,0.0,0.0666666666666666,0.0,0.0,0.0,0.0,0.1557414104882463,0.1373239436619719,0.2013480392156864,0.0,0.6363636363636364,0.5,,0.6666666666666666,0.6666666666666666,,0.3636363636363636,1.0,,,1
7.117630522229701,-2.4798842337862115,-3.5698333839176972,3.6483309335117258,0.2028627313765503,0.4306878349844339,0.9486752568584912,1.0428872652958754,0.5511307170440042,-0.485012043333599,Spyware-TIBS-306cacba59ca07650c4ff93e770a530fee5ab0bd21fbbdacc6450bf5f8227b66-8.raw,0.5588235294117647,0.5,0.2729363051317865,,0.5022256201103161,0.7189189189189189,0.5120360551431604,0.8235421634511164,0.5180397539188625,,0.97054698457223,0.7809123649459784,0.7407407407407407,0.722007722007722,0.6551724137931034,0.6909090909090909,0.6715116279069767,0.7058823529411765,0.5053763440860215,0.6870229007633588,0.7619047619047619,0.78125,0.7619047619047619,0.6826893465645228,0.715000388019022,0.6826893465645228,0.6966292134831461,0.8567922955829244,0.6966292134831461,0.4470588235294118,0.0,0.0,0.0769230769230769,0.0,0.0769230769230769,0.0,0.1333333333333333,0.0,0.0,0.0994371482176359,0.0,0.1425925109160679,0.0669872895912056,0.1622190339550454,1.0,1.0,1.0,,1.0,1.0,,0.7272727272727273,1.0,,,1
3.207197293724513,-2.3308978835266463,-1.8913226350663757,-2.403476523605934,0.2053710795607215,1.455735549036267,1.190194976885521,0.0324561050227687,-0.1706568810895718,0.3270727801726542,Spyware-TIBS-98f79b05b432de9dd246e9fec02ce0e37acbfbe0798d10c621c0b397e05ea470-9.raw,0.4705882352941176,0.3571428571428571,0.2071247904330887,,0.3361923947994032,0.5545945945945946,0.449599542334096,0.5287231736397139,0.2897031254941966,,0.3506311360448808,0.5870348139255702,0.5925925925925926,0.5057915057915058,0.3770114942528735,0.6,0.4505813953488372,0.5098039215686274,0.2580645161290322,0.4122137404580153,0.6190476190476191,0.65625,0.6190476190476191,0.6324024520427141,0.7327821889712235,0.6324024520427141,0.0112359550561797,4.630058338735068e-05,0.0112359550561797,0.0,0.0,0.0,0.0,0.0,0.0,0.0,0.1333333333333333,0.0,0.0,0.0,0.0,0.0706195869420388,0.0867309117865085,0.2078431372549018,1.0,1.0,1.0,,1.0,1.0,,0.6363636363636364,1.0,,,1
7.632300297951254,-1.8955065030121456,0.2072174588142687,-2.3192071275426747,0.3161780098939457,-0.6588106646843216,-1.7371738504339789,-1.4208916601606127,0.937847287145982,-0.463820187464283,Spyware-TIBS-992eed3db41572414b500aecbe50a54ccd1e5faa2561dec87e1fe3c2db678f44-2.raw,0.6470588235294118,0.6428571428571429,0.2343951390167558,,0.393677152145599,0.841081081081081,0.5100790513833995,0.8450032516800347,0.3512137848401203,,0.4389901823281907,0.918967587034814,0.8888888888888888,0.693050193050193,0.8045977011494253,0.8909090909090909,0.8226744186046512,0.8235294117647058,0.6075268817204301,0.8244274809160306,0.7619047619047619,0.84375,0.7619047619047619,0.5732039266561552,0.64870075602067,0.5732039266561552,0.0224719101123595,9.260116677470137e-05,0.0224719101123595,0.0,0.1,0.0,0.0769230769230769,0.1,0.0769230769230769,0.1,0.2,0.1177777777777777,0.0,0.0905982905982905,0.1177777777777777,0.0958408679927671,0.1586854460093894,0.1986056644880174,1.0,1.0,1.0,,1.0,1.0,,0.9090909090909092,0.0,,,1
8.54924475929966,-0.26061375109095,-2.2377578839974284,3.1784183224838616,0.0581754656038207,0.7141535434902896,-0.9207410357420168,0.8847571646642475,-0.0756372216861216,-0.4185893671379291,Spyware-TIBS-5065428bc91f6a12f48944a8c7299d559faf3d53e2c7c47db05bb9103450ab8d-8.raw,0.5882352941176471,0.5714285714285714,0.1883631007180997,,0.4567028506978948,0.7686486486486487,0.5238612836438925,0.8228918274441795,0.4669047749767162,,0.7180925666199158,0.8127250900360145,0.7777777777777778,0.8011583011583011,0.6114942528735632,0.7454545454545455,0.8575581395348837,0.7450980392156863,0.6129032258064516,0.7175572519083969,0.8095238095238095,0.828125,0.8095238095238095,0.7283873478626488,0.7735945236584076,0.7283873478626488,0.6966292134831461,0.8567922955829244,0.6966292134831461,0.4470588235294118,0.1,0.0,0.1538461538461538,0.1,0.1538461538461538,0.1,0.2666666666666666,0.123255813953488,0.0,0.1896243291592127,0.123255813953488,0.2184280247277011,0.1745823779888634,0.3190150478796167,1.0,1.0,1.0,,1.0,1.0,,0.7272727272727273,0.5,,,1
3.137775306754103,-0.700037132986093,-0.7893108236634988,-1.434432879406587,-0.0929569069762272,1.895161576857761,0.9864766993573936,-0.7094620635807168,-0.4972142473019744,1.6622976513801082,Spyware-TIBS-98f79b05b432de9dd246e9fec02ce0e37acbfbe0798d10c621c0b397e05ea470-10.raw,0.4705882352941176,0.4285714285714285,0.1862310905232146,,0.3090825074030846,0.5372972972972972,0.4230549199084668,0.503793626707132,0.3618249433291349,,0.3408134642356241,0.5612244897959183,0.5555555555555556,0.4922779922779923,0.3402298850574712,0.5272727272727272,0.4273255813953488,0.4313725490196078,0.2956989247311828,0.4503816793893129,0.5714285714285714,0.59375,0.5714285714285714,0.5773405030456058,0.6254452967249433,0.5773405030456058,0.0112359550561797,4.630058338735068e-05,0.0112359550561797,0.0,0.0,0.0,0.1538461538461538,0.0,0.1538461538461538,0.0,0.2,0.0,0.0,0.214574898785425,0.0,0.2976111163985915,0.0867309117865085,0.3117647058823528,1.0,1.0,1.0,,1.0,1.0,,0.5454545454545454,1.0,,,1
3.272941047245005,0.8913054004677197,-6.649929678478715,3.116451407167773,0.0010944853517197,0.6893990434222346,0.6960057676517771,0.169526041341245,-0.0375308838195752,-0.7702111914088275,Spyware-TIBS-306cacba59ca07650c4ff93e770a530fee5ab0bd21fbbdacc6450bf5f8227b66-4.raw,0.4411764705882353,0.4285714285714285,0.2155145386594475,,0.2574929365158419,0.4767567567567567,0.3901880141010574,0.4149143724257533,0.2545237666801336,,0.8779803646563815,0.2430972388955582,0.5185185185185185,0.3455598455598455,0.3172413793103448,0.5454545454545454,0.311046511627907,0.3333333333333333,0.2204301075268817,0.4274809160305343,0.6190476190476191,0.625,0.6190476190476191,0.7173386446463258,0.8082591035051526,0.7173386446463258,0.6853932584269663,0.856745994999537,0.6853932584269663,0.5364705882352941,0.0,0.0,0.0769230769230769,0.0,0.0769230769230769,0.0,0.1333333333333333,0.0,0.0,0.1101871101871101,0.0,0.1994526171741363,0.0940236010658544,0.2246952835188128,0.0,0.6363636363636364,0.5,,0.6666666666666666,0.6666666666666666,,0.3636363636363636,1.0,,,1
0.7463579545013247,-0.3838041446553661,-3.261453249439512,-2.548436025611585,0.1138222893766695,1.3433115927672377,0.4803837813625661,0.8483294463444503,-0.2490285299774669,0.4434213110386612,Spyware-TIBS-1421d1a140f3875addfe2378e53f749e8c6023bb0ec3fbe33943218ec09f6b33-7.raw,0.3235294117647059,0.3571428571428571,0.3160252869330385,,0.3224373392673161,0.3902702702702703,0.5138998682476943,0.3058747019293301,0.2749847449324933,,0.3127629733520337,0.2947178871548619,0.4074074074074074,0.2567567567567567,0.2666666666666666,0.4181818181818181,0.2296511627906976,0.2745098039215686,0.1344086021505376,0.2290076335877862,0.5714285714285714,0.546875,0.5714285714285714,0.7372957904357086,0.788854239315171,0.7372957904357086,0.0112359550561797,4.630058338735068e-05,0.0112359550561797,0.0,0.0,0.0,0.0,0.0,0.0,0.0,0.1333333333333333,0.0,0.0,0.0,0.0,0.1394048988985701,0.127614169867691,0.3023172905525847,0.0,0.8181818181818182,1.0,,0.6666666666666666,0.8333333333333334,,0.5454545454545454,1.0,,,1
5.123707587046351,-2.9881623763173835,-1.3190752261307392,-2.5953378110712175,0.3204134482119717,0.6043073294145334,-1.9437568470278808,-1.281357943516722,0.1779716522830472,-0.9416847023412248,Spyware-TIBS-992eed3db41572414b500aecbe50a54ccd1e5faa2561dec87e1fe3c2db678f44-7.raw,0.5294117647058824,0.5714285714285714,0.1830970355367336,,0.412007396133382,0.6572972972972972,0.4822826086956521,0.6880554953392586,0.3708277737601727,,0.4137447405329593,0.7833133253301321,0.7407407407407407,0.6891891891891891,0.503448275862069,0.6909090909090909,0.6802325581395349,0.5686274509803921,0.4946236559139785,0.5419847328244275,0.6428571428571429,0.703125,0.6428571428571429,0.5960842798214648,0.7066098846567542,0.5960842798214648,0.0224719101123595,9.260116677470137e-05,0.0224719101123595,0.0,0.0,0.0,0.0,0.0,0.0,0.0,0.1333333333333333,0.0,0.0,0.0,0.0,0.0479204339963837,0.0732394366197184,0.1766666666666668,1.0,1.0,1.0,,1.0,1.0,,0.6363636363636364,0.0,,,1
0.1719430626383687,0.1811860486985554,-4.583475301480341,-2.9689857921939034,0.1482082411258625,0.5228733727332328,1.1944949550319444,-1.0269502592848971,0.4161912805045747,-0.0924152177805729,Spyware-TIBS-570dbd214653ec1c9b7ff1f2c119060a7cacc28549706ece5f233ebdc05b1518-3.raw,0.3823529411764705,0.4285714285714285,0.2661388326275088,,0.1628281405265341,0.374054054054054,0.34944099378882,0.252330370691524,0.1041974352967537,,0.3043478260869565,0.2232893157262905,0.4814814814814814,0.2413127413127413,0.296551724137931,0.4909090909090909,0.1308139534883721,0.2156862745098039,0.0967741935483871,0.2213740458015267,0.5,0.53125,0.5,0.6313280237501494,0.7887906961262519,0.6313280237501494,0.0112359550561797,4.630058338735068e-05,0.0112359550561797,0.0,0.0,0.0,0.0,0.0,0.0,0.0,0.0666666666666666,0.0,0.0,0.0,0.0,0.109532420563162,0.1098591549295773,0.1484593837535013,0.0,0.6363636363636364,0.5,,0.6666666666666666,0.6666666666666666,,0.2727272727272727,1.0,,,1
7.182126319321561,2.390944171090359,3.1404858190519116,-1.1147943425167106,-0.0490958691832541,-0.6046873144052521,-0.5171700467657753,0.7971991038705252,0.5815546879671971,0.2752022140606657,Spyware-TIBS-7469e64fea64885609ff5e5a6256e808fdd81e6f797d5706b1cf4a96c96d0c1b-1.raw,0.5,0.5,0.3707538395441177,,0.5539923864850597,0.7189189189189189,0.6352842809364552,0.7801864296553219,0.5227565767497934,,0.4025245441795231,0.8541416566626651,0.7037037037037037,0.6177606177606177,0.8137931034482758,0.7090909090909091,0.7906976744186046,0.7058823529411765,0.5752688172043011,0.7480916030534351,0.7380952380952381,0.75,0.7380952380952381,0.6482150449376728,0.6493862203377112,0.6482150449376728,0.0224719101123595,9.260116677470137e-05,0.0224719101123595,0.0,0.3,0.0,0.2307692307692307,0.3,0.2307692307692307,0.3,0.3333333333333333,0.3785714285714285,0.0,0.2912087912087911,0.3785714285714285,0.3354430379746836,0.4272300469483567,0.4305322128851538,1.0,1.0,1.0,,1.0,1.0,,0.9090909090909092,0.5,,,1
0.6530729146097384,4.945612311318307,-1.6971130223949848,-2.219412804057735,-0.1983100170675492,0.8287236493529264,1.0061564086083643,0.5733694799863734,-0.2636028484040887,-0.2550360012425561,Spyware-TIBS-954f736dfd60b84b6e7b02b873945bb19058beb1f7be314716f5c924f632f598-6.raw,0.2941176470588235,0.3571428571428571,0.2936844043454244,,0.2554999308184802,0.3016216216216216,0.4275135869565218,0.2111424235855191,0.2033594251316472,,0.2791023842917251,0.2172869147659063,0.3703703703703703,0.1969111969111969,0.2,0.3818181818181818,0.1075581395348837,0.1568627450980392,0.1021505376344086,0.1984732824427481,0.5,0.484375,0.5,0.7198920347999239,0.8199668285677366,0.7198920347999239,0.0112359550561797,4.630058338735068e-05,0.0112359550561797,0.0,0.2,0.0,0.1538461538461538,0.2,0.1538461538461538,0.2,0.2,0.311764705882353,0.0,0.2398190045248868,0.311764705882353,0.3777257738538456,0.4200497100248551,0.397347174163783,0.0,0.6363636363636364,0.5,,0.6666666666666666,0.6666666666666666,,0.2727272727272727,1.0,,,1
3.1215284716177,5.530356411085672,-0.0974524580979734,-1.7654287497561143,-0.188548557206558,-0.7628309395266448,1.3987720458088806,-0.5376254748997711,0.8779887980492556,0.1812059125791224,Spyware-TIBS-1981a8ad7e1e19ce11df0ba175d0e34fd8f1b1511b571dc00e362a078867d775-2.raw,0.4411764705882353,0.5714285714285714,0.3933126645334344,,0.2741508945833423,0.5081081081081081,0.4396004700352529,0.4298721005853024,0.2233165951985662,,0.3394109396914446,0.3337334933973589,0.5555555555555556,0.4459459459459459,0.5816091954022988,0.5636363636363636,0.2441860465116279,0.3725490196078431,0.3064516129032258,0.3740458015267175,0.5714285714285714,0.609375,0.5714285714285714,0.6048710224942517,0.7120857572584831,0.6048710224942517,0.0112359550561797,4.630058338735068e-05,0.0112359550561797,0.0,0.3,0.0,0.2307692307692307,0.3,0.2307692307692307,0.3,0.2666666666666666,0.3975000000000001,0.0,0.3057692307692308,0.3975000000000001,0.3713833634719714,0.4577464788732396,0.3741176470588237,0.0,0.6363636363636364,0.5,,0.6666666666666666,0.6666666666666666,,0.2727272727272727,1.0,,,1
0.7243694652080207,0.3904716634952317,-5.23931562782343,-3.400307020506788,0.1852553147209696,0.7433875607536119,0.9576278668687124,0.2182179402966413,-0.183981988757556,-0.1942027688411557,Spyware-TIBS-599e4bde3509a8bf8d535685bcf40f703d68c03b3bb6343accac3ae6dc696248-5.raw,0.3823529411764705,0.4285714285714285,0.201325722703001,,0.1600608797373617,0.3978378378378378,0.3890683229813665,0.2499458053327552,0.1012363714672761,,0.3127629733520337,0.2136854741896758,0.4814814814814814,0.2664092664092664,0.1839080459770115,0.4909090909090909,0.1686046511627907,0.2156862745098039,0.1182795698924731,0.2442748091603053,0.5952380952380952,0.59375,0.5952380952380952,0.7692974504218603,0.8921737129257223,0.7692974504218603,0.0224719101123595,0.002916936753403,0.0224719101123595,0.0,0.0,0.0,0.0,0.0,0.0,0.0,0.0666666666666666,0.0,0.0,0.0,0.0,0.109532420563162,0.1098591549295773,0.1484593837535013,0.0,0.6363636363636364,0.5,,0.6666666666666666,0.6666666666666666,,0.2727272727272727,1.0,,,1
8.042423812767446,-3.5361377844232043,-2.228935917182641,-3.1532994201639855,0.55994994807165,-0.6767229711747066,-0.9894121363222628,2.011795370058837,0.2813799147354598,0.2509394202090919,Spyware-TIBS-5045036bec213df4c03e57feb5f3b97b6e676eb3a1ab220d1596ad71f3246baa-5.raw,0.6176470588235294,0.6428571428571429,0.2158709903953616,,0.4630554595919955,0.8583783783783784,0.5893832153690592,0.8747019293301539,0.4254509501747754,,0.4754558204768583,0.9411764705882352,0.8518518518518519,0.7934362934362934,0.7103448275862069,0.8545454545454545,0.8459302325581395,0.8627450980392157,0.6344086021505376,0.8931297709923665,1.0,0.984375,1.0,0.8758325619971883,0.8927541053475182,0.8758325619971883,0.0337078651685393,0.0130104639318455,0.0337078651685393,0.0,0.0,0.0,0.0,0.0,0.0,0.0,0.1333333333333333,0.0,0.0,0.0,0.0,0.017830859161445,0.0553553881428102,0.1353397172822618,1.0,1.0,1.0,,1.0,1.0,,0.9090909090909092,0.5,,,1
7.697534559981808,8.47731110702745,6.664200272022065,-0.2467278273263706,-0.6132900876423408,0.3826982552814891,0.2735304650314069,0.0903713874462326,-0.7557953029604955,-0.216141812398089,Spyware-TIBS-3031e4fc4cab067dba86e6f667dfaf323a996c8a112776899d692d8af34b21b2-6.raw,0.4705882352941176,0.5,0.251897004525676,,0.5004736782523093,0.64,0.5806636155606407,0.6824192499458054,0.4654897258015836,,0.391304347826087,0.7791116446578632,0.6666666666666666,0.6563706563706564,0.5218390804597701,0.6181818181818182,0.6744186046511628,0.6274509803921569,0.489247311827957,0.5954198473282443,0.6190476190476191,0.65625,0.6190476190476191,0.5636541508351687,0.6097236021677965,0.5636541508351687,0.0224719101123595,9.260116677470137e-05,0.0224719101123595,0.0,0.6,0.0,0.4615384615384615,0.6,0.4615384615384615,0.6,0.5333333333333333,0.7227272727272727,0.0,0.5559440559440557,0.7227272727272727,0.596827223409502,0.7490396927016647,0.661319073083779,1.0,1.0,1.0,,1.0,1.0,,0.9090909090909092,0.5,,,1
9.038320260505683,-2.910564408080731,-2.729502401523639,2.3740619393578153,0.3186776559248545,-0.4166600712712558,-1.219347706556968,0.7918726652149658,1.1091440102309176,0.5315104875329986,Spyware-TIBS-5065428bc91f6a12f48944a8c7299d559faf3d53e2c7c47db05bb9103450ab8d-1.raw,0.6470588235294118,0.5714285714285714,0.2911066102006998,,0.4535105904899996,0.8843243243243243,0.5673913043478261,0.9100368523737264,0.4611652612681585,,0.4712482468443197,0.9135654261704682,0.8518518518518519,0.7722007722007722,0.935632183908046,0.8727272727272727,0.9738372093023256,0.8823529411764706,0.6827956989247311,0.9389312977099236,0.9047619047619048,0.921875,0.9047619047619048,0.7221164041943197,0.7270247038158255,0.7221164041943197,0.6404494382022472,0.8544772664135568,0.6404494382022472,0.4078431372549019,0.0,0.0,0.0769230769230769,0.0,0.0769230769230769,0.0,0.2,0.0,0.0,0.0926573426573425,0.0,0.1067318757192177,0.0499359795134441,0.2125668449197862,1.0,1.0,1.0,,1.0,1.0,,1.0,0.5,,,1
3.156351233308087,0.7150531882641201,-6.20910927647914,3.101841384640569,0.0324559795223972,0.2912984298695996,0.6610309305424001,-0.0155457227995541,0.7014046643871813,-0.4868690951511101,Spyware-TIBS-306cacba59ca07650c4ff93e770a530fee5ab0bd21fbbdacc6450bf5f8227b66-3.raw,0.4411764705882353,0.4285714285714285,0.3105445714541646,,0.2884291443554849,0.4735135135135135,0.3850763807285545,0.4430955993930197,0.2885460909834753,,0.8779803646563815,0.2671068427370948,0.5185185185185185,0.3455598455598455,0.4919540229885057,0.5454545454545454,0.311046511627907,0.3333333333333333,0.2096774193548387,0.4274809160305343,0.5952380952380952,0.609375,0.5952380952380952,0.681912107764208,0.778443323242517,0.681912107764208,0.6404494382022472,0.8546161681637189,0.6404494382022472,0.4988235294117646,0.0,0.0,0.0769230769230769,0.0,0.0769230769230769,0.0,0.1333333333333333,0.0,0.0,0.1101871101871101,0.0,0.1994526171741363,0.0940236010658544,0.2246952835188128,0.0,0.6363636363636364,0.5,,0.6666666666666666,0.6666666666666666,,0.3636363636363636,1.0,,,1
6.763982795340838,-1.6247319187316338,-0.023412884396871,-2.1790912993007554,0.2207973430962449,-0.1420768702722144,-0.0193208596868224,-1.1941058092964458,0.1106766379222627,-0.1018390596206974,Spyware-TIBS-404929a7b78f384d1d1715f06d93c3cf0301d8027cb5e721ffff4d89e1b7da7c-4.raw,0.6176470588235294,0.6428571428571429,0.16575387632583,,0.3659965663734519,0.7805405405405406,0.4838220424671388,0.7719488402341209,0.321594609940031,,0.4305750350631136,0.8493397358943577,0.8518518518518519,0.6891891891891891,0.6,0.8545454545454545,0.7122093023255814,0.7647058823529411,0.5860215053763441,0.7786259541984732,0.7142857142857143,0.796875,0.7142857142857143,0.56224695783813,0.6540616736571595,0.56224695783813,0.0224719101123595,9.260116677470137e-05,0.0224719101123595,0.0,0.1,0.0,0.0769230769230769,0.1,0.0769230769230769,0.1,0.2,0.1204545454545453,0.0,0.0926573426573425,0.1204545454545453,0.1067318757192177,0.166453265044814,0.2125668449197862,1.0,1.0,1.0,,1.0,1.0,,0.9090909090909092,0.5,,,1
8.208169216566414,4.3407689654872765,3.530496869790008,-1.5536213218445738,-0.2085528116375685,0.2689345865760152,-1.2871783358461324,-1.1708916919559529,-0.1552964156322408,-0.8365459241046639,Spyware-TIBS-992eed3db41572414b500aecbe50a54ccd1e5faa2561dec87e1fe3c2db678f44-5.raw,0.5882352941176471,0.5714285714285714,0.1748603694838274,,0.3789260512446381,0.7405405405405405,0.4848343685300207,0.7422501625840018,0.3354296016168714,,0.4277699859747546,0.826530612244898,0.8148148148148148,0.6737451737451737,0.5724137931034483,0.8363636363636363,0.6918604651162791,0.6862745098039216,0.5698924731182796,0.7480916030534351,0.6904761904761905,0.765625,0.6904761904761905,0.5715912724906156,0.6682345696809208,0.5715912724906156,0.0224719101123595,9.260116677470137e-05,0.0224719101123595,0.0,0.4,0.0,0.3076923076923077,0.4,0.3076923076923077,0.4,0.4,0.4608695652173913,0.0,0.354515050167224,0.4608695652173913,0.3666954949288467,0.4856093080220452,0.4427962489343561,1.0,1.0,1.0,,1.0,1.0,,0.8181818181818182,0.0,,,1
9.211881690200364,-2.8704226708285803,-3.0421855487878844,2.6391406217613085,0.3103262796005725,-0.2991913108991085,-1.0877219016409176,0.8973428255445347,0.6550443178981447,0.028423860634832,Spyware-TIBS-78791f14568516cded277d28fae715f599d5074532d9a5f41fd1f0a14d648db2-2.raw,0.6470588235294118,0.5714285714285714,0.2447063155956546,,0.4685189780345815,0.8724324324324324,0.5516304347826088,0.9262952525471494,0.4775982264951748,,0.7307152875175316,0.8913565426170468,0.8518518518518519,0.7722007722007722,0.832183908045977,0.8727272727272727,0.9563953488372092,0.8823529411764706,0.6827956989247311,0.9465648854961832,0.9047619047619048,0.921875,0.9047619047619048,0.7327231935471418,0.7449692949992487,0.7327231935471418,0.6404494382022472,0.8544772664135568,0.6404494382022472,0.4078431372549019,0.0,0.0,0.0769230769230769,0.0,0.0769230769230769,0.0,0.2,0.0,0.0,0.0926573426573425,0.0,0.1067318757192177,0.0499359795134441,0.2125668449197862,1.0,1.0,1.0,,1.0,1.0,,1.0,0.5,,,1
6.040585654487044,0.3485138586582699,1.326685120148025,-1.598711104231542,0.016634699529521,-0.1367694136669479,1.7285466396225075,-0.2710172079510061,-0.5622560189668513,-0.2480661208534235,Spyware-TIBS-505c865b3cadf62b53d15f53d6d9a4293f7d7287fc88b54fa2b19974b3338a57-10.raw,0.5294117647058824,0.5714285714285714,0.1887681826551279,,0.441944126488975,0.6972972972972973,0.5405978260869568,0.7175373943203989,0.4028611006427037,,0.4025245441795231,0.748499399759904,0.7407407407407407,0.9227799227799228,0.4551724137931034,0.6727272727272727,0.5494186046511628,0.6666666666666666,0.8817204301075269,0.6259541984732825,0.6666666666666666,0.71875,0.6666666666666666,0.5667896137307541,0.6232605287294203,0.5667896137307541,0.0224719101123595,9.260116677470137e-05,0.0224719101123595,0.0,0.2,0.0,0.1538461538461538,0.2,0.1538461538461538,0.2,0.2,0.2523809523809524,0.0,0.1941391941391941,0.2523809523809524,0.2327563936967193,0.3051643192488263,0.2424836601307188,1.0,1.0,1.0,,1.0,1.0,,0.6363636363636364,1.0,,,1
3.186252140319185,-1.724923182030378,-2.734420284102824,-2.801196464108763,0.2590488208909342,1.896952349772573,0.8582703194998729,1.232431517994827,0.2525053950112027,0.481220703678547,Spyware-TIBS-599e4bde3509a8bf8d535685bcf40f703d68c03b3bb6343accac3ae6dc696248-8.raw,0.4411764705882353,0.4285714285714285,0.2798897221655464,,0.2850975527419848,0.5318918918918919,0.4770857814336074,0.4398439193583351,0.2350298943765977,,0.3618513323983169,0.4183673469387755,0.5555555555555556,0.3667953667953668,0.425287356321839,0.5636363636363636,0.3895348837209302,0.4313725490196078,0.1881720430107527,0.3969465648854962,0.6904761904761905,0.6875,0.6904761904761905,0.7685866127519195,0.8424538497179729,0.7685866127519195,0.0224719101123595,0.002916936753403,0.0224719101123595,0.0,0.0,0.0,0.0,0.0,0.0,0.0,0.1333333333333333,0.0,0.0,0.0,0.0,0.0828893993450959,0.0940236010658544,0.2246952835188128,1.0,1.0,1.0,,1.0,1.0,,0.5454545454545454,1.0,,,1
3.7866417749354304,-2.953601649659031,-1.0614911731516985,-1.8860466937620888,0.2266332483420614,0.4815352289491886,0.8609225683471118,0.3732358705479605,-0.330133974780494,0.4288237788521253,Spyware-TIBS-6666171e4b060f807fe35397acf8a6b5851d02614d02d63d32142e126aac932d-9.raw,0.4411764705882353,0.5,0.2523003578057898,,0.5054585408920574,0.5913513513513513,0.570799059929495,0.6405809668328637,0.4708236995691542,,0.3800841514726508,0.741296518607443,0.6296296296296297,0.6505791505791506,0.4574712643678161,0.5818181818181818,0.6540697674418605,0.5686274509803921,0.4838709677419355,0.5190839694656488,0.6190476190476191,0.640625,0.6190476190476191,0.6257996554025226,0.6847584671124102,0.6257996554025226,0.0224719101123595,9.260116677470137e-05,0.0224719101123595,0.0,0.0,0.0,0.0,0.0,0.0,0.0,0.1333333333333333,0.0,0.0,0.0,0.0,0.0828893993450959,0.0940236010658544,0.2246952835188128,1.0,1.0,1.0,,1.0,1.0,,0.6363636363636364,1.0,,,1
9.136691391580614,-0.9906478487531016,-0.8075294014442264,0.7035209757492522,0.2009133913253189,-0.532023215459499,-1.0127586905041337,0.8081975326512253,0.9116291176903074,1.056606491600725,Spyware-TIBS-78791f14568516cded277d28fae715f599d5074532d9a5f41fd1f0a14d648db2-1.raw,0.6470588235294118,0.5714285714285714,0.2833732277665254,,0.4425044396239727,0.8756756756756757,0.5559288537549409,0.898114025579883,0.4491144201016795,,0.4375876577840112,0.9081632653061223,0.8518518518518519,0.7625482625482626,0.92183908045977,0.8727272727272727,0.9738372093023256,0.8823529411764706,0.6720430107526881,0.9236641221374046,0.9047619047619048,0.921875,0.9047619047619048,0.7298172839021301,0.7400530702246163,0.7298172839021301,0.5280898876404494,0.0364385591258449,0.5280898876404494,0.3294117647058823,0.1,0.0,0.1538461538461538,0.1,0.1538461538461538,0.1,0.2666666666666666,0.1177777777777777,0.0,0.181196581196581,0.1177777777777777,0.1916817359855337,0.1586854460093894,0.2863616557734203,1.0,1.0,1.0,,1.0,1.0,,1.0,0.5,,,1
4.448469536013354,-2.7570034886927495,-1.9097106464883444,-2.453556154449568,0.2771342509083127,0.9187628698629914,1.5455038805477093,-0.967593517818101,0.3139140566050738,0.4558711943023614,Spyware-TIBS-248a7274908dc58a27ad4f999f106628810a4d04b027244683886198ad927afd-8.raw,0.5588235294117647,0.6428571428571429,0.2037759744196594,,0.3029337566240153,0.6291891891891892,0.3844114528101801,0.622154779969651,0.2541152434614822,,0.4025245441795231,0.709483793517407,0.7777777777777778,0.6158301158301158,0.496551724137931,0.6545454545454545,0.436046511627907,0.5882352941176471,0.3709677419354839,0.5419847328244275,0.6190476190476191,0.734375,0.6190476190476191,0.5596154097901728,0.7760202697975992,0.5596154097901728,0.0224719101123595,9.260116677470137e-05,0.0224719101123595,0.0,0.0,0.0,0.0,0.0,0.0,0.0,0.1333333333333333,0.0,0.0,0.0,0.0,0.037401314338641,0.0669872895912056,0.1622190339550454,1.0,1.0,1.0,,1.0,1.0,,0.7272727272727273,1.0,,,1
5.380822693816645,-0.9728632452497208,-0.1435597977704454,-2.110911422819944,0.1462088792307361,0.5880608454287383,-0.2227692664949217,-0.6933746923351889,-0.1085999250137543,-0.3040085353067799,Spyware-TIBS-4579cff31815c40492e3f2dd85eb22f5084a96d95d850a31d48bd79553fe42b4-8.raw,0.5294117647058824,0.5714285714285714,0.1774258884183391,,0.4080451818216121,0.6583783783783784,0.4838586956521738,0.6841534792976371,0.3665880687316023,,0.4067321178120617,0.7785114045618248,0.7407407407407407,0.6891891891891891,0.4919540229885057,0.6909090909090909,0.6802325581395349,0.5686274509803921,0.4838709677419355,0.5419847328244275,0.6428571428571429,0.703125,0.6428571428571429,0.5929973479093682,0.7010078653835755,0.5929973479093682,0.0224719101123595,9.260116677470137e-05,0.0224719101123595,0.0,0.1,0.0,0.0769230769230769,0.1,0.0769230769230769,0.1,0.2,0.1292682926829267,0.0,0.0994371482176359,0.1292682926829267,0.1425925109160679,0.1920302301614563,0.2585365853658535,1.0,1.0,1.0,,1.0,1.0,,0.6363636363636364,0.5,,,1
8.328267732249984,1.6406554050514413,-1.6087309647116854,6.691410937563895,-0.3784436797433806,1.7758136180750737,-1.1297563001470496,-1.095033382216349,-0.2837232733919713,0.9567104584771076,Spyware-TIBS-3760770f4e0ecfe15d832609a805cbe1f8f32ca7e011fd5c6a0ad98750afe2e8-8.raw,0.5882352941176471,0.7142857142857143,0.1640581844964095,,0.4103721965761437,0.7048648648648649,0.4353002070393376,0.7754172989377845,0.5174418467994486,,0.6956521739130435,0.7893157262905162,0.7037037037037037,0.7046332046332047,0.5862068965517241,0.6727272727272727,0.8168604651162791,0.6862745098039216,0.543010752688172,0.6870229007633588,0.6428571428571429,0.6875,0.6428571428571429,0.5539455854666911,0.5963659428063648,0.5539455854666911,1.0,1.0,1.0,0.8,0.1,0.0,0.3076923076923077,0.1,0.3076923076923077,0.1,0.4,0.123255813953488,0.0,0.3792486583184254,0.123255813953488,0.4190251902939568,0.1745823779888634,0.5026903784769722,1.0,1.0,1.0,,1.0,1.0,,0.6363636363636364,0.5,,,1
9.362676333963517,1.3753839018663196,2.883721820597051,-1.6922531118682138,0.0239878691017342,-1.073718544454321,-1.406975915116243,-1.6716237057332577,0.020750001073114,-0.626002243056335,Spyware-TIBS-8217ae4fbd1555e6e06a5d3f18231377941f07d100b5ad62a8b31b9f1b64703e-4.raw,0.6764705882352942,0.7142857142857143,0.1840422267231324,,0.4111269040640998,0.9351351351351352,0.5785990338164252,0.9080858443529156,0.3698856170871571,,0.4488078541374474,0.9303721488595438,0.925925925925926,0.915057915057915,0.7264367816091954,0.9272727272727272,0.8604651162790697,0.9803921568627452,0.8279569892473119,0.916030534351145,0.7857142857142857,0.875,0.7857142857142857,0.5295739262450545,0.5730236544699318,0.5295739262450545,0.0224719101123595,9.260116677470137e-05,0.0224719101123595,0.0,0.3,0.0,0.2307692307692307,0.3,0.2307692307692307,0.3,0.3333333333333333,0.3312500000000001,0.0,0.2548076923076923,0.3312500000000001,0.2455922242314649,0.3509389671361501,0.3247549019607844,1.0,1.0,1.0,,1.0,1.0,,0.9090909090909092,0.0,,,1
5.001890089398864,1.005424991193052,1.0976503429408635,-1.6869405076298438,-0.0204157352421934,0.5012598022769174,1.586382868181309,0.2270304454854951,-0.343085919912085,-0.248316552974299,Spyware-TIBS-505c865b3cadf62b53d15f53d6d9a4293f7d7287fc88b54fa2b19974b3338a57-8.raw,0.4705882352941176,0.5,0.2369729331614803,,0.4235464764097638,0.6162162162162163,0.5441647597254003,0.6104487318447864,0.3831749848960089,,0.367461430575035,0.6116446578631453,0.6296296296296297,0.7915057915057915,0.4275862068965517,0.6,0.4651162790697674,0.5294117647058824,0.6612903225806451,0.5648854961832062,0.6428571428571429,0.671875,0.6428571428571429,0.6075079722219959,0.657425042205954,0.6075079722219959,0.0112359550561797,4.630058338735068e-05,0.0112359550561797,0.0,0.2,0.0,0.1538461538461538,0.2,0.1538461538461538,0.2,0.2,0.2650000000000001,0.0,0.2038461538461538,0.2650000000000001,0.2635623869801088,0.3295774647887326,0.2753921568627452,1.0,1.0,1.0,,1.0,1.0,,0.5454545454545454,1.0,,,1
4.827892347496626,-3.016289231579326,-1.3981016402850028,-2.4033461385705697,0.2899857982281741,0.5623323722843567,-0.3453222063663724,-0.8445399261848976,-0.0714833971228774,-0.3075233912387858,Spyware-TIBS-404929a7b78f384d1d1715f06d93c3cf0301d8027cb5e721ffff4d89e1b7da7c-8.raw,0.5294117647058824,0.5714285714285714,0.1717547412999448,,0.4076049357869712,0.6605405405405406,0.4870108695652175,0.6837199219596791,0.3661169903950946,,0.4081346423562412,0.7779111644657863,0.7407407407407407,0.694980694980695,0.4758620689655172,0.6909090909090909,0.6773255813953488,0.5686274509803921,0.4946236559139785,0.5343511450381679,0.6428571428571429,0.703125,0.6428571428571429,0.5929973479093682,0.7010078653835755,0.5929973479093682,0.0224719101123595,9.260116677470137e-05,0.0224719101123595,0.0,0.0,0.0,0.0,0.0,0.0,0.0,0.1333333333333333,0.0,0.0,0.0,0.0,0.0479204339963837,0.0732394366197184,0.1766666666666668,1.0,1.0,1.0,,1.0,1.0,,0.6363636363636364,0.5,,,1
2.5478793525075916,3.5113955041004794,-1.3065824117213651,-2.036046370691791,-0.040599140231726,-0.8225567304737502,1.2660937122150036,-0.6866210488920927,1.0521889660051331,0.214141586686118,Spyware-TIBS-505c865b3cadf62b53d15f53d6d9a4293f7d7287fc88b54fa2b19974b3338a57-2.raw,0.4411764705882353,0.5714285714285714,0.4147710590354672,,0.2736749529242705,0.5102702702702703,0.4430082256169212,0.4294385432473445,0.2228073213212601,,0.335203366058906,0.336734693877551,0.5555555555555556,0.4459459459459459,0.5862068965517241,0.5636363636363636,0.2209302325581395,0.3725490196078431,0.3010752688172043,0.3893129770992366,0.5714285714285714,0.609375,0.5714285714285714,0.6026326290889708,0.7080384873317623,0.6026326290889708,0.0112359550561797,4.630058338735068e-05,0.0112359550561797,0.0,0.2,0.0,0.1538461538461538,0.2,0.1538461538461538,0.2,0.2,0.2717948717948714,0.0,0.2090729783037472,0.2717948717948714,0.2801502295173182,0.3427230046948356,0.2931121166415285,0.0,0.6363636363636364,0.5,,0.6666666666666666,0.6666666666666666,,0.2727272727272727,1.0,,,1
6.895491736265774,-3.736339829733778,-0.9746621411484584,-2.6372942681081297,0.4152842591852103,-0.5808520637501593,-2.1368970999681913,-0.977188177552177,-0.0205016582368522,-0.8737288997593693,Spyware-TIBS-8217ae4fbd1555e6e06a5d3f18231377941f07d100b5ad62a8b31b9f1b64703e-8.raw,0.5882352941176471,0.6428571428571429,0.1829620082243908,,0.4604763881376753,0.8097297297297297,0.5809006211180126,0.826577064816822,0.4226912553795083,,0.4361851332398317,0.8493397358943577,0.8148148148148148,0.9768339768339768,0.6045977011494252,0.8363636363636363,0.7383720930232558,0.7843137254901961,0.9301075268817204,0.8015267175572519,0.7619047619047619,0.8125,0.7619047619047619,0.6232010369867346,0.6756476127949419,0.6232010369867346,0.0224719101123595,9.260116677470137e-05,0.0224719101123595,0.0,0.0,0.0,0.0,0.0,0.0,0.0,0.1333333333333333,0.0,0.0,0.0,0.0,0.0273831051407907,0.0610328638497652,0.1484593837535013,1.0,1.0,1.0,,1.0,1.0,,0.6363636363636364,0.0,,,1
3.357105011460312,1.1429492684724765,-6.942227077860574,2.4093419088883192,0.0289802698686807,0.9521265268692132,0.4730285122407035,0.7779789709720984,0.0307219044362083,-0.3380416356716169,Spyware-TIBS-4754c35288a9488036c211c68f36f86496240000164edd36f9eaaeed12e65dbf-4.raw,0.4411764705882353,0.4285714285714285,0.2124490537305857,,0.2079950039724133,0.4724324324324324,0.3833725029377203,0.369824409278127,0.2000880477947874,,0.6115007012622721,0.2388955582232893,0.5185185185185185,0.3455598455598455,0.3195402298850575,0.5454545454545454,0.311046511627907,0.3333333333333333,0.2204301075268817,0.4122137404580153,0.6666666666666666,0.65625,0.6666666666666666,0.8003576237222418,0.8892091004684611,0.8003576237222418,0.6853932584269663,0.856745994999537,0.6853932584269663,0.5364705882352941,0.0,0.0,0.0769230769230769,0.0,0.0769230769230769,0.0,0.1333333333333333,0.0,0.0,0.1101871101871101,0.0,0.1994526171741363,0.0940236010658544,0.2246952835188128,0.0,0.6363636363636364,0.5,,0.6666666666666666,0.6666666666666666,,0.3636363636363636,1.0,,,1
2.006472686063834,0.9984629409942066,-6.049933665085953,3.918214404275952,-0.1209014783366814,0.930373533004855,0.8058535180547656,-0.867653845479211,-0.1404610745511947,-0.9506531217156996,Spyware-TIBS-574cbd37cab3adfdd1b55051c52471c180bc4b5e69e7e018d8f7039b644ed0fd-4.raw,0.3823529411764705,0.4285714285714285,0.2434542441539309,,0.2848391844127749,0.4097297297297297,0.4088819875776399,0.3576848038153046,0.2875300396694393,,0.8597475455820477,0.2100840336134453,0.4444444444444444,0.2393822393822393,0.2505747126436781,0.4727272727272727,0.2703488372093023,0.2745098039215686,0.1559139784946236,0.366412213740458,0.5,0.515625,0.5,0.5922205809385792,0.6771422135260717,0.5922205809385792,0.6629213483146067,0.8591999259190666,0.6629213483146067,0.6588235294117647,0.0,0.0,0.0769230769230769,0.0,0.0769230769230769,0.0,0.1333333333333333,0.0,0.0,0.1164835164835162,0.0,0.2327563936967193,0.1098591549295773,0.2612885154061625,0.0,0.6363636363636364,0.5,,0.6666666666666666,0.6666666666666666,,0.2727272727272727,1.0,,,1
-0.4324017081611306,0.2613666096347294,-4.208289027889136,-2.7051937863480107,0.1121531293395097,0.4625126611682656,0.6865054417661054,0.2545061950580483,-0.0962253997169167,-0.1086079248418618,Spyware-TIBS-5555ad162e1d6f2cce4027b9c8f6d68e141d13498aa7ed59965dceb22f9bf1b9-6.raw,0.2941176470588235,0.3571428571428571,0.3043178051924139,,0.2929208437629715,0.3437837837837837,0.5043478260869566,0.2406243225666594,0.2434010837348108,,0.2889200561009817,0.2394957983193277,0.3703703703703703,0.2142857142857142,0.2275862068965517,0.3818181818181818,0.1511627906976744,0.1568627450980392,0.1021505376344086,0.183206106870229,0.5238095238095238,0.5,0.5238095238095238,0.7101477288658707,0.7676278728711555,0.7101477288658707,0.0112359550561797,4.630058338735068e-05,0.0112359550561797,0.0,0.0,0.0,0.0,0.0,0.0,0.0,0.0666666666666666,0.0,0.0,0.0,0.0,0.1557414104882463,0.1373239436619719,0.2013480392156864,0.0,0.6363636363636364,0.5,,0.6666666666666666,0.6666666666666666,,0.2727272727272727,1.0,,,1
7.510725629767426,2.101301795907863,3.0188167831470056,-1.2171135951217618,-0.0779947509922949,-0.5102161125963832,-0.0919922759553649,-0.4331859065695708,0.0586847102530023,0.0501498178661644,Spyware-TIBS-7469e64fea64885609ff5e5a6256e808fdd81e6f797d5706b1cf4a96c96d0c1b-3.raw,0.5588235294117647,0.5714285714285714,0.2508049993039056,,0.4672206915022693,0.7751351351351351,0.5919936373276777,0.7879904617385649,0.429907890987566,,0.4067321178120617,0.8637454981992797,0.7777777777777778,0.6447876447876448,0.6919540229885057,0.7818181818181819,0.7994186046511628,0.8235294117647058,0.5967741935483871,0.8091603053435115,0.7142857142857143,0.765625,0.7142857142857143,0.565019832698423,0.5955114549463706,0.565019832698423,0.0224719101123595,9.260116677470137e-05,0.0224719101123595,0.0,0.3,0.0,0.2307692307692307,0.3,0.2307692307692307,0.3,0.3333333333333333,0.361363636363636,0.0,0.2779720279720276,0.361363636363636,0.3027700147953316,0.3994878361075544,0.3920677361853832,1.0,1.0,1.0,,1.0,1.0,,0.9090909090909092,0.5,,,1
3.162283560061785,-3.26241967147397,-0.8339948594960508,-1.7131031339042304,0.2488792731294783,0.2456369166313244,1.1826939444713251,0.2445559052959505,0.2424327055624011,0.0134258056586922,Spyware-TIBS-327c5b55bece5d32b51b019eae79acd917c944de61153db2fea6a3f59b070a97-7.raw,0.4117647058823529,0.4285714285714285,0.3346426890893839,,0.5434942118128496,0.5610810810810811,0.5901570048309182,0.6277910253631043,0.5115231702638381,,0.3702664796633941,0.7382953181272509,0.5925925925925926,0.6158301158301158,0.496551724137931,0.5272727272727272,0.5203488372093024,0.5294117647058824,0.4193548387096774,0.4809160305343511,0.5952380952380952,0.609375,0.5952380952380952,0.5888255479689773,0.6142373817136465,0.5888255479689773,0.0224719101123595,9.260116677470137e-05,0.0224719101123595,0.0,0.0,0.0,0.0,0.0,0.0,0.0,0.0666666666666666,0.0,0.0,0.0,0.0,0.0958408679927671,0.1017214397496085,0.1327886710239653,1.0,1.0,1.0,,1.0,1.0,,0.7272727272727273,1.0,,,1
7.052095376847591,0.4012464038017227,1.4381934643267948,-1.8003075308894003,0.056329930474674,-0.2480268607647793,-0.2577600115653472,-0.3476264862639012,-0.4933765913494296,-0.2852867340745773,Spyware-TIBS-35687c2a333d215c400adb744ca367dae9ce2b5fcc705ac639b11bc319d50475-8.raw,0.5588235294117647,0.6428571428571429,0.181644668591779,,0.4661469206860721,0.7578378378378379,0.5673913043478261,0.78690656839367,0.4287589194351085,,0.4179523141654979,0.8259303721488596,0.7777777777777778,0.9575289575289576,0.5494252873563218,0.7272727272727273,0.7267441860465116,0.7254901960784313,0.8548387096774194,0.6335877862595419,0.7142857142857143,0.765625,0.7142857142857143,0.6058950148020574,0.6682345696809208,0.6058950148020574,0.0224719101123595,9.260116677470137e-05,0.0224719101123595,0.0,0.2,0.0,0.1538461538461538,0.2,0.1538461538461538,0.2,0.2666666666666666,0.2465116279069766,0.0,0.1896243291592127,0.2465116279069766,0.2184280247277011,0.2938093678349162,0.3190150478796167,1.0,1.0,1.0,,1.0,1.0,,0.6363636363636364,0.5,,,1
