Filename,pslist.nproc,pslist.nppid,pslist.avg_threads,pslist.nprocs64bit,pslist.avg_handlers,dlllist.ndlls,dlllist.avg_dlls_per_proc,handles.nhandles,handles.avg_handles_per_proc,handles.nport,handles.nfile,handles.nevent,handles.ndesktop,handles.nkey,handles.nthread,handles.ndirectory,handles.nsemaphore,handles.ntimer,handles.nsection,handles.nmutant,ldrmodules.not_in_load,ldrmodules.not_in_init,ldrmodules.not_in_mem,ldrmodules.not_in_load_avg,ldrmodules.not_in_init_avg,ldrmodules.not_in_mem_avg,malfind.ninjections,malfind.commitCharge,malfind.protection,malfind.uniqueInjections,psxview.not_in_pslist,psxview.not_in_eprocess_pool,psxview.not_in_ethread_pool,psxview.not_in_pspcid_list,psxview.not_in_csrss_handles,psxview.not_in_session,psxview.not_in_deskthrd,psxview.not_in_pslist_false_avg,psxview.not_in_eprocess_pool_false_avg,psxview.not_in_ethread_pool_false_avg,psxview.not_in_pspcid_list_false_avg,psxview.not_in_csrss_handles_false_avg,psxview.not_in_session_false_avg,psxview.not_in_deskthrd_false_avg,modules.nmodules,svcscan.nservices,svcscan.kernel_drivers,svcscan.fs_drivers,svcscan.process_services,svcscan.shared_process_services,svcscan.interactive_process_services,svcscan.nactive,callbacks.ncallbacks,callbacks.nanonymous,callbacks.ngeneric
Spyware-TIBS-3b63fad1545031b6e3e133a2f900fb18873bbee514e0b3ce8417d33afe1bce31-6.raw,0.0,0.0,0.6648867611857852,,0.688241771687263,0.04432432432432432,0.7995059288537549,0.04205506178192066,0.6664080172671623,,0.16830294530154277,0.07382953181272509,0.0,0.03861003861003861,0.07126436781609195,0.01818181818181818,0.020348837209302327,0.0196078431372549,0.021505376344086023,0.061068702290076333,0.23809523809523808,0.15625,0.23809523809523808,0.523978816875774,0.4344045308964054,0.523978816875774,0.0,0.0,0.0,0.0,0.0,0.0,0.0,0.0,0.0,0.0,0.06666666666666667,0.0,0.0,0.0,0.0,0.4007890843333884,0.2829705505761845,0.4818181818181817,0.0,0.6363636363636364,0.5,,0.6666666666666666,0.6666666666666666,,0.18181818181818182,1.0,,
Spyware-TIBS-0cfbc1046bbbe2d1603df1fedde6652a4542e1ec4f2c0df4ab1d426ff60ba715-3.raw,0.0,0.0,0.9484441171055056,,0.7278639148049596,0.04108108108108108,0.7909090909090911,0.06351615001083893,0.708805067552865,,0.16269284712482468,0.06722689075630252,0.0,0.032818532818532815,0.3448275862068966,0.01818181818181818,0.020348837209302327,0.0196078431372549,0.010752688172043012,0.061068702290076333,0.21428571428571427,0.140625,0.21428571428571427,0.4724320173716093,0.3901419099051962,0.4724320173716093,0.0,0.0,0.0,0.0,0.0,0.0,0.0,0.0,0.0,0.0,0.06666666666666667,0.0,0.0,0.0,0.0,0.4007890843333884,0.2829705505761845,0.4818181818181817,0.0,0.6363636363636364,0.5,,0.6666666666666666,0.6666666666666666,,0.18181818181818182,1.0,,
Spyware-TIBS-3b63fad1545031b6e3e133a2f900fb18873bbee514e0b3ce8417d33afe1bce31-9.raw,0.14705882352941177,0.07142857142857142,0.6234511071557657,,0.9525969158552396,0.33945945945945943,0.938647342995169,0.472794277043139,0.9492770763001668,,0.26227208976157085,0.6122448979591837,0.25925925925925924,0.4247104247104247,0.40229885057471265,0.2,0.4331395348837209,0.45098039215686275,0.34946236559139787,0.4122137404580153,0.3333333333333333,0.296875,0.3333333333333333,0.3688370824387161,0.2427740071603362,0.3688370824387161,0.011235955056179775,4.630058338735068e-05,0.011235955056179775,0.0,0.0,0.0,0.0,0.0,0.0,0.0,0.06666666666666667,0.0,0.0,0.0,0.0,0.2555756479807115,0.1966614501825767,0.3156136528685546,1.0,1.0,1.0,,1.0,1.0,,0.7272727272727273,1.0,,
Spyware-TIBS-03d5ee287fdddbfbc90cd0547b7dd0dffe3f47af2095015eca70cafb4d1ae254-4.raw,0.0,0.0,0.6803535260541336,,0.6606263386052318,0.04108108108108108,0.7909090909090911,0.02709733362237156,0.636858557977127,,0.16269284712482468,0.028811524609843937,0.0,0.032818532818532815,0.09425287356321839,0.01818181818181818,0.020348837209302327,0.0196078431372549,0.010752688172043012,0.061068702290076333,0.21428571428571427,0.140625,0.21428571428571427,0.4724320173716093,0.3901419099051962,0.4724320173716093,0.0,0.0,0.0,0.0,0.0,0.0,0.0,0.0,0.0,0.0,0.06666666666666667,0.0,0.0,0.0,0.0,0.4007890843333884,0.2829705505761845,0.4818181818181817,0.0,0.6363636363636364,0.5,,0.6666666666666666,0.6666666666666666,,0.18181818181818182,1.0,,
Spyware-TIBS-3fa74a3335d8bb79d987b491455387ad398bccb2332470a47679b5e78c2183d8-5.raw,0.0,0.0,0.6287976431596394,,0.6354122475303341,0.04108108108108108,0.7909090909090911,0.013440277476696292,0.6098786168862255,,0.16269284712482468,0.017406962785114045,0.0,0.032818532818532815,0.016091954022988506,0.01818181818181818,0.020348837209302327,0.0196078431372549,0.010752688172043012,0.061068702290076333,0.21428571428571427,0.140625,0.21428571428571427,0.4724320173716093,0.3901419099051962,0.4724320173716093,0.0,0.0,0.0,0.0,0.0,0.0,0.0,0.0,0.0,0.0,0.06666666666666667,0.0,0.0,0.0,0.0,0.4007890843333884,0.2829705505761845,0.4818181818181817,0.0,0.6363636363636364,0.5,,0.6666666666666666,0.6666666666666666,,0.18181818181818182,1.0,,
Spyware-TIBS-0cfbc1046bbbe2d1603df1fedde6652a4542e1ec4f2c0df4ab1d426ff60ba715-5.raw,0.0,0.0,0.6184864665807401,,0.6318102345196345,0.04108108108108108,0.7909090909090911,0.011489269455885541,0.6060243395875252,,0.16269284712482468,0.015006002400960384,0.0,0.032818532818532815,0.0022988505747126436,0.01818181818181818,0.020348837209302327,0.0196078431372549,0.010752688172043012,0.061068702290076333,0.21428571428571427,0.140625,0.21428571428571427,0.4724320173716093,0.3901419099051962,0.4724320173716093,0.0,0.0,0.0,0.0,0.0,0.0,0.0,0.0,0.0,0.0,0.06666666666666667,0.0,0.0,0.0,0.0,0.4007890843333884,0.2829705505761845,0.4818181818181817,0.0,0.6363636363636364,0.5,,0.6666666666666666,0.6666666666666666,,0.18181818181818182,1.0,,
Spyware-TIBS-3fa74a3335d8bb79d987b491455387ad398bccb2332470a47679b5e78c2183d8-9.raw,0.14705882352941177,0.07142857142857142,0.6234511071557657,,0.9522708076814312,0.34486486486486484,0.9503220611916272,0.47257749837415997,0.9489281293842348,,0.26227208976157085,0.6122448979591837,0.25925925925925924,0.4247104247104247,0.39770114942528734,0.2,0.4331395348837209,0.45098039215686275,0.34946236559139787,0.42748091603053434,0.3333333333333333,0.296875,0.3333333333333333,0.3634562067807559,0.23321546015681177,0.3634562067807559,0.011235955056179775,4.630058338735068e-05,0.011235955056179775,0.0,0.0,0.0,0.0,0.0,0.0,0.0,0.06666666666666667,0.0,0.0,0.0,0.0,0.2555756479807115,0.1966614501825767,0.3156136528685546,1.0,1.0,1.0,,1.0,1.0,,0.7272727272727273,1.0,,
Spyware-TIBS-3a9761469b4af524762205221f937a180f559960410e9f87fbfe6f68d9eb2adf-5.raw,0.0,0.0,0.6133308782912907,,0.6310097871839234,0.04108108108108108,0.7909090909090911,0.011055712117927595,0.6051678335211473,,0.16269284712482468,0.015006002400960384,0.0,0.032818532818532815,0.0022988505747126436,0.01818181818181818,0.020348837209302327,0.0196078431372549,0.010752688172043012,0.061068702290076333,0.21428571428571427,0.140625,0.21428571428571427,0.4724320173716093,0.3901419099051962,0.4724320173716093,0.0,0.0,0.0,0.0,0.0,0.0,0.0,0.0,0.0,0.0,0.06666666666666667,0.0,0.0,0.0,0.0,0.4007890843333884,0.2829705505761845,0.4818181818181817,0.0,0.6363636363636364,0.5,,0.6666666666666666,0.6666666666666666,,0.18181818181818182,1.0,,
Spyware-TIBS-1f1f72fe1f6c70cc59e2a4c2b95df0da7c4eb26381c2eed8445227f40db3f7a1-9.raw,0.17647058823529413,0.14285714285714285,0.6461056895599337,,0.9682268147570469,0.4097297297297297,0.9839285714285714,0.5410795577715153,0.9660016034851792,,0.2650771388499299,0.6698679471788715,0.2962962962962963,0.44594594594594594,0.5149425287356322,0.23636363636363636,0.6918604651162791,0.5098039215686274,0.3709677419354839,0.45038167938931295,0.38095238095238093,0.34375,0.38095238095238093,0.38496632578709516,0.24183094103586644,0.38496632578709516,0.011235955056179775,4.630058338735068e-05,0.011235955056179775,0.0,0.0,0.0,0.0,0.0,0.0,0.0,0.06666666666666667,0.0,0.0,0.0,0.0,0.2327563936967193,0.18309859154929575,0.28949579831932754,1.0,1.0,1.0,,1.0,1.0,,0.8181818181818182,1.0,,
Spyware-TIBS-03d5ee287fdddbfbc90cd0547b7dd0dffe3f47af2095015eca70cafb4d1ae254-1.raw,0.0,0.0,0.9535997053949548,,0.757480466226268,0.03891891891891892,0.7851778656126482,0.0795577715152829,0.7404957920088445,,0.17391304347826086,0.061224489795918366,0.0,0.017374517374517374,0.31494252873563217,0.01818181818181818,0.020348837209302327,0.0196078431372549,0.010752688172043012,0.061068702290076333,0.19047619047619047,0.125,0.19047619047619047,0.4189987635880066,0.34291252176356324,0.4189987635880066,0.0,0.0,0.0,0.0,0.1,0.0,0.07692307692307693,0.1,0.07692307692307693,0.1,0.06666666666666667,0.23043478260869565,0.0,0.177257525083612,0.23043478260869565,0.554210236653825,0.4856093080220452,0.4427962489343561,0.0,0.6363636363636364,0.5,,0.6666666666666666,0.6666666666666666,,0.18181818181818182,1.0,,
Spyware-TIBS-3a9761469b4af524762205221f937a180f559960410e9f87fbfe6f68d9eb2adf-10.raw,0.17647058823529413,0.14285714285714285,0.5367335665623273,,0.9304914403592406,0.41405405405405404,0.9929347826086958,0.5150661174940386,0.9256234603559387,,0.26367461430575034,0.6410564225690276,0.2962962962962963,0.44594594594594594,0.39080459770114945,0.23636363636363636,0.6918604651162791,0.5098039215686274,0.3709677419354839,0.46564885496183206,0.38095238095238093,0.34375,0.38095238095238093,0.3808289981733425,0.23457165186771323,0.3808289981733425,0.011235955056179775,4.630058338735068e-05,0.011235955056179775,0.0,0.0,0.0,0.0,0.0,0.0,0.0,0.13333333333333333,0.0,0.0,0.0,0.0,0.2327563936967193,0.18309859154929575,0.4305322128851538,1.0,1.0,1.0,,1.0,1.0,,0.7272727272727273,1.0,,
Spyware-TIBS-4f4091323fa48a901e1e188199a12a30ff363129ad53d4a08d68528c666b1e68-10.raw,0.17647058823529413,0.14285714285714285,0.5610384827840177,,0.9374095923321717,0.40864864864864864,0.9816770186335404,0.519835248211576,0.9330261199296327,,0.26367461430575034,0.6476590636254502,0.2962962962962963,0.44594594594594594,0.42528735632183906,0.23636363636363636,0.6918604651162791,0.5098039215686274,0.3709677419354839,0.45038167938931295,0.38095238095238093,0.34375,0.38095238095238093,0.38600461458381397,0.243652706029865,0.38600461458381397,0.011235955056179775,4.630058338735068e-05,0.011235955056179775,0.0,0.0,0.0,0.0,0.0,0.0,0.0,0.06666666666666667,0.0,0.0,0.0,0.0,0.2327563936967193,0.18309859154929575,0.28949579831932754,1.0,1.0,1.0,,1.0,1.0,,0.7272727272727273,1.0,,
Spyware-TIBS-1f1f72fe1f6c70cc59e2a4c2b95df0da7c4eb26381c2eed8445227f40db3f7a1-6.raw,0.0,0.0,0.6700423494752348,,0.6834390876729965,0.04432432432432432,0.7995059288537549,0.03945371775417299,0.6612689808688952,,0.16830294530154277,0.0702280912364946,0.0,0.03861003861003861,0.059770114942528735,0.01818181818181818,0.020348837209302327,0.0196078431372549,0.021505376344086023,0.061068702290076333,0.23809523809523808,0.15625,0.23809523809523808,0.523978816875774,0.4344045308964054,0.523978816875774,0.0,0.0,0.0,0.0,0.0,0.0,0.0,0.0,0.0,0.0,0.06666666666666667,0.0,0.0,0.0,0.0,0.4007890843333884,0.2829705505761845,0.4818181818181817,0.0,0.6363636363636364,0.5,,0.6666666666666666,0.6666666666666666,,0.18181818181818182,1.0,,
Spyware-TIBS-5d380e4063a71521883a8c322328dbdaf828d587613fcb87fff06f1250696a27-3.raw,0.0,0.0,0.9690664702633032,,0.7454737561906025,0.04108108108108108,0.7909090909090911,0.07305441144591372,0.7276482010131773,,0.16690042075736325,0.06962785114045618,0.0,0.032818532818532815,0.3471264367816092,0.01818181818181818,0.020348837209302327,0.0196078431372549,0.010752688172043012,0.061068702290076333,0.21428571428571427,0.140625,0.21428571428571427,0.4724320173716093,0.3901419099051962,0.4724320173716093,0.0,0.0,0.0,0.0,0.0,0.0,0.0,0.0,0.0,0.0,0.06666666666666667,0.0,0.0,0.0,0.0,0.4007890843333884,0.2829705505761845,0.4818181818181817,0.0,0.6363636363636364,0.5,,0.6666666666666666,0.6666666666666666,,0.18181818181818182,1.0,,
Spyware-TIBS-0cfbc1046bbbe2d1603df1fedde6652a4542e1ec4f2c0df4ab1d426ff60ba715-8.raw,0.14705882352941177,0.07142857142857142,0.6570579048943991,,0.9653151346337597,0.33945945945945943,0.938647342995169,0.4812486451333189,0.9628860060215035,,0.26227208976157085,0.617046818727491,0.25925925925925924,0.4247104247104247,0.43908045977011495,0.2,0.4331395348837209,0.45098039215686275,0.34946236559139787,0.4122137404580153,0.3333333333333333,0.296875,0.3333333333333333,0.3688370824387161,0.2427740071603362,0.3688370824387161,0.011235955056179775,4.630058338735068e-05,0.011235955056179775,0.0,0.0,0.0,0.0,0.0,0.0,0.0,0.06666666666666667,0.0,0.0,0.0,0.0,0.2555756479807115,0.1966614501825767,0.3156136528685546,1.0,1.0,1.0,,1.0,1.0,,0.7272727272727273,1.0,,
Spyware-TIBS-4e65b0d172187e6938edfb8f499cde610cc5a34985b4ba9b309e5c7069e7b8bd-3.raw,0.0,0.0,0.9535997053949548,,0.739070177504914,0.04108108108108108,0.7909090909090911,0.06958595274225016,0.7207961524821543,,0.16690042075736325,0.06962785114045618,0.0,0.032818532818532815,0.33793103448275863,0.01818181818181818,0.020348837209302327,0.0196078431372549,0.010752688172043012,0.061068702290076333,0.21428571428571427,0.140625,0.21428571428571427,0.4724320173716093,0.3901419099051962,0.4724320173716093,0.0,0.0,0.0,0.0,0.0,0.0,0.0,0.0,0.0,0.0,0.06666666666666667,0.0,0.0,0.0,0.0,0.4007890843333884,0.2829705505761845,0.4818181818181817,0.0,0.6363636363636364,0.5,,0.6666666666666666,0.6666666666666666,,0.18181818181818182,1.0,,
Spyware-TIBS-1efdeb94cc56a153cab3066f602f5eb47a42fdf70441069ac36bc090e294ba26-9.raw,0.17647058823529413,0.14285714285714285,0.6339532314490886,,0.95659174098439,0.40864864864864864,0.9816770186335404,0.5330587470192933,0.9535516760203302,,0.26367461430575034,0.6596638655462185,0.2962962962962963,0.44594594594594594,0.5126436781609195,0.23636363636363636,0.6918604651162791,0.5098039215686274,0.3709677419354839,0.45038167938931295,0.38095238095238093,0.34375,0.38095238095238093,0.38600461458381397,0.243652706029865,0.38600461458381397,0.011235955056179775,4.630058338735068e-05,0.011235955056179775,0.0,0.0,0.0,0.0,0.0,0.0,0.0,0.06666666666666667,0.0,0.0,0.0,0.0,0.2327563936967193,0.18309859154929575,0.28949579831932754,1.0,1.0,1.0,,1.0,1.0,,0.7272727272727273,1.0,,
Spyware-TIBS-4e65b0d172187e6938edfb8f499cde610cc5a34985b4ba9b309e5c7069e7b8bd-4.raw,0.0,0.0,0.6906647026330326,,0.6658292462873536,0.04108108108108108,0.7909090909090911,0.0299154563190982,0.6424258474085829,,0.16269284712482468,0.033013205282112844,0.0,0.032818532818532815,0.10574712643678161,0.01818181818181818,0.020348837209302327,0.0196078431372549,0.010752688172043012,0.061068702290076333,0.21428571428571427,0.140625,0.21428571428571427,0.4724320173716093,0.3901419099051962,0.4724320173716093,0.0,0.0,0.0,0.0,0.0,0.0,0.0,0.0,0.0,0.0,0.06666666666666667,0.0,0.0,0.0,0.0,0.4007890843333884,0.2829705505761845,0.4818181818181817,0.0,0.6363636363636364,0.5,,0.6666666666666666,0.6666666666666666,,0.18181818181818182,1.0,,
Spyware-TIBS-3ba4be964cd4c7a5ef3da7abfed484aacf492d7eb879c54e79db734db7a1f3cf-5.raw,0.0,0.0,0.6184864665807401,,0.634611800194623,0.04108108108108108,0.7909090909090911,0.013006720138738348,0.6090221108198476,,0.16269284712482468,0.01680672268907563,0.0,0.032818532818532815,0.006896551724137931,0.01818181818181818,0.020348837209302327,0.0196078431372549,0.010752688172043012,0.061068702290076333,0.21428571428571427,0.140625,0.21428571428571427,0.4724320173716093,0.3901419099051962,0.4724320173716093,0.0,0.0,0.0,0.0,0.0,0.0,0.0,0.0,0.0,0.0,0.06666666666666667,0.0,0.0,0.0,0.0,0.4007890843333884,0.2829705505761845,0.4818181818181817,0.0,0.6363636363636364,0.5,,0.6666666666666666,0.6666666666666666,,0.18181818181818182,1.0,,
Spyware-TIBS-0f624c1b97ad1d04f9173ecb49bb1ac94277c66c6879746033efa0d49952742a-2.raw,0.0,0.0,0.9742220585527528,,0.7782920969547552,0.04108108108108108,0.7909090909090911,0.09083026230218946,0.7627649497346682,,0.1767180925666199,0.08343337334933974,0.0,0.032818532818532815,0.34942528735632183,0.01818181818181818,0.020348837209302327,0.0196078431372549,0.010752688172043012,0.061068702290076333,0.21428571428571427,0.140625,0.21428571428571427,0.4724320173716093,0.3901419099051962,0.4724320173716093,0.0,0.0,0.0,0.0,0.0,0.0,0.0,0.0,0.0,0.0,0.06666666666666667,0.0,0.0,0.0,0.0,0.4007890843333884,0.2829705505761845,0.4818181818181817,0.0,0.6363636363636364,0.5,,0.6666666666666666,0.6666666666666666,,0.18181818181818182,1.0,,
Spyware-TIBS-3b63fad1545031b6e3e133a2f900fb18873bbee514e0b3ce8417d33afe1bce31-10.raw,0.17647058823529413,0.14285714285714285,0.61369913459768,,0.9521892806379794,0.40864864864864864,0.9816770186335404,0.5300238456535877,0.9488408926552521,,0.26367461430575034,0.6584633853541416,0.2962962962962963,0.44594594594594594,0.4850574712643678,0.23636363636363636,0.6918604651162791,0.5098039215686274,0.3709677419354839,0.45038167938931295,0.38095238095238093,0.34375,0.38095238095238093,0.38600461458381397,0.243652706029865,0.38600461458381397,0.011235955056179775,4.630058338735068e-05,0.011235955056179775,0.0,0.0,0.0,0.0,0.0,0.0,0.0,0.06666666666666667,0.0,0.0,0.0,0.0,0.2327563936967193,0.18309859154929575,0.28949579831932754,1.0,1.0,1.0,,1.0,1.0,,0.7272727272727273,1.0,,
Spyware-TIBS-0f624c1b97ad1d04f9173ecb49bb1ac94277c66c6879746033efa0d49952742a-10.raw,0.17647058823529413,0.14285714285714285,0.5772417602651445,,0.9487302046515136,0.4172972972972973,0.9996894409937888,0.527639280294819,0.9451395628684048,,0.26367461430575034,0.6602641056422569,0.2962962962962963,0.44594594594594594,0.4459770114942529,0.23636363636363636,0.6918604651162791,0.5098039215686274,0.3709677419354839,0.48091603053435117,0.38095238095238093,0.34375,0.38095238095238093,0.3777425203109119,0.22915616694455151,0.3777425203109119,0.011235955056179775,4.630058338735068e-05,0.011235955056179775,0.0,0.0,0.0,0.0,0.0,0.0,0.0,0.06666666666666667,0.0,0.0,0.0,0.0,0.2327563936967193,0.18309859154929575,0.28949579831932754,1.0,1.0,1.0,,1.0,1.0,,0.7272727272727273,1.0,,
Spyware-TIBS-03d5ee287fdddbfbc90cd0547b7dd0dffe3f47af2095015eca70cafb4d1ae254-8.raw,0.14705882352941177,0.07142857142857142,0.6612587546117282,,0.9695545408932662,0.34054054054054056,0.9409822866344602,0.48406676783004554,0.9674223159286156,,0.26227208976157085,0.6224489795918368,0.25925925925925924,0.4247104247104247,0.4459770114942529,0.2,0.4331395348837209,0.45098039215686275,0.34946236559139787,0.4122137404580153,0.3333333333333333,0.296875,0.3333333333333333,0.36775744136466787,0.24085614088555193,0.36775744136466787,0.011235955056179775,4.630058338735068e-05,0.011235955056179775,0.0,0.0,0.0,0.0,0.0,0.0,0.0,0.06666666666666667,0.0,0.0,0.0,0.0,0.2555756479807115,0.1966614501825767,0.3156136528685546,1.0,1.0,1.0,,1.0,1.0,,0.8181818181818182,1.0,,
Spyware-TIBS-0f624c1b97ad1d04f9173ecb49bb1ac94277c66c6879746033efa0d49952742a-8.raw,0.14705882352941177,0.07142857142857142,0.6570579048943991,,0.9718372981099235,0.3481081081081081,0.9573268921095008,0.48558421851289835,0.9698649443401374,,0.26227208976157085,0.6308523409363745,0.25925925925925924,0.4247104247104247,0.4459770114942529,0.2,0.4331395348837209,0.45098039215686275,0.34946236559139787,0.44274809160305345,0.3333333333333333,0.296875,0.3333333333333333,0.3602483604917942,0.22751706616255335,0.3602483604917942,0.011235955056179775,4.630058338735068e-05,0.011235955056179775,0.0,0.0,0.0,0.0,0.0,0.0,0.0,0.06666666666666667,0.0,0.0,0.0,0.0,0.2555756479807115,0.1966614501825767,0.3156136528685546,1.0,1.0,1.0,,1.0,1.0,,0.7272727272727273,1.0,,
Spyware-TIBS-3b63fad1545031b6e3e133a2f900fb18873bbee514e0b3ce8417d33afe1bce31-4.raw,0.0,0.0,0.6700423494752348,,0.6602261149373764,0.04108108108108108,0.7909090909090911,0.026880554953392585,0.6364303049439382,,0.16269284712482468,0.03181272509003601,0.0,0.032818532818532815,0.07586206896551724,0.01818181818181818,0.020348837209302327,0.0196078431372549,0.010752688172043012,0.061068702290076333,0.21428571428571427,0.140625,0.21428571428571427,0.4724320173716093,0.3901419099051962,0.4724320173716093,0.0,0.0,0.0,0.0,0.0,0.0,0.0,0.0,0.0,0.0,0.06666666666666667,0.0,0.0,0.0,0.0,0.4007890843333884,0.2829705505761845,0.4818181818181817,0.0,0.6363636363636364,0.5,,0.6666666666666666,0.6666666666666666,,0.18181818181818182,1.0,,
Spyware-TIBS-3ba4be964cd4c7a5ef3da7abfed484aacf492d7eb879c54e79db734db7a1f3cf-6.raw,0.0,0.0,0.6648867611857852,,0.6870411006836963,0.04432432432432432,0.7995059288537549,0.04140472577498374,0.6651232581675954,,0.16830294530154277,0.07082833133253301,0.0,0.03861003861003861,0.06896551724137931,0.01818181818181818,0.020348837209302327,0.0196078431372549,0.021505376344086023,0.061068702290076333,0.23809523809523808,0.15625,0.23809523809523808,0.523978816875774,0.4344045308964054,0.523978816875774,0.0,0.0,0.0,0.0,0.0,0.0,0.0,0.0,0.0,0.0,0.06666666666666667,0.0,0.0,0.0,0.0,0.4007890843333884,0.2829705505761845,0.4818181818181817,0.0,0.6363636363636364,0.5,,0.6666666666666666,0.6666666666666666,,0.18181818181818182,1.0,,
Spyware-TIBS-0cfbc1046bbbe2d1603df1fedde6652a4542e1ec4f2c0df4ab1d426ff60ba715-10.raw,0.17647058823529413,0.14285714285714285,0.5731909408948628,,0.9430698984918429,0.40864864864864864,0.9816770186335404,0.5237372642531974,0.939082841399019,,0.26367461430575034,0.6518607442977191,0.2962962962962963,0.44594594594594594,0.4413793103448276,0.23636363636363636,0.6918604651162791,0.5098039215686274,0.3709677419354839,0.45038167938931295,0.38095238095238093,0.34375,0.38095238095238093,0.38600461458381397,0.243652706029865,0.38600461458381397,0.011235955056179775,4.630058338735068e-05,0.011235955056179775,0.0,0.0,0.0,0.0,0.0,0.0,0.0,0.06666666666666667,0.0,0.0,0.0,0.0,0.2327563936967193,0.18309859154929575,0.28949579831932754,1.0,1.0,1.0,,1.0,1.0,,0.7272727272727273,1.0,,
Spyware-TIBS-4b3f335e9a8b663f8c39314ce147f474d53abdbd1fccdd262097b640b4a11342-6.raw,0.0,0.0,0.6545755846068864,,0.6842395350087076,0.04432432432432432,0.7995059288537549,0.039887275092130935,0.6621254869352731,,0.16830294530154277,0.06962785114045618,0.0,0.03861003861003861,0.059770114942528735,0.01818181818181818,0.020348837209302327,0.0196078431372549,0.021505376344086023,0.061068702290076333,0.23809523809523808,0.15625,0.23809523809523808,0.523978816875774,0.4344045308964054,0.523978816875774,0.0,0.0,0.0,0.0,0.0,0.0,0.0,0.0,0.0,0.0,0.06666666666666667,0.0,0.0,0.0,0.0,0.4007890843333884,0.2829705505761845,0.4818181818181817,0.0,0.6363636363636364,0.5,,0.6666666666666666,0.6666666666666666,,0.18181818181818182,1.0,,
Spyware-TIBS-0cfbc1046bbbe2d1603df1fedde6652a4542e1ec4f2c0df4ab1d426ff60ba715-1.raw,0.0,0.0,0.9535997053949548,,0.7630835975762454,0.03891891891891892,0.7851778656126482,0.08259267288098851,0.7464913344734895,,0.17391304347826086,0.06542617046818727,0.0,0.017374517374517374,0.32413793103448274,0.01818181818181818,0.020348837209302327,0.0196078431372549,0.010752688172043012,0.061068702290076333,0.19047619047619047,0.125,0.19047619047619047,0.4189987635880066,0.34291252176356324,0.4189987635880066,0.0,0.0,0.0,0.0,0.0,0.0,0.0,0.0,0.0,0.0,0.0,0.0,0.0,0.0,0.0,0.4007890843333884,0.2829705505761845,0.3023172905525847,0.0,0.6363636363636364,0.5,,0.6666666666666666,0.6666666666666666,,0.18181818181818182,1.0,,
Spyware-TIBS-1f1f72fe1f6c70cc59e2a4c2b95df0da7c4eb26381c2eed8445227f40db3f7a1-3.raw,0.0,0.0,0.9793776468422024,,0.7482753218655911,0.04108108108108108,0.7909090909090911,0.07457186212876653,0.7306459722454997,,0.16690042075736325,0.07683073229291716,0.0,0.032818532818532815,0.3632183908045977,0.01818181818181818,0.020348837209302327,0.0196078431372549,0.010752688172043012,0.061068702290076333,0.21428571428571427,0.140625,0.21428571428571427,0.4724320173716093,0.3901419099051962,0.4724320173716093,0.0,0.0,0.0,0.0,0.0,0.0,0.0,0.0,0.0,0.0,0.06666666666666667,0.0,0.0,0.0,0.0,0.4007890843333884,0.2829705505761845,0.4818181818181817,0.0,0.6363636363636364,0.5,,0.6666666666666666,0.6666666666666666,,0.18181818181818182,1.0,,
Spyware-TIBS-3a9761469b4af524762205221f937a180f559960410e9f87fbfe6f68d9eb2adf-7.raw,0.14705882352941177,0.07142857142857142,0.6654596043290577,,0.9780333534122791,0.34486486486486484,0.9503220611916272,0.4897030132234988,0.9764949357428399,,0.26227208976157085,0.6296518607442977,0.25925925925925924,0.4247104247104247,0.4574712643678161,0.2,0.4331395348837209,0.45098039215686275,0.34946236559139787,0.42748091603053434,0.3333333333333333,0.296875,0.3333333333333333,0.3634562067807559,0.23321546015681177,0.3634562067807559,0.011235955056179775,4.630058338735068e-05,0.011235955056179775,0.0,0.0,0.0,0.0,0.0,0.0,0.0,0.06666666666666667,0.0,0.0,0.0,0.0,0.2555756479807115,0.1966614501825767,0.3156136528685546,1.0,1.0,1.0,,1.0,1.0,,0.7272727272727273,1.0,,
Spyware-TIBS-4be371dc9c56aee4db39813c6f66bf51613aeb5f82eef40bda40c2024339e79c-8.raw,0.14705882352941177,0.07142857142857142,0.6612587546117282,,0.9685762163718413,0.33945945945945943,0.938647342995169,0.4834164318231086,0.9663754751808202,,0.26227208976157085,0.6218487394957983,0.25925925925925924,0.4247104247104247,0.45057471264367815,0.2,0.4331395348837209,0.45098039215686275,0.34946236559139787,0.4122137404580153,0.3333333333333333,0.296875,0.3333333333333333,0.3688370824387161,0.2427740071603362,0.3688370824387161,0.011235955056179775,4.630058338735068e-05,0.011235955056179775,0.0,0.0,0.0,0.0,0.0,0.0,0.0,0.06666666666666667,0.0,0.0,0.0,0.0,0.2555756479807115,0.1966614501825767,0.3156136528685546,1.0,1.0,1.0,,1.0,1.0,,0.7272727272727273,1.0,,
Spyware-TIBS-3ba4be964cd4c7a5ef3da7abfed484aacf492d7eb879c54e79db734db7a1f3cf-7.raw,0.14705882352941177,0.07142857142857142,0.699066402067691,,0.9914037885384156,0.34486486486486484,0.9503220611916272,0.4985909386516367,0.99080175929604,,0.26227208976157085,0.641656662665066,0.25925925925925924,0.42277992277992277,0.496551724137931,0.2,0.4331395348837209,0.45098039215686275,0.34946236559139787,0.42748091603053434,0.3333333333333333,0.296875,0.3333333333333333,0.3634562067807559,0.23321546015681177,0.3634562067807559,0.011235955056179775,4.630058338735068e-05,0.011235955056179775,0.0,0.0,0.0,0.0,0.0,0.0,0.0,0.06666666666666667,0.0,0.0,0.0,0.0,0.2555756479807115,0.1966614501825767,0.3156136528685546,1.0,1.0,1.0,,1.0,1.0,,0.7272727272727273,1.0,,
Spyware-TIBS-4be371dc9c56aee4db39813c6f66bf51613aeb5f82eef40bda40c2024339e79c-3.raw,0.0,0.0,0.9535997053949548,,0.739870624840625,0.04108108108108108,0.7909090909090911,0.07001951008020811,0.7216526585485322,,0.16269284712482468,0.07322929171668667,0.0,0.032818532818532815,0.3563218390804598,0.01818181818181818,0.020348837209302327,0.0196078431372549,0.010752688172043012,0.061068702290076333,0.21428571428571427,0.140625,0.21428571428571427,0.4724320173716093,0.3901419099051962,0.4724320173716093,0.0,0.0,0.0,0.0,0.0,0.0,0.0,0.0,0.0,0.0,0.06666666666666667,0.0,0.0,0.0,0.0,0.4007890843333884,0.2829705505761845,0.4818181818181817,0.0,0.6363636363636364,0.5,,0.6666666666666666,0.6666666666666666,,0.18181818181818182,1.0,,
Spyware-TIBS-3a9761469b4af524762205221f937a180f559960410e9f87fbfe6f68d9eb2adf-8.raw,0.14705882352941177,0.07142857142857142,0.6234511071557657,,0.9532491322028561,0.34486486486486484,0.9503220611916272,0.4732278343810969,0.9499749701320302,,0.26227208976157085,0.6122448979591837,0.25925925925925924,0.4247104247104247,0.4,0.2,0.4331395348837209,0.45098039215686275,0.34946236559139787,0.42748091603053434,0.3333333333333333,0.296875,0.3333333333333333,0.3634562067807559,0.23321546015681177,0.3634562067807559,0.011235955056179775,4.630058338735068e-05,0.011235955056179775,0.0,0.0,0.0,0.0,0.0,0.0,0.0,0.06666666666666667,0.0,0.0,0.0,0.0,0.2555756479807115,0.1966614501825767,0.3156136528685546,1.0,1.0,1.0,,1.0,1.0,,0.7272727272727273,1.0,,
Spyware-TIBS-3ba4be964cd4c7a5ef3da7abfed484aacf492d7eb879c54e79db734db7a1f3cf-10.raw,0.17647058823529413,0.14285714285714285,0.5448352053028908,,0.9377240537854867,0.41405405405405404,0.9929347826086958,0.520052026880555,0.9333626044557096,,0.26367461430575034,0.6458583433373349,0.2962962962962963,0.44594594594594594,0.4091954022988506,0.23636363636363636,0.6918604651162791,0.5098039215686274,0.3709677419354839,0.46564885496183206,0.38095238095238093,0.34375,0.38095238095238093,0.3808289981733425,0.23457165186771323,0.3808289981733425,0.011235955056179775,4.630058338735068e-05,0.011235955056179775,0.0,0.0,0.0,0.0,0.0,0.0,0.0,0.13333333333333333,0.0,0.0,0.0,0.0,0.2327563936967193,0.18309859154929575,0.4305322128851538,1.0,1.0,1.0,,1.0,1.0,,0.7272727272727273,1.0,,
Spyware-TIBS-4be371dc9c56aee4db39813c6f66bf51613aeb5f82eef40bda40c2024339e79c-2.raw,0.0,0.0,0.9690664702633032,,0.7770914259511887,0.04108108108108108,0.7909090909090911,0.09017992629525255,0.7614801906351016,,0.1767180925666199,0.08163265306122448,0.0,0.032818532818532815,0.3448275862068966,0.01818181818181818,0.020348837209302327,0.0196078431372549,0.010752688172043012,0.061068702290076333,0.21428571428571427,0.140625,0.21428571428571427,0.4724320173716093,0.3901419099051962,0.4724320173716093,0.0,0.0,0.0,0.0,0.0,0.0,0.0,0.0,0.0,0.0,0.06666666666666667,0.0,0.0,0.0,0.0,0.4007890843333884,0.2829705505761845,0.4818181818181817,0.0,0.6363636363636364,0.5,,0.6666666666666666,0.6666666666666666,,0.18181818181818182,1.0,,
Spyware-TIBS-3a9761469b4af524762205221f937a180f559960410e9f87fbfe6f68d9eb2adf-2.raw,0.0,0.0,0.9690664702633032,,0.7754905312797666,0.04108108108108108,0.7909090909090911,0.08931281161933666,0.7597671785023459,,0.18373071528751753,0.07803121248499399,0.0,0.032818532818532815,0.3333333333333333,0.01818181818181818,0.020348837209302327,0.0196078431372549,0.016129032258064516,0.061068702290076333,0.21428571428571427,0.140625,0.21428571428571427,0.4724320173716093,0.3901419099051962,0.4724320173716093,0.0,0.0,0.0,0.0,0.1,1.0,0.0,0.1,0.07692307692307693,0.1,0.13333333333333333,0.23043478260869565,1.0,0.0,0.23043478260869565,0.554210236653825,0.4856093080220452,0.6144927536231886,0.0,0.6363636363636364,0.5,,0.6666666666666666,0.6666666666666666,,0.18181818181818182,1.0,,
Spyware-TIBS-0f624c1b97ad1d04f9173ecb49bb1ac94277c66c6879746033efa0d49952742a-7.raw,0.14705882352941177,0.07142857142857142,0.699066402067691,,0.9943387621026893,0.3481081081081081,0.9573268921095008,0.5005419466724474,0.9939422815394252,,0.26367461430575034,0.6482593037214885,0.25925925925925924,0.42277992277992277,0.49885057471264366,0.2,0.4331395348837209,0.45098039215686275,0.34946236559139787,0.44274809160305345,0.3333333333333333,0.296875,0.3333333333333333,0.3602483604917942,0.22751706616255335,0.3602483604917942,0.011235955056179775,4.630058338735068e-05,0.011235955056179775,0.0,0.0,0.0,0.0,0.0,0.0,0.0,0.06666666666666667,0.0,0.0,0.0,0.0,0.2555756479807115,0.1966614501825767,0.3156136528685546,1.0,1.0,1.0,,1.0,1.0,,0.7272727272727273,1.0,,
Spyware-TIBS-0cfbc1046bbbe2d1603df1fedde6652a4542e1ec4f2c0df4ab1d426ff60ba715-4.raw,0.0,0.0,0.6648867611857852,,0.6598258912695207,0.04108108108108108,0.7909090909090911,0.026663776284413614,0.6360020519107491,,0.16269284712482468,0.030612244897959183,0.0,0.032818532818532815,0.08045977011494253,0.01818181818181818,0.020348837209302327,0.0196078431372549,0.010752688172043012,0.061068702290076333,0.21428571428571427,0.140625,0.21428571428571427,0.4724320173716093,0.3901419099051962,0.4724320173716093,0.0,0.0,0.0,0.0,0.0,0.0,0.0,0.0,0.0,0.0,0.06666666666666667,0.0,0.0,0.0,0.0,0.4007890843333884,0.2829705505761845,0.4818181818181817,0.0,0.6363636363636364,0.5,,0.6666666666666666,0.6666666666666666,,0.18181818181818182,1.0,,
Spyware-TIBS-0cfbc1046bbbe2d1603df1fedde6652a4542e1ec4f2c0df4ab1d426ff60ba715-7.raw,0.14705882352941177,0.07142857142857142,0.7032672517850201,,0.988468814974142,0.33945945945945943,0.938647342995169,0.49663993063082595,0.9876612370526549,,0.26367461430575034,0.6386554621848739,0.25925925925925924,0.42277992277992277,0.49885057471264366,0.2,0.4331395348837209,0.45098039215686275,0.34946236559139787,0.4122137404580153,0.3333333333333333,0.296875,0.3333333333333333,0.3688370824387161,0.2427740071603362,0.3688370824387161,0.011235955056179775,4.630058338735068e-05,0.011235955056179775,0.0,0.0,0.0,0.0,0.0,0.0,0.0,0.06666666666666667,0.0,0.0,0.0,0.0,0.2555756479807115,0.1966614501825767,0.3156136528685546,1.0,1.0,1.0,,1.0,1.0,,0.7272727272727273,1.0,,
Spyware-TIBS-1f1f72fe1f6c70cc59e2a4c2b95df0da7c4eb26381c2eed8445227f40db3f7a1-7.raw,0.14705882352941177,0.07142857142857142,0.678062153481045,,0.9780333534122791,0.34054054054054056,0.9409822866344602,0.4897030132234988,0.9764949357428399,,0.26227208976157085,0.6332533013205283,0.25925925925925924,0.4247104247104247,0.4528735632183908,0.2,0.4331395348837209,0.45098039215686275,0.34946236559139787,0.4122137404580153,0.3333333333333333,0.296875,0.3333333333333333,0.36775744136466787,0.24085614088555193,0.36775744136466787,0.011235955056179775,4.630058338735068e-05,0.011235955056179775,0.0,0.0,0.0,0.0,0.0,0.0,0.0,0.06666666666666667,0.0,0.0,0.0,0.0,0.2555756479807115,0.1966614501825767,0.3156136528685546,1.0,1.0,1.0,,1.0,1.0,,0.8181818181818182,1.0,,
Spyware-TIBS-4be371dc9c56aee4db39813c6f66bf51613aeb5f82eef40bda40c2024339e79c-4.raw,0.0,0.0,0.6648867611857852,,0.6550232072552546,0.04108108108108108,0.7909090909090911,0.024062432256665944,0.6308630155124823,,0.16269284712482468,0.028211284513805522,0.0,0.032818532818532815,0.06896551724137931,0.01818181818181818,0.020348837209302327,0.0196078431372549,0.010752688172043012,0.061068702290076333,0.21428571428571427,0.140625,0.21428571428571427,0.4724320173716093,0.3901419099051962,0.4724320173716093,0.0,0.0,0.0,0.0,0.0,0.0,0.0,0.0,0.0,0.0,0.06666666666666667,0.0,0.0,0.0,0.0,0.4007890843333884,0.2829705505761845,0.4818181818181817,0.0,0.6363636363636364,0.5,,0.6666666666666666,0.6666666666666666,,0.18181818181818182,1.0,,
Spyware-TIBS-4b3f335e9a8b663f8c39314ce147f474d53abdbd1fccdd262097b640b4a11342-3.raw,0.0,0.0,0.9690664702633032,,0.7698873999297892,0.04108108108108108,0.7909090909090911,0.08627791025363105,0.7537716360377009,,0.1753155680224404,0.07683073229291716,0.0,0.032818532818532815,0.35172413793103446,0.01818181818181818,0.020348837209302327,0.0196078431372549,0.010752688172043012,0.061068702290076333,0.21428571428571427,0.140625,0.21428571428571427,0.4724320173716093,0.3901419099051962,0.4724320173716093,0.0,0.0,0.0,0.0,0.0,0.0,0.0,0.0,0.0,0.0,0.06666666666666667,0.0,0.0,0.0,0.0,0.4007890843333884,0.2829705505761845,0.4818181818181817,0.0,0.6363636363636364,0.5,,0.6666666666666666,0.6666666666666666,,0.18181818181818182,1.0,,
Spyware-TIBS-03d5ee287fdddbfbc90cd0547b7dd0dffe3f47af2095015eca70cafb4d1ae254-9.raw,0.14705882352941177,0.07142857142857142,0.6276519568730948,,0.9506402668123904,0.34054054054054056,0.9409822866344602,0.47149360502926513,0.9471833948045765,,0.26227208976157085,0.6092436974789915,0.25925925925925924,0.4247104247104247,0.4,0.2,0.4331395348837209,0.45098039215686275,0.34946236559139787,0.4122137404580153,0.3333333333333333,0.296875,0.3333333333333333,0.36775744136466787,0.24085614088555193,0.36775744136466787,0.011235955056179775,4.630058338735068e-05,0.011235955056179775,0.0,0.0,0.0,0.0,0.0,0.0,0.0,0.06666666666666667,0.0,0.0,0.0,0.0,0.2555756479807115,0.1966614501825767,0.3156136528685546,1.0,1.0,1.0,,1.0,1.0,,0.8181818181818182,1.0,,
Spyware-TIBS-4d5aa73b369603d2d1e968ddb66faebb6ce7fd90156f8f9b703abadc446598b8-7.raw,0.14705882352941177,0.07142857142857142,0.6948655523503616,,0.9900993558431828,0.34486486486486484,0.9503220611916272,0.4977238239757208,0.9894059716323131,,0.26367461430575034,0.6392557022809123,0.25925925925925924,0.42277992277992277,0.49195402298850577,0.2,0.4331395348837209,0.45098039215686275,0.34946236559139787,0.42748091603053434,0.3333333333333333,0.296875,0.3333333333333333,0.3634562067807559,0.23321546015681177,0.3634562067807559,0.011235955056179775,4.630058338735068e-05,0.011235955056179775,0.0,0.0,0.0,0.0,0.0,0.0,0.0,0.06666666666666667,0.0,0.0,0.0,0.0,0.2555756479807115,0.1966614501825767,0.3156136528685546,1.0,1.0,1.0,,1.0,1.0,,0.7272727272727273,1.0,,
Spyware-TIBS-5d380e4063a71521883a8c322328dbdaf828d587613fcb87fff06f1250696a27-10.raw,0.17647058823529413,0.14285714285714285,0.5893942183759897,,0.9465289744783082,0.41405405405405404,0.9929347826086958,0.5261218296119662,0.9427841711858658,,0.26367461430575034,0.6548619447779112,0.2962962962962963,0.44594594594594594,0.45517241379310347,0.23636363636363636,0.6918604651162791,0.5098039215686274,0.3709677419354839,0.46564885496183206,0.38095238095238093,0.34375,0.38095238095238093,0.3808289981733425,0.23457165186771323,0.3808289981733425,0.011235955056179775,4.630058338735068e-05,0.011235955056179775,0.0,0.0,0.0,0.0,0.0,0.0,0.0,0.06666666666666667,0.0,0.0,0.0,0.0,0.2327563936967193,0.18309859154929575,0.28949579831932754,1.0,1.0,1.0,,1.0,1.0,,0.7272727272727273,1.0,,
Spyware-TIBS-3ba4be964cd4c7a5ef3da7abfed484aacf492d7eb879c54e79db734db7a1f3cf-9.raw,0.17647058823529413,0.14285714285714285,0.6461056895599337,,0.9839498874227994,0.41405405405405404,0.9929347826086958,0.5519184912204639,0.9828258297890293,,0.27489481065918653,0.6746698679471789,0.2962962962962963,0.44594594594594594,0.5172413793103449,0.23636363636363636,0.6918604651162791,0.5098039215686274,0.3709677419354839,0.46564885496183206,0.38095238095238093,0.34375,0.38095238095238093,0.3808289981733425,0.23457165186771323,0.3808289981733425,0.011235955056179775,4.630058338735068e-05,0.011235955056179775,0.0,0.0,0.0,0.0,0.0,0.0,0.0,0.06666666666666667,0.0,0.0,0.0,0.0,0.2327563936967193,0.18309859154929575,0.28949579831932754,1.0,1.0,1.0,,1.0,1.0,,0.7272727272727273,1.0,,
Spyware-TIBS-03d5ee287fdddbfbc90cd0547b7dd0dffe3f47af2095015eca70cafb4d1ae254-5.raw,0.0,0.0,0.6236420548701895,,0.6298091161803566,0.04108108108108108,0.7909090909090911,0.01040537611099068,0.6038830744215805,,0.16269284712482468,0.012004801920768308,0.0,0.032818532818532815,0.009195402298850575,0.01818181818181818,0.020348837209302327,0.0196078431372549,0.010752688172043012,0.061068702290076333,0.21428571428571427,0.140625,0.21428571428571427,0.4724320173716093,0.3901419099051962,0.4724320173716093,0.0,0.0,0.0,0.0,0.0,0.0,0.0,0.0,0.0,0.0,0.06666666666666667,0.0,0.0,0.0,0.0,0.4007890843333884,0.2829705505761845,0.4818181818181817,0.0,0.6363636363636364,0.5,,0.6666666666666666,0.6666666666666666,,0.18181818181818182,1.0,,
Spyware-TIBS-1efdeb94cc56a153cab3066f602f5eb47a42fdf70441069ac36bc090e294ba26-10.raw,0.17647058823529413,0.14285714285714285,0.5326827471920457,,0.9264034414661448,0.40864864864864864,0.9816770186335404,0.512247994797312,0.9212491615169375,,0.26367461430575034,0.6350540216086434,0.2962962962962963,0.44594594594594594,0.38620689655172413,0.23636363636363636,0.6918604651162791,0.5098039215686274,0.3709677419354839,0.45038167938931295,0.38095238095238093,0.34375,0.38095238095238093,0.38600461458381397,0.243652706029865,0.38600461458381397,0.011235955056179775,4.630058338735068e-05,0.011235955056179775,0.0,0.0,0.0,0.0,0.0,0.0,0.0,0.13333333333333333,0.0,0.0,0.0,0.0,0.2327563936967193,0.18309859154929575,0.4305322128851538,1.0,1.0,1.0,,1.0,1.0,,0.7272727272727273,1.0,,
Spyware-TIBS-3fa74a3335d8bb79d987b491455387ad398bccb2332470a47679b5e78c2183d8-4.raw,0.0,0.0,0.6700423494752348,,0.6598258912695207,0.04108108108108108,0.7909090909090911,0.026663776284413614,0.6360020519107491,,0.16269284712482468,0.030612244897959183,0.0,0.032818532818532815,0.08275862068965517,0.01818181818181818,0.020348837209302327,0.0196078431372549,0.010752688172043012,0.061068702290076333,0.21428571428571427,0.140625,0.21428571428571427,0.4724320173716093,0.3901419099051962,0.4724320173716093,0.0,0.0,0.0,0.0,0.0,0.0,0.0,0.0,0.0,0.0,0.06666666666666667,0.0,0.0,0.0,0.0,0.4007890843333884,0.2829705505761845,0.4818181818181817,0.0,0.6363636363636364,0.5,,0.6666666666666666,0.6666666666666666,,0.18181818181818182,1.0,,
Spyware-TIBS-4f4091323fa48a901e1e188199a12a30ff363129ad53d4a08d68528c666b1e68-4.raw,0.0,0.0,0.6648867611857852,,0.6594256676016653,0.04108108108108108,0.7909090909090911,0.02644699761543464,0.6355737988775603,,0.16269284712482468,0.029411764705882353,0.0,0.032818532818532815,0.08505747126436781,0.01818181818181818,0.020348837209302327,0.0196078431372549,0.010752688172043012,0.061068702290076333,0.21428571428571427,0.140625,0.21428571428571427,0.4724320173716093,0.3901419099051962,0.4724320173716093,0.0,0.0,0.0,0.0,0.0,0.0,0.0,0.0,0.0,0.0,0.06666666666666667,0.0,0.0,0.0,0.0,0.4007890843333884,0.2829705505761845,0.4818181818181817,0.0,0.6363636363636364,0.5,,0.6666666666666666,0.6666666666666666,,0.18181818181818182,1.0,,
Spyware-TIBS-1f1f72fe1f6c70cc59e2a4c2b95df0da7c4eb26381c2eed8445227f40db3f7a1-10.raw,0.17647058823529413,0.14285714285714285,0.5448352053028908,,0.932378209079131,0.4097297297297297,0.9839285714285714,0.5163667895079124,0.9276423675124007,,0.26367461430575034,0.6458583433373349,0.2962962962962963,0.44594594594594594,0.39080459770114945,0.23636363636363636,0.6918604651162791,0.5098039215686274,0.3709677419354839,0.45038167938931295,0.38095238095238093,0.34375,0.38095238095238093,0.38496632578709516,0.24183094103586644,0.38496632578709516,0.011235955056179775,4.630058338735068e-05,0.011235955056179775,0.0,0.0,0.0,0.0,0.0,0.0,0.0,0.13333333333333333,0.0,0.0,0.0,0.0,0.2327563936967193,0.18309859154929575,0.4305322128851538,1.0,1.0,1.0,,1.0,1.0,,0.8181818181818182,1.0,,
Spyware-TIBS-4d5aa73b369603d2d1e968ddb66faebb6ce7fd90156f8f9b703abadc446598b8-8.raw,0.14705882352941177,0.07142857142857142,0.6654596043290577,,0.9767289207170463,0.34486486486486484,0.9503220611916272,0.4888358985475829,0.9750991480791129,,0.26227208976157085,0.6266506602641057,0.25925925925925924,0.4247104247104247,0.4482758620689655,0.2,0.4331395348837209,0.45098039215686275,0.34946236559139787,0.42748091603053434,0.3333333333333333,0.296875,0.3333333333333333,0.3634562067807559,0.23321546015681177,0.3634562067807559,0.011235955056179775,4.630058338735068e-05,0.011235955056179775,0.0,0.0,0.0,0.0,0.0,0.0,0.0,0.06666666666666667,0.0,0.0,0.0,0.0,0.2555756479807115,0.1966614501825767,0.3156136528685546,1.0,1.0,1.0,,1.0,1.0,,0.7272727272727273,1.0,,
Spyware-TIBS-0cfbc1046bbbe2d1603df1fedde6652a4542e1ec4f2c0df4ab1d426ff60ba715-6.raw,0.0,0.0,0.6648867611857852,,0.6842395350087076,0.04432432432432432,0.7995059288537549,0.039887275092130935,0.6621254869352731,,0.16830294530154277,0.06902761104441776,0.0,0.03861003861003861,0.06436781609195402,0.01818181818181818,0.020348837209302327,0.0196078431372549,0.021505376344086023,0.061068702290076333,0.23809523809523808,0.15625,0.23809523809523808,0.523978816875774,0.4344045308964054,0.523978816875774,0.0,0.0,0.0,0.0,0.0,0.0,0.0,0.0,0.0,0.0,0.06666666666666667,0.0,0.0,0.0,0.0,0.4007890843333884,0.2829705505761845,0.4818181818181817,0.0,0.6363636363636364,0.5,,0.6666666666666666,0.6666666666666666,,0.18181818181818182,1.0,,
Spyware-TIBS-4d5aa73b369603d2d1e968ddb66faebb6ce7fd90156f8f9b703abadc446598b8-2.raw,0.0,0.0,0.9690664702633032,,0.7586811372298348,0.03891891891891892,0.7851778656126482,0.08020810752221981,0.7417805511084115,,0.17391304347826086,0.06302521008403361,0.0,0.017374517374517374,0.3310344827586207,0.01818181818181818,0.020348837209302327,0.0196078431372549,0.010752688172043012,0.061068702290076333,0.19047619047619047,0.125,0.19047619047619047,0.4189987635880066,0.34291252176356324,0.4189987635880066,0.0,0.0,0.0,0.0,0.0,0.0,0.0,0.0,0.0,0.0,0.06666666666666667,0.0,0.0,0.0,0.0,0.4007890843333884,0.2829705505761845,0.4818181818181817,0.0,0.6363636363636364,0.5,,0.6666666666666666,0.6666666666666666,,0.18181818181818182,1.0,,
Spyware-TIBS-4d5aa73b369603d2d1e968ddb66faebb6ce7fd90156f8f9b703abadc446598b8-10.raw,0.17647058823529413,0.14285714285714285,0.6096483152273984,,0.9512458962780344,0.41405405405405404,0.9929347826086958,0.5293735096466508,0.9478314390770213,,0.26367461430575034,0.6548619447779112,0.2962962962962963,0.44594594594594594,0.4735632183908046,0.23636363636363636,0.6918604651162791,0.5098039215686274,0.3709677419354839,0.46564885496183206,0.38095238095238093,0.34375,0.38095238095238093,0.3808289981733425,0.23457165186771323,0.3808289981733425,0.011235955056179775,4.630058338735068e-05,0.011235955056179775,0.0,0.0,0.0,0.0,0.0,0.0,0.0,0.06666666666666667,0.0,0.0,0.0,0.0,0.2327563936967193,0.18309859154929575,0.28949579831932754,1.0,1.0,1.0,,1.0,1.0,,0.7272727272727273,1.0,,
Spyware-TIBS-5d380e4063a71521883a8c322328dbdaf828d587613fcb87fff06f1250696a27-9.raw,0.14705882352941177,0.07142857142857142,0.6192502574384364,,0.9512924831600068,0.34486486486486484,0.9503220611916272,0.47192716236722304,0.94788128863644,,0.26227208976157085,0.60984393757503,0.25925925925925924,0.4247104247104247,0.39080459770114945,0.2,0.4331395348837209,0.45098039215686275,0.34946236559139787,0.42748091603053434,0.3333333333333333,0.296875,0.3333333333333333,0.3634562067807559,0.23321546015681177,0.3634562067807559,0.011235955056179775,4.630058338735068e-05,0.011235955056179775,0.0,0.0,0.0,0.0,0.0,0.0,0.0,0.06666666666666667,0.0,0.0,0.0,0.0,0.2555756479807115,0.1966614501825767,0.3156136528685546,1.0,1.0,1.0,,1.0,1.0,,0.7272727272727273,1.0,,
Spyware-TIBS-4b3f335e9a8b663f8c39314ce147f474d53abdbd1fccdd262097b640b4a11342-9.raw,0.14705882352941177,0.07142857142857142,0.6150494077211073,,0.9542274567242804,0.33945945945945943,0.938647342995169,0.4738781703880338,0.9510218108798251,,0.26227208976157085,0.6122448979591837,0.25925925925925924,0.4247104247104247,0.4,0.2,0.4331395348837209,0.45098039215686275,0.34946236559139787,0.4122137404580153,0.3333333333333333,0.296875,0.3333333333333333,0.3688370824387161,0.2427740071603362,0.3688370824387161,0.011235955056179775,4.630058338735068e-05,0.011235955056179775,0.0,0.0,0.0,0.0,0.0,0.0,0.0,0.06666666666666667,0.0,0.0,0.0,0.0,0.2555756479807115,0.1966614501825767,0.3156136528685546,1.0,1.0,1.0,,1.0,1.0,,0.7272727272727273,1.0,,
Spyware-TIBS-1f1f72fe1f6c70cc59e2a4c2b95df0da7c4eb26381c2eed8445227f40db3f7a1-4.raw,0.0,0.0,0.6855091143435834,,0.6642283516159315,0.04108108108108108,0.7909090909090911,0.02904834164318231,0.6407128352758272,,0.16269284712482468,0.034213685474189674,0.0,0.032818532818532815,0.09195402298850575,0.01818181818181818,0.020348837209302327,0.0196078431372549,0.010752688172043012,0.061068702290076333,0.21428571428571427,0.140625,0.21428571428571427,0.4724320173716093,0.3901419099051962,0.4724320173716093,0.0,0.0,0.0,0.0,0.0,0.0,0.0,0.0,0.0,0.0,0.06666666666666667,0.0,0.0,0.0,0.0,0.4007890843333884,0.2829705505761845,0.4818181818181817,0.0,0.6363636363636364,0.5,,0.6666666666666666,0.6666666666666666,,0.18181818181818182,1.0,,
Spyware-TIBS-3a9761469b4af524762205221f937a180f559960410e9f87fbfe6f68d9eb2adf-6.raw,0.0,0.0,0.71644264408028,,0.7802932152940327,0.10270270270270271,0.9542490118577075,0.09191415564708433,0.7649062149006127,,0.1753155680224404,0.1212484993997599,0.0,0.0694980694980695,0.12643678160919541,0.01818181818181818,0.07267441860465117,0.0392156862745098,0.03225806451612903,0.11450381679389313,0.2619047619047619,0.171875,0.2619047619047619,0.49766485628264384,0.3472970469551091,0.49766485628264384,0.0,0.0,0.0,0.0,0.0,0.0,0.0,0.0,0.0,0.0,0.06666666666666667,0.0,0.0,0.0,0.0,0.4007890843333884,0.2829705505761845,0.4818181818181817,0.0,0.0,0.0,,0.0,0.0,,0.09090909090909091,1.0,,
Spyware-TIBS-3b63fad1545031b6e3e133a2f900fb18873bbee514e0b3ce8417d33afe1bce31-2.raw,0.0,0.0,0.9793776468422024,,0.7618829265726788,0.03891891891891892,0.7851778656126482,0.0819423368740516,0.7452065753739227,,0.17391304347826086,0.06722689075630252,0.0,0.017374517374517374,0.3448275862068966,0.01818181818181818,0.020348837209302327,0.0196078431372549,0.010752688172043012,0.061068702290076333,0.19047619047619047,0.125,0.19047619047619047,0.4189987635880066,0.34291252176356324,0.4189987635880066,0.0,0.0,0.0,0.0,0.2,0.0,0.15384615384615385,0.2,0.15384615384615385,0.2,0.2,0.44166666666666665,0.0,0.33974358974358965,0.44166666666666665,0.6948462929475591,0.6713615023474178,0.7361111111111113,0.0,0.6363636363636364,0.5,,0.6666666666666666,0.6666666666666666,,0.18181818181818182,1.0,,
Spyware-TIBS-5d380e4063a71521883a8c322328dbdaf828d587613fcb87fff06f1250696a27-4.raw,0.0,0.0,0.6751979377646842,,0.6590254439338099,0.04108108108108108,0.7909090909090911,0.02623021894645567,0.6351455458443716,,0.16269284712482468,0.029411764705882353,0.0,0.032818532818532815,0.08735632183908046,0.01818181818181818,0.020348837209302327,0.0196078431372549,0.010752688172043012,0.061068702290076333,0.21428571428571427,0.140625,0.21428571428571427,0.4724320173716093,0.3901419099051962,0.4724320173716093,0.0,0.0,0.0,0.0,0.0,0.0,0.0,0.0,0.0,0.0,0.06666666666666667,0.0,0.0,0.0,0.0,0.4007890843333884,0.2829705505761845,0.4818181818181817,0.0,0.6363636363636364,0.5,,0.6666666666666666,0.6666666666666666,,0.18181818181818182,1.0,,
Spyware-TIBS-4be371dc9c56aee4db39813c6f66bf51613aeb5f82eef40bda40c2024339e79c-7.raw,0.14705882352941177,0.07142857142857142,0.7032672517850201,,0.9894471394955664,0.33945945945945943,0.938647342995169,0.4972902666377628,0.9887080778004497,,0.26367461430575034,0.6398559423769508,0.25925925925925924,0.42277992277992277,0.5057471264367817,0.2,0.4331395348837209,0.45098039215686275,0.34946236559139787,0.4122137404580153,0.3333333333333333,0.296875,0.3333333333333333,0.3688370824387161,0.2427740071603362,0.3688370824387161,0.011235955056179775,4.630058338735068e-05,0.011235955056179775,0.0,0.0,0.0,0.0,0.0,0.0,0.0,0.06666666666666667,0.0,0.0,0.0,0.0,0.2555756479807115,0.1966614501825767,0.3156136528685546,1.0,1.0,1.0,,1.0,1.0,,0.7272727272727273,1.0,,
Spyware-TIBS-3a9761469b4af524762205221f937a180f559960410e9f87fbfe6f68d9eb2adf-1.raw,0.0,0.0,0.9587552936844044,,0.7634838212441009,0.03891891891891892,0.7851778656126482,0.08280945154996748,0.7469195875066783,,0.17391304347826086,0.06602641056422569,0.0,0.017374517374517374,0.32873563218390806,0.01818181818181818,0.020348837209302327,0.0196078431372549,0.010752688172043012,0.061068702290076333,0.19047619047619047,0.125,0.19047619047619047,0.4189987635880066,0.34291252176356324,0.4189987635880066,0.0,0.0,0.0,0.0,0.1,1.0,0.0,0.1,0.07692307692307693,0.1,0.06666666666666667,0.23043478260869565,1.0,0.0,0.23043478260869565,0.554210236653825,0.4856093080220452,0.4427962489343561,0.0,0.6363636363636364,0.5,,0.6666666666666666,0.6666666666666666,,0.18181818181818182,1.0,,
Spyware-TIBS-4be371dc9c56aee4db39813c6f66bf51613aeb5f82eef40bda40c2024339e79c-1.raw,0.0,0.0,0.963910881973854,,0.7682865052583673,0.03891891891891892,0.7851778656126482,0.08541079557771515,0.7520586239049455,,0.17391304347826086,0.0702280912364946,0.0,0.017374517374517374,0.3425287356321839,0.01818181818181818,0.020348837209302327,0.0196078431372549,0.010752688172043012,0.061068702290076333,0.19047619047619047,0.125,0.19047619047619047,0.4189987635880066,0.34291252176356324,0.4189987635880066,0.0,0.0,0.0,0.0,0.1,0.0,0.07692307692307693,0.1,0.07692307692307693,0.1,0.06666666666666667,0.23043478260869565,0.0,0.177257525083612,0.23043478260869565,0.554210236653825,0.4856093080220452,0.4427962489343561,0.0,0.6363636363636364,0.5,,0.6666666666666666,0.6666666666666666,,0.18181818181818182,1.0,,
Spyware-TIBS-03d5ee287fdddbfbc90cd0547b7dd0dffe3f47af2095015eca70cafb4d1ae254-2.raw,0.0,0.0,0.963910881973854,,0.7690869525940783,0.04108108108108108,0.7909090909090911,0.08584435291567309,0.7529151299713233,,0.18373071528751753,0.07142857142857142,0.0,0.032818532818532815,0.3195402298850575,0.01818181818181818,0.020348837209302327,0.0196078431372549,0.016129032258064516,0.061068702290076333,0.21428571428571427,0.140625,0.21428571428571427,0.4724320173716093,0.3901419099051962,0.4724320173716093,0.0,0.0,0.0,0.0,0.0,0.0,0.0,0.0,0.0,0.0,0.06666666666666667,0.0,0.0,0.0,0.0,0.4007890843333884,0.2829705505761845,0.4818181818181817,0.0,0.6363636363636364,0.5,,0.6666666666666666,0.6666666666666666,,0.18181818181818182,1.0,,
Spyware-TIBS-4b3f335e9a8b663f8c39314ce147f474d53abdbd1fccdd262097b640b4a11342-5.raw,0.0,0.0,0.6184864665807401,,0.6370131422017562,0.04108108108108108,0.7909090909090911,0.014307392152612184,0.6115916290189811,,0.16269284712482468,0.01800720288115246,0.0,0.032818532818532815,0.013793103448275862,0.01818181818181818,0.020348837209302327,0.0196078431372549,0.010752688172043012,0.061068702290076333,0.21428571428571427,0.140625,0.21428571428571427,0.4724320173716093,0.3901419099051962,0.4724320173716093,0.0,0.0,0.0,0.0,0.0,0.0,0.0,0.0,0.0,0.0,0.06666666666666667,0.0,0.0,0.0,0.0,0.4007890843333884,0.2829705505761845,0.4818181818181817,0.0,0.6363636363636364,0.5,,0.6666666666666666,0.6666666666666666,,0.18181818181818182,1.0,,
Spyware-TIBS-5d380e4063a71521883a8c322328dbdaf828d587613fcb87fff06f1250696a27-2.raw,0.0,0.0,0.9896888234211012,,0.775890754947622,0.04108108108108108,0.7909090909090911,0.08952959028831563,0.7601954315355347,,0.18373071528751753,0.07683073229291716,0.0,0.032818532818532815,0.3471264367816092,0.01818181818181818,0.020348837209302327,0.0196078431372549,0.016129032258064516,0.061068702290076333,0.21428571428571427,0.140625,0.21428571428571427,0.4724320173716093,0.3901419099051962,0.4724320173716093,0.0,0.0,0.0,0.0,0.0,0.0,0.0,0.0,0.0,0.0,0.06666666666666667,0.0,0.0,0.0,0.0,0.4007890843333884,0.2829705505761845,0.4818181818181817,0.0,0.6363636363636364,0.5,,0.6666666666666666,0.6666666666666666,,0.18181818181818182,1.0,,
Spyware-TIBS-1efdeb94cc56a153cab3066f602f5eb47a42fdf70441069ac36bc090e294ba26-3.raw,0.0,0.0,0.9742220585527528,,0.728264138472815,0.04108108108108108,0.7909090909090911,0.0637329286798179,0.7092333205860537,,0.16269284712482468,0.06362545018007203,0.0,0.032818532818532815,0.3563218390804598,0.01818181818181818,0.020348837209302327,0.0196078431372549,0.010752688172043012,0.061068702290076333,0.21428571428571427,0.140625,0.21428571428571427,0.4724320173716093,0.3901419099051962,0.4724320173716093,0.0,0.0,0.0,0.0,0.0,0.0,0.0,0.0,0.0,0.0,0.06666666666666667,0.0,0.0,0.0,0.0,0.4007890843333884,0.2829705505761845,0.4818181818181817,0.0,0.6363636363636364,0.5,,0.6666666666666666,0.6666666666666666,,0.18181818181818182,1.0,,
Spyware-TIBS-4f4091323fa48a901e1e188199a12a30ff363129ad53d4a08d68528c666b1e68-2.raw,0.0,0.0,0.9535997053949548,,0.7698873999297892,0.04108108108108108,0.7909090909090911,0.08627791025363105,0.7537716360377009,,0.1767180925666199,0.07563025210084033,0.0,0.032818532818532815,0.3264367816091954,0.01818181818181818,0.020348837209302327,0.0196078431372549,0.010752688172043012,0.061068702290076333,0.21428571428571427,0.140625,0.21428571428571427,0.4724320173716093,0.3901419099051962,0.4724320173716093,0.0,0.0,0.0,0.0,0.0,0.0,0.0,0.0,0.0,0.0,0.06666666666666667,0.0,0.0,0.0,0.0,0.4007890843333884,0.2829705505761845,0.4818181818181817,0.0,0.6363636363636364,0.5,,0.6666666666666666,0.6666666666666666,,0.18181818181818182,1.0,,
Spyware-TIBS-4b3f335e9a8b663f8c39314ce147f474d53abdbd1fccdd262097b640b4a11342-8.raw,0.14705882352941177,0.07142857142857142,0.6528570551770698,,0.9695545408932662,0.33945945945945943,0.938647342995169,0.48406676783004554,0.9674223159286156,,0.26227208976157085,0.6218487394957983,0.25925925925925924,0.4247104247104247,0.4436781609195402,0.2,0.4331395348837209,0.45098039215686275,0.34946236559139787,0.4122137404580153,0.3333333333333333,0.296875,0.3333333333333333,0.3688370824387161,0.2427740071603362,0.3688370824387161,0.011235955056179775,4.630058338735068e-05,0.011235955056179775,0.0,0.0,0.0,0.0,0.0,0.0,0.0,0.06666666666666667,0.0,0.0,0.0,0.0,0.2555756479807115,0.1966614501825767,0.3156136528685546,1.0,1.0,1.0,,1.0,1.0,,0.7272727272727273,1.0,,
Spyware-TIBS-4d5aa73b369603d2d1e968ddb66faebb6ce7fd90156f8f9b703abadc446598b8-5.raw,0.0,0.0,0.6287976431596394,,0.637813589537467,0.04108108108108108,0.7909090909090911,0.014740949490570128,0.6124481350853588,,0.16269284712482468,0.017406962785114045,0.0,0.032818532818532815,0.01839080459770115,0.01818181818181818,0.020348837209302327,0.0196078431372549,0.010752688172043012,0.061068702290076333,0.21428571428571427,0.140625,0.21428571428571427,0.4724320173716093,0.3901419099051962,0.4724320173716093,0.0,0.0,0.0,0.0,0.0,0.0,0.0,0.0,0.0,0.0,0.06666666666666667,0.0,0.0,0.0,0.0,0.4007890843333884,0.2829705505761845,0.4818181818181817,0.0,0.6363636363636364,0.5,,0.6666666666666666,0.6666666666666666,,0.18181818181818182,1.0,,
Spyware-TIBS-4f4091323fa48a901e1e188199a12a30ff363129ad53d4a08d68528c666b1e68-5.raw,0.0,0.0,0.6184864665807401,,0.6330109055232009,0.04108108108108108,0.7909090909090911,0.012139605462822459,0.6073090986870919,,0.16269284712482468,0.016206482593037214,0.0,0.032818532818532815,0.011494252873563218,0.01818181818181818,0.020348837209302327,0.0196078431372549,0.010752688172043012,0.061068702290076333,0.21428571428571427,0.140625,0.21428571428571427,0.4724320173716093,0.3901419099051962,0.4724320173716093,0.0,0.0,0.0,0.0,0.0,0.0,0.0,0.0,0.0,0.0,0.06666666666666667,0.0,0.0,0.0,0.0,0.4007890843333884,0.2829705505761845,0.4818181818181817,0.0,0.6363636363636364,0.5,,0.6666666666666666,0.6666666666666666,,0.18181818181818182,1.0,,
Spyware-TIBS-0cfbc1046bbbe2d1603df1fedde6652a4542e1ec4f2c0df4ab1d426ff60ba715-9.raw,0.17647058823529413,0.14285714285714285,0.6339532314490886,,0.9292335945459808,0.3772972972972973,0.9163819875776399,0.5141990028181227,0.924277522251631,,0.26788218793828894,0.6506602641056423,0.2962962962962963,0.4362934362934363,0.4850574712643678,0.23636363636363636,0.46511627906976744,0.5098039215686274,0.3709677419354839,0.42748091603053434,0.38095238095238093,0.359375,0.38095238095238093,0.41682180600567054,0.33902812672775345,0.41682180600567054,0.011235955056179775,4.630058338735068e-05,0.011235955056179775,0.0,0.0,0.0,0.0,0.0,0.0,0.0,0.06666666666666667,0.0,0.0,0.0,0.0,0.2327563936967193,0.18309859154929575,0.28949579831932754,1.0,1.0,1.0,,1.0,1.0,,0.7272727272727273,1.0,,
Spyware-TIBS-3fa74a3335d8bb79d987b491455387ad398bccb2332470a47679b5e78c2183d8-7.raw,0.14705882352941177,0.07142857142857142,0.7032672517850201,,0.9907515721907992,0.34486486486486484,0.9503220611916272,0.49815738131367876,0.9901038654641766,,0.26367461430575034,0.6422569027611045,0.25925925925925924,0.42277992277992277,0.5011494252873563,0.2,0.4331395348837209,0.45098039215686275,0.34946236559139787,0.42748091603053434,0.3333333333333333,0.296875,0.3333333333333333,0.3634562067807559,0.23321546015681177,0.3634562067807559,0.011235955056179775,4.630058338735068e-05,0.011235955056179775,0.0,0.0,0.0,0.0,0.0,0.0,0.0,0.06666666666666667,0.0,0.0,0.0,0.0,0.2555756479807115,0.1966614501825767,0.3156136528685546,1.0,1.0,1.0,,1.0,1.0,,0.7272727272727273,1.0,,
Spyware-TIBS-03d5ee287fdddbfbc90cd0547b7dd0dffe3f47af2095015eca70cafb4d1ae254-10.raw,0.17647058823529413,0.14285714285714285,0.6177499539679617,,0.9506169733714039,0.4097297297297297,0.9839285714285714,0.5289399523086928,0.9471584700248669,,0.26367461430575034,0.6566626650660264,0.2962962962962963,0.44594594594594594,0.4850574712643678,0.23636363636363636,0.6918604651162791,0.5098039215686274,0.3709677419354839,0.45038167938931295,0.38095238095238093,0.34375,0.38095238095238093,0.38496632578709516,0.24183094103586644,0.38496632578709516,0.011235955056179775,4.630058338735068e-05,0.011235955056179775,0.0,0.0,0.0,0.0,0.0,0.0,0.0,0.06666666666666667,0.0,0.0,0.0,0.0,0.2327563936967193,0.18309859154929575,0.28949579831932754,1.0,1.0,1.0,,1.0,1.0,,0.8181818181818182,1.0,,
Spyware-TIBS-3a9761469b4af524762205221f937a180f559960410e9f87fbfe6f68d9eb2adf-9.raw,0.17647058823529413,0.14285714285714285,0.6299024120788067,,0.967283430397102,0.41405405405405404,0.9929347826086958,0.5404292217645784,0.9649921499069484,,0.2664796633941094,0.6656662665066027,0.2962962962962963,0.44594594594594594,0.503448275862069,0.23636363636363636,0.6918604651162791,0.5098039215686274,0.3709677419354839,0.46564885496183206,0.38095238095238093,0.34375,0.38095238095238093,0.3808289981733425,0.23457165186771323,0.3808289981733425,0.011235955056179775,4.630058338735068e-05,0.011235955056179775,0.0,0.0,0.0,0.0,0.0,0.0,0.0,0.06666666666666667,0.0,0.0,0.0,0.0,0.2327563936967193,0.18309859154929575,0.28949579831932754,1.0,1.0,1.0,,1.0,1.0,,0.7272727272727273,1.0,,
Spyware-TIBS-4f4091323fa48a901e1e188199a12a30ff363129ad53d4a08d68528c666b1e68-7.raw,0.14705882352941177,0.07142857142857142,0.6696604540463869,,0.9767289207170463,0.33945945945945943,0.938647342995169,0.4888358985475829,0.9750991480791129,,0.26227208976157085,0.6284513805522209,0.25925925925925924,0.42277992277992277,0.46436781609195404,0.2,0.4331395348837209,0.45098039215686275,0.34946236559139787,0.4122137404580153,0.3333333333333333,0.296875,0.3333333333333333,0.3688370824387161,0.2427740071603362,0.3688370824387161,0.011235955056179775,4.630058338735068e-05,0.011235955056179775,0.0,0.0,0.0,0.0,0.0,0.0,0.0,0.06666666666666667,0.0,0.0,0.0,0.0,0.2555756479807115,0.1966614501825767,0.3156136528685546,1.0,1.0,1.0,,1.0,1.0,,0.7272727272727273,1.0,,
Spyware-TIBS-4d5aa73b369603d2d1e968ddb66faebb6ce7fd90156f8f9b703abadc446598b8-4.raw,0.0,0.0,0.6751979377646842,,0.6618270096087986,0.04108108108108108,0.7909090909090911,0.027747669629308476,0.6381433170766939,,0.16269284712482468,0.030612244897959183,0.0,0.032818532818532815,0.08275862068965517,0.01818181818181818,0.020348837209302327,0.0196078431372549,0.010752688172043012,0.061068702290076333,0.21428571428571427,0.140625,0.21428571428571427,0.4724320173716093,0.3901419099051962,0.4724320173716093,0.0,0.0,0.0,0.0,0.0,0.0,0.0,0.0,0.0,0.0,0.06666666666666667,0.0,0.0,0.0,0.0,0.4007890843333884,0.2829705505761845,0.4818181818181817,0.0,0.6363636363636364,0.5,,0.6666666666666666,0.6666666666666666,,0.18181818181818182,1.0,,
Spyware-TIBS-4be371dc9c56aee4db39813c6f66bf51613aeb5f82eef40bda40c2024339e79c-5.raw,0.0,0.0,0.6287976431596394,,0.6354122475303341,0.04108108108108108,0.7909090909090911,0.013440277476696292,0.6098786168862255,,0.16269284712482468,0.017406962785114045,0.0,0.032818532818532815,0.016091954022988506,0.01818181818181818,0.020348837209302327,0.0196078431372549,0.010752688172043012,0.061068702290076333,0.21428571428571427,0.140625,0.21428571428571427,0.4724320173716093,0.3901419099051962,0.4724320173716093,0.0,0.0,0.0,0.0,0.0,0.0,0.0,0.0,0.0,0.0,0.06666666666666667,0.0,0.0,0.0,0.0,0.4007890843333884,0.2829705505761845,0.4818181818181817,0.0,0.6363636363636364,0.5,,0.6666666666666666,0.6666666666666666,,0.18181818181818182,1.0,,
Spyware-TIBS-4d5aa73b369603d2d1e968ddb66faebb6ce7fd90156f8f9b703abadc446598b8-6.raw,0.0,0.0,0.659731172896336,,0.6850399823444187,0.04432432432432432,0.7995059288537549,0.04032083243008888,0.6629819930016508,,0.16830294530154277,0.06902761104441776,0.0,0.03861003861003861,0.06436781609195402,0.01818181818181818,0.020348837209302327,0.0196078431372549,0.021505376344086023,0.061068702290076333,0.23809523809523808,0.15625,0.23809523809523808,0.523978816875774,0.4344045308964054,0.523978816875774,0.0,0.0,0.0,0.0,0.0,0.0,0.0,0.0,0.0,0.0,0.06666666666666667,0.0,0.0,0.0,0.0,0.4007890843333884,0.2829705505761845,0.4818181818181817,0.0,0.6363636363636364,0.5,,0.6666666666666666,0.6666666666666666,,0.18181818181818182,1.0,,
Spyware-TIBS-4e65b0d172187e6938edfb8f499cde610cc5a34985b4ba9b309e5c7069e7b8bd-10.raw,0.20588235294117646,0.14285714285714285,0.5615972164902635,,0.9202334908821361,0.46378378378378377,0.9934782608695655,0.5647084326902233,0.9146471030570132,,0.2791023842917251,0.6764705882352942,0.3333333333333333,0.4671814671814672,0.48735632183908045,0.34545454545454546,0.7034883720930233,0.5686274509803921,0.45161290322580644,0.6335877862595419,0.42857142857142855,0.390625,0.42857142857142855,0.41465165141578175,0.2672319393056032,0.41465165141578175,0.011235955056179775,4.630058338735068e-05,0.011235955056179775,0.0,0.0,0.0,0.0,0.0,0.0,0.0,0.06666666666666667,0.0,0.0,0.0,0.0,0.21151088108748545,0.1704711024769306,0.2651791751183234,1.0,1.0,1.0,,1.0,1.0,,0.7272727272727273,1.0,,
Spyware-TIBS-1f1f72fe1f6c70cc59e2a4c2b95df0da7c4eb26381c2eed8445227f40db3f7a1-2.raw,0.0,0.0,1.0,,0.7822943336333106,0.04108108108108108,0.7909090909090911,0.09299804899197919,0.7670474800665575,,0.18373071528751753,0.0822328931572629,0.0,0.032818532818532815,0.3563218390804598,0.01818181818181818,0.020348837209302327,0.0196078431372549,0.016129032258064516,0.061068702290076333,0.21428571428571427,0.140625,0.21428571428571427,0.4724320173716093,0.3901419099051962,0.4724320173716093,0.0,0.0,0.0,0.0,0.0,0.0,0.0,0.0,0.0,0.0,0.06666666666666667,0.0,0.0,0.0,0.0,0.4007890843333884,0.2829705505761845,0.4818181818181817,0.0,0.6363636363636364,0.5,,0.6666666666666666,0.6666666666666666,,0.18181818181818182,1.0,,
Spyware-TIBS-3fa74a3335d8bb79d987b491455387ad398bccb2332470a47679b5e78c2183d8-2.raw,0.0,0.0,0.9793776468422024,,0.7754905312797666,0.04108108108108108,0.7909090909090911,0.08931281161933666,0.7597671785023459,,0.1767180925666199,0.07983193277310924,0.0,0.032818532818532815,0.33793103448275863,0.01818181818181818,0.020348837209302327,0.0196078431372549,0.010752688172043012,0.061068702290076333,0.21428571428571427,0.140625,0.21428571428571427,0.4724320173716093,0.3901419099051962,0.4724320173716093,0.0,0.0,0.0,0.0,0.0,0.0,0.0,0.0,0.0,0.0,0.06666666666666667,0.0,0.0,0.0,0.0,0.4007890843333884,0.2829705505761845,0.4818181818181817,0.0,0.6363636363636364,0.5,,0.6666666666666666,0.6666666666666666,,0.18181818181818182,1.0,,
Spyware-TIBS-0cfbc1046bbbe2d1603df1fedde6652a4542e1ec4f2c0df4ab1d426ff60ba715-2.raw,0.0,0.0,0.9587552936844044,,0.7702876235976448,0.04108108108108108,0.7909090909090911,0.08649468892261002,0.75419988907089,,0.1767180925666199,0.07563025210084033,0.0,0.032818532818532815,0.3264367816091954,0.01818181818181818,0.020348837209302327,0.0196078431372549,0.010752688172043012,0.061068702290076333,0.21428571428571427,0.140625,0.21428571428571427,0.4724320173716093,0.3901419099051962,0.4724320173716093,0.0,0.0,0.0,0.0,0.0,0.0,0.0,0.0,0.0,0.0,0.06666666666666667,0.0,0.0,0.0,0.0,0.4007890843333884,0.2829705505761845,0.4818181818181817,0.0,0.6363636363636364,0.5,,0.6666666666666666,0.6666666666666666,,0.18181818181818182,1.0,,
Spyware-TIBS-4e65b0d172187e6938edfb8f499cde610cc5a34985b4ba9b309e5c7069e7b8bd-8.raw,0.14705882352941177,0.07142857142857142,0.6528570551770698,,0.9653151346337597,0.34486486486486484,0.9503220611916272,0.4812486451333189,0.9628860060215035,,0.26227208976157085,0.6218487394957983,0.25925925925925924,0.4247104247104247,0.4367816091954023,0.2,0.4331395348837209,0.45098039215686275,0.34946236559139787,0.42748091603053434,0.3333333333333333,0.296875,0.3333333333333333,0.3634562067807559,0.23321546015681177,0.3634562067807559,0.011235955056179775,4.630058338735068e-05,0.011235955056179775,0.0,0.0,0.0,0.0,0.0,0.0,0.0,0.06666666666666667,0.0,0.0,0.0,0.0,0.2555756479807115,0.1966614501825767,0.3156136528685546,1.0,1.0,1.0,,1.0,1.0,,0.7272727272727273,1.0,,
Spyware-TIBS-3fa74a3335d8bb79d987b491455387ad398bccb2332470a47679b5e78c2183d8-1.raw,0.0,0.0,0.9742220585527528,,0.7654849395833784,0.03891891891891892,0.7851778656126482,0.08389334489486235,0.7490608526726228,,0.17391304347826086,0.06782713085234093,0.0,0.017374517374517374,0.335632183908046,0.01818181818181818,0.020348837209302327,0.0196078431372549,0.010752688172043012,0.061068702290076333,0.19047619047619047,0.125,0.19047619047619047,0.4189987635880066,0.34291252176356324,0.4189987635880066,0.0,0.0,0.0,0.0,0.2,0.0,0.15384615384615385,0.2,0.15384615384615385,0.2,0.13333333333333333,0.44166666666666665,0.0,0.33974358974358965,0.44166666666666665,0.6948462929475591,0.6713615023474178,0.5715686274509806,0.0,0.6363636363636364,0.5,,0.6666666666666666,0.6666666666666666,,0.18181818181818182,1.0,,
Spyware-TIBS-1f1f72fe1f6c70cc59e2a4c2b95df0da7c4eb26381c2eed8445227f40db3f7a1-5.raw,0.0,0.0,0.6287976431596394,,0.633811352858912,0.04108108108108108,0.7909090909090911,0.012573162800780403,0.6081656047534697,,0.16269284712482468,0.01800720288115246,0.0,0.032818532818532815,0.006896551724137931,0.01818181818181818,0.020348837209302327,0.0196078431372549,0.010752688172043012,0.061068702290076333,0.21428571428571427,0.140625,0.21428571428571427,0.4724320173716093,0.3901419099051962,0.4724320173716093,0.0,0.0,0.0,0.0,0.0,0.0,0.0,0.0,0.0,0.0,0.06666666666666667,0.0,0.0,0.0,0.0,0.4007890843333884,0.2829705505761845,0.4818181818181817,0.0,0.6363636363636364,0.5,,0.6666666666666666,0.6666666666666666,,0.18181818181818182,1.0,,
Spyware-TIBS-3ba4be964cd4c7a5ef3da7abfed484aacf492d7eb879c54e79db734db7a1f3cf-2.raw,0.0,0.0,0.9793776468422024,,0.7814938862975995,0.04108108108108108,0.7909090909090911,0.09256449165402124,0.7661909740001797,,0.18373071528751753,0.08103241296518607,0.0,0.032818532818532815,0.3448275862068966,0.01818181818181818,0.020348837209302327,0.0196078431372549,0.010752688172043012,0.061068702290076333,0.21428571428571427,0.140625,0.21428571428571427,0.4724320173716093,0.3901419099051962,0.4724320173716093,0.0,0.0,0.0,0.0,0.0,0.0,0.0,0.0,0.0,0.0,0.06666666666666667,0.0,0.0,0.0,0.0,0.4007890843333884,0.2829705505761845,0.4818181818181817,0.0,0.6363636363636364,0.5,,0.6666666666666666,0.6666666666666666,,0.18181818181818182,1.0,,
Spyware-TIBS-0f624c1b97ad1d04f9173ecb49bb1ac94277c66c6879746033efa0d49952742a-9.raw,0.14705882352941177,0.07142857142857142,0.6192502574384364,,0.9561841057671298,0.3481081081081081,0.9573268921095008,0.47517884240190766,0.9531154923754155,,0.26227208976157085,0.6182472989195679,0.25925925925925924,0.4247104247104247,0.39770114942528734,0.2,0.4331395348837209,0.45098039215686275,0.34946236559139787,0.44274809160305345,0.3333333333333333,0.296875,0.3333333333333333,0.3602483604917942,0.22751706616255335,0.3602483604917942,0.011235955056179775,4.630058338735068e-05,0.011235955056179775,0.0,0.0,0.0,0.0,0.0,0.0,0.0,0.06666666666666667,0.0,0.0,0.0,0.0,0.2555756479807115,0.1966614501825767,0.3156136528685546,1.0,1.0,1.0,,1.0,1.0,,0.7272727272727273,1.0,,
Spyware-TIBS-03d5ee287fdddbfbc90cd0547b7dd0dffe3f47af2095015eca70cafb4d1ae254-3.raw,0.0,0.0,0.943288528816056,,0.7594815845655458,0.04108108108108108,0.7909090909090911,0.08064166486017776,0.7426370571747893,,0.1753155680224404,0.06962785114045618,0.0,0.032818532818532815,0.3195402298850575,0.01818181818181818,0.020348837209302327,0.0196078431372549,0.010752688172043012,0.061068702290076333,0.21428571428571427,0.140625,0.21428571428571427,0.4724320173716093,0.3901419099051962,0.4724320173716093,0.0,0.0,0.0,0.0,0.0,0.0,0.0,0.0,0.0,0.0,0.06666666666666667,0.0,0.0,0.0,0.0,0.4007890843333884,0.2829705505761845,0.4818181818181817,0.0,0.6363636363636364,0.5,,0.6666666666666666,0.6666666666666666,,0.18181818181818182,1.0,,
Spyware-TIBS-4f4091323fa48a901e1e188199a12a30ff363129ad53d4a08d68528c666b1e68-1.raw,0.0,0.0,0.9484441171055056,,0.7618829265726788,0.03891891891891892,0.7851778656126482,0.0819423368740516,0.7452065753739227,,0.17391304347826086,0.06542617046818727,0.0,0.017374517374517374,0.32413793103448274,0.01818181818181818,0.020348837209302327,0.0196078431372549,0.010752688172043012,0.061068702290076333,0.19047619047619047,0.125,0.19047619047619047,0.4189987635880066,0.34291252176356324,0.4189987635880066,0.0,0.0,0.0,0.0,0.1,0.0,0.07692307692307693,0.1,0.07692307692307693,0.1,0.06666666666666667,0.23043478260869565,0.0,0.177257525083612,0.23043478260869565,0.554210236653825,0.4856093080220452,0.4427962489343561,0.0,0.6363636363636364,0.5,,0.6666666666666666,0.6666666666666666,,0.18181818181818182,1.0,,
Spyware-TIBS-5d380e4063a71521883a8c322328dbdaf828d587613fcb87fff06f1250696a27-8.raw,0.14705882352941177,0.07142857142857142,0.6528570551770698,,0.9675978918504169,0.34486486486486484,0.9503220611916272,0.4827660958161717,0.9653286344330253,,0.26227208976157085,0.6218487394957983,0.25925925925925924,0.4247104247104247,0.4367816091954023,0.2,0.4331395348837209,0.45098039215686275,0.34946236559139787,0.42748091603053434,0.3333333333333333,0.296875,0.3333333333333333,0.3634562067807559,0.23321546015681177,0.3634562067807559,0.011235955056179775,4.630058338735068e-05,0.011235955056179775,0.0,0.0,0.0,0.0,0.0,0.0,0.0,0.06666666666666667,0.0,0.0,0.0,0.0,0.2555756479807115,0.1966614501825767,0.3156136528685546,1.0,1.0,1.0,,1.0,1.0,,0.7272727272727273,1.0,,
Spyware-TIBS-1f1f72fe1f6c70cc59e2a4c2b95df0da7c4eb26381c2eed8445227f40db3f7a1-8.raw,0.14705882352941177,0.07142857142857142,0.6318528065904236,,0.9555318894195133,0.34054054054054056,0.9409822866344602,0.4747452850639497,0.952417598543552,,0.26227208976157085,0.6152460984393757,0.25925925925925924,0.4247104247104247,0.4,0.2,0.4331395348837209,0.45098039215686275,0.34946236559139787,0.4122137404580153,0.3333333333333333,0.296875,0.3333333333333333,0.36775744136466787,0.24085614088555193,0.36775744136466787,0.011235955056179775,4.630058338735068e-05,0.011235955056179775,0.0,0.0,0.0,0.0,0.0,0.0,0.0,0.06666666666666667,0.0,0.0,0.0,0.0,0.2555756479807115,0.1966614501825767,0.3156136528685546,1.0,1.0,1.0,,1.0,1.0,,0.8181818181818182,1.0,,
Spyware-TIBS-1f1f72fe1f6c70cc59e2a4c2b95df0da7c4eb26381c2eed8445227f40db3f7a1-1.raw,0.0,0.0,0.9896888234211012,,0.7714882946012113,0.03891891891891892,0.7851778656126482,0.08714502492954693,0.7554846481704566,,0.1767180925666199,0.07142857142857142,0.0,0.017374517374517374,0.34942528735632183,0.01818181818181818,0.020348837209302327,0.0196078431372549,0.010752688172043012,0.061068702290076333,0.19047619047619047,0.125,0.19047619047619047,0.4189987635880066,0.34291252176356324,0.4189987635880066,0.0,0.0,0.0,0.0,0.2,1.0,0.07692307692307693,0.2,0.15384615384615385,0.2,0.13333333333333333,0.44166666666666665,0.9583333333333321,0.16987179487179463,0.44166666666666665,0.6948462929475591,0.6713615023474178,0.5715686274509806,0.0,0.6363636363636364,0.5,,0.6666666666666666,0.6666666666666666,,0.18181818181818182,1.0,,
Spyware-TIBS-4d5aa73b369603d2d1e968ddb66faebb6ce7fd90156f8f9b703abadc446598b8-3.raw,0.0,0.0,0.963910881973854,,0.7706878472655002,0.04108108108108108,0.7909090909090911,0.08671146759158899,0.7546281421040788,,0.1753155680224404,0.07563025210084033,0.0,0.032818532818532815,0.34022988505747126,0.01818181818181818,0.020348837209302327,0.0196078431372549,0.010752688172043012,0.061068702290076333,0.21428571428571427,0.140625,0.21428571428571427,0.4724320173716093,0.3901419099051962,0.4724320173716093,0.0,0.0,0.0,0.0,0.0,0.0,0.0,0.0,0.0,0.0,0.06666666666666667,0.0,0.0,0.0,0.0,0.4007890843333884,0.2829705505761845,0.4818181818181817,0.0,0.6363636363636364,0.5,,0.6666666666666666,0.6666666666666666,,0.18181818181818182,1.0,,
Spyware-TIBS-3b63fad1545031b6e3e133a2f900fb18873bbee514e0b3ce8417d33afe1bce31-1.raw,0.0,0.0,0.9845332351316516,,0.7710880709333559,0.03891891891891892,0.7851778656126482,0.08692824626056796,0.7550563951372679,,0.17391304347826086,0.07142857142857142,0.0,0.017374517374517374,0.34942528735632183,0.01818181818181818,0.020348837209302327,0.0196078431372549,0.010752688172043012,0.061068702290076333,0.19047619047619047,0.125,0.19047619047619047,0.4189987635880066,0.34291252176356324,0.4189987635880066,0.0,0.0,0.0,0.0,0.2,0.0,0.15384615384615385,0.2,0.15384615384615385,0.2,0.13333333333333333,0.44166666666666665,0.0,0.33974358974358965,0.44166666666666665,0.6948462929475591,0.6713615023474178,0.5715686274509806,0.0,0.6363636363636364,0.5,,0.6666666666666666,0.6666666666666666,,0.18181818181818182,1.0,,
Spyware-TIBS-4e65b0d172187e6938edfb8f499cde610cc5a34985b4ba9b309e5c7069e7b8bd-6.raw,0.0,0.0,0.6648867611857852,,0.6810377456658636,0.04432432432432432,0.7995059288537549,0.03815304574029915,0.6586994626697619,,0.16830294530154277,0.0666266506602641,0.0,0.03861003861003861,0.059770114942528735,0.01818181818181818,0.020348837209302327,0.0196078431372549,0.021505376344086023,0.061068702290076333,0.23809523809523808,0.15625,0.23809523809523808,0.523978816875774,0.4344045308964054,0.523978816875774,0.0,0.0,0.0,0.0,0.0,0.0,0.0,0.0,0.0,0.0,0.06666666666666667,0.0,0.0,0.0,0.0,0.4007890843333884,0.2829705505761845,0.4818181818181817,0.0,0.6363636363636364,0.5,,0.6666666666666666,0.6666666666666666,,0.18181818181818182,1.0,,
Spyware-TIBS-1efdeb94cc56a153cab3066f602f5eb47a42fdf70441069ac36bc090e294ba26-5.raw,0.0,0.0,0.6236420548701895,,0.6314100108517788,0.04108108108108108,0.7909090909090911,0.011272490786906569,0.6055960865543362,,0.16269284712482468,0.012004801920768308,0.0,0.032818532818532815,0.011494252873563218,0.01818181818181818,0.020348837209302327,0.0196078431372549,0.010752688172043012,0.061068702290076333,0.21428571428571427,0.140625,0.21428571428571427,0.4724320173716093,0.3901419099051962,0.4724320173716093,0.0,0.0,0.0,0.0,0.0,0.0,0.0,0.0,0.0,0.0,0.06666666666666667,0.0,0.0,0.0,0.0,0.4007890843333884,0.2829705505761845,0.4818181818181817,0.0,0.6363636363636364,0.5,,0.6666666666666666,0.6666666666666666,,0.18181818181818182,1.0,,
Spyware-TIBS-1efdeb94cc56a153cab3066f602f5eb47a42fdf70441069ac36bc090e294ba26-1.raw,0.0,0.0,0.9793776468422024,,0.7618829265726788,0.03891891891891892,0.7851778656126482,0.0819423368740516,0.7452065753739227,,0.17391304347826086,0.06182472989195678,0.0,0.017374517374517374,0.335632183908046,0.01818181818181818,0.020348837209302327,0.0196078431372549,0.010752688172043012,0.061068702290076333,0.19047619047619047,0.125,0.19047619047619047,0.4189987635880066,0.34291252176356324,0.4189987635880066,0.0,0.0,0.0,0.0,0.1,0.0,0.07692307692307693,0.1,0.07692307692307693,0.1,0.06666666666666667,0.23043478260869565,0.0,0.177257525083612,0.23043478260869565,0.554210236653825,0.4856093080220452,0.4427962489343561,0.0,0.6363636363636364,0.5,,0.6666666666666666,0.6666666666666666,,0.18181818181818182,1.0,,
Spyware-TIBS-3fa74a3335d8bb79d987b491455387ad398bccb2332470a47679b5e78c2183d8-10.raw,0.20588235294117646,0.14285714285714285,0.5772417602651445,,0.9247877602060088,0.46378378378378377,0.9934782608695655,0.5679601127249079,0.9195203272277831,,0.2791023842917251,0.6800720288115246,0.3333333333333333,0.4671814671814672,0.5057471264367817,0.34545454545454546,0.7034883720930233,0.5686274509803921,0.45161290322580644,0.6335877862595419,0.42857142857142855,0.390625,0.42857142857142855,0.41465165141578175,0.2672319393056032,0.41465165141578175,0.011235955056179775,4.630058338735068e-05,0.011235955056179775,0.0,0.0,0.0,0.0,0.0,0.0,0.0,0.06666666666666667,0.0,0.0,0.0,0.0,0.21151088108748545,0.1704711024769306,0.2651791751183234,1.0,1.0,1.0,,1.0,1.0,,0.7272727272727273,1.0,,
Spyware-TIBS-4e65b0d172187e6938edfb8f499cde610cc5a34985b4ba9b309e5c7069e7b8bd-1.raw,0.0,0.0,0.963910881973854,,0.7622831502405344,0.03891891891891892,0.7851778656126482,0.08215911554303057,0.7456348284071117,,0.1753155680224404,0.06482593037214886,0.0,0.017374517374517374,0.32413793103448274,0.01818181818181818,0.020348837209302327,0.0196078431372549,0.010752688172043012,0.061068702290076333,0.19047619047619047,0.125,0.19047619047619047,0.4189987635880066,0.34291252176356324,0.4189987635880066,0.0,0.0,0.0,0.0,0.0,0.0,0.0,0.0,0.0,0.0,0.0,0.0,0.0,0.0,0.0,0.4007890843333884,0.2829705505761845,0.3023172905525847,0.0,0.6363636363636364,0.5,,0.6666666666666666,0.6666666666666666,,0.18181818181818182,1.0,,
Spyware-TIBS-3ba4be964cd4c7a5ef3da7abfed484aacf492d7eb879c54e79db734db7a1f3cf-3.raw,0.0,0.0,0.963910881973854,,0.735067940826359,0.04108108108108108,0.7909090909090911,0.06741816605246044,0.7165136221502654,,0.16269284712482468,0.07262905162064826,0.0,0.032818532818532815,0.36091954022988504,0.01818181818181818,0.020348837209302327,0.0196078431372549,0.010752688172043012,0.061068702290076333,0.21428571428571427,0.140625,0.21428571428571427,0.4724320173716093,0.3901419099051962,0.4724320173716093,0.0,0.0,0.0,0.0,0.0,0.0,0.0,0.0,0.0,0.0,0.06666666666666667,0.0,0.0,0.0,0.0,0.4007890843333884,0.2829705505761845,0.4818181818181817,0.0,0.6363636363636364,0.5,,0.6666666666666666,0.6666666666666666,,0.18181818181818182,1.0,,
Spyware-TIBS-3ba4be964cd4c7a5ef3da7abfed484aacf492d7eb879c54e79db734db7a1f3cf-4.raw,0.0,0.0,0.6648867611857852,,0.6618270096087986,0.04108108108108108,0.7909090909090911,0.027747669629308476,0.6381433170766939,,0.16269284712482468,0.03181272509003601,0.0,0.032818532818532815,0.08275862068965517,0.01818181818181818,0.020348837209302327,0.0196078431372549,0.010752688172043012,0.061068702290076333,0.21428571428571427,0.140625,0.21428571428571427,0.4724320173716093,0.3901419099051962,0.4724320173716093,0.0,0.0,0.0,0.0,0.0,0.0,0.0,0.0,0.0,0.0,0.06666666666666667,0.0,0.0,0.0,0.0,0.4007890843333884,0.2829705505761845,0.4818181818181817,0.0,0.6363636363636364,0.5,,0.6666666666666666,0.6666666666666666,,0.18181818181818182,1.0,,
Spyware-TIBS-3fa74a3335d8bb79d987b491455387ad398bccb2332470a47679b5e78c2183d8-8.raw,0.14705882352941177,0.07142857142857142,0.6612587546117282,,0.9672717836766089,0.34486486486486484,0.9503220611916272,0.48254931714719274,0.9649796875170938,,0.26227208976157085,0.6236494597839136,0.25925925925925924,0.4247104247104247,0.4459770114942529,0.2,0.4331395348837209,0.45098039215686275,0.34946236559139787,0.42748091603053434,0.3333333333333333,0.296875,0.3333333333333333,0.3634562067807559,0.23321546015681177,0.3634562067807559,0.011235955056179775,4.630058338735068e-05,0.011235955056179775,0.0,0.0,0.0,0.0,0.0,0.0,0.0,0.06666666666666667,0.0,0.0,0.0,0.0,0.2555756479807115,0.1966614501825767,0.3156136528685546,1.0,1.0,1.0,,1.0,1.0,,0.7272727272727273,1.0,,
Spyware-TIBS-3b63fad1545031b6e3e133a2f900fb18873bbee514e0b3ce8417d33afe1bce31-5.raw,0.0,0.0,0.6287976431596394,,0.6382138132053227,0.04108108108108108,0.7909090909090911,0.0149577281595491,0.6128763881185478,,0.16269284712482468,0.02100840336134454,0.0,0.032818532818532815,0.01839080459770115,0.01818181818181818,0.020348837209302327,0.0196078431372549,0.010752688172043012,0.061068702290076333,0.21428571428571427,0.140625,0.21428571428571427,0.4724320173716093,0.3901419099051962,0.4724320173716093,0.0,0.0,0.0,0.0,0.0,0.0,0.0,0.0,0.0,0.0,0.06666666666666667,0.0,0.0,0.0,0.0,0.4007890843333884,0.2829705505761845,0.4818181818181817,0.0,0.6363636363636364,0.5,,0.6666666666666666,0.6666666666666666,,0.18181818181818182,1.0,,
Spyware-TIBS-4f4091323fa48a901e1e188199a12a30ff363129ad53d4a08d68528c666b1e68-8.raw,0.14705882352941177,0.07142857142857142,0.6318528065904236,,0.9578146466361711,0.33945945945945943,0.938647342995169,0.4762627357468025,0.9548602269550743,,0.26227208976157085,0.6152460984393757,0.25925925925925924,0.4247104247104247,0.4206896551724138,0.2,0.4331395348837209,0.45098039215686275,0.34946236559139787,0.4122137404580153,0.3333333333333333,0.296875,0.3333333333333333,0.3688370824387161,0.2427740071603362,0.3688370824387161,0.011235955056179775,4.630058338735068e-05,0.011235955056179775,0.0,0.0,0.0,0.0,0.0,0.0,0.0,0.06666666666666667,0.0,0.0,0.0,0.0,0.2555756479807115,0.1966614501825767,0.3156136528685546,1.0,1.0,1.0,,1.0,1.0,,0.7272727272727273,1.0,,
Spyware-TIBS-3b63fad1545031b6e3e133a2f900fb18873bbee514e0b3ce8417d33afe1bce31-3.raw,0.0,0.0,0.9742220585527528,,0.7714882946012113,0.04108108108108108,0.7909090909090911,0.08714502492954693,0.7554846481704566,,0.1753155680224404,0.07983193277310924,0.0,0.032818532818532815,0.35402298850574715,0.01818181818181818,0.020348837209302327,0.0196078431372549,0.010752688172043012,0.061068702290076333,0.21428571428571427,0.140625,0.21428571428571427,0.4724320173716093,0.3901419099051962,0.4724320173716093,0.0,0.0,0.0,0.0,0.0,0.0,0.0,0.0,0.0,0.0,0.06666666666666667,0.0,0.0,0.0,0.0,0.4007890843333884,0.2829705505761845,0.4818181818181817,0.0,0.6363636363636364,0.5,,0.6666666666666666,0.6666666666666666,,0.18181818181818182,1.0,,
Spyware-TIBS-1efdeb94cc56a153cab3066f602f5eb47a42fdf70441069ac36bc090e294ba26-7.raw,0.14705882352941177,0.07142857142857142,0.6696604540463869,,0.9737939471527727,0.33945945945945943,0.938647342995169,0.48688489052677214,0.9719586258357277,,0.26227208976157085,0.6242496998799519,0.25925925925925924,0.4247104247104247,0.45517241379310347,0.2,0.4331395348837209,0.45098039215686275,0.34946236559139787,0.4122137404580153,0.3333333333333333,0.296875,0.3333333333333333,0.3688370824387161,0.2427740071603362,0.3688370824387161,0.011235955056179775,4.630058338735068e-05,0.011235955056179775,0.0,0.0,0.0,0.0,0.0,0.0,0.0,0.06666666666666667,0.0,0.0,0.0,0.0,0.2555756479807115,0.1966614501825767,0.3156136528685546,1.0,1.0,1.0,,1.0,1.0,,0.7272727272727273,1.0,,
Spyware-TIBS-0f624c1b97ad1d04f9173ecb49bb1ac94277c66c6879746033efa0d49952742a-1.raw,0.0,0.0,0.9690664702633032,,0.7698873999297892,0.03891891891891892,0.7851778656126482,0.08627791025363105,0.7537716360377009,,0.17391304347826086,0.07142857142857142,0.0,0.017374517374517374,0.3471264367816092,0.01818181818181818,0.020348837209302327,0.0196078431372549,0.010752688172043012,0.061068702290076333,0.19047619047619047,0.125,0.19047619047619047,0.4189987635880066,0.34291252176356324,0.4189987635880066,0.0,0.0,0.0,0.0,0.1,0.0,0.07692307692307693,0.1,0.07692307692307693,0.1,0.06666666666666667,0.23043478260869565,0.0,0.177257525083612,0.23043478260869565,0.554210236653825,0.4856093080220452,0.4427962489343561,0.0,0.6363636363636364,0.5,,0.6666666666666666,0.6666666666666666,,0.18181818181818182,1.0,,
Spyware-TIBS-1efdeb94cc56a153cab3066f602f5eb47a42fdf70441069ac36bc090e294ba26-6.raw,0.08823529411764706,0.0,0.7224231264960411,,0.9344913900454083,0.24216216216216216,0.9380869565217395,0.346629091697377,0.9299035435276383,,0.2244039270687237,0.4417767106842737,0.14814814814814814,0.3166023166023166,0.3471264367816092,0.12727272727272726,0.3226744186046512,0.29411764705882354,0.16666666666666666,0.32061068702290074,0.30952380952380953,0.265625,0.30952380952380953,0.42671016257177974,0.3394591256899875,0.42671016257177974,0.0,0.0,0.0,0.0,0.0,0.0,0.0,0.0,0.0,0.0,0.13333333333333333,0.0,0.0,0.0,0.0,0.3066907775768539,0.22704225352112692,0.5320784313725492,1.0,1.0,1.0,,1.0,1.0,,0.5454545454545454,1.0,,
Spyware-TIBS-1efdeb94cc56a153cab3066f602f5eb47a42fdf70441069ac36bc090e294ba26-4.raw,0.0,0.0,0.6287976431596394,,0.641415602548167,0.04108108108108108,0.7909090909090911,0.01669195751138088,0.6163024123840593,,0.16269284712482468,0.016206482593037214,0.0,0.032818532818532815,0.029885057471264367,0.01818181818181818,0.020348837209302327,0.0196078431372549,0.010752688172043012,0.061068702290076333,0.21428571428571427,0.140625,0.21428571428571427,0.4724320173716093,0.3901419099051962,0.4724320173716093,0.0,0.0,0.0,0.0,0.0,0.0,0.0,0.0,0.0,0.0,0.06666666666666667,0.0,0.0,0.0,0.0,0.4007890843333884,0.2829705505761845,0.4818181818181817,0.0,0.6363636363636364,0.5,,0.6666666666666666,0.6666666666666666,,0.18181818181818182,1.0,,
Spyware-TIBS-3fa74a3335d8bb79d987b491455387ad398bccb2332470a47679b5e78c2183d8-6.raw,0.0,0.0,0.6700423494752348,,0.6850399823444187,0.04432432432432432,0.7995059288537549,0.04032083243008888,0.6629819930016508,,0.16830294530154277,0.0702280912364946,0.0,0.03861003861003861,0.07126436781609195,0.01818181818181818,0.020348837209302327,0.0196078431372549,0.021505376344086023,0.061068702290076333,0.23809523809523808,0.15625,0.23809523809523808,0.523978816875774,0.4344045308964054,0.523978816875774,0.0,0.0,0.0,0.0,0.0,0.0,0.0,0.0,0.0,0.0,0.06666666666666667,0.0,0.0,0.0,0.0,0.4007890843333884,0.2829705505761845,0.4818181818181817,0.0,0.6363636363636364,0.5,,0.6666666666666666,0.6666666666666666,,0.18181818181818182,1.0,,
Spyware-TIBS-4b3f335e9a8b663f8c39314ce147f474d53abdbd1fccdd262097b640b4a11342-10.raw,0.17647058823529413,0.14285714285714285,0.5812925796354264,,0.9481012817448836,0.40864864864864864,0.9816770186335404,0.5272057229568611,0.944466593816251,,0.26367461430575034,0.6548619447779112,0.2962962962962963,0.44594594594594594,0.45517241379310347,0.23636363636363636,0.6918604651162791,0.5098039215686274,0.3709677419354839,0.45038167938931295,0.38095238095238093,0.34375,0.38095238095238093,0.38600461458381397,0.243652706029865,0.38600461458381397,0.011235955056179775,4.630058338735068e-05,0.011235955056179775,0.0,0.0,0.0,0.0,0.0,0.0,0.0,0.06666666666666667,0.0,0.0,0.0,0.0,0.2327563936967193,0.18309859154929575,0.28949579831932754,1.0,1.0,1.0,,1.0,1.0,,0.7272727272727273,1.0,,
Spyware-TIBS-4b3f335e9a8b663f8c39314ce147f474d53abdbd1fccdd262097b640b4a11342-4.raw,0.0,0.0,0.6648867611857852,,0.6626274569445096,0.04108108108108108,0.7909090909090911,0.02818122696726642,0.6389998231430717,,0.16269284712482468,0.031212484993997598,0.0,0.032818532818532815,0.08275862068965517,0.01818181818181818,0.020348837209302327,0.0196078431372549,0.010752688172043012,0.061068702290076333,0.21428571428571427,0.140625,0.21428571428571427,0.4724320173716093,0.3901419099051962,0.4724320173716093,0.0,0.0,0.0,0.0,0.0,0.0,0.0,0.0,0.0,0.0,0.06666666666666667,0.0,0.0,0.0,0.0,0.4007890843333884,0.2829705505761845,0.4818181818181817,0.0,0.6363636363636364,0.5,,0.6666666666666666,0.6666666666666666,,0.18181818181818182,1.0,,
Spyware-TIBS-5d380e4063a71521883a8c322328dbdaf828d587613fcb87fff06f1250696a27-1.raw,0.0,0.0,0.9793776468422024,,0.7654849395833784,0.03891891891891892,0.7851778656126482,0.08389334489486235,0.7490608526726228,,0.17391304347826086,0.06602641056422569,0.0,0.017374517374517374,0.3425287356321839,0.01818181818181818,0.020348837209302327,0.0196078431372549,0.010752688172043012,0.061068702290076333,0.19047619047619047,0.125,0.19047619047619047,0.4189987635880066,0.34291252176356324,0.4189987635880066,0.0,0.0,0.0,0.0,0.1,0.0,0.07692307692307693,0.1,0.07692307692307693,0.1,0.06666666666666667,0.23043478260869565,0.0,0.177257525083612,0.23043478260869565,0.554210236653825,0.4856093080220452,0.4427962489343561,0.0,0.6363636363636364,0.5,,0.6666666666666666,0.6666666666666666,,0.18181818181818182,1.0,,
Spyware-TIBS-3fa74a3335d8bb79d987b491455387ad398bccb2332470a47679b5e78c2183d8-3.raw,0.0,0.0,0.963910881973854,,0.7374692828334921,0.04108108108108108,0.7909090909090911,0.06871883806633428,0.7190831403493989,,0.16269284712482468,0.07142857142857142,0.0,0.032818532818532815,0.34942528735632183,0.01818181818181818,0.020348837209302327,0.0196078431372549,0.010752688172043012,0.061068702290076333,0.21428571428571427,0.140625,0.21428571428571427,0.4724320173716093,0.3901419099051962,0.4724320173716093,0.0,0.0,0.0,0.0,0.0,0.0,0.0,0.0,0.0,0.0,0.06666666666666667,0.0,0.0,0.0,0.0,0.4007890843333884,0.2829705505761845,0.4818181818181817,0.0,0.6363636363636364,0.5,,0.6666666666666666,0.6666666666666666,,0.18181818181818182,1.0,,
Spyware-TIBS-1efdeb94cc56a153cab3066f602f5eb47a42fdf70441069ac36bc090e294ba26-8.raw,0.14705882352941177,0.07142857142857142,0.6192502574384364,,0.9480314014219247,0.33945945945945943,0.938647342995169,0.46975937567743337,0.9443918194771227,,0.26227208976157085,0.6056422569027611,0.25925925925925924,0.4247104247104247,0.3954022988505747,0.2,0.4331395348837209,0.45098039215686275,0.34946236559139787,0.4122137404580153,0.3333333333333333,0.296875,0.3333333333333333,0.3688370824387161,0.2427740071603362,0.3688370824387161,0.011235955056179775,4.630058338735068e-05,0.011235955056179775,0.0,0.0,0.0,0.0,0.0,0.0,0.0,0.06666666666666667,0.0,0.0,0.0,0.0,0.2555756479807115,0.1966614501825767,0.3156136528685546,1.0,1.0,1.0,,1.0,1.0,,0.7272727272727273,1.0,,
Spyware-TIBS-4be371dc9c56aee4db39813c6f66bf51613aeb5f82eef40bda40c2024339e79c-10.raw,0.17647058823529413,0.14285714285714285,0.5934450377462713,,0.9459000515716782,0.40864864864864864,0.9816770186335404,0.5256882722740083,0.9421112021337119,,0.26367461430575034,0.6536614645858343,0.2962962962962963,0.44594594594594594,0.45977011494252873,0.23636363636363636,0.6918604651162791,0.5098039215686274,0.3709677419354839,0.45038167938931295,0.38095238095238093,0.34375,0.38095238095238093,0.38600461458381397,0.243652706029865,0.38600461458381397,0.011235955056179775,4.630058338735068e-05,0.011235955056179775,0.0,0.0,0.0,0.0,0.0,0.0,0.0,0.06666666666666667,0.0,0.0,0.0,0.0,0.2327563936967193,0.18309859154929575,0.28949579831932754,1.0,1.0,1.0,,1.0,1.0,,0.7272727272727273,1.0,,
Spyware-TIBS-3ba4be964cd4c7a5ef3da7abfed484aacf492d7eb879c54e79db734db7a1f3cf-8.raw,0.14705882352941177,0.07142857142857142,0.6276519568730948,,0.9587929711575954,0.34486486486486484,0.9503220611916272,0.4769130717537394,0.9559070677028692,,0.26227208976157085,0.6146458583433373,0.25925925925925924,0.4247104247104247,0.4045977011494253,0.2,0.4331395348837209,0.45098039215686275,0.34946236559139787,0.42748091603053434,0.3333333333333333,0.296875,0.3333333333333333,0.3634562067807559,0.23321546015681177,0.3634562067807559,0.011235955056179775,4.630058338735068e-05,0.011235955056179775,0.0,0.0,0.0,0.0,0.0,0.0,0.0,0.06666666666666667,0.0,0.0,0.0,0.0,0.2555756479807115,0.1966614501825767,0.3156136528685546,1.0,1.0,1.0,,1.0,1.0,,0.7272727272727273,1.0,,
Spyware-TIBS-0f624c1b97ad1d04f9173ecb49bb1ac94277c66c6879746033efa0d49952742a-4.raw,0.0,0.0,0.6648867611857852,,0.6598258912695207,0.04108108108108108,0.7909090909090911,0.026663776284413614,0.6360020519107491,,0.16269284712482468,0.03241296518607443,0.0,0.032818532818532815,0.08045977011494253,0.01818181818181818,0.020348837209302327,0.0196078431372549,0.010752688172043012,0.061068702290076333,0.21428571428571427,0.140625,0.21428571428571427,0.4724320173716093,0.3901419099051962,0.4724320173716093,0.0,0.0,0.0,0.0,0.0,0.0,0.0,0.0,0.0,0.0,0.06666666666666667,0.0,0.0,0.0,0.0,0.4007890843333884,0.2829705505761845,0.4818181818181817,0.0,0.6363636363636364,0.5,,0.6666666666666666,0.6666666666666666,,0.18181818181818182,1.0,,
Spyware-TIBS-03d5ee287fdddbfbc90cd0547b7dd0dffe3f47af2095015eca70cafb4d1ae254-6.raw,0.0,0.0,0.659731172896336,,0.6802372983301526,0.04432432432432432,0.7995059288537549,0.03771948840234121,0.657842956603384,,0.16830294530154277,0.06542617046818727,0.0,0.03861003861003861,0.06206896551724138,0.01818181818181818,0.020348837209302327,0.0196078431372549,0.021505376344086023,0.061068702290076333,0.23809523809523808,0.15625,0.23809523809523808,0.523978816875774,0.4344045308964054,0.523978816875774,0.0,0.0,0.0,0.0,0.0,0.0,0.0,0.0,0.0,0.0,0.06666666666666667,0.0,0.0,0.0,0.0,0.4007890843333884,0.2829705505761845,0.4818181818181817,0.0,0.6363636363636364,0.5,,0.6666666666666666,0.6666666666666666,,0.18181818181818182,1.0,,
Spyware-TIBS-4e65b0d172187e6938edfb8f499cde610cc5a34985b4ba9b309e5c7069e7b8bd-7.raw,0.14705882352941177,0.07142857142857142,0.699066402067691,,0.9887949231479499,0.34486486486486484,0.9503220611916272,0.4968567092998049,0.9880101839685863,,0.26367461430575034,0.6398559423769508,0.25925925925925924,0.42277992277992277,0.4942528735632184,0.2,0.4331395348837209,0.45098039215686275,0.34946236559139787,0.42748091603053434,0.3333333333333333,0.296875,0.3333333333333333,0.3634562067807559,0.23321546015681177,0.3634562067807559,0.011235955056179775,4.630058338735068e-05,0.011235955056179775,0.0,0.0,0.0,0.0,0.0,0.0,0.0,0.06666666666666667,0.0,0.0,0.0,0.0,0.2555756479807115,0.1966614501825767,0.3156136528685546,1.0,1.0,1.0,,1.0,1.0,,0.7272727272727273,1.0,,
Spyware-TIBS-4b3f335e9a8b663f8c39314ce147f474d53abdbd1fccdd262097b640b4a11342-1.raw,0.0,0.0,0.9793776468422024,,0.7702876235976448,0.03891891891891892,0.7851778656126482,0.08649468892261002,0.75419988907089,,0.17391304347826086,0.06842737094837935,0.0,0.017374517374517374,0.3471264367816092,0.01818181818181818,0.020348837209302327,0.0196078431372549,0.010752688172043012,0.061068702290076333,0.19047619047619047,0.125,0.19047619047619047,0.4189987635880066,0.34291252176356324,0.4189987635880066,0.0,0.0,0.0,0.0,0.1,0.0,0.07692307692307693,0.1,0.07692307692307693,0.1,0.06666666666666667,0.23043478260869565,0.0,0.177257525083612,0.23043478260869565,0.554210236653825,0.4856093080220452,0.4427962489343561,0.0,0.6363636363636364,0.5,,0.6666666666666666,0.6666666666666666,,0.18181818181818182,1.0,,
Spyware-TIBS-3b63fad1545031b6e3e133a2f900fb18873bbee514e0b3ce8417d33afe1bce31-7.raw,0.14705882352941177,0.07142857142857142,0.699066402067691,,0.9891210313217584,0.33945945945945943,0.938647342995169,0.49707348796878387,0.9883591308845182,,0.26367461430575034,0.6404561824729892,0.25925925925925924,0.42277992277992277,0.49885057471264366,0.2,0.4331395348837209,0.45098039215686275,0.34946236559139787,0.4122137404580153,0.3333333333333333,0.296875,0.3333333333333333,0.3688370824387161,0.2427740071603362,0.3688370824387161,0.011235955056179775,4.630058338735068e-05,0.011235955056179775,0.0,0.0,0.0,0.0,0.0,0.0,0.0,0.06666666666666667,0.0,0.0,0.0,0.0,0.2555756479807115,0.1966614501825767,0.3156136528685546,1.0,1.0,1.0,,1.0,1.0,,0.7272727272727273,1.0,,
Spyware-TIBS-4f4091323fa48a901e1e188199a12a30ff363129ad53d4a08d68528c666b1e68-6.raw,0.0,0.0,0.659731172896336,,0.6838393113408522,0.04432432432432432,0.7995059288537549,0.039670496423151964,0.6616972339020842,,0.16830294530154277,0.06962785114045618,0.0,0.03861003861003861,0.06896551724137931,0.01818181818181818,0.020348837209302327,0.0196078431372549,0.021505376344086023,0.061068702290076333,0.23809523809523808,0.15625,0.23809523809523808,0.523978816875774,0.4344045308964054,0.523978816875774,0.0,0.0,0.0,0.0,0.0,0.0,0.0,0.0,0.0,0.0,0.06666666666666667,0.0,0.0,0.0,0.0,0.4007890843333884,0.2829705505761845,0.4818181818181817,0.0,0.6363636363636364,0.5,,0.6666666666666666,0.6666666666666666,,0.18181818181818182,1.0,,
Spyware-TIBS-4b3f335e9a8b663f8c39314ce147f474d53abdbd1fccdd262097b640b4a11342-2.raw,0.0,0.0,0.9845332351316516,,0.7782920969547552,0.04108108108108108,0.7909090909090911,0.09083026230218946,0.7627649497346682,,0.17812061711079943,0.07863145258103241,0.0,0.032818532818532815,0.3471264367816092,0.01818181818181818,0.020348837209302327,0.0196078431372549,0.010752688172043012,0.061068702290076333,0.21428571428571427,0.140625,0.21428571428571427,0.4724320173716093,0.3901419099051962,0.4724320173716093,0.0,0.0,0.0,0.0,0.1,0.0,0.07692307692307693,0.1,0.07692307692307693,0.1,0.13333333333333333,0.23043478260869565,0.0,0.177257525083612,0.23043478260869565,0.554210236653825,0.4856093080220452,0.6144927536231886,0.0,0.6363636363636364,0.5,,0.6666666666666666,0.6666666666666666,,0.18181818181818182,1.0,,
Spyware-TIBS-4d5aa73b369603d2d1e968ddb66faebb6ce7fd90156f8f9b703abadc446598b8-1.raw,0.0,0.0,0.9742220585527528,,0.7670858342548006,0.03891891891891892,0.7851778656126482,0.08476045957077824,0.7507738648053786,,0.17391304347826086,0.06722689075630252,0.0,0.017374517374517374,0.335632183908046,0.01818181818181818,0.020348837209302327,0.0196078431372549,0.010752688172043012,0.061068702290076333,0.19047619047619047,0.125,0.19047619047619047,0.4189987635880066,0.34291252176356324,0.4189987635880066,0.0,0.0,0.0,0.0,0.0,0.0,0.0,0.0,0.0,0.0,0.0,0.0,0.0,0.0,0.0,0.4007890843333884,0.2829705505761845,0.3023172905525847,0.0,0.6363636363636364,0.5,,0.6666666666666666,0.6666666666666666,,0.18181818181818182,1.0,,
Spyware-TIBS-4f4091323fa48a901e1e188199a12a30ff363129ad53d4a08d68528c666b1e68-9.raw,0.17647058823529413,0.14285714285714285,0.6420548701896519,,0.975144966729978,0.40864864864864864,0.9816770186335404,0.5458486884890527,0.9734042630588732,,0.27349228611500703,0.6692677070828331,0.2962962962962963,0.44594594594594594,0.5126436781609195,0.23636363636363636,0.6918604651162791,0.5098039215686274,0.3709677419354839,0.45038167938931295,0.38095238095238093,0.34375,0.38095238095238093,0.38600461458381397,0.243652706029865,0.38600461458381397,0.011235955056179775,4.630058338735068e-05,0.011235955056179775,0.0,0.0,0.0,0.0,0.0,0.0,0.0,0.06666666666666667,0.0,0.0,0.0,0.0,0.2327563936967193,0.18309859154929575,0.28949579831932754,1.0,1.0,1.0,,1.0,1.0,,0.7272727272727273,1.0,,
Spyware-TIBS-4be371dc9c56aee4db39813c6f66bf51613aeb5f82eef40bda40c2024339e79c-9.raw,0.14705882352941177,0.07142857142857142,0.6234511071557657,,0.9525969158552396,0.33945945945945943,0.938647342995169,0.472794277043139,0.9492770763001668,,0.26227208976157085,0.6104441776710684,0.25925925925925924,0.4247104247104247,0.40229885057471265,0.2,0.4331395348837209,0.45098039215686275,0.34946236559139787,0.4122137404580153,0.3333333333333333,0.296875,0.3333333333333333,0.3688370824387161,0.2427740071603362,0.3688370824387161,0.011235955056179775,4.630058338735068e-05,0.011235955056179775,0.0,0.0,0.0,0.0,0.0,0.0,0.0,0.06666666666666667,0.0,0.0,0.0,0.0,0.2555756479807115,0.1966614501825767,0.3156136528685546,1.0,1.0,1.0,,1.0,1.0,,0.7272727272727273,1.0,,
Spyware-TIBS-3a9761469b4af524762205221f937a180f559960410e9f87fbfe6f68d9eb2adf-3.raw,0.0,0.0,0.9535997053949548,,0.7302652568120925,0.04108108108108108,0.7909090909090911,0.06481682202471277,0.7113745857519983,,0.16269284712482468,0.06962785114045618,0.0,0.032818532818532815,0.34942528735632183,0.01818181818181818,0.020348837209302327,0.0196078431372549,0.010752688172043012,0.061068702290076333,0.21428571428571427,0.140625,0.21428571428571427,0.4724320173716093,0.3901419099051962,0.4724320173716093,0.0,0.0,0.0,0.0,0.0,0.0,0.0,0.0,0.0,0.0,0.06666666666666667,0.0,0.0,0.0,0.0,0.4007890843333884,0.2829705505761845,0.4818181818181817,0.0,0.6363636363636364,0.5,,0.6666666666666666,0.6666666666666666,,0.18181818181818182,1.0,,
Spyware-TIBS-0f624c1b97ad1d04f9173ecb49bb1ac94277c66c6879746033efa0d49952742a-6.raw,0.0,0.0,0.6648867611857852,,0.6854402060122744,0.04432432432432432,0.7995059288537549,0.04053761109906785,0.66341024603484,,0.16830294530154277,0.07202881152460984,0.0,0.03861003861003861,0.06666666666666667,0.01818181818181818,0.020348837209302327,0.0196078431372549,0.021505376344086023,0.061068702290076333,0.23809523809523808,0.15625,0.23809523809523808,0.523978816875774,0.4344045308964054,0.523978816875774,0.0,0.0,0.0,0.0,0.0,0.0,0.0,0.0,0.0,0.0,0.06666666666666667,0.0,0.0,0.0,0.0,0.4007890843333884,0.2829705505761845,0.4818181818181817,0.0,0.6363636363636364,0.5,,0.6666666666666666,0.6666666666666666,,0.18181818181818182,1.0,,
Spyware-TIBS-4e65b0d172187e6938edfb8f499cde610cc5a34985b4ba9b309e5c7069e7b8bd-5.raw,0.0,0.0,0.6236420548701895,,0.6310097871839234,0.04108108108108108,0.7909090909090911,0.011055712117927595,0.6051678335211473,,0.16269284712482468,0.013205282112845138,0.0,0.032818532818532815,0.004597701149425287,0.01818181818181818,0.020348837209302327,0.0196078431372549,0.010752688172043012,0.061068702290076333,0.21428571428571427,0.140625,0.21428571428571427,0.4724320173716093,0.3901419099051962,0.4724320173716093,0.0,0.0,0.0,0.0,0.0,0.0,0.0,0.0,0.0,0.0,0.06666666666666667,0.0,0.0,0.0,0.0,0.4007890843333884,0.2829705505761845,0.4818181818181817,0.0,0.6363636363636364,0.5,,0.6666666666666666,0.6666666666666666,,0.18181818181818182,1.0,,
Spyware-TIBS-0f624c1b97ad1d04f9173ecb49bb1ac94277c66c6879746033efa0d49952742a-3.raw,0.0,0.0,0.9587552936844044,,0.7402708485084807,0.04108108108108108,0.7909090909090911,0.07023628874918708,0.7220809115817213,,0.16269284712482468,0.07503001200480192,0.0,0.032818532818532815,0.36091954022988504,0.01818181818181818,0.020348837209302327,0.0196078431372549,0.010752688172043012,0.061068702290076333,0.21428571428571427,0.140625,0.21428571428571427,0.4724320173716093,0.3901419099051962,0.4724320173716093,0.0,0.0,0.0,0.0,0.0,0.0,0.0,0.0,0.0,0.0,0.06666666666666667,0.0,0.0,0.0,0.0,0.4007890843333884,0.2829705505761845,0.4818181818181817,0.0,0.6363636363636364,0.5,,0.6666666666666666,0.6666666666666666,,0.18181818181818182,1.0,,
Spyware-TIBS-4d5aa73b369603d2d1e968ddb66faebb6ce7fd90156f8f9b703abadc446598b8-9.raw,0.14705882352941177,0.07142857142857142,0.6192502574384364,,0.9516185913338148,0.34486486486486484,0.9503220611916272,0.47214394103620205,0.9482302355523714,,0.26227208976157085,0.6086434573829532,0.25925925925925924,0.4247104247104247,0.39080459770114945,0.2,0.4331395348837209,0.45098039215686275,0.34946236559139787,0.42748091603053434,0.3333333333333333,0.296875,0.3333333333333333,0.3634562067807559,0.23321546015681177,0.3634562067807559,0.011235955056179775,4.630058338735068e-05,0.011235955056179775,0.0,0.0,0.0,0.0,0.0,0.0,0.0,0.06666666666666667,0.0,0.0,0.0,0.0,0.2555756479807115,0.1966614501825767,0.3156136528685546,1.0,1.0,1.0,,1.0,1.0,,0.7272727272727273,1.0,,
Spyware-TIBS-5d380e4063a71521883a8c322328dbdaf828d587613fcb87fff06f1250696a27-6.raw,0.0,0.0,0.6700423494752348,,0.6830388640051411,0.04432432432432432,0.7995059288537549,0.03923693908519402,0.6608407278357064,,0.16830294530154277,0.06782713085234093,0.0,0.03861003861003861,0.06896551724137931,0.01818181818181818,0.020348837209302327,0.0196078431372549,0.021505376344086023,0.061068702290076333,0.23809523809523808,0.15625,0.23809523809523808,0.523978816875774,0.4344045308964054,0.523978816875774,0.0,0.0,0.0,0.0,0.0,0.0,0.0,0.0,0.0,0.0,0.06666666666666667,0.0,0.0,0.0,0.0,0.4007890843333884,0.2829705505761845,0.4818181818181817,0.0,0.6363636363636364,0.5,,0.6666666666666666,0.6666666666666666,,0.18181818181818182,1.0,,
Spyware-TIBS-4f4091323fa48a901e1e188199a12a30ff363129ad53d4a08d68528c666b1e68-3.raw,0.0,0.0,0.943288528816056,,0.728264138472815,0.04108108108108108,0.7909090909090911,0.0637329286798179,0.7092333205860537,,0.16269284712482468,0.06722689075630252,0.0,0.032818532818532815,0.3448275862068966,0.01818181818181818,0.020348837209302327,0.0196078431372549,0.010752688172043012,0.061068702290076333,0.21428571428571427,0.140625,0.21428571428571427,0.4724320173716093,0.3901419099051962,0.4724320173716093,0.0,0.0,0.0,0.0,0.0,0.0,0.0,0.0,0.0,0.0,0.06666666666666667,0.0,0.0,0.0,0.0,0.4007890843333884,0.2829705505761845,0.4818181818181817,0.0,0.6363636363636364,0.5,,0.6666666666666666,0.6666666666666666,,0.18181818181818182,1.0,,
Spyware-TIBS-1efdeb94cc56a153cab3066f602f5eb47a42fdf70441069ac36bc090e294ba26-2.raw,0.0,0.0,0.9845332351316516,,0.7690869525940783,0.04108108108108108,0.7909090909090911,0.08584435291567309,0.7529151299713233,,0.1767180925666199,0.07202881152460984,0.0,0.032818532818532815,0.33793103448275863,0.01818181818181818,0.020348837209302327,0.0196078431372549,0.010752688172043012,0.061068702290076333,0.21428571428571427,0.140625,0.21428571428571427,0.4724320173716093,0.3901419099051962,0.4724320173716093,0.0,0.0,0.0,0.0,0.0,0.0,0.0,0.0,0.0,0.0,0.06666666666666667,0.0,0.0,0.0,0.0,0.4007890843333884,0.2829705505761845,0.4818181818181817,0.0,0.6363636363636364,0.5,,0.6666666666666666,0.6666666666666666,,0.18181818181818182,1.0,,
Spyware-TIBS-3ba4be964cd4c7a5ef3da7abfed484aacf492d7eb879c54e79db734db7a1f3cf-1.raw,0.0,0.0,0.9690664702633032,,0.7698873999297892,0.03891891891891892,0.7851778656126482,0.08627791025363105,0.7537716360377009,,0.17391304347826086,0.0702280912364946,0.0,0.017374517374517374,0.34022988505747126,0.01818181818181818,0.020348837209302327,0.0196078431372549,0.010752688172043012,0.061068702290076333,0.19047619047619047,0.125,0.19047619047619047,0.4189987635880066,0.34291252176356324,0.4189987635880066,0.0,0.0,0.0,0.0,0.0,0.0,0.0,0.0,0.0,0.0,0.0,0.0,0.0,0.0,0.0,0.4007890843333884,0.2829705505761845,0.3023172905525847,0.0,0.6363636363636364,0.5,,0.6666666666666666,0.6666666666666666,,0.18181818181818182,1.0,,
Spyware-TIBS-3a9761469b4af524762205221f937a180f559960410e9f87fbfe6f68d9eb2adf-4.raw,0.0,0.0,0.6648867611857852,,0.6578247729302432,0.04108108108108108,0.7909090909090911,0.025579882939518753,0.6338607867448046,,0.16269284712482468,0.028811524609843937,0.0,0.032818532818532815,0.08045977011494253,0.01818181818181818,0.020348837209302327,0.0196078431372549,0.010752688172043012,0.061068702290076333,0.21428571428571427,0.140625,0.21428571428571427,0.4724320173716093,0.3901419099051962,0.4724320173716093,0.0,0.0,0.0,0.0,0.0,0.0,0.0,0.0,0.0,0.0,0.06666666666666667,0.0,0.0,0.0,0.0,0.4007890843333884,0.2829705505761845,0.4818181818181817,0.0,0.6363636363636364,0.5,,0.6666666666666666,0.6666666666666666,,0.18181818181818182,1.0,,
Spyware-TIBS-3b63fad1545031b6e3e133a2f900fb18873bbee514e0b3ce8417d33afe1bce31-8.raw,0.14705882352941177,0.07142857142857142,0.6654596043290577,,0.9724895144575398,0.33945945945945943,0.938647342995169,0.48601777585085626,0.9705628381720008,,0.26227208976157085,0.6260504201680672,0.25925925925925924,0.4247104247104247,0.4528735632183908,0.2,0.4331395348837209,0.45098039215686275,0.34946236559139787,0.4122137404580153,0.3333333333333333,0.296875,0.3333333333333333,0.3688370824387161,0.2427740071603362,0.3688370824387161,0.011235955056179775,4.630058338735068e-05,0.011235955056179775,0.0,0.0,0.0,0.0,0.0,0.0,0.0,0.06666666666666667,0.0,0.0,0.0,0.0,0.2555756479807115,0.1966614501825767,0.3156136528685546,1.0,1.0,1.0,,1.0,1.0,,0.7272727272727273,1.0,,
Spyware-TIBS-0f624c1b97ad1d04f9173ecb49bb1ac94277c66c6879746033efa0d49952742a-5.raw,0.0,0.0,0.6184864665807401,,0.6330109055232009,0.04108108108108108,0.7909090909090911,0.012139605462822459,0.6073090986870919,,0.16269284712482468,0.01800720288115246,0.0,0.032818532818532815,0.004597701149425287,0.01818181818181818,0.020348837209302327,0.0196078431372549,0.010752688172043012,0.061068702290076333,0.21428571428571427,0.140625,0.21428571428571427,0.4724320173716093,0.3901419099051962,0.4724320173716093,0.0,0.0,0.0,0.0,0.0,0.0,0.0,0.0,0.0,0.0,0.06666666666666667,0.0,0.0,0.0,0.0,0.4007890843333884,0.2829705505761845,0.4818181818181817,0.0,0.6363636363636364,0.5,,0.6666666666666666,0.6666666666666666,,0.18181818181818182,1.0,,
Spyware-TIBS-5d380e4063a71521883a8c322328dbdaf828d587613fcb87fff06f1250696a27-7.raw,0.14705882352941177,0.07142857142857142,0.6948655523503616,,0.9881427068003336,0.34486486486486484,0.9503220611916272,0.49642315196184694,0.9873122901367228,,0.26367461430575034,0.6398559423769508,0.25925925925925924,0.42277992277992277,0.49195402298850577,0.2,0.4331395348837209,0.45098039215686275,0.34946236559139787,0.42748091603053434,0.3333333333333333,0.296875,0.3333333333333333,0.3634562067807559,0.23321546015681177,0.3634562067807559,0.011235955056179775,4.630058338735068e-05,0.011235955056179775,0.0,0.0,0.0,0.0,0.0,0.0,0.0,0.06666666666666667,0.0,0.0,0.0,0.0,0.2555756479807115,0.1966614501825767,0.3156136528685546,1.0,1.0,1.0,,1.0,1.0,,0.7272727272727273,1.0,,
Spyware-TIBS-4b3f335e9a8b663f8c39314ce147f474d53abdbd1fccdd262097b640b4a11342-7.raw,0.14705882352941177,0.07142857142857142,0.6948655523503616,,0.9907515721907992,0.33945945945945943,0.938647342995169,0.49815738131367876,0.9901038654641766,,0.26367461430575034,0.6398559423769508,0.25925925925925924,0.42277992277992277,0.49885057471264366,0.2,0.4331395348837209,0.45098039215686275,0.34946236559139787,0.4122137404580153,0.3333333333333333,0.296875,0.3333333333333333,0.3688370824387161,0.2427740071603362,0.3688370824387161,0.011235955056179775,4.630058338735068e-05,0.011235955056179775,0.0,0.0,0.0,0.0,0.0,0.0,0.0,0.06666666666666667,0.0,0.0,0.0,0.0,0.2555756479807115,0.1966614501825767,0.3156136528685546,1.0,1.0,1.0,,1.0,1.0,,0.7272727272727273,1.0,,
Spyware-TIBS-4e65b0d172187e6938edfb8f499cde610cc5a34985b4ba9b309e5c7069e7b8bd-9.raw,0.14705882352941177,0.07142857142857142,0.6486562054597407,,0.970858973588499,0.34702702702702704,0.9549919484702093,0.4849338825059614,0.9688181035923425,,0.2664796633941094,0.6260504201680672,0.25925925925925924,0.4266409266409266,0.43448275862068964,0.2,0.4418604651162791,0.45098039215686275,0.3548387096774194,0.4351145038167939,0.38095238095238093,0.328125,0.38095238095238093,0.4479331422063406,0.3100822364241165,0.4479331422063406,0.011235955056179775,4.630058338735068e-05,0.011235955056179775,0.0,0.0,0.0,0.0,0.0,0.0,0.0,0.06666666666666667,0.0,0.0,0.0,0.0,0.2555756479807115,0.1966614501825767,0.3156136528685546,1.0,1.0,1.0,,1.0,1.0,,0.7272727272727273,1.0,,
Spyware-TIBS-5d380e4063a71521883a8c322328dbdaf828d587613fcb87fff06f1250696a27-5.raw,0.0,0.0,0.6236420548701895,,0.6298091161803566,0.04108108108108108,0.7909090909090911,0.01040537611099068,0.6038830744215805,,0.16269284712482468,0.013805522208883553,0.0,0.032818532818532815,0.006896551724137931,0.01818181818181818,0.020348837209302327,0.0196078431372549,0.010752688172043012,0.061068702290076333,0.21428571428571427,0.140625,0.21428571428571427,0.4724320173716093,0.3901419099051962,0.4724320173716093,0.0,0.0,0.0,0.0,0.0,0.0,0.0,0.0,0.0,0.0,0.06666666666666667,0.0,0.0,0.0,0.0,0.4007890843333884,0.2829705505761845,0.4818181818181817,0.0,0.6363636363636364,0.5,,0.6666666666666666,0.6666666666666666,,0.18181818181818182,1.0,,
Spyware-TIBS-03d5ee287fdddbfbc90cd0547b7dd0dffe3f47af2095015eca70cafb4d1ae254-7.raw,0.14705882352941177,0.07142857142857142,0.699066402067691,,0.9881427068003336,0.34054054054054056,0.9409822866344602,0.49642315196184694,0.9873122901367228,,0.26367461430575034,0.6392557022809123,0.25925925925925924,0.42277992277992277,0.496551724137931,0.2,0.4331395348837209,0.45098039215686275,0.34946236559139787,0.4122137404580153,0.3333333333333333,0.296875,0.3333333333333333,0.36775744136466787,0.24085614088555193,0.36775744136466787,0.011235955056179775,4.630058338735068e-05,0.011235955056179775,0.0,0.0,0.0,0.0,0.0,0.0,0.0,0.06666666666666667,0.0,0.0,0.0,0.0,0.2555756479807115,0.1966614501825767,0.3156136528685546,1.0,1.0,1.0,,1.0,1.0,,0.8181818181818182,1.0,,
Spyware-TIBS-4be371dc9c56aee4db39813c6f66bf51613aeb5f82eef40bda40c2024339e79c-6.raw,0.0,0.0,0.6700423494752348,,0.6850399823444187,0.04432432432432432,0.7995059288537549,0.04032083243008888,0.6629819930016508,,0.16830294530154277,0.0702280912364946,0.0,0.03861003861003861,0.07126436781609195,0.01818181818181818,0.020348837209302327,0.0196078431372549,0.021505376344086023,0.061068702290076333,0.23809523809523808,0.15625,0.23809523809523808,0.523978816875774,0.4344045308964054,0.523978816875774,0.0,0.0,0.0,0.0,0.0,0.0,0.0,0.0,0.0,0.0,0.06666666666666667,0.0,0.0,0.0,0.0,0.4007890843333884,0.2829705505761845,0.4818181818181817,0.0,0.6363636363636364,0.5,,0.6666666666666666,0.6666666666666666,,0.18181818181818182,1.0,,
Spyware-TIBS-4e65b0d172187e6938edfb8f499cde610cc5a34985b4ba9b309e5c7069e7b8bd-2.raw,0.0,0.0,0.9742220585527528,,0.7706878472655002,0.04108108108108108,0.7909090909090911,0.08671146759158899,0.7546281421040788,,0.17952314165497896,0.0744297719087635,0.0,0.032818532818532815,0.32873563218390806,0.01818181818181818,0.020348837209302327,0.0196078431372549,0.010752688172043012,0.061068702290076333,0.21428571428571427,0.140625,0.21428571428571427,0.4724320173716093,0.3901419099051962,0.4724320173716093,0.0,0.0,0.0,0.0,0.0,0.0,0.0,0.0,0.0,0.0,0.06666666666666667,0.0,0.0,0.0,0.0,0.4007890843333884,0.2829705505761845,0.4818181818181817,0.0,0.6363636363636364,0.5,,0.6666666666666666,0.6666666666666666,,0.18181818181818182,1.0,,
Spyware-TIBS-6e274cbbdefce4f2bcb3543da3f4043319541e51a110356e68cea2ae85153427-6.raw,0.0,0.0,0.659731172896336,,0.6874413243515519,0.04432432432432432,0.7995059288537549,0.04162150444396272,0.6655515112007845,,0.1753155680224404,0.07142857142857142,0.0,0.04247104247104247,0.06206896551724138,0.01818181818181818,0.020348837209302327,0.0196078431372549,0.021505376344086023,0.061068702290076333,0.23809523809523808,0.15625,0.23809523809523808,0.523978816875774,0.4344045308964054,0.523978816875774,0.0,0.0,0.0,0.0,0.0,0.0,0.0,0.0,0.0,0.0,0.06666666666666667,0.0,0.0,0.0,0.0,0.4007890843333884,0.2829705505761845,0.4818181818181817,0.0,0.6363636363636364,0.5,,0.6666666666666666,0.6666666666666666,,0.18181818181818182,1.0,,
Spyware-TIBS-7cbae8b99aad8d5f683842fe9b1d44647599dfa2c73feac803baa1f9cbf789a8-9.raw,0.14705882352941177,0.07142857142857142,0.6276519568730948,,0.954553564898089,0.33945945945945943,0.938647342995169,0.47409494905701277,0.9513707577957571,,0.26227208976157085,0.6092436974789915,0.25925925925925924,0.42084942084942084,0.4045977011494253,0.2,0.4331395348837209,0.45098039215686275,0.34946236559139787,0.4122137404580153,0.3333333333333333,0.296875,0.3333333333333333,0.3688370824387161,0.2427740071603362,0.3688370824387161,0.011235955056179775,4.630058338735068e-05,0.011235955056179775,0.0,0.0,0.0,0.0,0.0,0.0,0.0,0.06666666666666667,0.0,0.0,0.0,0.0,0.2555756479807115,0.1966614501825767,0.3156136528685546,1.0,1.0,1.0,,1.0,1.0,,0.7272727272727273,1.0,,
Spyware-TIBS-45f85eaf165337665b247db9aecc04e018d6402f73da2730fc66b885252abe7e-7.raw,0.14705882352941177,0.07142857142857142,0.6696604540463869,,0.975424488021814,0.33945945945945943,0.938647342995169,0.48796878387166703,0.9737033604153866,,0.26227208976157085,0.6266506602641057,0.25925925925925924,0.42277992277992277,0.46206896551724136,0.2,0.4331395348837209,0.45098039215686275,0.34946236559139787,0.4122137404580153,0.3333333333333333,0.296875,0.3333333333333333,0.3688370824387161,0.2427740071603362,0.3688370824387161,0.011235955056179775,4.630058338735068e-05,0.011235955056179775,0.0,0.0,0.0,0.0,0.0,0.0,0.0,0.06666666666666667,0.0,0.0,0.0,0.0,0.2555756479807115,0.1966614501825767,0.3156136528685546,1.0,1.0,1.0,,1.0,1.0,,0.7272727272727273,1.0,,
Spyware-TIBS-8d05ac658cc148b5089cba5909d167e79b2ee62d09dfdba71234792f184da271-8.raw,0.14705882352941177,0.07142857142857142,0.6696604540463869,,0.9734678389789647,0.33945945945945943,0.938647342995169,0.4866681118577932,0.9716096789197962,,0.26227208976157085,0.6254501800720288,0.25925925925925924,0.42084942084942084,0.4528735632183908,0.2,0.4331395348837209,0.45098039215686275,0.34946236559139787,0.4122137404580153,0.3333333333333333,0.296875,0.3333333333333333,0.3688370824387161,0.2427740071603362,0.3688370824387161,0.011235955056179775,4.630058338735068e-05,0.011235955056179775,0.0,0.0,0.0,0.0,0.0,0.0,0.0,0.06666666666666667,0.0,0.0,0.0,0.0,0.2555756479807115,0.1966614501825767,0.3156136528685546,1.0,1.0,1.0,,1.0,1.0,,0.7272727272727273,1.0,,
Spyware-TIBS-76ba065d9bbd91b3a2a24ae4c092e3dce4f2555b79ea5c14bc3ff9495ff7e965-4.raw,0.0,0.0,0.6287976431596394,,0.6482194049017107,0.04108108108108108,0.7909090909090911,0.02037719488402341,0.6235827139482706,,0.16269284712482468,0.025210084033613446,0.0,0.032818532818532815,0.041379310344827586,0.01818181818181818,0.020348837209302327,0.0196078431372549,0.010752688172043012,0.061068702290076333,0.21428571428571427,0.140625,0.21428571428571427,0.4724320173716093,0.3901419099051962,0.4724320173716093,0.0,0.0,0.0,0.0,0.0,0.0,0.0,0.0,0.0,0.0,0.06666666666666667,0.0,0.0,0.0,0.0,0.4007890843333884,0.2829705505761845,0.4818181818181817,0.0,0.6363636363636364,0.5,,0.6666666666666666,0.6666666666666666,,0.18181818181818182,1.0,,
Spyware-TIBS-89a8dd64095295fe228f580ae94893cd8a6cd628ee3f36ae208b6d7ff79a7e55-3.raw,0.0,0.0,0.9742220585527528,,0.7486755455334465,0.04108108108108108,0.7909090909090911,0.0747886407977455,0.7310742252786884,,0.16690042075736325,0.07142857142857142,0.0,0.032818532818532815,0.3563218390804598,0.01818181818181818,0.020348837209302327,0.0196078431372549,0.010752688172043012,0.061068702290076333,0.21428571428571427,0.140625,0.21428571428571427,0.4724320173716093,0.3901419099051962,0.4724320173716093,0.0,0.0,0.0,0.0,0.0,0.0,0.0,0.0,0.0,0.0,0.06666666666666667,0.0,0.0,0.0,0.0,0.4007890843333884,0.2829705505761845,0.4818181818181817,0.0,0.6363636363636364,0.5,,0.6666666666666666,0.6666666666666666,,0.18181818181818182,1.0,,
Spyware-TIBS-6e996c9ce02c848f4a648e77d67ca89da64badb09faf00c5edbdea6cf7e2b93d-5.raw,0.0,0.0,0.6339532314490886,,0.6342115765267674,0.04108108108108108,0.7909090909090911,0.012789941469759376,0.6085938577866585,,0.16269284712482468,0.015606242496998799,0.0,0.032818532818532815,0.013793103448275862,0.01818181818181818,0.020348837209302327,0.0196078431372549,0.010752688172043012,0.061068702290076333,0.21428571428571427,0.140625,0.21428571428571427,0.4724320173716093,0.3901419099051962,0.4724320173716093,0.0,0.0,0.0,0.0,0.0,0.0,0.0,0.0,0.0,0.0,0.06666666666666667,0.0,0.0,0.0,0.0,0.4007890843333884,0.2829705505761845,0.4818181818181817,0.0,0.6363636363636364,0.5,,0.6666666666666666,0.6666666666666666,,0.18181818181818182,1.0,,
Spyware-TIBS-19f82488e174dbe2b094ad9e520ee3956ef6c14f8faf5bd0bb368f0ea73de6ef-2.raw,0.0,0.0,0.963910881973854,,0.7722887419369223,0.04108108108108108,0.7909090909090911,0.08757858226750488,0.7563411542368345,,0.18373071528751753,0.07382953181272509,0.0,0.032818532818532815,0.3333333333333333,0.01818181818181818,0.020348837209302327,0.0196078431372549,0.016129032258064516,0.061068702290076333,0.21428571428571427,0.140625,0.21428571428571427,0.4724320173716093,0.3901419099051962,0.4724320173716093,0.0,0.0,0.0,0.0,0.0,0.0,0.0,0.0,0.0,0.0,0.06666666666666667,0.0,0.0,0.0,0.0,0.4007890843333884,0.2829705505761845,0.4818181818181817,0.0,0.6363636363636364,0.5,,0.6666666666666666,0.6666666666666666,,0.18181818181818182,1.0,,
Spyware-TIBS-40a45471e1b7f0ad943f0e2f736afb24b7048c09caf44befbfaf8c10c89aca25-3.raw,0.0,0.0,0.9690664702633032,,0.7458739798584579,0.03027027027027027,0.7622529644268777,0.07327119011489269,0.728076454046366,,0.17251051893408134,0.06182472989195678,0.0,0.003861003861003861,0.34022988505747126,0.01818181818181818,0.00872093023255814,0.0196078431372549,0.005376344086021506,0.061068702290076333,0.07142857142857142,0.046875,0.07142857142857142,0.14435705813087024,0.09750434386566618,0.14435705813087024,0.0,0.0,0.0,0.0,0.1,0.0,0.07692307692307693,0.1,0.07692307692307693,0.1,0.13333333333333333,0.23043478260869565,0.0,0.177257525083612,0.23043478260869565,0.554210236653825,0.4856093080220452,0.6144927536231886,0.0,0.6363636363636364,0.5,,0.6666666666666666,0.6666666666666666,,0.18181818181818182,1.0,,
Spyware-TIBS-10f9ff1e9f0cddbac2bf5dd5921a15f8c925fa57b2a1d2f9f10772a3b6bba6b2-7.raw,0.14705882352941177,0.07142857142857142,0.699066402067691,,0.983903300540827,0.33945945945945943,0.938647342995169,0.4936050292651203,0.9827759802296108,,0.26227208976157085,0.631452581032413,0.25925925925925924,0.42277992277992277,0.48735632183908045,0.2,0.4331395348837209,0.45098039215686275,0.34946236559139787,0.4122137404580153,0.3333333333333333,0.296875,0.3333333333333333,0.3688370824387161,0.2427740071603362,0.3688370824387161,0.011235955056179775,4.630058338735068e-05,0.011235955056179775,0.0,0.0,0.0,0.0,0.0,0.0,0.0,0.06666666666666667,0.0,0.0,0.0,0.0,0.2555756479807115,0.1966614501825767,0.3156136528685546,1.0,1.0,1.0,,1.0,1.0,,0.7272727272727273,1.0,,
Spyware-TIBS-8fdea52e2c3a415a4be17226fc6cd3fe62e4b49fc156b4a828a0bec730b1cdc5-1.raw,0.0,0.0,0.9742220585527528,,0.7666856105869452,0.03891891891891892,0.7851778656126482,0.08454368090179926,0.7503456117721897,,0.18373071528751753,0.06542617046818727,0.0,0.017374517374517374,0.3333333333333333,0.01818181818181818,0.020348837209302327,0.0196078431372549,0.010752688172043012,0.061068702290076333,0.19047619047619047,0.125,0.19047619047619047,0.4189987635880066,0.34291252176356324,0.4189987635880066,0.0,0.0,0.0,0.0,0.1,0.0,0.07692307692307693,0.1,0.07692307692307693,0.1,0.06666666666666667,0.23043478260869565,0.0,0.177257525083612,0.23043478260869565,0.554210236653825,0.4856093080220452,0.4427962489343561,0.0,0.6363636363636364,0.5,,0.6666666666666666,0.6666666666666666,,0.18181818181818182,1.0,,
Spyware-TIBS-49bb6d6117975b63789c7307ca5c4b166239b7d2c342f80a2487dfe99ef438f2-2.raw,0.0,0.0,0.9690664702633032,,0.7694871762619337,0.04108108108108108,0.7909090909090911,0.08606113158465208,0.7533433830045121,,0.18373071528751753,0.07202881152460984,0.0,0.032818532818532815,0.3218390804597701,0.01818181818181818,0.020348837209302327,0.0196078431372549,0.016129032258064516,0.061068702290076333,0.21428571428571427,0.140625,0.21428571428571427,0.4724320173716093,0.3901419099051962,0.4724320173716093,0.0,0.0,0.0,0.0,0.2,0.0,0.15384615384615385,0.2,0.15384615384615385,0.2,0.2,0.44166666666666665,0.0,0.33974358974358965,0.44166666666666665,0.6948462929475591,0.6713615023474178,0.7361111111111113,0.0,0.6363636363636364,0.5,,0.6666666666666666,0.6666666666666666,,0.18181818181818182,1.0,,
Spyware-TIBS-8fdea52e2c3a415a4be17226fc6cd3fe62e4b49fc156b4a828a0bec730b1cdc5-3.raw,0.0,0.0,0.963910881973854,,0.7526777822120019,0.04108108108108108,0.7909090909090911,0.07695642748753523,0.7353567556105777,,0.1767180925666199,0.07202881152460984,0.0,0.032818532818532815,0.33793103448275863,0.01818181818181818,0.020348837209302327,0.0196078431372549,0.010752688172043012,0.061068702290076333,0.21428571428571427,0.140625,0.21428571428571427,0.4724320173716093,0.3901419099051962,0.4724320173716093,0.0,0.0,0.0,0.0,0.0,0.0,0.0,0.0,0.0,0.0,0.06666666666666667,0.0,0.0,0.0,0.0,0.4007890843333884,0.2829705505761845,0.4818181818181817,0.0,0.6363636363636364,0.5,,0.6666666666666666,0.6666666666666666,,0.18181818181818182,1.0,,
Spyware-TIBS-10ef7e0a4f5ea636cdbf2eeeb6403c3ab328568bf47e67dc37b2a73b82bd06d4-1.raw,0.0,0.0,0.943288528816056,,0.7598818082334012,0.03891891891891892,0.7851778656126482,0.08085844352915673,0.7430653102079781,,0.17391304347826086,0.06182472989195678,0.0,0.017374517374517374,0.3103448275862069,0.01818181818181818,0.020348837209302327,0.0196078431372549,0.010752688172043012,0.061068702290076333,0.19047619047619047,0.125,0.19047619047619047,0.4189987635880066,0.34291252176356324,0.4189987635880066,0.0,0.0,0.0,0.0,0.0,0.0,0.0,0.0,0.0,0.0,0.0,0.0,0.0,0.0,0.0,0.4007890843333884,0.2829705505761845,0.3023172905525847,0.0,0.6363636363636364,0.5,,0.6666666666666666,0.6666666666666666,,0.18181818181818182,1.0,,
Spyware-TIBS-10f9ff1e9f0cddbac2bf5dd5921a15f8c925fa57b2a1d2f9f10772a3b6bba6b2-9.raw,0.14705882352941177,0.07142857142857142,0.6192502574384364,,0.9493358341171575,0.33945945945945943,0.938647342995169,0.47062649035334925,0.9457876071408496,,0.26227208976157085,0.6038415366146459,0.25925925925925924,0.4247104247104247,0.38850574712643676,0.2,0.4331395348837209,0.45098039215686275,0.34946236559139787,0.4122137404580153,0.3333333333333333,0.296875,0.3333333333333333,0.3688370824387161,0.2427740071603362,0.3688370824387161,0.011235955056179775,4.630058338735068e-05,0.011235955056179775,0.0,0.0,0.0,0.0,0.0,0.0,0.0,0.06666666666666667,0.0,0.0,0.0,0.0,0.2555756479807115,0.1966614501825767,0.3156136528685546,1.0,1.0,1.0,,1.0,1.0,,0.7272727272727273,1.0,,
Spyware-TIBS-8b374a972ae3f2aa202e216b2ebb61cd7668d1e3803cfcc9bdeb9f7e1a0e70c2-4.raw,0.0,0.0,0.6958202909224818,,0.6650287989516426,0.04108108108108108,0.7909090909090911,0.029481898981140255,0.641569341342205,,0.16269284712482468,0.03181272509003601,0.0,0.032818532818532815,0.10344827586206896,0.01818181818181818,0.020348837209302327,0.0196078431372549,0.010752688172043012,0.061068702290076333,0.21428571428571427,0.140625,0.21428571428571427,0.4724320173716093,0.3901419099051962,0.4724320173716093,0.0,0.0,0.0,0.0,0.2,0.0,0.15384615384615385,0.2,0.15384615384615385,0.2,0.2,0.44166666666666665,0.0,0.33974358974358965,0.44166666666666665,0.6948462929475591,0.6713615023474178,0.7361111111111113,0.0,0.6363636363636364,0.5,,0.6666666666666666,0.6666666666666666,,0.18181818181818182,1.0,,
Spyware-TIBS-8dc489ff4bb652a015176896e29487c60c306a301e7e19e17fc8c357d8265615-1.raw,0.0,0.0,0.9690664702633032,,0.7722887419369223,0.03891891891891892,0.7851778656126482,0.08757858226750488,0.7563411542368345,,0.17391304347826086,0.0702280912364946,0.0,0.017374517374517374,0.35402298850574715,0.01818181818181818,0.020348837209302327,0.0196078431372549,0.010752688172043012,0.061068702290076333,0.19047619047619047,0.125,0.19047619047619047,0.4189987635880066,0.34291252176356324,0.4189987635880066,0.0,0.0,0.0,0.0,0.2,0.0,0.15384615384615385,0.2,0.15384615384615385,0.2,0.13333333333333333,0.44166666666666665,0.0,0.33974358974358965,0.44166666666666665,0.6948462929475591,0.6713615023474178,0.5715686274509806,0.0,0.6363636363636364,0.5,,0.6666666666666666,0.6666666666666666,,0.18181818181818182,1.0,,
Spyware-TIBS-6e996c9ce02c848f4a648e77d67ca89da64badb09faf00c5edbdea6cf7e2b93d-10.raw,0.20588235294117646,0.14285714285714285,0.5772417602651445,,0.9211443447469104,0.45837837837837836,0.982608695652174,0.5653587686971602,0.915621747891167,,0.2805049088359046,0.6728691476590636,0.3333333333333333,0.4671814671814672,0.49885057471264366,0.34545454545454546,0.7034883720930233,0.5686274509803921,0.478494623655914,0.6183206106870229,0.42857142857142855,0.390625,0.42857142857142855,0.41976873179563257,0.2761118206540299,0.41976873179563257,0.011235955056179775,4.630058338735068e-05,0.011235955056179775,0.0,0.3,0.0,0.23076923076923078,0.3,0.23076923076923078,0.3,0.26666666666666666,0.4968750000000002,0.0,0.3822115384615385,0.4968750000000002,0.5600700723327309,0.6179577464788735,0.5715686274509806,1.0,1.0,1.0,,1.0,1.0,,0.7272727272727273,1.0,,
Spyware-TIBS-92a05114ea36ed4ce64ac63d8b6472026537aedd164228ba9c18a95a44d4cbc3-4.raw,0.0,0.0,0.706131467501381,,0.6726330486408976,0.04108108108108108,0.7909090909090911,0.033600693691740735,0.6497061489727946,,0.16269284712482468,0.03961584633853541,0.0,0.032818532818532815,0.12413793103448276,0.01818181818181818,0.020348837209302327,0.0196078431372549,0.010752688172043012,0.061068702290076333,0.21428571428571427,0.140625,0.21428571428571427,0.4724320173716093,0.3901419099051962,0.4724320173716093,0.0,0.0,0.0,0.0,0.0,0.0,0.0,0.0,0.0,0.0,0.06666666666666667,0.0,0.0,0.0,0.0,0.4007890843333884,0.2829705505761845,0.4818181818181817,0.0,0.6363636363636364,0.5,,0.6666666666666666,0.6666666666666666,,0.18181818181818182,1.0,,
Spyware-TIBS-8b374a972ae3f2aa202e216b2ebb61cd7668d1e3803cfcc9bdeb9f7e1a0e70c2-3.raw,0.0,0.0,0.9535997053949548,,0.7446733088548915,0.04108108108108108,0.7909090909090911,0.07262085410795578,0.7267916949467994,,0.1697054698457223,0.06842737094837935,0.0,0.032818532818532815,0.31494252873563217,0.01818181818181818,0.020348837209302327,0.0196078431372549,0.010752688172043012,0.061068702290076333,0.21428571428571427,0.140625,0.21428571428571427,0.4724320173716093,0.3901419099051962,0.4724320173716093,0.0,0.0,0.0,0.0,0.2,0.0,0.15384615384615385,0.2,0.15384615384615385,0.2,0.2,0.44166666666666665,0.0,0.33974358974358965,0.44166666666666665,0.6948462929475591,0.6713615023474178,0.7361111111111113,0.0,0.6363636363636364,0.5,,0.6666666666666666,0.6666666666666666,,0.18181818181818182,1.0,,
Spyware-TIBS-90c50fdd82efd7f377529b07f07b58d9c836a94bbee69bc016385c907f926021-3.raw,0.0,0.0,0.9535997053949548,,0.7294648094763817,0.04108108108108108,0.7909090909090911,0.06438326468675483,0.7105180796856206,,0.16269284712482468,0.06842737094837935,0.0,0.032818532818532815,0.3471264367816092,0.01818181818181818,0.020348837209302327,0.0196078431372549,0.010752688172043012,0.061068702290076333,0.21428571428571427,0.140625,0.21428571428571427,0.4724320173716093,0.3901419099051962,0.4724320173716093,0.0,0.0,0.0,0.0,0.0,0.0,0.0,0.0,0.0,0.0,0.06666666666666667,0.0,0.0,0.0,0.0,0.4007890843333884,0.2829705505761845,0.4818181818181817,0.0,0.6363636363636364,0.5,,0.6666666666666666,0.6666666666666666,,0.18181818181818182,1.0,,
Spyware-TIBS-56d78fb94fce19e41d4fd8aa8cc8e76887afbe16f9d0ddf162abf6bbba3cc1e7-6.raw,0.0,0.0,0.6545755846068864,,0.6870411006836963,0.04432432432432432,0.7995059288537549,0.04140472577498374,0.6651232581675954,,0.1753155680224404,0.07262905162064826,0.0,0.03861003861003861,0.06206896551724138,0.01818181818181818,0.020348837209302327,0.0196078431372549,0.021505376344086023,0.061068702290076333,0.23809523809523808,0.15625,0.23809523809523808,0.523978816875774,0.4344045308964054,0.523978816875774,0.0,0.0,0.0,0.0,0.0,0.0,0.0,0.0,0.0,0.0,0.06666666666666667,0.0,0.0,0.0,0.0,0.4007890843333884,0.2829705505761845,0.4818181818181817,0.0,0.6363636363636364,0.5,,0.6666666666666666,0.6666666666666666,,0.18181818181818182,1.0,,
Spyware-TIBS-25ac33bc94decabf1572c58b136cd489a8ec017b0d1ea345b6e37a84423ca2d8-1.raw,0.0,0.0,0.9690664702633032,,0.7686867289262227,0.03891891891891892,0.7851778656126482,0.08562757424669412,0.7524868769381342,,0.17391304347826086,0.06722689075630252,0.0,0.017374517374517374,0.3425287356321839,0.01818181818181818,0.020348837209302327,0.0196078431372549,0.010752688172043012,0.061068702290076333,0.19047619047619047,0.125,0.19047619047619047,0.4189987635880066,0.34291252176356324,0.4189987635880066,0.0,0.0,0.0,0.0,0.1,0.0,0.07692307692307693,0.1,0.07692307692307693,0.1,0.06666666666666667,0.23043478260869565,0.0,0.177257525083612,0.23043478260869565,0.554210236653825,0.4856093080220452,0.4427962489343561,0.0,0.6363636363636364,0.5,,0.6666666666666666,0.6666666666666666,,0.18181818181818182,1.0,,
Spyware-TIBS-90c50fdd82efd7f377529b07f07b58d9c836a94bbee69bc016385c907f926021-8.raw,0.14705882352941177,0.07142857142857142,0.6444553557424114,,0.9604235120266362,0.33945945945945943,0.938647342995169,0.4779969650986343,0.9576518022825276,,0.26227208976157085,0.6152460984393757,0.25925925925925924,0.4247104247104247,0.4298850574712644,0.2,0.4331395348837209,0.45098039215686275,0.34946236559139787,0.4122137404580153,0.3333333333333333,0.296875,0.3333333333333333,0.3688370824387161,0.2427740071603362,0.3688370824387161,0.011235955056179775,4.630058338735068e-05,0.011235955056179775,0.0,0.0,0.0,0.0,0.0,0.0,0.0,0.06666666666666667,0.0,0.0,0.0,0.0,0.2555756479807115,0.1966614501825767,0.3156136528685546,1.0,1.0,1.0,,1.0,1.0,,0.7272727272727273,1.0,,
Spyware-TIBS-8fdea52e2c3a415a4be17226fc6cd3fe62e4b49fc156b4a828a0bec730b1cdc5-7.raw,0.14705882352941177,0.07142857142857142,0.6948655523503616,,0.9865121659312928,0.34486486486486484,0.9503220611916272,0.4953392586169521,0.9855675555570645,,0.270687237026648,0.634453781512605,0.25925925925925924,0.42277992277992277,0.48735632183908045,0.2,0.4331395348837209,0.45098039215686275,0.34946236559139787,0.42748091603053434,0.3333333333333333,0.296875,0.3333333333333333,0.3634562067807559,0.23321546015681177,0.3634562067807559,0.011235955056179775,4.630058338735068e-05,0.011235955056179775,0.0,0.0,0.0,0.0,0.0,0.0,0.0,0.06666666666666667,0.0,0.0,0.0,0.0,0.2555756479807115,0.1966614501825767,0.3156136528685546,1.0,1.0,1.0,,1.0,1.0,,0.7272727272727273,1.0,,
Spyware-TIBS-85ae85a36eb35350175eb3c1b00dcab52d5fe726bab65975a6bb3177c8719da6-7.raw,0.14705882352941177,0.07142857142857142,0.6948655523503616,,0.9848816250622519,0.33945945945945943,0.938647342995169,0.4942553652720572,0.9838228209774061,,0.26367461430575034,0.6350540216086434,0.25925925925925924,0.42277992277992277,0.4896551724137931,0.2,0.4331395348837209,0.45098039215686275,0.34946236559139787,0.4122137404580153,0.3333333333333333,0.296875,0.3333333333333333,0.3688370824387161,0.2427740071603362,0.3688370824387161,0.011235955056179775,4.630058338735068e-05,0.011235955056179775,0.0,0.0,0.0,0.0,0.0,0.0,0.0,0.06666666666666667,0.0,0.0,0.0,0.0,0.2555756479807115,0.1966614501825767,0.3156136528685546,1.0,1.0,1.0,,1.0,1.0,,0.7272727272727273,1.0,,
Spyware-TIBS-8dc489ff4bb652a015176896e29487c60c306a301e7e19e17fc8c357d8265615-7.raw,0.14705882352941177,0.07142857142857142,0.6906647026330326,,0.9894471394955664,0.33945945945945943,0.938647342995169,0.4972902666377628,0.9887080778004497,,0.26367461430575034,0.6374549819927972,0.25925925925925924,0.42277992277992277,0.49885057471264366,0.2,0.4331395348837209,0.45098039215686275,0.34946236559139787,0.4122137404580153,0.3333333333333333,0.296875,0.3333333333333333,0.3688370824387161,0.2427740071603362,0.3688370824387161,0.011235955056179775,4.630058338735068e-05,0.011235955056179775,0.0,0.0,0.0,0.0,0.0,0.0,0.0,0.06666666666666667,0.0,0.0,0.0,0.0,0.2555756479807115,0.1966614501825767,0.3156136528685546,1.0,1.0,1.0,,1.0,1.0,,0.7272727272727273,1.0,,
Spyware-TIBS-97a0246b1c3df21db4449c71eabd9e2e4c622adfc1c6d9a86e151c844c6f4c30-2.raw,0.0,0.0,0.9690664702633032,,0.7638840449119565,0.03891891891891892,0.7851778656126482,0.08302623021894645,0.7473478405398674,,0.17391304347826086,0.0666266506602641,0.0,0.017374517374517374,0.3471264367816092,0.01818181818181818,0.020348837209302327,0.0196078431372549,0.010752688172043012,0.061068702290076333,0.19047619047619047,0.125,0.19047619047619047,0.4189987635880066,0.34291252176356324,0.4189987635880066,0.0,0.0,0.0,0.0,0.0,0.0,0.0,0.0,0.0,0.0,0.06666666666666667,0.0,0.0,0.0,0.0,0.4007890843333884,0.2829705505761845,0.4818181818181817,0.0,0.6363636363636364,0.5,,0.6666666666666666,0.6666666666666666,,0.18181818181818182,1.0,,
Spyware-TIBS-6c524355af15275aa5b7f957574769ce268cbe125214f26c32a1037bc831ee8d-1.raw,0.0,0.0,1.0,,0.7730891892726335,0.03891891891891892,0.7851778656126482,0.08801213960546282,0.7571976603032123,,0.17251051893408134,0.07142857142857142,0.0,0.017374517374517374,0.3632183908045977,0.01818181818181818,0.020348837209302327,0.0196078431372549,0.010752688172043012,0.061068702290076333,0.19047619047619047,0.125,0.19047619047619047,0.4189987635880066,0.34291252176356324,0.4189987635880066,0.0,0.0,0.0,0.0,0.0,0.0,0.0,0.0,0.0,0.0,0.0,0.0,0.0,0.0,0.0,0.4007890843333884,0.2829705505761845,0.3023172905525847,0.0,0.6363636363636364,0.5,,0.6666666666666666,0.6666666666666666,,0.18181818181818182,1.0,,
Spyware-TIBS-6c020f140af8dd853073669a31bb0996b4f0a332a4a3b23b3e708d311b9ec587-6.raw,0.0,0.0,0.6648867611857852,,0.6830388640051411,0.04432432432432432,0.7995059288537549,0.03923693908519402,0.6608407278357064,,0.16830294530154277,0.06782713085234093,0.0,0.03861003861003861,0.06436781609195402,0.01818181818181818,0.020348837209302327,0.0196078431372549,0.021505376344086023,0.061068702290076333,0.23809523809523808,0.15625,0.23809523809523808,0.523978816875774,0.4344045308964054,0.523978816875774,0.0,0.0,0.0,0.0,0.0,0.0,0.0,0.0,0.0,0.0,0.06666666666666667,0.0,0.0,0.0,0.0,0.4007890843333884,0.2829705505761845,0.4818181818181817,0.0,0.6363636363636364,0.5,,0.6666666666666666,0.6666666666666666,,0.18181818181818182,1.0,,
Spyware-TIBS-7c5d590afd39575ec7211e69d22acd56638f9356d955ac4ebca7bc93ad4f439b-7.raw,0.14705882352941177,0.07142857142857142,0.699066402067691,,0.9878165986265256,0.33945945945945943,0.938647342995169,0.496206373292868,0.9869633432207914,,0.26367461430575034,0.6380552220888356,0.25925925925925924,0.42277992277992277,0.49885057471264366,0.2,0.4331395348837209,0.45098039215686275,0.34946236559139787,0.4122137404580153,0.3333333333333333,0.296875,0.3333333333333333,0.3688370824387161,0.2427740071603362,0.3688370824387161,0.011235955056179775,4.630058338735068e-05,0.011235955056179775,0.0,0.0,0.0,0.0,0.0,0.0,0.0,0.06666666666666667,0.0,0.0,0.0,0.0,0.2555756479807115,0.1966614501825767,0.3156136528685546,1.0,1.0,1.0,,1.0,1.0,,0.7272727272727273,0.5,,
Spyware-TIBS-85ae85a36eb35350175eb3c1b00dcab52d5fe726bab65975a6bb3177c8719da6-2.raw,0.0,0.0,0.963910881973854,,0.7674860579226562,0.04108108108108108,0.7909090909090911,0.08497723823975721,0.7512021178385676,,0.1767180925666199,0.07382953181272509,0.0,0.032818532818532815,0.3195402298850575,0.01818181818181818,0.020348837209302327,0.0196078431372549,0.010752688172043012,0.061068702290076333,0.21428571428571427,0.140625,0.21428571428571427,0.4724320173716093,0.3901419099051962,0.4724320173716093,0.0,0.0,0.0,0.0,0.0,0.0,0.0,0.0,0.0,0.0,0.06666666666666667,0.0,0.0,0.0,0.0,0.4007890843333884,0.2829705505761845,0.4818181818181817,0.0,0.6363636363636364,0.5,,0.6666666666666666,0.6666666666666666,,0.18181818181818182,1.0,,
Spyware-TIBS-9aa88b8359d2090f6588d882078813d7c548776d7403627c25f1091a0564fce6-7.raw,0.0,0.0,0.6545755846068864,,0.6750343906480307,0.03567567567567568,0.7765810276679844,0.03490136570561457,0.6522756671719281,,0.1753155680224404,0.06542617046818727,0.0,0.025096525096525095,0.07586206896551724,0.01818181818181818,0.00872093023255814,0.0196078431372549,0.016129032258064516,0.061068702290076333,0.11904761904761904,0.078125,0.11904761904761904,0.2527937177603244,0.19205340175140778,0.2527937177603244,0.0,0.0,0.0,0.0,0.0,0.0,0.0,0.0,0.0,0.0,0.06666666666666667,0.0,0.0,0.0,0.0,0.4007890843333884,0.2829705505761845,0.4818181818181817,0.0,0.6363636363636364,0.5,,0.6666666666666666,0.6666666666666666,,0.18181818181818182,1.0,,
Spyware-TIBS-7cbae8b99aad8d5f683842fe9b1d44647599dfa2c73feac803baa1f9cbf789a8-8.raw,0.14705882352941177,0.07142857142857142,0.6444553557424114,,0.9610757283742527,0.33945945945945943,0.938647342995169,0.47843052243659223,0.9583496961143909,,0.26227208976157085,0.6134453781512605,0.25925925925925924,0.42084942084942084,0.42528735632183906,0.2,0.4331395348837209,0.45098039215686275,0.34946236559139787,0.4122137404580153,0.3333333333333333,0.296875,0.3333333333333333,0.3688370824387161,0.2427740071603362,0.3688370824387161,0.011235955056179775,4.630058338735068e-05,0.011235955056179775,0.0,0.0,0.0,0.0,0.0,0.0,0.0,0.06666666666666667,0.0,0.0,0.0,0.0,0.2555756479807115,0.1966614501825767,0.3156136528685546,1.0,1.0,1.0,,1.0,1.0,,0.7272727272727273,1.0,,
Spyware-TIBS-25ac33bc94decabf1572c58b136cd489a8ec017b0d1ea345b6e37a84423ca2d8-10.raw,0.20588235294117646,0.14285714285714285,0.5459526727153823,,0.9202334908821361,0.46702702702702703,1.0,0.5647084326902233,0.9146471030570132,,0.2805049088359046,0.6698679471788715,0.3333333333333333,0.4671814671814672,0.4735632183908046,0.34545454545454546,0.7034883720930233,0.5686274509803921,0.478494623655914,0.648854961832061,0.42857142857142855,0.390625,0.42857142857142855,0.4115994237203857,0.26193528227238666,0.4115994237203857,0.011235955056179775,4.630058338735068e-05,0.011235955056179775,0.0,0.2,0.0,0.15384615384615385,0.2,0.15384615384615385,0.2,0.26666666666666666,0.3419354838709675,0.0,0.26302729528535956,0.3419354838709675,0.4513795718369017,0.47841890049977287,0.6034155597722959,1.0,1.0,1.0,,1.0,1.0,,0.7272727272727273,1.0,,
Spyware-TIBS-8d1b6b6cb2f44e01ad43b8efaebec065c4047400f1848f23a9e2034b3b710182-8.raw,0.14705882352941177,0.07142857142857142,0.6570579048943991,,0.9669456755028005,0.34486486486486484,0.9503220611916272,0.4823325384782137,0.9646307406011619,,0.26227208976157085,0.6272509003601441,0.25925925925925924,0.4247104247104247,0.432183908045977,0.2,0.4331395348837209,0.45098039215686275,0.34946236559139787,0.42748091603053434,0.3333333333333333,0.296875,0.3333333333333333,0.3634562067807559,0.23321546015681177,0.3634562067807559,0.011235955056179775,4.630058338735068e-05,0.011235955056179775,0.0,0.0,0.0,0.0,0.0,0.0,0.0,0.06666666666666667,0.0,0.0,0.0,0.0,0.2555756479807115,0.1966614501825767,0.3156136528685546,1.0,1.0,1.0,,1.0,1.0,,0.7272727272727273,1.0,,
Spyware-TIBS-97a0246b1c3df21db4449c71eabd9e2e4c622adfc1c6d9a86e151c844c6f4c30-8.raw,0.14705882352941177,0.07142857142857142,0.6234511071557657,,0.9535752403766641,0.33945945945945943,0.938647342995169,0.47344461305007585,0.9503239170479617,,0.26227208976157085,0.6116446578631453,0.25925925925925924,0.4247104247104247,0.4045977011494253,0.2,0.4331395348837209,0.45098039215686275,0.34946236559139787,0.4122137404580153,0.3333333333333333,0.296875,0.3333333333333333,0.3688370824387161,0.2427740071603362,0.3688370824387161,0.011235955056179775,4.630058338735068e-05,0.011235955056179775,0.0,0.0,0.0,0.0,0.0,0.0,0.0,0.06666666666666667,0.0,0.0,0.0,0.0,0.2555756479807115,0.1966614501825767,0.3156136528685546,1.0,1.0,1.0,,1.0,1.0,,0.7272727272727273,1.0,,
Spyware-TIBS-8d05ac658cc148b5089cba5909d167e79b2ee62d09dfdba71234792f184da271-2.raw,0.0,0.0,0.9793776468422024,,0.7590813608976902,0.03891891891891892,0.7851778656126482,0.08042488619119878,0.7422088041416003,,0.17251051893408134,0.06482593037214886,0.0,0.013513513513513514,0.3425287356321839,0.01818181818181818,0.020348837209302327,0.0196078431372549,0.010752688172043012,0.061068702290076333,0.19047619047619047,0.125,0.19047619047619047,0.4189987635880066,0.34291252176356324,0.4189987635880066,0.0,0.0,0.0,0.0,0.0,0.0,0.0,0.0,0.0,0.0,0.06666666666666667,0.0,0.0,0.0,0.0,0.4007890843333884,0.2829705505761845,0.4818181818181817,0.0,0.6363636363636364,0.5,,0.6666666666666666,0.6666666666666666,,0.18181818181818182,1.0,,
Spyware-TIBS-28e57139370f05830b5ffa383fde31916f358d49a03010d6cee044c63e852a82-5.raw,0.0,0.0,0.6184864665807401,,0.634611800194623,0.04108108108108108,0.7909090909090911,0.013006720138738348,0.6090221108198476,,0.16269284712482468,0.017406962785114045,0.0,0.032818532818532815,0.013793103448275862,0.01818181818181818,0.020348837209302327,0.0196078431372549,0.010752688172043012,0.061068702290076333,0.21428571428571427,0.140625,0.21428571428571427,0.4724320173716093,0.3901419099051962,0.4724320173716093,0.0,0.0,0.0,0.0,0.0,0.0,0.0,0.0,0.0,0.0,0.06666666666666667,0.0,0.0,0.0,0.0,0.4007890843333884,0.2829705505761845,0.4818181818181817,0.0,0.6363636363636364,0.5,,0.6666666666666666,0.6666666666666666,,0.18181818181818182,1.0,,
Spyware-TIBS-45f85eaf165337665b247db9aecc04e018d6402f73da2730fc66b885252abe7e-3.raw,0.0,0.0,0.9381329405266068,,0.7410712958441918,0.04108108108108108,0.7909090909090911,0.07066984608714502,0.7229374176480992,,0.16690042075736325,0.07262905162064826,0.0,0.032818532818532815,0.3448275862068966,0.01818181818181818,0.020348837209302327,0.0196078431372549,0.010752688172043012,0.061068702290076333,0.21428571428571427,0.140625,0.21428571428571427,0.4724320173716093,0.3901419099051962,0.4724320173716093,0.0,0.0,0.0,0.0,0.0,0.0,0.0,0.0,0.0,0.0,0.06666666666666667,0.0,0.0,0.0,0.0,0.4007890843333884,0.2829705505761845,0.4818181818181817,0.0,0.6363636363636364,0.5,,0.6666666666666666,0.6666666666666666,,0.18181818181818182,1.0,,
Spyware-TIBS-49bb6d6117975b63789c7307ca5c4b166239b7d2c342f80a2487dfe99ef438f2-10.raw,0.20588235294117646,0.14285714285714285,0.5772417602651445,,0.9272167038454079,0.46378378378378377,0.9934782608695655,0.5696943420767396,0.9221193801188607,,0.2805049088359046,0.6788715486194478,0.3333333333333333,0.4671814671814672,0.5126436781609195,0.34545454545454546,0.7034883720930233,0.5686274509803921,0.478494623655914,0.6335877862595419,0.42857142857142855,0.390625,0.42857142857142855,0.41465165141578175,0.2672319393056032,0.41465165141578175,0.011235955056179775,4.630058338735068e-05,0.011235955056179775,0.0,0.4,0.0,0.3076923076923077,0.4,0.3076923076923077,0.4,0.3333333333333333,0.6424242424242426,0.0,0.4941724941724942,0.6424242424242426,0.6621732697682067,0.7490396927016647,0.661319073083779,1.0,1.0,1.0,,1.0,1.0,,0.7272727272727273,1.0,,
Spyware-TIBS-7ee08dbd8e61fb131cc2258ad23f01c675265c04b502aa8676da524f962a98ab-5.raw,0.0,0.0,0.6184864665807401,,0.634611800194623,0.04108108108108108,0.7909090909090911,0.013006720138738348,0.6090221108198476,,0.16269284712482468,0.015006002400960384,0.0,0.032818532818532815,0.006896551724137931,0.01818181818181818,0.020348837209302327,0.0196078431372549,0.010752688172043012,0.061068702290076333,0.21428571428571427,0.140625,0.21428571428571427,0.4724320173716093,0.3901419099051962,0.4724320173716093,0.0,0.0,0.0,0.0,0.0,0.0,0.0,0.0,0.0,0.0,0.06666666666666667,0.0,0.0,0.0,0.0,0.4007890843333884,0.2829705505761845,0.4818181818181817,0.0,0.6363636363636364,0.5,,0.6666666666666666,0.6666666666666666,,0.18181818181818182,1.0,,
Spyware-TIBS-9c8a2292cad7ae8b939c0fb6a7369ee7a84c470bf463fa473805bfad8c69a7f9-2.raw,0.0,0.0,0.963910881973854,,0.7722887419369223,0.04108108108108108,0.7909090909090911,0.08757858226750488,0.7563411542368345,,0.1767180925666199,0.07743097238895558,0.0,0.032818532818532815,0.33793103448275863,0.01818181818181818,0.020348837209302327,0.0196078431372549,0.010752688172043012,0.061068702290076333,0.21428571428571427,0.140625,0.21428571428571427,0.4724320173716093,0.3901419099051962,0.4724320173716093,0.0,0.0,0.0,0.0,0.0,0.0,0.0,0.0,0.0,0.0,0.06666666666666667,0.0,0.0,0.0,0.0,0.4007890843333884,0.2829705505761845,0.4818181818181817,0.0,0.6363636363636364,0.5,,0.6666666666666666,0.6666666666666666,,0.18181818181818182,1.0,,
Spyware-TIBS-28e57139370f05830b5ffa383fde31916f358d49a03010d6cee044c63e852a82-6.raw,0.0,0.0,0.659731172896336,,0.6842395350087076,0.04432432432432432,0.7995059288537549,0.039887275092130935,0.6621254869352731,,0.16830294530154277,0.06962785114045618,0.0,0.03861003861003861,0.06666666666666667,0.01818181818181818,0.020348837209302327,0.0196078431372549,0.021505376344086023,0.061068702290076333,0.23809523809523808,0.15625,0.23809523809523808,0.523978816875774,0.4344045308964054,0.523978816875774,0.0,0.0,0.0,0.0,0.0,0.0,0.0,0.0,0.0,0.0,0.06666666666666667,0.0,0.0,0.0,0.0,0.4007890843333884,0.2829705505761845,0.4818181818181817,0.0,0.6363636363636364,0.5,,0.6666666666666666,0.6666666666666666,,0.18181818181818182,1.0,,
Spyware-TIBS-8dc489ff4bb652a015176896e29487c60c306a301e7e19e17fc8c357d8265615-5.raw,0.0,0.0,0.6184864665807401,,0.6370131422017562,0.04108108108108108,0.7909090909090911,0.014307392152612184,0.6115916290189811,,0.16269284712482468,0.017406962785114045,0.0,0.032818532818532815,0.01839080459770115,0.01818181818181818,0.020348837209302327,0.0196078431372549,0.010752688172043012,0.061068702290076333,0.21428571428571427,0.140625,0.21428571428571427,0.4724320173716093,0.3901419099051962,0.4724320173716093,0.0,0.0,0.0,0.0,0.0,0.0,0.0,0.0,0.0,0.0,0.06666666666666667,0.0,0.0,0.0,0.0,0.4007890843333884,0.2829705505761845,0.4818181818181817,0.0,0.6363636363636364,0.5,,0.6666666666666666,0.6666666666666666,,0.18181818181818182,1.0,,
Spyware-TIBS-56d78fb94fce19e41d4fd8aa8cc8e76887afbe16f9d0ddf162abf6bbba3cc1e7-9.raw,0.17647058823529413,0.14285714285714285,0.6461056895599337,,0.9839498874227994,0.40864864864864864,0.9816770186335404,0.5519184912204639,0.9828258297890293,,0.2805049088359046,0.673469387755102,0.2962962962962963,0.44594594594594594,0.5195402298850574,0.23636363636363636,0.6918604651162791,0.5098039215686274,0.3709677419354839,0.45038167938931295,0.38095238095238093,0.34375,0.38095238095238093,0.38600461458381397,0.243652706029865,0.38600461458381397,0.011235955056179775,4.630058338735068e-05,0.011235955056179775,0.0,0.0,0.0,0.0,0.0,0.0,0.0,0.06666666666666667,0.0,0.0,0.0,0.0,0.2327563936967193,0.18309859154929575,0.28949579831932754,1.0,1.0,1.0,,1.0,1.0,,0.7272727272727273,1.0,,
Spyware-TIBS-49bb6d6117975b63789c7307ca5c4b166239b7d2c342f80a2487dfe99ef438f2-6.raw,0.0,0.0,0.659731172896336,,0.6834390876729965,0.04432432432432432,0.7995059288537549,0.03945371775417299,0.6612689808688952,,0.16830294530154277,0.06962785114045618,0.0,0.03861003861003861,0.06206896551724138,0.01818181818181818,0.020348837209302327,0.0196078431372549,0.021505376344086023,0.061068702290076333,0.23809523809523808,0.15625,0.23809523809523808,0.523978816875774,0.4344045308964054,0.523978816875774,0.0,0.0,0.0,0.0,0.0,0.0,0.0,0.0,0.0,0.0,0.06666666666666667,0.0,0.0,0.0,0.0,0.4007890843333884,0.2829705505761845,0.4818181818181817,0.0,0.6363636363636364,0.5,,0.6666666666666666,0.6666666666666666,,0.18181818181818182,1.0,,
Spyware-TIBS-7cbae8b99aad8d5f683842fe9b1d44647599dfa2c73feac803baa1f9cbf789a8-1.raw,0.0,0.0,0.9948444117105508,,0.7730891892726335,0.03891891891891892,0.7851778656126482,0.08801213960546282,0.7571976603032123,,0.17391304347826086,0.07082833133253301,0.0,0.013513513513513514,0.3586206896551724,0.01818181818181818,0.020348837209302327,0.0196078431372549,0.010752688172043012,0.061068702290076333,0.19047619047619047,0.125,0.19047619047619047,0.4189987635880066,0.34291252176356324,0.4189987635880066,0.0,0.0,0.0,0.0,0.0,0.0,0.0,0.0,0.0,0.0,0.0,0.0,0.0,0.0,0.0,0.4007890843333884,0.2829705505761845,0.3023172905525847,0.0,0.6363636363636364,0.5,,0.6666666666666666,0.6666666666666666,,0.18181818181818182,1.0,,
Spyware-TIBS-6ff85480282c694f5e64a1fce32938d3f71e0f2aa3e91e8bc139184713b33c56-6.raw,0.0,0.0,0.659731172896336,,0.6858404296801297,0.04432432432432432,0.7995059288537549,0.04075438976804682,0.6638384990680287,,0.16830294530154277,0.0702280912364946,0.0,0.03861003861003861,0.06206896551724138,0.01818181818181818,0.020348837209302327,0.0196078431372549,0.021505376344086023,0.061068702290076333,0.23809523809523808,0.15625,0.23809523809523808,0.523978816875774,0.4344045308964054,0.523978816875774,0.0,0.0,0.0,0.0,0.1,0.0,0.07692307692307693,0.1,0.07692307692307693,0.1,0.13333333333333333,0.23043478260869565,0.0,0.177257525083612,0.23043478260869565,0.554210236653825,0.4856093080220452,0.6144927536231886,0.0,0.6363636363636364,0.5,,0.6666666666666666,0.6666666666666666,,0.18181818181818182,1.0,,
Spyware-TIBS-6e274cbbdefce4f2bcb3543da3f4043319541e51a110356e68cea2ae85153427-5.raw,0.0,0.0,0.6287976431596394,,0.6398147078767449,0.04108108108108108,0.7909090909090911,0.01582484283546499,0.6145894002513035,,0.1697054698457223,0.019807923169267706,0.0,0.03667953667953668,0.01839080459770115,0.01818181818181818,0.020348837209302327,0.0196078431372549,0.010752688172043012,0.061068702290076333,0.21428571428571427,0.140625,0.21428571428571427,0.4724320173716093,0.3901419099051962,0.4724320173716093,0.0,0.0,0.0,0.0,0.0,0.0,0.0,0.0,0.0,0.0,0.06666666666666667,0.0,0.0,0.0,0.0,0.4007890843333884,0.2829705505761845,0.4818181818181817,0.0,0.6363636363636364,0.5,,0.6666666666666666,0.6666666666666666,,0.18181818181818182,1.0,,
Spyware-TIBS-10ef7e0a4f5ea636cdbf2eeeb6403c3ab328568bf47e67dc37b2a73b82bd06d4-3.raw,0.0,0.0,0.9381329405266068,,0.7410712958441918,0.04108108108108108,0.7909090909090911,0.07066984608714502,0.7229374176480992,,0.16690042075736325,0.06722689075630252,0.0,0.032818532818532815,0.32413793103448274,0.01818181818181818,0.020348837209302327,0.0196078431372549,0.010752688172043012,0.061068702290076333,0.21428571428571427,0.140625,0.21428571428571427,0.4724320173716093,0.3901419099051962,0.4724320173716093,0.0,0.0,0.0,0.0,0.0,0.0,0.0,0.0,0.0,0.0,0.06666666666666667,0.0,0.0,0.0,0.0,0.4007890843333884,0.2829705505761845,0.4818181818181817,0.0,0.6363636363636364,0.5,,0.6666666666666666,0.6666666666666666,,0.18181818181818182,1.0,,
Spyware-TIBS-49bb6d6117975b63789c7307ca5c4b166239b7d2c342f80a2487dfe99ef438f2-8.raw,0.14705882352941177,0.07142857142857142,0.6486562054597407,,0.9653151346337597,0.34486486486486484,0.9503220611916272,0.4812486451333189,0.9628860060215035,,0.26227208976157085,0.6218487394957983,0.25925925925925924,0.4247104247104247,0.4367816091954023,0.2,0.4331395348837209,0.45098039215686275,0.34946236559139787,0.42748091603053434,0.3333333333333333,0.296875,0.3333333333333333,0.3634562067807559,0.23321546015681177,0.3634562067807559,0.011235955056179775,4.630058338735068e-05,0.011235955056179775,0.0,0.0,0.0,0.0,0.0,0.0,0.0,0.06666666666666667,0.0,0.0,0.0,0.0,0.2555756479807115,0.1966614501825767,0.3156136528685546,1.0,1.0,1.0,,1.0,1.0,,0.7272727272727273,1.0,,
Spyware-TIBS-9aa88b8359d2090f6588d882078813d7c548776d7403627c25f1091a0564fce6-8.raw,0.14705882352941177,0.07142857142857142,0.6654596043290577,,0.9695545408932662,0.3362162162162162,0.9316425120772949,0.48406676783004554,0.9674223159286156,,0.26928471248246844,0.6236494597839136,0.25925925925925924,0.4111969111969112,0.46206896551724136,0.2,0.42151162790697677,0.45098039215686275,0.34408602150537637,0.42748091603053434,0.21428571428571427,0.21875,0.21428571428571427,0.15260152455040518,0.044171354936614574,0.15260152455040518,0.011235955056179775,4.630058338735068e-05,0.011235955056179775,0.0,0.0,0.0,0.0,0.0,0.0,0.0,0.06666666666666667,0.0,0.0,0.0,0.0,0.2555756479807115,0.1966614501825767,0.3156136528685546,1.0,1.0,1.0,,1.0,1.0,,0.7272727272727273,1.0,,
Spyware-TIBS-7cbae8b99aad8d5f683842fe9b1d44647599dfa2c73feac803baa1f9cbf789a8-3.raw,0.0,0.0,0.9742220585527528,,0.775090307611911,0.04108108108108108,0.7909090909090911,0.08909603295035769,0.7593389254691568,,0.17391304347826086,0.07683073229291716,0.0,0.02895752895752896,0.35172413793103446,0.01818181818181818,0.020348837209302327,0.0196078431372549,0.010752688172043012,0.061068702290076333,0.21428571428571427,0.140625,0.21428571428571427,0.4724320173716093,0.3901419099051962,0.4724320173716093,0.0,0.0,0.0,0.0,0.0,0.0,0.0,0.0,0.0,0.0,0.06666666666666667,0.0,0.0,0.0,0.0,0.4007890843333884,0.2829705505761845,0.4818181818181817,0.0,0.6363636363636364,0.5,,0.6666666666666666,0.6666666666666666,,0.18181818181818182,1.0,,
Spyware-TIBS-67ec0e775d5272086f87e4fa67b7efec044decd79e7eecdb47993d5cb5e9b535-2.raw,0.0,0.0,0.9690664702633032,,0.7754905312797666,0.04108108108108108,0.7909090909090911,0.08931281161933666,0.7597671785023459,,0.18373071528751753,0.07743097238895558,0.0,0.032818532818532815,0.3333333333333333,0.01818181818181818,0.020348837209302327,0.0196078431372549,0.016129032258064516,0.061068702290076333,0.21428571428571427,0.140625,0.21428571428571427,0.4724320173716093,0.3901419099051962,0.4724320173716093,0.0,0.0,0.0,0.0,0.1,0.0,0.07692307692307693,0.1,0.07692307692307693,0.1,0.13333333333333333,0.23043478260869565,0.0,0.177257525083612,0.23043478260869565,0.554210236653825,0.4856093080220452,0.6144927536231886,0.0,0.6363636363636364,0.5,,0.6666666666666666,0.6666666666666666,,0.18181818181818182,1.0,,
Spyware-TIBS-7c5d590afd39575ec7211e69d22acd56638f9356d955ac4ebca7bc93ad4f439b-4.raw,0.0,0.0,0.6751979377646842,,0.6622272332766539,0.04108108108108108,0.7909090909090911,0.02796444829828745,0.6385715701098826,,0.16269284712482468,0.03181272509003601,0.0,0.032818532818532815,0.08735632183908046,0.01818181818181818,0.020348837209302327,0.0196078431372549,0.010752688172043012,0.061068702290076333,0.21428571428571427,0.140625,0.21428571428571427,0.4724320173716093,0.3901419099051962,0.4724320173716093,0.0,0.0,0.0,0.0,0.0,0.0,0.0,0.0,0.0,0.0,0.06666666666666667,0.0,0.0,0.0,0.0,0.4007890843333884,0.2829705505761845,0.4818181818181817,0.0,0.6363636363636364,0.5,,0.6666666666666666,0.6666666666666666,,0.18181818181818182,0.5,,
Spyware-TIBS-25ac33bc94decabf1572c58b136cd489a8ec017b0d1ea345b6e37a84423ca2d8-8.raw,0.14705882352941177,0.07142857142857142,0.6444553557424114,,0.9646629182861433,0.3481081081081081,0.9573268921095008,0.4808150877953609,0.9621881121896402,,0.26227208976157085,0.6188475390156063,0.25925925925925924,0.4247104247104247,0.4367816091954023,0.2,0.4331395348837209,0.45098039215686275,0.34946236559139787,0.44274809160305345,0.3333333333333333,0.296875,0.3333333333333333,0.3602483604917942,0.22751706616255335,0.3602483604917942,0.011235955056179775,4.630058338735068e-05,0.011235955056179775,0.0,0.0,0.0,0.0,0.0,0.0,0.0,0.06666666666666667,0.0,0.0,0.0,0.0,0.2555756479807115,0.1966614501825767,0.3156136528685546,1.0,1.0,1.0,,1.0,1.0,,0.7272727272727273,1.0,,
Spyware-TIBS-8fdea52e2c3a415a4be17226fc6cd3fe62e4b49fc156b4a828a0bec730b1cdc5-6.raw,0.0,0.0,0.6648867611857852,,0.681437969333719,0.04432432432432432,0.7995059288537549,0.03836982440927813,0.6591277157029507,,0.1753155680224404,0.06362545018007203,0.0,0.03861003861003861,0.06206896551724138,0.01818181818181818,0.020348837209302327,0.0196078431372549,0.021505376344086023,0.061068702290076333,0.23809523809523808,0.15625,0.23809523809523808,0.523978816875774,0.4344045308964054,0.523978816875774,0.0,0.0,0.0,0.0,0.0,0.0,0.0,0.0,0.0,0.0,0.06666666666666667,0.0,0.0,0.0,0.0,0.4007890843333884,0.2829705505761845,0.4818181818181817,0.0,0.6363636363636364,0.5,,0.6666666666666666,0.6666666666666666,,0.18181818181818182,1.0,,
Spyware-TIBS-92a05114ea36ed4ce64ac63d8b6472026537aedd164228ba9c18a95a44d4cbc3-5.raw,0.0,0.0,0.6339532314490886,,0.637813589537467,0.04108108108108108,0.7909090909090911,0.014740949490570128,0.6124481350853588,,0.16269284712482468,0.02040816326530612,0.0,0.032818532818532815,0.020689655172413793,0.01818181818181818,0.020348837209302327,0.0196078431372549,0.010752688172043012,0.061068702290076333,0.21428571428571427,0.140625,0.21428571428571427,0.4724320173716093,0.3901419099051962,0.4724320173716093,0.0,0.0,0.0,0.0,0.0,0.0,0.0,0.0,0.0,0.0,0.06666666666666667,0.0,0.0,0.0,0.0,0.4007890843333884,0.2829705505761845,0.4818181818181817,0.0,0.6363636363636364,0.5,,0.6666666666666666,0.6666666666666666,,0.18181818181818182,1.0,,
Spyware-TIBS-49bb6d6117975b63789c7307ca5c4b166239b7d2c342f80a2487dfe99ef438f2-7.raw,0.14705882352941177,0.07142857142857142,0.6906647026330326,,0.9874904904527171,0.34486486486486484,0.9503220611916272,0.49598959462388903,0.9866143963048594,,0.26367461430575034,0.6392557022809123,0.25925925925925924,0.42277992277992277,0.48735632183908045,0.2,0.4331395348837209,0.45098039215686275,0.34946236559139787,0.42748091603053434,0.3333333333333333,0.296875,0.3333333333333333,0.3634562067807559,0.23321546015681177,0.3634562067807559,0.011235955056179775,4.630058338735068e-05,0.011235955056179775,0.0,0.0,0.0,0.0,0.0,0.0,0.0,0.06666666666666667,0.0,0.0,0.0,0.0,0.2555756479807115,0.1966614501825767,0.3156136528685546,1.0,1.0,1.0,,1.0,1.0,,0.7272727272727273,1.0,,
Spyware-TIBS-8b374a972ae3f2aa202e216b2ebb61cd7668d1e3803cfcc9bdeb9f7e1a0e70c2-6.raw,0.0,0.0,0.6803535260541336,,0.7026498237300617,0.05837837837837838,0.8367588932806326,0.04985909386516367,0.6818251264619631,,0.17251051893408134,0.07683073229291716,0.0,0.04826254826254826,0.08275862068965517,0.01818181818181818,0.023255813953488372,0.0196078431372549,0.026881720430107527,0.08396946564885496,0.21428571428571427,0.15625,0.21428571428571427,0.44875153952085944,0.40276165667081654,0.44875153952085944,0.0,0.0,0.0,0.0,0.2,0.0,0.15384615384615385,0.2,0.15384615384615385,0.2,0.2,0.44166666666666665,0.0,0.33974358974358965,0.44166666666666665,0.6948462929475591,0.6713615023474178,0.7361111111111113,0.0,0.0,0.0,,0.0,0.0,,0.0,1.0,,
Spyware-TIBS-40a45471e1b7f0ad943f0e2f736afb24b7048c09caf44befbfaf8c10c89aca25-1.raw,0.0,0.0,0.9123549990793596,,0.6105983801232918,0.0,0.6820158102766801,0.0,0.5833269288285128,,0.0,0.0,0.0,0.0,0.24597701149425288,0.0,0.0,0.0,0.005376344086021506,0.0,0.0,0.0,0.0,0.0,0.0,0.0,0.0,0.0,0.0,0.0,0.0,0.0,0.0,0.0,0.0,0.0,0.0,0.0,0.0,0.0,0.0,0.4007890843333884,0.2829705505761845,0.3023172905525847,0.0,0.6363636363636364,0.5,,0.6666666666666666,0.6666666666666666,,0.09090909090909091,1.0,,
Spyware-TIBS-7f0fb3e6faacd89fae2a13bf11a019edae5ef581472e8458204f6213af272dee-7.raw,0.14705882352941177,0.07142857142857142,0.6906647026330326,,0.9868382741051007,0.33945945945945943,0.938647342995169,0.49555603728593106,0.9859165024729959,,0.26367461430575034,0.6386554621848739,0.25925925925925924,0.42277992277992277,0.4896551724137931,0.2,0.4331395348837209,0.45098039215686275,0.34946236559139787,0.4122137404580153,0.3333333333333333,0.296875,0.3333333333333333,0.3688370824387161,0.2427740071603362,0.3688370824387161,0.011235955056179775,4.630058338735068e-05,0.011235955056179775,0.0,0.0,0.0,0.0,0.0,0.0,0.0,0.06666666666666667,0.0,0.0,0.0,0.0,0.2555756479807115,0.1966614501825767,0.3156136528685546,1.0,1.0,1.0,,1.0,1.0,,0.7272727272727273,1.0,,
Spyware-TIBS-27d7f533077c5f1cb54d2b03d7bb5c27a0f9b37b8ad7e87b5a8996f1d2135ef4-6.raw,0.0,0.0,0.6648867611857852,,0.6818381930015744,0.04432432432432432,0.7995059288537549,0.0385866030782571,0.6595559687361394,,0.16830294530154277,0.06722689075630252,0.0,0.03861003861003861,0.06436781609195402,0.01818181818181818,0.020348837209302327,0.0196078431372549,0.021505376344086023,0.061068702290076333,0.23809523809523808,0.15625,0.23809523809523808,0.523978816875774,0.4344045308964054,0.523978816875774,0.0,0.0,0.0,0.0,0.0,0.0,0.0,0.0,0.0,0.0,0.06666666666666667,0.0,0.0,0.0,0.0,0.4007890843333884,0.2829705505761845,0.4818181818181817,0.0,0.6363636363636364,0.5,,0.6666666666666666,0.6666666666666666,,0.18181818181818182,1.0,,
Spyware-TIBS-6c020f140af8dd853073669a31bb0996b4f0a332a4a3b23b3e708d311b9ec587-3.raw,0.0,0.0,0.943288528816056,,0.7498762165370133,0.04108108108108108,0.7909090909090911,0.07543897680468242,0.7323589843782553,,0.1753155680224404,0.06962785114045618,0.0,0.032818532818532815,0.31724137931034485,0.01818181818181818,0.020348837209302327,0.0196078431372549,0.010752688172043012,0.061068702290076333,0.21428571428571427,0.140625,0.21428571428571427,0.4724320173716093,0.3901419099051962,0.4724320173716093,0.0,0.0,0.0,0.0,0.0,0.0,0.0,0.0,0.0,0.0,0.06666666666666667,0.0,0.0,0.0,0.0,0.4007890843333884,0.2829705505761845,0.4818181818181817,0.0,0.6363636363636364,0.5,,0.6666666666666666,0.6666666666666666,,0.18181818181818182,1.0,,
Spyware-TIBS-56d78fb94fce19e41d4fd8aa8cc8e76887afbe16f9d0ddf162abf6bbba3cc1e7-3.raw,0.0,0.0,0.9845332351316516,,0.7890981359868543,0.04108108108108108,0.7909090909090911,0.09668328636462171,0.7743277816307689,,0.182328190743338,0.08643457382953182,0.0,0.032818532818532815,0.3816091954022989,0.01818181818181818,0.020348837209302327,0.0196078431372549,0.010752688172043012,0.061068702290076333,0.21428571428571427,0.140625,0.21428571428571427,0.4724320173716093,0.3901419099051962,0.4724320173716093,0.0,0.0,0.0,0.0,0.0,0.0,0.0,0.0,0.0,0.0,0.06666666666666667,0.0,0.0,0.0,0.0,0.4007890843333884,0.2829705505761845,0.4818181818181817,0.0,0.6363636363636364,0.5,,0.6666666666666666,0.6666666666666666,,0.18181818181818182,1.0,,
Spyware-TIBS-19f82488e174dbe2b094ad9e520ee3956ef6c14f8faf5bd0bb368f0ea73de6ef-7.raw,0.14705882352941177,0.07142857142857142,0.699066402067691,,0.9865121659312928,0.34486486486486484,0.9503220611916272,0.4953392586169521,0.9855675555570645,,0.26367461430575034,0.6362545018007203,0.25925925925925924,0.42277992277992277,0.4942528735632184,0.2,0.4331395348837209,0.45098039215686275,0.34946236559139787,0.42748091603053434,0.3333333333333333,0.296875,0.3333333333333333,0.3634562067807559,0.23321546015681177,0.3634562067807559,0.011235955056179775,4.630058338735068e-05,0.011235955056179775,0.0,0.0,0.0,0.0,0.0,0.0,0.0,0.06666666666666667,0.0,0.0,0.0,0.0,0.2555756479807115,0.1966614501825767,0.3156136528685546,1.0,1.0,1.0,,1.0,1.0,,0.7272727272727273,1.0,,
Spyware-TIBS-6c020f140af8dd853073669a31bb0996b4f0a332a4a3b23b3e708d311b9ec587-4.raw,0.0,0.0,0.6751979377646842,,0.6598258912695207,0.04108108108108108,0.7909090909090911,0.026663776284413614,0.6360020519107491,,0.16269284712482468,0.028811524609843937,0.0,0.032818532818532815,0.08505747126436781,0.01818181818181818,0.020348837209302327,0.0196078431372549,0.010752688172043012,0.061068702290076333,0.21428571428571427,0.140625,0.21428571428571427,0.4724320173716093,0.3901419099051962,0.4724320173716093,0.0,0.0,0.0,0.0,0.0,0.0,0.0,0.0,0.0,0.0,0.06666666666666667,0.0,0.0,0.0,0.0,0.4007890843333884,0.2829705505761845,0.4818181818181817,0.0,0.6363636363636364,0.5,,0.6666666666666666,0.6666666666666666,,0.18181818181818182,1.0,,
Spyware-TIBS-27d7f533077c5f1cb54d2b03d7bb5c27a0f9b37b8ad7e87b5a8996f1d2135ef4-3.raw,0.0,0.0,0.9742220585527528,,0.7690869525940783,0.04108108108108108,0.7909090909090911,0.08584435291567309,0.7529151299713233,,0.1753155680224404,0.0822328931572629,0.0,0.032818532818532815,0.36091954022988504,0.01818181818181818,0.020348837209302327,0.0196078431372549,0.010752688172043012,0.061068702290076333,0.21428571428571427,0.140625,0.21428571428571427,0.4724320173716093,0.3901419099051962,0.4724320173716093,0.0,0.0,0.0,0.0,0.0,0.0,0.0,0.0,0.0,0.0,0.06666666666666667,0.0,0.0,0.0,0.0,0.4007890843333884,0.2829705505761845,0.4818181818181817,0.0,0.6363636363636364,0.5,,0.6666666666666666,0.6666666666666666,,0.18181818181818182,1.0,,
Spyware-TIBS-27d7f533077c5f1cb54d2b03d7bb5c27a0f9b37b8ad7e87b5a8996f1d2135ef4-1.raw,0.0,0.0,0.9793776468422024,,0.7702876235976448,0.03891891891891892,0.7851778656126482,0.08649468892261002,0.75419988907089,,0.17391304347826086,0.07082833133253301,0.0,0.017374517374517374,0.35172413793103446,0.01818181818181818,0.020348837209302327,0.0196078431372549,0.010752688172043012,0.061068702290076333,0.19047619047619047,0.125,0.19047619047619047,0.4189987635880066,0.34291252176356324,0.4189987635880066,0.0,0.0,0.0,0.0,0.1,0.0,0.07692307692307693,0.1,0.07692307692307693,0.1,0.06666666666666667,0.23043478260869565,0.0,0.177257525083612,0.23043478260869565,0.554210236653825,0.4856093080220452,0.4427962489343561,0.0,0.6363636363636364,0.5,,0.6666666666666666,0.6666666666666666,,0.18181818181818182,1.0,,
Spyware-TIBS-6c020f140af8dd853073669a31bb0996b4f0a332a4a3b23b3e708d311b9ec587-8.raw,0.14705882352941177,0.07142857142857142,0.6486562054597407,,0.9594451875052119,0.33945945945945943,0.938647342995169,0.4773466290916974,0.9566049615347326,,0.26227208976157085,0.6146458583433373,0.25925925925925924,0.4247104247104247,0.432183908045977,0.2,0.4331395348837209,0.45098039215686275,0.34946236559139787,0.4122137404580153,0.3333333333333333,0.296875,0.3333333333333333,0.3688370824387161,0.2427740071603362,0.3688370824387161,0.011235955056179775,4.630058338735068e-05,0.011235955056179775,0.0,0.0,0.0,0.0,0.0,0.0,0.0,0.06666666666666667,0.0,0.0,0.0,0.0,0.2555756479807115,0.1966614501825767,0.3156136528685546,1.0,1.0,1.0,,1.0,1.0,,0.7272727272727273,1.0,,
Spyware-TIBS-92a05114ea36ed4ce64ac63d8b6472026537aedd164228ba9c18a95a44d4cbc3-2.raw,0.0,0.0,0.9793776468422024,,0.7598818082334012,0.03891891891891892,0.7851778656126482,0.08085844352915673,0.7430653102079781,,0.17251051893408134,0.0666266506602641,0.0,0.017374517374517374,0.34022988505747126,0.01818181818181818,0.020348837209302327,0.0196078431372549,0.010752688172043012,0.061068702290076333,0.19047619047619047,0.125,0.19047619047619047,0.4189987635880066,0.34291252176356324,0.4189987635880066,0.0,0.0,0.0,0.0,0.0,0.0,0.0,0.0,0.0,0.0,0.06666666666666667,0.0,0.0,0.0,0.0,0.4007890843333884,0.2829705505761845,0.4818181818181817,0.0,0.6363636363636364,0.5,,0.6666666666666666,0.6666666666666666,,0.18181818181818182,1.0,,
Spyware-TIBS-7c5d590afd39575ec7211e69d22acd56638f9356d955ac4ebca7bc93ad4f439b-5.raw,0.0,0.0,0.6287976431596394,,0.6362126948660451,0.04108108108108108,0.7909090909090911,0.013873834814654238,0.6107351229526033,,0.16269284712482468,0.017406962785114045,0.0,0.032818532818532815,0.016091954022988506,0.01818181818181818,0.020348837209302327,0.0196078431372549,0.010752688172043012,0.061068702290076333,0.21428571428571427,0.140625,0.21428571428571427,0.4724320173716093,0.3901419099051962,0.4724320173716093,0.0,0.0,0.0,0.0,0.0,0.0,0.0,0.0,0.0,0.0,0.06666666666666667,0.0,0.0,0.0,0.0,0.4007890843333884,0.2829705505761845,0.4818181818181817,0.0,0.6363636363636364,0.5,,0.6666666666666666,0.6666666666666666,,0.18181818181818182,0.5,,
Spyware-TIBS-8b374a972ae3f2aa202e216b2ebb61cd7668d1e3803cfcc9bdeb9f7e1a0e70c2-1.raw,0.0,0.0,0.963910881973854,,0.7578806898941237,0.03891891891891892,0.7851778656126482,0.07977455018426187,0.7409240450420336,,0.17391304347826086,0.06182472989195678,0.0,0.017374517374517374,0.3103448275862069,0.01818181818181818,0.020348837209302327,0.0196078431372549,0.010752688172043012,0.061068702290076333,0.19047619047619047,0.125,0.19047619047619047,0.4189987635880066,0.34291252176356324,0.4189987635880066,0.0,0.0,0.0,0.0,0.4,0.0,0.3076923076923077,0.4,0.3076923076923077,0.4,0.26666666666666666,0.8153846153846155,0.0,0.6272189349112425,0.8153846153846155,0.9436639310057036,1.0,0.7993966817496231,0.0,0.6363636363636364,0.5,,0.6666666666666666,0.6666666666666666,,0.18181818181818182,1.0,,
Spyware-TIBS-27d7f533077c5f1cb54d2b03d7bb5c27a0f9b37b8ad7e87b5a8996f1d2135ef4-10.raw,0.20588235294117646,0.14285714285714285,0.5615972164902635,,0.9205371088370605,0.46378378378378377,0.9934782608695655,0.5649252113592023,0.9149719846683975,,0.2805049088359046,0.6740696278511404,0.3333333333333333,0.4671814671814672,0.4827586206896552,0.34545454545454546,0.7034883720930233,0.5686274509803921,0.478494623655914,0.6335877862595419,0.42857142857142855,0.390625,0.42857142857142855,0.41465165141578175,0.2672319393056032,0.41465165141578175,0.011235955056179775,4.630058338735068e-05,0.011235955056179775,0.0,0.1,0.0,0.07692307692307693,0.1,0.07692307692307693,0.1,0.13333333333333333,0.17666666666666656,0.0,0.13589743589743578,0.17666666666666656,0.3354430379746836,0.3295774647887326,0.3741176470588237,1.0,1.0,1.0,,1.0,1.0,,0.7272727272727273,1.0,,
Spyware-TIBS-8d8af27b1ab68fde08153c7b2d90670c329aa93abe1645da4651ae0941f6da09-4.raw,0.0,0.0,0.6906647026330326,,0.6666296936230647,0.04108108108108108,0.7909090909090911,0.030349013657056147,0.6432823534749608,,0.16269284712482468,0.03481392557022809,0.0,0.032818532818532815,0.10344827586206896,0.01818181818181818,0.020348837209302327,0.0196078431372549,0.010752688172043012,0.061068702290076333,0.21428571428571427,0.140625,0.21428571428571427,0.4724320173716093,0.3901419099051962,0.4724320173716093,0.0,0.0,0.0,0.0,0.0,0.0,0.0,0.0,0.0,0.0,0.06666666666666667,0.0,0.0,0.0,0.0,0.4007890843333884,0.2829705505761845,0.4818181818181817,0.0,0.6363636363636364,0.5,,0.6666666666666666,0.6666666666666666,,0.18181818181818182,1.0,,
Spyware-TIBS-10ef7e0a4f5ea636cdbf2eeeb6403c3ab328568bf47e67dc37b2a73b82bd06d4-7.raw,0.14705882352941177,0.07142857142857142,0.6906647026330326,,0.9868382741051007,0.33945945945945943,0.938647342995169,0.49555603728593106,0.9859165024729959,,0.26367461430575034,0.634453781512605,0.25925925925925924,0.42277992277992277,0.4896551724137931,0.2,0.4331395348837209,0.45098039215686275,0.34946236559139787,0.4122137404580153,0.3333333333333333,0.296875,0.3333333333333333,0.3688370824387161,0.2427740071603362,0.3688370824387161,0.011235955056179775,4.630058338735068e-05,0.011235955056179775,0.0,0.0,0.0,0.0,0.0,0.0,0.0,0.06666666666666667,0.0,0.0,0.0,0.0,0.2555756479807115,0.1966614501825767,0.3156136528685546,1.0,1.0,1.0,,1.0,1.0,,0.7272727272727273,1.0,,
Spyware-TIBS-8d05ac658cc148b5089cba5909d167e79b2ee62d09dfdba71234792f184da271-7.raw,0.08823529411764706,0.0,0.7496446326643343,,1.0,0.2637837837837838,0.988521739130435,0.38694992412746587,1.0,,0.2482468443197756,0.4921968787515006,0.14814814814814814,0.3204633204633205,0.39770114942528734,0.12727272727272726,0.38372093023255816,0.3333333333333333,0.20967741935483872,0.3435114503816794,0.30952380952380953,0.265625,0.30952380952380953,0.4027992686556062,0.29708861232574707,0.4027992686556062,0.0,0.0,0.0,0.0,0.0,0.0,0.0,0.0,0.0,0.0,0.06666666666666667,0.0,0.0,0.0,0.0,0.3066907775768539,0.22704225352112692,0.3741176470588237,1.0,1.0,1.0,,1.0,1.0,,0.6363636363636364,1.0,,
Spyware-TIBS-8b374a972ae3f2aa202e216b2ebb61cd7668d1e3803cfcc9bdeb9f7e1a0e70c2-9.raw,0.14705882352941177,0.07142857142857142,0.6276519568730948,,0.9512924831600068,0.33945945945945943,0.938647342995169,0.47192716236722304,0.94788128863644,,0.2608695652173913,0.6110444177671068,0.25925925925925924,0.4247104247104247,0.40229885057471265,0.2,0.4331395348837209,0.45098039215686275,0.34946236559139787,0.4122137404580153,0.3333333333333333,0.296875,0.3333333333333333,0.3688370824387161,0.2427740071603362,0.3688370824387161,0.011235955056179775,4.630058338735068e-05,0.011235955056179775,0.0,0.0,0.0,0.0,0.0,0.0,0.0,0.06666666666666667,0.0,0.0,0.0,0.0,0.2555756479807115,0.1966614501825767,0.3156136528685546,1.0,1.0,1.0,,1.0,1.0,,0.7272727272727273,1.0,,
Spyware-TIBS-6c524355af15275aa5b7f957574769ce268cbe125214f26c32a1037bc831ee8d-6.raw,0.0,0.0,0.659731172896336,,0.6842395350087076,0.04432432432432432,0.7995059288537549,0.039887275092130935,0.6621254869352731,,0.16830294530154277,0.0702280912364946,0.0,0.03861003861003861,0.06206896551724138,0.01818181818181818,0.020348837209302327,0.0196078431372549,0.021505376344086023,0.061068702290076333,0.23809523809523808,0.15625,0.23809523809523808,0.523978816875774,0.4344045308964054,0.523978816875774,0.0,0.0,0.0,0.0,0.0,0.0,0.0,0.0,0.0,0.0,0.06666666666666667,0.0,0.0,0.0,0.0,0.4007890843333884,0.2829705505761845,0.4818181818181817,0.0,0.6363636363636364,0.5,,0.6666666666666666,0.6666666666666666,,0.18181818181818182,1.0,,
Spyware-TIBS-6ff85480282c694f5e64a1fce32938d3f71e0f2aa3e91e8bc139184713b33c56-1.raw,0.0,0.0,0.9587552936844044,,0.7734894129404891,0.03891891891891892,0.7851778656126482,0.08822891827444179,0.7576259133364014,,0.1753155680224404,0.07322929171668667,0.0,0.017374517374517374,0.3448275862068966,0.01818181818181818,0.020348837209302327,0.0196078431372549,0.010752688172043012,0.061068702290076333,0.19047619047619047,0.125,0.19047619047619047,0.4189987635880066,0.34291252176356324,0.4189987635880066,0.0,0.0,0.0,0.0,0.2,0.0,0.15384615384615385,0.2,0.15384615384615385,0.2,0.13333333333333333,0.44166666666666665,0.0,0.33974358974358965,0.44166666666666665,0.6948462929475591,0.6713615023474178,0.5715686274509806,0.0,0.6363636363636364,0.5,,0.6666666666666666,0.6666666666666666,,0.18181818181818182,1.0,,
Spyware-TIBS-92a05114ea36ed4ce64ac63d8b6472026537aedd164228ba9c18a95a44d4cbc3-8.raw,0.14705882352941177,0.07142857142857142,0.6738613037637158,,0.9777072452384712,0.34486486486486484,0.9503220611916272,0.48948623455451984,0.9761459888269084,,0.26227208976157085,0.6308523409363745,0.25925925925925924,0.4247104247104247,0.4528735632183908,0.2,0.4331395348837209,0.45098039215686275,0.34946236559139787,0.42748091603053434,0.3333333333333333,0.296875,0.3333333333333333,0.3634562067807559,0.23321546015681177,0.3634562067807559,0.011235955056179775,4.630058338735068e-05,0.011235955056179775,0.0,0.0,0.0,0.0,0.0,0.0,0.0,0.06666666666666667,0.0,0.0,0.0,0.0,0.2555756479807115,0.1966614501825767,0.3156136528685546,1.0,1.0,1.0,,1.0,1.0,,0.7272727272727273,1.0,,
Spyware-TIBS-9aa88b8359d2090f6588d882078813d7c548776d7403627c25f1091a0564fce6-6.raw,0.0,0.0,0.6133308782912907,,0.6234055374946684,0.032432432432432434,0.7679841897233202,0.006936917407327119,0.5970310258905579,,0.1697054698457223,0.01020408163265306,0.0,0.019305019305019305,0.013793103448275862,0.01818181818181818,0.00872093023255814,0.0196078431372549,0.005376344086021506,0.061068702290076333,0.09523809523809523,0.0625,0.09523809523809523,0.19939385723185593,0.14615950453056578,0.19939385723185593,0.0,0.0,0.0,0.0,0.0,0.0,0.0,0.0,0.0,0.0,0.06666666666666667,0.0,0.0,0.0,0.0,0.4007890843333884,0.2829705505761845,0.4818181818181817,0.0,0.6363636363636364,0.5,,0.6666666666666666,0.6666666666666666,,0.18181818181818182,1.0,,
Spyware-TIBS-56d78fb94fce19e41d4fd8aa8cc8e76887afbe16f9d0ddf162abf6bbba3cc1e7-10.raw,0.20588235294117646,0.14285714285714285,0.5576860805465431,,0.9235732883863096,0.45837837837837836,0.982608695652174,0.5670929980489919,0.9182208007822447,,0.28751753155680226,0.6764705882352942,0.3333333333333333,0.4671814671814672,0.48735632183908045,0.34545454545454546,0.7034883720930233,0.5686274509803921,0.478494623655914,0.6183206106870229,0.42857142857142855,0.390625,0.42857142857142855,0.41976873179563257,0.2761118206540299,0.41976873179563257,0.011235955056179775,4.630058338735068e-05,0.011235955056179775,0.0,0.3,0.0,0.23076923076923078,0.3,0.23076923076923078,0.3,0.26666666666666666,0.4968750000000002,0.0,0.3822115384615385,0.4968750000000002,0.5600700723327309,0.6179577464788735,0.5715686274509806,1.0,1.0,1.0,,1.0,1.0,,0.7272727272727273,1.0,,
Spyware-TIBS-6e274cbbdefce4f2bcb3543da3f4043319541e51a110356e68cea2ae85153427-3.raw,0.0,0.0,0.963910881973854,,0.7822943336333106,0.04108108108108108,0.7909090909090911,0.09299804899197919,0.7670474800665575,,0.182328190743338,0.08343337334933974,0.0,0.03667953667953668,0.3563218390804598,0.01818181818181818,0.020348837209302327,0.0196078431372549,0.010752688172043012,0.061068702290076333,0.21428571428571427,0.140625,0.21428571428571427,0.4724320173716093,0.3901419099051962,0.4724320173716093,0.0,0.0,0.0,0.0,0.0,0.0,0.0,0.0,0.0,0.0,0.06666666666666667,0.0,0.0,0.0,0.0,0.4007890843333884,0.2829705505761845,0.4818181818181817,0.0,0.6363636363636364,0.5,,0.6666666666666666,0.6666666666666666,,0.18181818181818182,1.0,,
Spyware-TIBS-25ac33bc94decabf1572c58b136cd489a8ec017b0d1ea345b6e37a84423ca2d8-6.raw,0.0,0.0,0.6648867611857852,,0.6862406533479851,0.04432432432432432,0.7995059288537549,0.0409711684370258,0.6642667521012176,,0.16830294530154277,0.06842737094837935,0.0,0.03861003861003861,0.07126436781609195,0.01818181818181818,0.020348837209302327,0.0196078431372549,0.021505376344086023,0.061068702290076333,0.23809523809523808,0.15625,0.23809523809523808,0.523978816875774,0.4344045308964054,0.523978816875774,0.0,0.0,0.0,0.0,0.0,0.0,0.0,0.0,0.0,0.0,0.06666666666666667,0.0,0.0,0.0,0.0,0.4007890843333884,0.2829705505761845,0.4818181818181817,0.0,0.6363636363636364,0.5,,0.6666666666666666,0.6666666666666666,,0.18181818181818182,1.0,,
Spyware-TIBS-7c5d590afd39575ec7211e69d22acd56638f9356d955ac4ebca7bc93ad4f439b-6.raw,0.0,0.0,0.6700423494752348,,0.6858404296801297,0.04432432432432432,0.7995059288537549,0.04075438976804682,0.6638384990680287,,0.16830294530154277,0.0702280912364946,0.0,0.03861003861003861,0.07126436781609195,0.01818181818181818,0.020348837209302327,0.0196078431372549,0.021505376344086023,0.061068702290076333,0.23809523809523808,0.15625,0.23809523809523808,0.523978816875774,0.4344045308964054,0.523978816875774,0.0,0.0,0.0,0.0,0.0,0.0,0.0,0.0,0.0,0.0,0.06666666666666667,0.0,0.0,0.0,0.0,0.4007890843333884,0.2829705505761845,0.4818181818181817,0.0,0.6363636363636364,0.5,,0.6666666666666666,0.6666666666666666,,0.18181818181818182,0.5,,
Spyware-TIBS-10ef7e0a4f5ea636cdbf2eeeb6403c3ab328568bf47e67dc37b2a73b82bd06d4-4.raw,0.0,0.0,0.6545755846068864,,0.6570243255945322,0.04108108108108108,0.7909090909090911,0.025146325601560805,0.6330042806784267,,0.16269284712482468,0.02581032412965186,0.0,0.032818532818532815,0.06896551724137931,0.01818181818181818,0.020348837209302327,0.0196078431372549,0.010752688172043012,0.061068702290076333,0.21428571428571427,0.140625,0.21428571428571427,0.4724320173716093,0.3901419099051962,0.4724320173716093,0.0,0.0,0.0,0.0,0.0,0.0,0.0,0.0,0.0,0.0,0.06666666666666667,0.0,0.0,0.0,0.0,0.4007890843333884,0.2829705505761845,0.4818181818181817,0.0,0.6363636363636364,0.5,,0.6666666666666666,0.6666666666666666,,0.18181818181818182,1.0,,
Spyware-TIBS-56d78fb94fce19e41d4fd8aa8cc8e76887afbe16f9d0ddf162abf6bbba3cc1e7-5.raw,0.0,0.0,0.6236420548701895,,0.6402149315446003,0.04108108108108108,0.7909090909090911,0.01604162150444396,0.6150176532844923,,0.1697054698457223,0.02100840336134454,0.0,0.032818532818532815,0.01839080459770115,0.01818181818181818,0.020348837209302327,0.0196078431372549,0.010752688172043012,0.061068702290076333,0.21428571428571427,0.140625,0.21428571428571427,0.4724320173716093,0.3901419099051962,0.4724320173716093,0.0,0.0,0.0,0.0,0.0,0.0,0.0,0.0,0.0,0.0,0.06666666666666667,0.0,0.0,0.0,0.0,0.4007890843333884,0.2829705505761845,0.4818181818181817,0.0,0.6363636363636364,0.5,,0.6666666666666666,0.6666666666666666,,0.18181818181818182,1.0,,
Spyware-TIBS-92a05114ea36ed4ce64ac63d8b6472026537aedd164228ba9c18a95a44d4cbc3-3.raw,0.0,0.0,0.9742220585527528,,0.7770914259511887,0.04108108108108108,0.7909090909090911,0.09017992629525255,0.7614801906351016,,0.1753155680224404,0.08163265306122448,0.0,0.032818532818532815,0.34942528735632183,0.01818181818181818,0.020348837209302327,0.0196078431372549,0.010752688172043012,0.061068702290076333,0.21428571428571427,0.140625,0.21428571428571427,0.4724320173716093,0.3901419099051962,0.4724320173716093,0.0,0.0,0.0,0.0,0.0,0.0,0.0,0.0,0.0,0.0,0.06666666666666667,0.0,0.0,0.0,0.0,0.4007890843333884,0.2829705505761845,0.4818181818181817,0.0,0.6363636363636364,0.5,,0.6666666666666666,0.6666666666666666,,0.18181818181818182,1.0,,
Spyware-TIBS-6c524355af15275aa5b7f957574769ce268cbe125214f26c32a1037bc831ee8d-7.raw,0.14705882352941177,0.07142857142857142,0.6864638529157034,,0.983903300540827,0.33945945945945943,0.938647342995169,0.4936050292651203,0.9827759802296108,,0.26367461430575034,0.6356542617046819,0.25925925925925924,0.42277992277992277,0.4781609195402299,0.2,0.436046511627907,0.45098039215686275,0.34946236559139787,0.4122137404580153,0.3333333333333333,0.296875,0.3333333333333333,0.3688370824387161,0.2427740071603362,0.3688370824387161,0.011235955056179775,4.630058338735068e-05,0.011235955056179775,0.0,0.0,0.0,0.0,0.0,0.0,0.0,0.06666666666666667,0.0,0.0,0.0,0.0,0.2555756479807115,0.1966614501825767,0.3156136528685546,1.0,1.0,1.0,,1.0,1.0,,0.7272727272727273,1.0,,
Spyware-TIBS-8b374a972ae3f2aa202e216b2ebb61cd7668d1e3803cfcc9bdeb9f7e1a0e70c2-2.raw,0.0,0.0,0.9587552936844044,,0.7506766638727244,0.03891891891891892,0.7851778656126482,0.07587253414264036,0.7332154904446332,,0.17391304347826086,0.05942376950780312,0.0,0.017374517374517374,0.3057471264367816,0.01818181818181818,0.020348837209302327,0.0196078431372549,0.010752688172043012,0.061068702290076333,0.19047619047619047,0.125,0.19047619047619047,0.4189987635880066,0.34291252176356324,0.4189987635880066,0.0,0.0,0.0,0.0,0.3,0.0,0.23076923076923078,0.3,0.23076923076923078,0.3,0.26666666666666666,0.6360000000000002,0.0,0.48923076923076925,0.6360000000000002,0.8242314647377943,0.8422535211267609,0.8480000000000002,0.0,0.6363636363636364,0.5,,0.6666666666666666,0.6666666666666666,,0.18181818181818182,1.0,,
Spyware-TIBS-7c5d590afd39575ec7211e69d22acd56638f9356d955ac4ebca7bc93ad4f439b-2.raw,0.0,0.0,0.9845332351316516,,0.7818941099654549,0.04108108108108108,0.7909090909090911,0.09278127032300022,0.7666192270333685,,0.1767180925666199,0.08523409363745499,0.0,0.032818532818532815,0.3586206896551724,0.01818181818181818,0.020348837209302327,0.0196078431372549,0.010752688172043012,0.061068702290076333,0.21428571428571427,0.140625,0.21428571428571427,0.4724320173716093,0.3901419099051962,0.4724320173716093,0.0,0.0,0.0,0.0,0.0,0.0,0.0,0.0,0.0,0.0,0.06666666666666667,0.0,0.0,0.0,0.0,0.4007890843333884,0.2829705505761845,0.4818181818181817,0.0,0.6363636363636364,0.5,,0.6666666666666666,0.6666666666666666,,0.18181818181818182,0.5,,
Spyware-TIBS-97a0246b1c3df21db4449c71eabd9e2e4c622adfc1c6d9a86e151c844c6f4c30-4.raw,0.0,0.0,0.6700423494752348,,0.6622272332766539,0.04108108108108108,0.7909090909090911,0.02796444829828745,0.6385715701098826,,0.16269284712482468,0.03181272509003601,0.0,0.032818532818532815,0.08505747126436781,0.01818181818181818,0.020348837209302327,0.0196078431372549,0.010752688172043012,0.061068702290076333,0.21428571428571427,0.140625,0.21428571428571427,0.4724320173716093,0.3901419099051962,0.4724320173716093,0.0,0.0,0.0,0.0,0.0,0.0,0.0,0.0,0.0,0.0,0.06666666666666667,0.0,0.0,0.0,0.0,0.4007890843333884,0.2829705505761845,0.4818181818181817,0.0,0.6363636363636364,0.5,,0.6666666666666666,0.6666666666666666,,0.18181818181818182,1.0,,
Spyware-TIBS-49bb6d6117975b63789c7307ca5c4b166239b7d2c342f80a2487dfe99ef438f2-4.raw,0.0,0.0,0.6648867611857852,,0.6578247729302432,0.04108108108108108,0.7909090909090911,0.025579882939518753,0.6338607867448046,,0.16269284712482468,0.027611044417767107,0.0,0.032818532818532815,0.08045977011494253,0.01818181818181818,0.020348837209302327,0.0196078431372549,0.010752688172043012,0.061068702290076333,0.21428571428571427,0.140625,0.21428571428571427,0.4724320173716093,0.3901419099051962,0.4724320173716093,0.0,0.0,0.0,0.0,0.0,0.0,0.0,0.0,0.0,0.0,0.06666666666666667,0.0,0.0,0.0,0.0,0.4007890843333884,0.2829705505761845,0.4818181818181817,0.0,0.6363636363636364,0.5,,0.6666666666666666,0.6666666666666666,,0.18181818181818182,1.0,,
Spyware-TIBS-19f82488e174dbe2b094ad9e520ee3956ef6c14f8faf5bd0bb368f0ea73de6ef-10.raw,0.17647058823529413,0.14285714285714285,0.5812925796354264,,0.9405542068653225,0.41405405405405404,0.9929347826086958,0.5220030349013657,0.936390965190403,,0.26367461430575034,0.6470588235294118,0.2962962962962963,0.44594594594594594,0.4413793103448276,0.23636363636363636,0.6918604651162791,0.5098039215686274,0.3709677419354839,0.46564885496183206,0.38095238095238093,0.34375,0.38095238095238093,0.3808289981733425,0.23457165186771323,0.3808289981733425,0.011235955056179775,4.630058338735068e-05,0.011235955056179775,0.0,0.0,0.0,0.0,0.0,0.0,0.0,0.06666666666666667,0.0,0.0,0.0,0.0,0.2327563936967193,0.18309859154929575,0.28949579831932754,1.0,1.0,1.0,,1.0,1.0,,0.7272727272727273,1.0,,
Spyware-TIBS-89a8dd64095295fe228f580ae94893cd8a6cd628ee3f36ae208b6d7ff79a7e55-8.raw,0.14705882352941177,0.07142857142857142,0.6528570551770698,,0.9640107019385268,0.33945945945945943,0.938647342995169,0.480381530457403,0.9614902183577767,,0.26227208976157085,0.620048019207683,0.25925925925925924,0.4247104247104247,0.4413793103448276,0.2,0.4331395348837209,0.45098039215686275,0.34946236559139787,0.4122137404580153,0.3333333333333333,0.296875,0.3333333333333333,0.3688370824387161,0.2427740071603362,0.3688370824387161,0.011235955056179775,4.630058338735068e-05,0.011235955056179775,0.0,0.0,0.0,0.0,0.0,0.0,0.0,0.06666666666666667,0.0,0.0,0.0,0.0,0.2555756479807115,0.1966614501825767,0.3156136528685546,1.0,1.0,1.0,,1.0,1.0,,0.7272727272727273,1.0,,
Spyware-TIBS-8fdea52e2c3a415a4be17226fc6cd3fe62e4b49fc156b4a828a0bec730b1cdc5-2.raw,0.0,0.0,0.9690664702633032,,0.7610824792369677,0.03891891891891892,0.7851778656126482,0.08150877953609365,0.7443500693075448,,0.182328190743338,0.06422569027611044,0.0,0.021235521235521235,0.32873563218390806,0.01818181818181818,0.020348837209302327,0.0196078431372549,0.010752688172043012,0.061068702290076333,0.21428571428571427,0.140625,0.21428571428571427,0.4754476940916429,0.3954224063895868,0.4754476940916429,0.0,0.0,0.0,0.0,0.1,0.0,0.07692307692307693,0.1,0.07692307692307693,0.1,0.13333333333333333,0.23043478260869565,0.0,0.177257525083612,0.23043478260869565,0.554210236653825,0.4856093080220452,0.6144927536231886,0.0,0.6363636363636364,0.5,,0.6666666666666666,0.6666666666666666,,0.18181818181818182,1.0,,
Spyware-TIBS-8d05ac658cc148b5089cba5909d167e79b2ee62d09dfdba71234792f184da271-10.raw,0.17647058823529413,0.14285714285714285,0.5731909408948628,,0.9109948302537073,0.3881081081081081,0.9388975155279506,0.5016258400173423,0.9047614197391642,,0.2608695652173913,0.6422569027611045,0.2962962962962963,0.4343629343629344,0.4482758620689655,0.23636363636363636,0.5290697674418605,0.5098039215686274,0.3763440860215054,0.42748091603053434,0.38095238095238093,0.34375,0.38095238095238093,0.40603842916149574,0.2788037181655834,0.40603842916149574,0.011235955056179775,4.630058338735068e-05,0.011235955056179775,0.0,0.0,0.0,0.0,0.0,0.0,0.0,0.06666666666666667,0.0,0.0,0.0,0.0,0.2327563936967193,0.18309859154929575,0.28949579831932754,1.0,1.0,1.0,,1.0,1.0,,0.7272727272727273,1.0,,
Spyware-TIBS-6c524355af15275aa5b7f957574769ce268cbe125214f26c32a1037bc831ee8d-3.raw,0.0,0.0,0.9845332351316516,,0.7806934389618885,0.04108108108108108,0.7909090909090911,0.0921309343160633,0.7653344679338018,,0.1753155680224404,0.08163265306122448,0.0,0.032818532818532815,0.367816091954023,0.01818181818181818,0.020348837209302327,0.0196078431372549,0.010752688172043012,0.061068702290076333,0.21428571428571427,0.140625,0.21428571428571427,0.4724320173716093,0.3901419099051962,0.4724320173716093,0.0,0.0,0.0,0.0,0.0,0.0,0.0,0.0,0.0,0.0,0.06666666666666667,0.0,0.0,0.0,0.0,0.4007890843333884,0.2829705505761845,0.4818181818181817,0.0,0.6363636363636364,0.5,,0.6666666666666666,0.6666666666666666,,0.18181818181818182,1.0,,
Spyware-TIBS-7f0fb3e6faacd89fae2a13bf11a019edae5ef581472e8458204f6213af272dee-9.raw,0.14705882352941177,0.07142857142857142,0.6150494077211073,,0.9470530769005003,0.33945945945945943,0.938647342995169,0.46910903967049644,0.9433449787293279,,0.2608695652173913,0.6074429771908764,0.25925925925925924,0.4247104247104247,0.38850574712643676,0.2,0.4331395348837209,0.45098039215686275,0.34946236559139787,0.4122137404580153,0.3333333333333333,0.296875,0.3333333333333333,0.3688370824387161,0.2427740071603362,0.3688370824387161,0.011235955056179775,4.630058338735068e-05,0.011235955056179775,0.0,0.0,0.0,0.0,0.0,0.0,0.0,0.06666666666666667,0.0,0.0,0.0,0.0,0.2555756479807115,0.1966614501825767,0.3156136528685546,1.0,1.0,1.0,,1.0,1.0,,0.7272727272727273,1.0,,
Spyware-TIBS-10ef7e0a4f5ea636cdbf2eeeb6403c3ab328568bf47e67dc37b2a73b82bd06d4-6.raw,0.0,0.0,0.659731172896336,,0.6850399823444187,0.04432432432432432,0.7995059288537549,0.04032083243008888,0.6629819930016508,,0.16830294530154277,0.06722689075630252,0.0,0.03861003861003861,0.06666666666666667,0.01818181818181818,0.020348837209302327,0.0196078431372549,0.021505376344086023,0.061068702290076333,0.23809523809523808,0.15625,0.23809523809523808,0.523978816875774,0.4344045308964054,0.523978816875774,0.0,0.0,0.0,0.0,0.0,0.0,0.0,0.0,0.0,0.0,0.06666666666666667,0.0,0.0,0.0,0.0,0.4007890843333884,0.2829705505761845,0.4818181818181817,0.0,0.6363636363636364,0.5,,0.6666666666666666,0.6666666666666666,,0.18181818181818182,1.0,,
Spyware-TIBS-7c5d590afd39575ec7211e69d22acd56638f9356d955ac4ebca7bc93ad4f439b-8.raw,0.14705882352941177,0.07142857142857142,0.6570579048943991,,0.9653151346337597,0.33945945945945943,0.938647342995169,0.4812486451333189,0.9628860060215035,,0.26227208976157085,0.6206482593037215,0.25925925925925924,0.4247104247104247,0.4459770114942529,0.2,0.4331395348837209,0.45098039215686275,0.34946236559139787,0.4122137404580153,0.3333333333333333,0.296875,0.3333333333333333,0.3688370824387161,0.2427740071603362,0.3688370824387161,0.011235955056179775,4.630058338735068e-05,0.011235955056179775,0.0,0.0,0.0,0.0,0.0,0.0,0.0,0.06666666666666667,0.0,0.0,0.0,0.0,0.2555756479807115,0.1966614501825767,0.3156136528685546,1.0,1.0,1.0,,1.0,1.0,,0.7272727272727273,0.5,,
Spyware-TIBS-85ae85a36eb35350175eb3c1b00dcab52d5fe726bab65975a6bb3177c8719da6-4.raw,0.0,0.0,0.6442644080279876,,0.6514211942445549,0.04108108108108108,0.7909090909090911,0.02211142423585519,0.627008738213782,,0.16269284712482468,0.02460984393757503,0.0,0.032818532818532815,0.052873563218390804,0.01818181818181818,0.020348837209302327,0.0196078431372549,0.010752688172043012,0.061068702290076333,0.21428571428571427,0.140625,0.21428571428571427,0.4724320173716093,0.3901419099051962,0.4724320173716093,0.0,0.0,0.0,0.0,0.0,0.0,0.0,0.0,0.0,0.0,0.06666666666666667,0.0,0.0,0.0,0.0,0.4007890843333884,0.2829705505761845,0.4818181818181817,0.0,0.6363636363636364,0.5,,0.6666666666666666,0.6666666666666666,,0.18181818181818182,1.0,,
Spyware-TIBS-28e57139370f05830b5ffa383fde31916f358d49a03010d6cee044c63e852a82-3.raw,0.0,0.0,0.9690664702633032,,0.73586838816207,0.04108108108108108,0.7909090909090911,0.06785172339041838,0.7173701282166433,,0.16269284712482468,0.07202881152460984,0.0,0.032818532818532815,0.3724137931034483,0.01818181818181818,0.020348837209302327,0.0196078431372549,0.010752688172043012,0.061068702290076333,0.21428571428571427,0.140625,0.21428571428571427,0.4724320173716093,0.3901419099051962,0.4724320173716093,0.0,0.0,0.0,0.0,0.0,0.0,0.0,0.0,0.0,0.0,0.06666666666666667,0.0,0.0,0.0,0.0,0.4007890843333884,0.2829705505761845,0.4818181818181817,0.0,0.6363636363636364,0.5,,0.6666666666666666,0.6666666666666666,,0.18181818181818182,1.0,,
Spyware-TIBS-89a8dd64095295fe228f580ae94893cd8a6cd628ee3f36ae208b6d7ff79a7e55-6.raw,0.0,0.0,0.6648867611857852,,0.6854402060122744,0.04432432432432432,0.7995059288537549,0.04053761109906785,0.66341024603484,,0.16830294530154277,0.0702280912364946,0.0,0.03861003861003861,0.07126436781609195,0.01818181818181818,0.020348837209302327,0.0196078431372549,0.021505376344086023,0.061068702290076333,0.23809523809523808,0.15625,0.23809523809523808,0.523978816875774,0.4344045308964054,0.523978816875774,0.0,0.0,0.0,0.0,0.0,0.0,0.0,0.0,0.0,0.0,0.06666666666666667,0.0,0.0,0.0,0.0,0.4007890843333884,0.2829705505761845,0.4818181818181817,0.0,0.6363636363636364,0.5,,0.6666666666666666,0.6666666666666666,,0.18181818181818182,1.0,,
Spyware-TIBS-8fdea52e2c3a415a4be17226fc6cd3fe62e4b49fc156b4a828a0bec730b1cdc5-4.raw,0.0,0.0,0.6958202909224818,,0.6658292462873536,0.04108108108108108,0.7909090909090911,0.0299154563190982,0.6424258474085829,,0.1697054698457223,0.029411764705882353,0.0,0.032818532818532815,0.10804597701149425,0.01818181818181818,0.020348837209302327,0.0196078431372549,0.010752688172043012,0.061068702290076333,0.21428571428571427,0.140625,0.21428571428571427,0.4724320173716093,0.3901419099051962,0.4724320173716093,0.0,0.0,0.0,0.0,0.0,0.0,0.0,0.0,0.0,0.0,0.06666666666666667,0.0,0.0,0.0,0.0,0.4007890843333884,0.2829705505761845,0.4818181818181817,0.0,0.6363636363636364,0.5,,0.6666666666666666,0.6666666666666666,,0.18181818181818182,1.0,,
Spyware-TIBS-89a8dd64095295fe228f580ae94893cd8a6cd628ee3f36ae208b6d7ff79a7e55-9.raw,0.17647058823529413,0.14285714285714285,0.6461056895599337,,0.974830505276663,0.40864864864864864,0.9816770186335404,0.5456319098200737,0.9730677785327962,,0.27349228611500703,0.6680672268907563,0.2962962962962963,0.44594594594594594,0.5149425287356322,0.23636363636363636,0.6918604651162791,0.5098039215686274,0.3709677419354839,0.45038167938931295,0.38095238095238093,0.34375,0.38095238095238093,0.38600461458381397,0.243652706029865,0.38600461458381397,0.011235955056179775,4.630058338735068e-05,0.011235955056179775,0.0,0.0,0.0,0.0,0.0,0.0,0.0,0.06666666666666667,0.0,0.0,0.0,0.0,0.2327563936967193,0.18309859154929575,0.28949579831932754,1.0,1.0,1.0,,1.0,1.0,,0.7272727272727273,1.0,,
Spyware-TIBS-6e274cbbdefce4f2bcb3543da3f4043319541e51a110356e68cea2ae85153427-4.raw,0.0,0.0,0.6855091143435834,,0.6714323776373311,0.04108108108108108,0.7909090909090911,0.03295035768480382,0.6484213898732278,,0.1697054698457223,0.037815126050420166,0.0,0.03667953667953668,0.10804597701149425,0.01818181818181818,0.020348837209302327,0.0196078431372549,0.010752688172043012,0.061068702290076333,0.21428571428571427,0.140625,0.21428571428571427,0.4724320173716093,0.3901419099051962,0.4724320173716093,0.0,0.0,0.0,0.0,0.0,0.0,0.0,0.0,0.0,0.0,0.06666666666666667,0.0,0.0,0.0,0.0,0.4007890843333884,0.2829705505761845,0.4818181818181817,0.0,0.6363636363636364,0.5,,0.6666666666666666,0.6666666666666666,,0.18181818181818182,1.0,,
Spyware-TIBS-8d1b6b6cb2f44e01ad43b8efaebec065c4047400f1848f23a9e2034b3b710182-5.raw,0.0,0.0,0.6236420548701895,,0.634611800194623,0.04108108108108108,0.7909090909090911,0.013006720138738348,0.6090221108198476,,0.16269284712482468,0.02100840336134454,0.0,0.032818532818532815,0.0,0.01818181818181818,0.020348837209302327,0.0196078431372549,0.010752688172043012,0.061068702290076333,0.21428571428571427,0.140625,0.21428571428571427,0.4724320173716093,0.3901419099051962,0.4724320173716093,0.0,0.0,0.0,0.0,0.0,0.0,0.0,0.0,0.0,0.0,0.06666666666666667,0.0,0.0,0.0,0.0,0.4007890843333884,0.2829705505761845,0.4818181818181817,0.0,0.6363636363636364,0.5,,0.6666666666666666,0.6666666666666666,,0.18181818181818182,1.0,,
Spyware-TIBS-8d1b6b6cb2f44e01ad43b8efaebec065c4047400f1848f23a9e2034b3b710182-3.raw,0.0,0.0,0.9793776468422024,,0.757480466226268,0.04108108108108108,0.7909090909090911,0.0795577715152829,0.7404957920088445,,0.16690042075736325,0.0858343337334934,0.0,0.032818532818532815,0.38620689655172413,0.01818181818181818,0.020348837209302327,0.0196078431372549,0.010752688172043012,0.061068702290076333,0.21428571428571427,0.140625,0.21428571428571427,0.4724320173716093,0.3901419099051962,0.4724320173716093,0.0,0.0,0.0,0.0,0.0,0.0,0.0,0.0,0.0,0.0,0.06666666666666667,0.0,0.0,0.0,0.0,0.4007890843333884,0.2829705505761845,0.4818181818181817,0.0,0.6363636363636364,0.5,,0.6666666666666666,0.6666666666666666,,0.18181818181818182,1.0,,
Spyware-TIBS-7ee08dbd8e61fb131cc2258ad23f01c675265c04b502aa8676da524f962a98ab-7.raw,0.14705882352941177,0.07142857142857142,0.6906647026330326,,0.9871643822789091,0.33945945945945943,0.938647342995169,0.49577281595491,0.9862654493889279,,0.26367461430575034,0.6362545018007203,0.25925925925925924,0.42277992277992277,0.48735632183908045,0.2,0.4331395348837209,0.45098039215686275,0.34946236559139787,0.4122137404580153,0.3333333333333333,0.296875,0.3333333333333333,0.3688370824387161,0.2427740071603362,0.3688370824387161,0.011235955056179775,4.630058338735068e-05,0.011235955056179775,0.0,0.0,0.0,0.0,0.0,0.0,0.0,0.06666666666666667,0.0,0.0,0.0,0.0,0.2555756479807115,0.1966614501825767,0.3156136528685546,1.0,1.0,1.0,,1.0,1.0,,0.7272727272727273,1.0,,
Spyware-TIBS-76ba065d9bbd91b3a2a24ae4c092e3dce4f2555b79ea5c14bc3ff9495ff7e965-6.raw,0.0,0.0,0.659731172896336,,0.6846397586765632,0.04432432432432432,0.7995059288537549,0.040104053761109905,0.6625537399684621,,0.16830294530154277,0.07082833133253301,0.0,0.03861003861003861,0.06666666666666667,0.01818181818181818,0.020348837209302327,0.0196078431372549,0.021505376344086023,0.061068702290076333,0.23809523809523808,0.15625,0.23809523809523808,0.523978816875774,0.4344045308964054,0.523978816875774,0.0,0.0,0.0,0.0,0.0,0.0,0.0,0.0,0.0,0.0,0.06666666666666667,0.0,0.0,0.0,0.0,0.4007890843333884,0.2829705505761845,0.4818181818181817,0.0,0.6363636363636364,0.5,,0.6666666666666666,0.6666666666666666,,0.18181818181818182,1.0,,
Spyware-TIBS-85ae85a36eb35350175eb3c1b00dcab52d5fe726bab65975a6bb3177c8719da6-8.raw,0.14705882352941177,0.07142857142857142,0.6486562054597407,,0.9597712956790199,0.33945945945945943,0.938647342995169,0.47756340776067635,0.9569539084506641,,0.26227208976157085,0.614045618247299,0.25925925925925924,0.4247104247104247,0.432183908045977,0.2,0.4331395348837209,0.45098039215686275,0.34946236559139787,0.4122137404580153,0.3333333333333333,0.296875,0.3333333333333333,0.3688370824387161,0.2427740071603362,0.3688370824387161,0.011235955056179775,4.630058338735068e-05,0.011235955056179775,0.0,0.0,0.0,0.0,0.0,0.0,0.0,0.06666666666666667,0.0,0.0,0.0,0.0,0.2555756479807115,0.1966614501825767,0.3156136528685546,1.0,1.0,1.0,,1.0,1.0,,0.7272727272727273,1.0,,
Spyware-TIBS-6c020f140af8dd853073669a31bb0996b4f0a332a4a3b23b3e708d311b9ec587-9.raw,0.14705882352941177,0.07142857142857142,0.6192502574384364,,0.9473791850743083,0.33945945945945943,0.938647342995169,0.4693258183394754,0.9436939256452593,,0.26227208976157085,0.6056422569027611,0.25925925925925924,0.4247104247104247,0.39080459770114945,0.2,0.4331395348837209,0.45098039215686275,0.34946236559139787,0.4122137404580153,0.3333333333333333,0.296875,0.3333333333333333,0.3688370824387161,0.2427740071603362,0.3688370824387161,0.011235955056179775,4.630058338735068e-05,0.011235955056179775,0.0,0.0,0.0,0.0,0.0,0.0,0.0,0.06666666666666667,0.0,0.0,0.0,0.0,0.2555756479807115,0.1966614501825767,0.3156136528685546,1.0,1.0,1.0,,1.0,1.0,,0.7272727272727273,1.0,,
Spyware-TIBS-89a8dd64095295fe228f580ae94893cd8a6cd628ee3f36ae208b6d7ff79a7e55-10.raw,0.20588235294117646,0.14285714285714285,0.5420415367716621,,0.9135538958737888,0.45837837837837836,0.982608695652174,0.5599393019726859,0.90749970760655,,0.2805049088359046,0.6656662665066027,0.3333333333333333,0.4671814671814672,0.4666666666666667,0.34545454545454546,0.7034883720930233,0.5686274509803921,0.478494623655914,0.6183206106870229,0.42857142857142855,0.390625,0.42857142857142855,0.41976873179563257,0.2761118206540299,0.41976873179563257,0.011235955056179775,4.630058338735068e-05,0.011235955056179775,0.0,0.2,0.0,0.15384615384615385,0.2,0.15384615384615385,0.2,0.26666666666666666,0.3419354838709675,0.0,0.26302729528535956,0.3419354838709675,0.4513795718369017,0.47841890049977287,0.6034155597722959,1.0,1.0,1.0,,1.0,1.0,,0.7272727272727273,1.0,,
Spyware-TIBS-25ac33bc94decabf1572c58b136cd489a8ec017b0d1ea345b6e37a84423ca2d8-4.raw,0.0,0.0,0.659731172896336,,0.6578247729302432,0.04108108108108108,0.7909090909090911,0.025579882939518753,0.6338607867448046,,0.16269284712482468,0.027611044417767107,0.0,0.032818532818532815,0.0735632183908046,0.01818181818181818,0.020348837209302327,0.0196078431372549,0.010752688172043012,0.061068702290076333,0.21428571428571427,0.140625,0.21428571428571427,0.4724320173716093,0.3901419099051962,0.4724320173716093,0.0,0.0,0.0,0.0,0.0,0.0,0.0,0.0,0.0,0.0,0.06666666666666667,0.0,0.0,0.0,0.0,0.4007890843333884,0.2829705505761845,0.4818181818181817,0.0,0.6363636363636364,0.5,,0.6666666666666666,0.6666666666666666,,0.18181818181818182,1.0,,
Spyware-TIBS-67ec0e775d5272086f87e4fa67b7efec044decd79e7eecdb47993d5cb5e9b535-9.raw,0.14705882352941177,0.07142857142857142,0.6192502574384364,,0.9542274567242804,0.34486486486486484,0.9503220611916272,0.4738781703880338,0.9510218108798251,,0.26227208976157085,0.6116446578631453,0.25925925925925924,0.4247104247104247,0.3931034482758621,0.2,0.4331395348837209,0.45098039215686275,0.34946236559139787,0.42748091603053434,0.3333333333333333,0.296875,0.3333333333333333,0.3634562067807559,0.23321546015681177,0.3634562067807559,0.011235955056179775,4.630058338735068e-05,0.011235955056179775,0.0,0.0,0.0,0.0,0.0,0.0,0.0,0.06666666666666667,0.0,0.0,0.0,0.0,0.2555756479807115,0.1966614501825767,0.3156136528685546,1.0,1.0,1.0,,1.0,1.0,,0.7272727272727273,1.0,,
Spyware-TIBS-8d8af27b1ab68fde08153c7b2d90670c329aa93abe1645da4651ae0941f6da09-2.raw,0.0,0.0,0.9742220585527528,,0.7630835975762454,0.03891891891891892,0.7851778656126482,0.08259267288098851,0.7464913344734895,,0.17251051893408134,0.06842737094837935,0.0,0.017374517374517374,0.3471264367816092,0.01818181818181818,0.020348837209302327,0.0196078431372549,0.010752688172043012,0.061068702290076333,0.19047619047619047,0.125,0.19047619047619047,0.4189987635880066,0.34291252176356324,0.4189987635880066,0.0,0.0,0.0,0.0,0.0,0.0,0.0,0.0,0.0,0.0,0.06666666666666667,0.0,0.0,0.0,0.0,0.4007890843333884,0.2829705505761845,0.4818181818181817,0.0,0.6363636363636364,0.5,,0.6666666666666666,0.6666666666666666,,0.18181818181818182,1.0,,
Spyware-TIBS-7ee08dbd8e61fb131cc2258ad23f01c675265c04b502aa8676da524f962a98ab-1.raw,0.0,0.0,0.963910881973854,,0.7678862815905116,0.03891891891891892,0.7851778656126482,0.08519401690873618,0.7516303708717564,,0.1753155680224404,0.06722689075630252,0.0,0.017374517374517374,0.335632183908046,0.01818181818181818,0.020348837209302327,0.0196078431372549,0.010752688172043012,0.061068702290076333,0.19047619047619047,0.125,0.19047619047619047,0.4189987635880066,0.34291252176356324,0.4189987635880066,0.0,0.0,0.0,0.0,0.2,1.0,0.07692307692307693,0.2,0.15384615384615385,0.2,0.13333333333333333,0.44166666666666665,0.9583333333333321,0.16987179487179463,0.44166666666666665,0.6948462929475591,0.6713615023474178,0.5715686274509806,0.0,0.6363636363636364,0.5,,0.6666666666666666,0.6666666666666666,,0.18181818181818182,1.0,,
Spyware-TIBS-76ba065d9bbd91b3a2a24ae4c092e3dce4f2555b79ea5c14bc3ff9495ff7e965-3.raw,0.0,0.0,0.963910881973854,,0.73586838816207,0.04108108108108108,0.7909090909090911,0.06785172339041838,0.7173701282166433,,0.16269284712482468,0.07262905162064826,0.0,0.032818532818532815,0.3724137931034483,0.01818181818181818,0.020348837209302327,0.0196078431372549,0.010752688172043012,0.061068702290076333,0.21428571428571427,0.140625,0.21428571428571427,0.4724320173716093,0.3901419099051962,0.4724320173716093,0.0,0.0,0.0,0.0,0.0,0.0,0.0,0.0,0.0,0.0,0.06666666666666667,0.0,0.0,0.0,0.0,0.4007890843333884,0.2829705505761845,0.4818181818181817,0.0,0.6363636363636364,0.5,,0.6666666666666666,0.6666666666666666,,0.18181818181818182,1.0,,
Spyware-TIBS-6e274cbbdefce4f2bcb3543da3f4043319541e51a110356e68cea2ae85153427-7.raw,0.14705882352941177,0.07142857142857142,0.6864638529157034,,0.9881427068003336,0.34486486486486484,0.9503220611916272,0.49642315196184694,0.9873122901367228,,0.270687237026648,0.6392557022809123,0.25925925925925924,0.4266409266409266,0.47586206896551725,0.2,0.436046511627907,0.45098039215686275,0.34946236559139787,0.42748091603053434,0.3333333333333333,0.296875,0.3333333333333333,0.3634562067807559,0.23321546015681177,0.3634562067807559,0.011235955056179775,4.630058338735068e-05,0.011235955056179775,0.0,0.0,0.0,0.0,0.0,0.0,0.0,0.06666666666666667,0.0,0.0,0.0,0.0,0.2555756479807115,0.1966614501825767,0.3156136528685546,1.0,1.0,1.0,,1.0,1.0,,0.7272727272727273,1.0,,
Spyware-TIBS-67ec0e775d5272086f87e4fa67b7efec044decd79e7eecdb47993d5cb5e9b535-10.raw,0.20588235294117646,0.14285714285714285,0.5733306243214241,,0.9256986140707837,0.46378378378378377,0.9934782608695655,0.5686104487318447,0.9204949720619374,,0.2805049088359046,0.6788715486194478,0.3333333333333333,0.4671814671814672,0.5011494252873563,0.34545454545454546,0.7034883720930233,0.5686274509803921,0.478494623655914,0.6335877862595419,0.42857142857142855,0.390625,0.42857142857142855,0.41465165141578175,0.2672319393056032,0.41465165141578175,0.011235955056179775,4.630058338735068e-05,0.011235955056179775,0.0,0.3,0.0,0.23076923076923078,0.3,0.23076923076923078,0.3,0.26666666666666666,0.4968750000000002,0.0,0.3822115384615385,0.4968750000000002,0.5600700723327309,0.6179577464788735,0.5715686274509806,1.0,1.0,1.0,,1.0,1.0,,0.7272727272727273,1.0,,
Spyware-TIBS-92a05114ea36ed4ce64ac63d8b6472026537aedd164228ba9c18a95a44d4cbc3-6.raw,0.0,0.0,0.6648867611857852,,0.6850399823444187,0.04432432432432432,0.7995059288537549,0.04032083243008888,0.6629819930016508,,0.16830294530154277,0.07142857142857142,0.0,0.03861003861003861,0.06436781609195402,0.01818181818181818,0.020348837209302327,0.0196078431372549,0.021505376344086023,0.061068702290076333,0.23809523809523808,0.15625,0.23809523809523808,0.523978816875774,0.4344045308964054,0.523978816875774,0.0,0.0,0.0,0.0,0.0,0.0,0.0,0.0,0.0,0.0,0.06666666666666667,0.0,0.0,0.0,0.0,0.4007890843333884,0.2829705505761845,0.4818181818181817,0.0,0.6363636363636364,0.5,,0.6666666666666666,0.6666666666666666,,0.18181818181818182,1.0,,
Spyware-TIBS-9aa88b8359d2090f6588d882078813d7c548776d7403627c25f1091a0564fce6-3.raw,0.0,0.0,0.9484441171055056,,0.7546789005512794,0.032432432432432434,0.7679841897233202,0.0780403208324301,0.7374980207765222,,0.182328190743338,0.06902761104441776,0.0,0.019305019305019305,0.3218390804597701,0.01818181818181818,0.00872093023255814,0.0196078431372549,0.005376344086021506,0.061068702290076333,0.09523809523809523,0.0625,0.09523809523809523,0.19939385723185593,0.14615950453056578,0.19939385723185593,0.0,0.0,0.0,0.0,0.0,0.0,0.0,0.0,0.0,0.0,0.06666666666666667,0.0,0.0,0.0,0.0,0.4007890843333884,0.2829705505761845,0.4818181818181817,0.0,0.6363636363636364,0.5,,0.6666666666666666,0.6666666666666666,,0.18181818181818182,1.0,,
Spyware-TIBS-76ba065d9bbd91b3a2a24ae4c092e3dce4f2555b79ea5c14bc3ff9495ff7e965-5.raw,0.0,0.0,0.6184864665807401,,0.6350120238624785,0.04108108108108108,0.7909090909090911,0.01322349880771732,0.6094503638530364,,0.16269284712482468,0.01800720288115246,0.0,0.032818532818532815,0.011494252873563218,0.01818181818181818,0.020348837209302327,0.0196078431372549,0.010752688172043012,0.061068702290076333,0.21428571428571427,0.140625,0.21428571428571427,0.4724320173716093,0.3901419099051962,0.4724320173716093,0.0,0.0,0.0,0.0,0.0,0.0,0.0,0.0,0.0,0.0,0.06666666666666667,0.0,0.0,0.0,0.0,0.4007890843333884,0.2829705505761845,0.4818181818181817,0.0,0.6363636363636364,0.5,,0.6666666666666666,0.6666666666666666,,0.18181818181818182,1.0,,
Spyware-TIBS-9c8a2292cad7ae8b939c0fb6a7369ee7a84c470bf463fa473805bfad8c69a7f9-3.raw,0.0,0.0,0.9484441171055056,,0.735067940826359,0.04108108108108108,0.7909090909090911,0.06741816605246044,0.7165136221502654,,0.16269284712482468,0.06902761104441776,0.0,0.032818532818532815,0.34942528735632183,0.01818181818181818,0.020348837209302327,0.0196078431372549,0.010752688172043012,0.061068702290076333,0.21428571428571427,0.140625,0.21428571428571427,0.4724320173716093,0.3901419099051962,0.4724320173716093,0.0,0.0,0.0,0.0,0.0,0.0,0.0,0.0,0.0,0.0,0.06666666666666667,0.0,0.0,0.0,0.0,0.4007890843333884,0.2829705505761845,0.4818181818181817,0.0,0.6363636363636364,0.5,,0.6666666666666666,0.6666666666666666,,0.18181818181818182,1.0,,
Spyware-TIBS-9c8a2292cad7ae8b939c0fb6a7369ee7a84c470bf463fa473805bfad8c69a7f9-4.raw,0.0,0.0,0.6648867611857852,,0.6586252202659543,0.04108108108108108,0.7909090909090911,0.026013440277476697,0.6347172928111825,,0.16269284712482468,0.029411764705882353,0.0,0.032818532818532815,0.08045977011494253,0.01818181818181818,0.020348837209302327,0.0196078431372549,0.010752688172043012,0.061068702290076333,0.21428571428571427,0.140625,0.21428571428571427,0.4724320173716093,0.3901419099051962,0.4724320173716093,0.0,0.0,0.0,0.0,0.0,0.0,0.0,0.0,0.0,0.0,0.06666666666666667,0.0,0.0,0.0,0.0,0.4007890843333884,0.2829705505761845,0.4818181818181817,0.0,0.6363636363636364,0.5,,0.6666666666666666,0.6666666666666666,,0.18181818181818182,1.0,,
Spyware-TIBS-45f85eaf165337665b247db9aecc04e018d6402f73da2730fc66b885252abe7e-10.raw,0.17647058823529413,0.14285714285714285,0.5286319278217639,,0.9270323643727754,0.40864864864864864,0.9816770186335404,0.5126815521352699,0.9219221305690919,,0.26367461430575034,0.6374549819927972,0.2962962962962963,0.44594594594594594,0.38850574712643676,0.23636363636363636,0.6918604651162791,0.5098039215686274,0.3709677419354839,0.45038167938931295,0.38095238095238093,0.34375,0.38095238095238093,0.38600461458381397,0.243652706029865,0.38600461458381397,0.011235955056179775,4.630058338735068e-05,0.011235955056179775,0.0,0.0,0.0,0.0,0.0,0.0,0.0,0.13333333333333333,0.0,0.0,0.0,0.0,0.2327563936967193,0.18309859154929575,0.4305322128851538,1.0,1.0,1.0,,1.0,1.0,,0.7272727272727273,1.0,,
Spyware-TIBS-48fe5ec56dc868ffe3ae096714721a0db2bdd482c693a878d246eff2ec9da821-9.raw,0.14705882352941177,0.07142857142857142,0.6192502574384364,,0.9483575095957332,0.33945945945945943,0.938647342995169,0.4699761543464123,0.9447407663930547,,0.26227208976157085,0.6032412965186075,0.25925925925925924,0.4247104247104247,0.3954022988505747,0.2,0.4331395348837209,0.45098039215686275,0.34946236559139787,0.4122137404580153,0.3333333333333333,0.296875,0.3333333333333333,0.3688370824387161,0.2427740071603362,0.3688370824387161,0.011235955056179775,4.630058338735068e-05,0.011235955056179775,0.0,0.0,0.0,0.0,0.0,0.0,0.0,0.06666666666666667,0.0,0.0,0.0,0.0,0.2555756479807115,0.1966614501825767,0.3156136528685546,1.0,1.0,1.0,,1.0,1.0,,0.7272727272727273,1.0,,
Spyware-TIBS-7f0fb3e6faacd89fae2a13bf11a019edae5ef581472e8458204f6213af272dee-2.raw,0.0,0.0,0.9690664702633032,,0.7638840449119565,0.03891891891891892,0.7851778656126482,0.08302623021894645,0.7473478405398674,,0.1753155680224404,0.06902761104441776,0.0,0.021235521235521235,0.34022988505747126,0.01818181818181818,0.020348837209302327,0.0196078431372549,0.010752688172043012,0.061068702290076333,0.21428571428571427,0.140625,0.21428571428571427,0.4754476940916429,0.3954224063895868,0.4754476940916429,0.0,0.0,0.0,0.0,0.0,0.0,0.0,0.0,0.0,0.0,0.06666666666666667,0.0,0.0,0.0,0.0,0.4007890843333884,0.2829705505761845,0.4818181818181817,0.0,0.6363636363636364,0.5,,0.6666666666666666,0.6666666666666666,,0.18181818181818182,1.0,,
Spyware-TIBS-7f0fb3e6faacd89fae2a13bf11a019edae5ef581472e8458204f6213af272dee-6.raw,0.0,0.0,0.649419996317437,,0.6822384166694301,0.04432432432432432,0.7995059288537549,0.03880338174723607,0.6599842217693285,,0.16830294530154277,0.06902761104441776,0.0,0.03861003861003861,0.05517241379310345,0.01818181818181818,0.020348837209302327,0.0196078431372549,0.021505376344086023,0.061068702290076333,0.23809523809523808,0.15625,0.23809523809523808,0.523978816875774,0.4344045308964054,0.523978816875774,0.0,0.0,0.0,0.0,0.0,0.0,0.0,0.0,0.0,0.0,0.06666666666666667,0.0,0.0,0.0,0.0,0.4007890843333884,0.2829705505761845,0.4818181818181817,0.0,0.6363636363636364,0.5,,0.6666666666666666,0.6666666666666666,,0.18181818181818182,1.0,,
Spyware-TIBS-19f82488e174dbe2b094ad9e520ee3956ef6c14f8faf5bd0bb368f0ea73de6ef-4.raw,0.0,0.0,0.659731172896336,,0.6562238782588211,0.04108108108108108,0.7909090909090911,0.02471276826360286,0.6321477746120489,,0.16269284712482468,0.026410564225690276,0.0,0.032818532818532815,0.07816091954022988,0.01818181818181818,0.020348837209302327,0.0196078431372549,0.010752688172043012,0.061068702290076333,0.21428571428571427,0.140625,0.21428571428571427,0.4724320173716093,0.3901419099051962,0.4724320173716093,0.0,0.0,0.0,0.0,0.0,0.0,0.0,0.0,0.0,0.0,0.06666666666666667,0.0,0.0,0.0,0.0,0.4007890843333884,0.2829705505761845,0.4818181818181817,0.0,0.6363636363636364,0.5,,0.6666666666666666,0.6666666666666666,,0.18181818181818182,1.0,,
Spyware-TIBS-10f9ff1e9f0cddbac2bf5dd5921a15f8c925fa57b2a1d2f9f10772a3b6bba6b2-4.raw,0.0,0.0,0.6906647026330326,,0.6658292462873536,0.04108108108108108,0.7909090909090911,0.0299154563190982,0.6424258474085829,,0.16269284712482468,0.030612244897959183,0.0,0.032818532818532815,0.10574712643678161,0.01818181818181818,0.020348837209302327,0.0196078431372549,0.010752688172043012,0.061068702290076333,0.21428571428571427,0.140625,0.21428571428571427,0.4724320173716093,0.3901419099051962,0.4724320173716093,0.0,0.0,0.0,0.0,0.0,0.0,0.0,0.0,0.0,0.0,0.06666666666666667,0.0,0.0,0.0,0.0,0.4007890843333884,0.2829705505761845,0.4818181818181817,0.0,0.6363636363636364,0.5,,0.6666666666666666,0.6666666666666666,,0.18181818181818182,1.0,,
Spyware-TIBS-8d1b6b6cb2f44e01ad43b8efaebec065c4047400f1848f23a9e2034b3b710182-2.raw,0.0,0.0,1.0,,0.7906990306582764,0.04108108108108108,0.7909090909090911,0.09755040104053761,0.7760407937635246,,0.18373071528751753,0.09063625450180073,0.0,0.032818532818532815,0.37701149425287356,0.01818181818181818,0.020348837209302327,0.0196078431372549,0.016129032258064516,0.061068702290076333,0.21428571428571427,0.140625,0.21428571428571427,0.4724320173716093,0.3901419099051962,0.4724320173716093,0.0,0.0,0.0,0.0,0.1,0.0,0.07692307692307693,0.1,0.07692307692307693,0.1,0.13333333333333333,0.23043478260869565,0.0,0.177257525083612,0.23043478260869565,0.554210236653825,0.4856093080220452,0.6144927536231886,0.0,0.6363636363636364,0.5,,0.6666666666666666,0.6666666666666666,,0.18181818181818182,1.0,,
Spyware-TIBS-90c50fdd82efd7f377529b07f07b58d9c836a94bbee69bc016385c907f926021-6.raw,0.0,0.0,0.659731172896336,,0.6826386403372855,0.04432432432432432,0.7995059288537549,0.03902016041621505,0.6604124748025173,,0.16830294530154277,0.06902761104441776,0.0,0.03861003861003861,0.06206896551724138,0.01818181818181818,0.020348837209302327,0.0196078431372549,0.021505376344086023,0.061068702290076333,0.23809523809523808,0.15625,0.23809523809523808,0.523978816875774,0.4344045308964054,0.523978816875774,0.0,0.0,0.0,0.0,0.0,0.0,0.0,0.0,0.0,0.0,0.06666666666666667,0.0,0.0,0.0,0.0,0.4007890843333884,0.2829705505761845,0.4818181818181817,0.0,0.6363636363636364,0.5,,0.6666666666666666,0.6666666666666666,,0.18181818181818182,1.0,,
Spyware-TIBS-8d8af27b1ab68fde08153c7b2d90670c329aa93abe1645da4651ae0941f6da09-1.raw,0.0,0.0,0.9793776468422024,,0.7710880709333559,0.03891891891891892,0.7851778656126482,0.08692824626056796,0.7550563951372679,,0.17391304347826086,0.07202881152460984,0.0,0.017374517374517374,0.34942528735632183,0.01818181818181818,0.020348837209302327,0.0196078431372549,0.010752688172043012,0.061068702290076333,0.19047619047619047,0.125,0.19047619047619047,0.4189987635880066,0.34291252176356324,0.4189987635880066,0.0,0.0,0.0,0.0,0.0,0.0,0.0,0.0,0.0,0.0,0.0,0.0,0.0,0.0,0.0,0.4007890843333884,0.2829705505761845,0.3023172905525847,0.0,0.6363636363636364,0.5,,0.6666666666666666,0.6666666666666666,,0.18181818181818182,1.0,,
Spyware-TIBS-90c50fdd82efd7f377529b07f07b58d9c836a94bbee69bc016385c907f926021-1.raw,0.0,0.0,0.9587552936844044,,0.7630835975762454,0.03891891891891892,0.7851778656126482,0.08259267288098851,0.7464913344734895,,0.17391304347826086,0.0666266506602641,0.0,0.017374517374517374,0.3264367816091954,0.01818181818181818,0.020348837209302327,0.0196078431372549,0.010752688172043012,0.061068702290076333,0.19047619047619047,0.125,0.19047619047619047,0.4189987635880066,0.34291252176356324,0.4189987635880066,0.0,0.0,0.0,0.0,0.0,0.0,0.0,0.0,0.0,0.0,0.0,0.0,0.0,0.0,0.0,0.4007890843333884,0.2829705505761845,0.3023172905525847,0.0,0.6363636363636364,0.5,,0.6666666666666666,0.6666666666666666,,0.18181818181818182,1.0,,
Spyware-TIBS-28e57139370f05830b5ffa383fde31916f358d49a03010d6cee044c63e852a82-1.raw,0.0,0.0,0.9742220585527528,,0.7710880709333559,0.03891891891891892,0.7851778656126482,0.08692824626056796,0.7550563951372679,,0.17391304347826086,0.07082833133253301,0.0,0.017374517374517374,0.35402298850574715,0.01818181818181818,0.020348837209302327,0.0196078431372549,0.010752688172043012,0.061068702290076333,0.19047619047619047,0.125,0.19047619047619047,0.4189987635880066,0.34291252176356324,0.4189987635880066,0.0,0.0,0.0,0.0,0.1,0.0,0.07692307692307693,0.1,0.07692307692307693,0.1,0.06666666666666667,0.23043478260869565,0.0,0.177257525083612,0.23043478260869565,0.554210236653825,0.4856093080220452,0.4427962489343561,0.0,0.6363636363636364,0.5,,0.6666666666666666,0.6666666666666666,,0.18181818181818182,1.0,,
Spyware-TIBS-6e274cbbdefce4f2bcb3543da3f4043319541e51a110356e68cea2ae85153427-2.raw,0.0,0.0,0.9690664702633032,,0.7654849395833784,0.03891891891891892,0.7851778656126482,0.08389334489486235,0.7490608526726228,,0.17952314165497896,0.06902761104441776,0.0,0.021235521235521235,0.3471264367816092,0.01818181818181818,0.020348837209302327,0.0196078431372549,0.010752688172043012,0.061068702290076333,0.19047619047619047,0.125,0.19047619047619047,0.4189987635880066,0.34291252176356324,0.4189987635880066,0.0,0.0,0.0,0.0,0.1,0.0,0.07692307692307693,0.1,0.07692307692307693,0.1,0.13333333333333333,0.23043478260869565,0.0,0.177257525083612,0.23043478260869565,0.554210236653825,0.4856093080220452,0.6144927536231886,0.0,0.6363636363636364,0.5,,0.6666666666666666,0.6666666666666666,,0.18181818181818182,1.0,,
Spyware-TIBS-6e996c9ce02c848f4a648e77d67ca89da64badb09faf00c5edbdea6cf7e2b93d-7.raw,0.14705882352941177,0.07142857142857142,0.7074681015023494,,0.9842294087146355,0.33945945945945943,0.938647342995169,0.4938218079340993,0.9831249271455427,,0.26227208976157085,0.6338535414165666,0.25925925925925924,0.42277992277992277,0.4942528735632184,0.2,0.4331395348837209,0.45098039215686275,0.34946236559139787,0.4122137404580153,0.3333333333333333,0.296875,0.3333333333333333,0.3688370824387161,0.2427740071603362,0.3688370824387161,0.011235955056179775,4.630058338735068e-05,0.011235955056179775,0.0,0.0,0.0,0.0,0.0,0.0,0.0,0.06666666666666667,0.0,0.0,0.0,0.0,0.2555756479807115,0.1966614501825767,0.3156136528685546,1.0,1.0,1.0,,1.0,1.0,,0.7272727272727273,1.0,,
Spyware-TIBS-7cbae8b99aad8d5f683842fe9b1d44647599dfa2c73feac803baa1f9cbf789a8-10.raw,0.17647058823529413,0.14285714285714285,0.585343399005708,,0.9430698984918429,0.40864864864864864,0.9816770186335404,0.5237372642531974,0.939082841399019,,0.26367461430575034,0.6494597839135654,0.2962962962962963,0.4420849420849421,0.4482758620689655,0.23636363636363636,0.6918604651162791,0.5098039215686274,0.3709677419354839,0.45038167938931295,0.38095238095238093,0.34375,0.38095238095238093,0.38600461458381397,0.243652706029865,0.38600461458381397,0.011235955056179775,4.630058338735068e-05,0.011235955056179775,0.0,0.0,0.0,0.0,0.0,0.0,0.0,0.06666666666666667,0.0,0.0,0.0,0.0,0.2327563936967193,0.18309859154929575,0.28949579831932754,1.0,1.0,1.0,,1.0,1.0,,0.7272727272727273,1.0,,
Spyware-TIBS-89a8dd64095295fe228f580ae94893cd8a6cd628ee3f36ae208b6d7ff79a7e55-1.raw,0.0,0.0,0.9845332351316516,,0.7690869525940783,0.03891891891891892,0.7851778656126482,0.08584435291567309,0.7529151299713233,,0.17391304347826086,0.06842737094837935,0.0,0.017374517374517374,0.35172413793103446,0.01818181818181818,0.020348837209302327,0.0196078431372549,0.010752688172043012,0.061068702290076333,0.19047619047619047,0.125,0.19047619047619047,0.4189987635880066,0.34291252176356324,0.4189987635880066,0.0,0.0,0.0,0.0,0.0,0.0,0.0,0.0,0.0,0.0,0.0,0.0,0.0,0.0,0.0,0.4007890843333884,0.2829705505761845,0.3023172905525847,0.0,0.6363636363636364,0.5,,0.6666666666666666,0.6666666666666666,,0.18181818181818182,1.0,,
Spyware-TIBS-19f82488e174dbe2b094ad9e520ee3956ef6c14f8faf5bd0bb368f0ea73de6ef-8.raw,0.14705882352941177,0.07142857142857142,0.6570579048943991,,0.9659673509813761,0.34486486486486484,0.9503220611916272,0.4816822024712768,0.963583899853367,,0.26227208976157085,0.6188475390156063,0.25925925925925924,0.4247104247104247,0.4413793103448276,0.2,0.4331395348837209,0.45098039215686275,0.34946236559139787,0.42748091603053434,0.3333333333333333,0.296875,0.3333333333333333,0.3634562067807559,0.23321546015681177,0.3634562067807559,0.011235955056179775,4.630058338735068e-05,0.011235955056179775,0.0,0.0,0.0,0.0,0.0,0.0,0.0,0.06666666666666667,0.0,0.0,0.0,0.0,0.2555756479807115,0.1966614501825767,0.3156136528685546,1.0,1.0,1.0,,1.0,1.0,,0.7272727272727273,1.0,,
Spyware-TIBS-45f85eaf165337665b247db9aecc04e018d6402f73da2730fc66b885252abe7e-8.raw,0.14705882352941177,0.07142857142857142,0.6486562054597407,,0.9640107019385268,0.33945945945945943,0.938647342995169,0.480381530457403,0.9614902183577767,,0.26227208976157085,0.6164465786314526,0.25925925925925924,0.4247104247104247,0.4367816091954023,0.2,0.4331395348837209,0.45098039215686275,0.34946236559139787,0.4122137404580153,0.3333333333333333,0.296875,0.3333333333333333,0.3688370824387161,0.2427740071603362,0.3688370824387161,0.011235955056179775,4.630058338735068e-05,0.011235955056179775,0.0,0.0,0.0,0.0,0.0,0.0,0.0,0.06666666666666667,0.0,0.0,0.0,0.0,0.2555756479807115,0.1966614501825767,0.3156136528685546,1.0,1.0,1.0,,1.0,1.0,,0.7272727272727273,1.0,,
Spyware-TIBS-8d1b6b6cb2f44e01ad43b8efaebec065c4047400f1848f23a9e2034b3b710182-6.raw,0.0,0.0,0.6648867611857852,,0.6842395350087076,0.04432432432432432,0.7995059288537549,0.039887275092130935,0.6621254869352731,,0.16830294530154277,0.07382953181272509,0.0,0.03861003861003861,0.05517241379310345,0.01818181818181818,0.020348837209302327,0.0196078431372549,0.021505376344086023,0.061068702290076333,0.23809523809523808,0.15625,0.23809523809523808,0.523978816875774,0.4344045308964054,0.523978816875774,0.0,0.0,0.0,0.0,0.0,0.0,0.0,0.0,0.0,0.0,0.06666666666666667,0.0,0.0,0.0,0.0,0.4007890843333884,0.2829705505761845,0.4818181818181817,0.0,0.6363636363636364,0.5,,0.6666666666666666,0.6666666666666666,,0.18181818181818182,1.0,,
Spyware-TIBS-76ba065d9bbd91b3a2a24ae4c092e3dce4f2555b79ea5c14bc3ff9495ff7e965-10.raw,0.17647058823529413,0.14285714285714285,0.5812925796354264,,0.9424409755852129,0.40864864864864864,0.9816770186335404,0.5233037069152395,0.9384098723468651,,0.26367461430575034,0.6506602641056423,0.2962962962962963,0.44594594594594594,0.4459770114942529,0.23636363636363636,0.6918604651162791,0.5098039215686274,0.3709677419354839,0.45038167938931295,0.38095238095238093,0.34375,0.38095238095238093,0.38600461458381397,0.243652706029865,0.38600461458381397,0.011235955056179775,4.630058338735068e-05,0.011235955056179775,0.0,0.0,0.0,0.0,0.0,0.0,0.0,0.06666666666666667,0.0,0.0,0.0,0.0,0.2327563936967193,0.18309859154929575,0.28949579831932754,1.0,1.0,1.0,,1.0,1.0,,0.7272727272727273,1.0,,
Spyware-TIBS-7cbae8b99aad8d5f683842fe9b1d44647599dfa2c73feac803baa1f9cbf789a8-6.raw,0.0,0.0,0.6442644080279876,,0.6794368509944415,0.04432432432432432,0.7995059288537549,0.037285931064383264,0.6569864505370062,,0.16830294530154277,0.06542617046818727,0.0,0.03474903474903475,0.05517241379310345,0.01818181818181818,0.020348837209302327,0.0196078431372549,0.021505376344086023,0.061068702290076333,0.23809523809523808,0.15625,0.23809523809523808,0.523978816875774,0.4344045308964054,0.523978816875774,0.0,0.0,0.0,0.0,0.0,0.0,0.0,0.0,0.0,0.0,0.06666666666666667,0.0,0.0,0.0,0.0,0.4007890843333884,0.2829705505761845,0.4818181818181817,0.0,0.6363636363636364,0.5,,0.6666666666666666,0.6666666666666666,,0.18181818181818182,1.0,,
Spyware-TIBS-67ec0e775d5272086f87e4fa67b7efec044decd79e7eecdb47993d5cb5e9b535-8.raw,0.14705882352941177,0.07142857142857142,0.6528570551770698,,0.9669456755028005,0.34486486486486484,0.9503220611916272,0.4823325384782137,0.9646307406011619,,0.26227208976157085,0.6212484993997599,0.25925925925925924,0.4247104247104247,0.432183908045977,0.2,0.4331395348837209,0.45098039215686275,0.34946236559139787,0.42748091603053434,0.3333333333333333,0.296875,0.3333333333333333,0.3634562067807559,0.23321546015681177,0.3634562067807559,0.011235955056179775,4.630058338735068e-05,0.011235955056179775,0.0,0.0,0.0,0.0,0.0,0.0,0.0,0.06666666666666667,0.0,0.0,0.0,0.0,0.2555756479807115,0.1966614501825767,0.3156136528685546,1.0,1.0,1.0,,1.0,1.0,,0.7272727272727273,1.0,,
Spyware-TIBS-8d8af27b1ab68fde08153c7b2d90670c329aa93abe1645da4651ae0941f6da09-9.raw,0.14705882352941177,0.07142857142857142,0.6192502574384364,,0.9477052932481167,0.33945945945945943,0.938647342995169,0.46954259700845435,0.9440428725611912,,0.26227208976157085,0.6068427370948379,0.25925925925925924,0.4247104247104247,0.38620689655172413,0.2,0.4331395348837209,0.45098039215686275,0.34946236559139787,0.4122137404580153,0.3333333333333333,0.296875,0.3333333333333333,0.3688370824387161,0.2427740071603362,0.3688370824387161,0.011235955056179775,4.630058338735068e-05,0.011235955056179775,0.0,0.0,0.0,0.0,0.0,0.0,0.0,0.06666666666666667,0.0,0.0,0.0,0.0,0.2555756479807115,0.1966614501825767,0.3156136528685546,1.0,1.0,1.0,,1.0,1.0,,0.7272727272727273,1.0,,
Spyware-TIBS-8d1b6b6cb2f44e01ad43b8efaebec065c4047400f1848f23a9e2034b3b710182-10.raw,0.17647058823529413,0.14285714285714285,0.5691401215245812,,0.9443277443051028,0.41405405405405404,0.9929347826086958,0.5246043789291134,0.9404287795033267,,0.26367461430575034,0.6572629051620649,0.2962962962962963,0.44594594594594594,0.42758620689655175,0.23636363636363636,0.6918604651162791,0.5098039215686274,0.3709677419354839,0.46564885496183206,0.38095238095238093,0.34375,0.38095238095238093,0.3808289981733425,0.23457165186771323,0.3808289981733425,0.011235955056179775,4.630058338735068e-05,0.011235955056179775,0.0,0.0,0.0,0.0,0.0,0.0,0.0,0.06666666666666667,0.0,0.0,0.0,0.0,0.2327563936967193,0.18309859154929575,0.28949579831932754,1.0,1.0,1.0,,1.0,1.0,,0.7272727272727273,1.0,,
Spyware-TIBS-28e57139370f05830b5ffa383fde31916f358d49a03010d6cee044c63e852a82-2.raw,0.0,0.0,0.9793776468422024,,0.7782920969547552,0.04108108108108108,0.7909090909090911,0.09083026230218946,0.7627649497346682,,0.1767180925666199,0.08103241296518607,0.0,0.032818532818532815,0.3563218390804598,0.01818181818181818,0.020348837209302327,0.0196078431372549,0.010752688172043012,0.061068702290076333,0.21428571428571427,0.140625,0.21428571428571427,0.4724320173716093,0.3901419099051962,0.4724320173716093,0.0,0.0,0.0,0.0,0.0,0.0,0.0,0.0,0.0,0.0,0.06666666666666667,0.0,0.0,0.0,0.0,0.4007890843333884,0.2829705505761845,0.4818181818181817,0.0,0.6363636363636364,0.5,,0.6666666666666666,0.6666666666666666,,0.18181818181818182,1.0,,
Spyware-TIBS-6e274cbbdefce4f2bcb3543da3f4043319541e51a110356e68cea2ae85153427-9.raw,0.14705882352941177,0.07142857142857142,0.6192502574384364,,0.9548796730718969,0.34486486486486484,0.9503220611916272,0.4743117277259918,0.9517197047116885,,0.26928471248246844,0.6122448979591837,0.25925925925925924,0.42857142857142855,0.39080459770114945,0.2,0.4331395348837209,0.45098039215686275,0.34946236559139787,0.42748091603053434,0.3333333333333333,0.296875,0.3333333333333333,0.3634562067807559,0.23321546015681177,0.3634562067807559,0.011235955056179775,4.630058338735068e-05,0.011235955056179775,0.0,0.0,0.0,0.0,0.0,0.0,0.0,0.06666666666666667,0.0,0.0,0.0,0.0,0.2555756479807115,0.1966614501825767,0.3156136528685546,1.0,1.0,1.0,,1.0,1.0,,0.7272727272727273,1.0,,
Spyware-TIBS-85ae85a36eb35350175eb3c1b00dcab52d5fe726bab65975a6bb3177c8719da6-3.raw,0.0,0.0,0.9484441171055056,,0.7370690591656365,0.04108108108108108,0.7909090909090911,0.0685020593973553,0.7186548873162099,,0.16690042075736325,0.06842737094837935,0.0,0.032818532818532815,0.32873563218390806,0.01818181818181818,0.020348837209302327,0.0196078431372549,0.010752688172043012,0.061068702290076333,0.21428571428571427,0.140625,0.21428571428571427,0.4724320173716093,0.3901419099051962,0.4724320173716093,0.0,0.0,0.0,0.0,0.0,0.0,0.0,0.0,0.0,0.0,0.06666666666666667,0.0,0.0,0.0,0.0,0.4007890843333884,0.2829705505761845,0.4818181818181817,0.0,0.6363636363636364,0.5,,0.6666666666666666,0.6666666666666666,,0.18181818181818182,1.0,,
Spyware-TIBS-48fe5ec56dc868ffe3ae096714721a0db2bdd482c693a878d246eff2ec9da821-1.raw,0.0,0.0,0.9484441171055056,,0.7582809135619791,0.03891891891891892,0.7851778656126482,0.07999132885324084,0.7413522980752224,,0.17391304347826086,0.061224489795918366,0.0,0.017374517374517374,0.3103448275862069,0.01818181818181818,0.020348837209302327,0.0196078431372549,0.010752688172043012,0.061068702290076333,0.19047619047619047,0.125,0.19047619047619047,0.4189987635880066,0.34291252176356324,0.4189987635880066,0.0,0.0,0.0,0.0,0.0,0.0,0.0,0.0,0.0,0.0,0.0,0.0,0.0,0.0,0.0,0.4007890843333884,0.2829705505761845,0.3023172905525847,0.0,0.6363636363636364,0.5,,0.6666666666666666,0.6666666666666666,,0.18181818181818182,1.0,,
Spyware-TIBS-7cbae8b99aad8d5f683842fe9b1d44647599dfa2c73feac803baa1f9cbf789a8-4.raw,0.0,0.0,0.7319094089486282,,0.6822384166694301,0.04108108108108108,0.7909090909090911,0.03880338174723607,0.6599842217693285,,0.16269284712482468,0.04141656662665066,0.0,0.02895752895752896,0.17011494252873563,0.01818181818181818,0.020348837209302327,0.0196078431372549,0.010752688172043012,0.061068702290076333,0.21428571428571427,0.140625,0.21428571428571427,0.4724320173716093,0.3901419099051962,0.4724320173716093,0.0,0.0,0.0,0.0,0.0,0.0,0.0,0.0,0.0,0.0,0.06666666666666667,0.0,0.0,0.0,0.0,0.4007890843333884,0.2829705505761845,0.4818181818181817,0.0,0.6363636363636364,0.5,,0.6666666666666666,0.6666666666666666,,0.18181818181818182,1.0,,
Spyware-TIBS-19f82488e174dbe2b094ad9e520ee3956ef6c14f8faf5bd0bb368f0ea73de6ef-6.raw,0.0,0.0,0.6545755846068864,,0.6782361799908747,0.04432432432432432,0.7995059288537549,0.036635595057446346,0.6557016914374393,,0.16830294530154277,0.06482593037214886,0.0,0.03861003861003861,0.05747126436781609,0.01818181818181818,0.020348837209302327,0.0196078431372549,0.021505376344086023,0.061068702290076333,0.23809523809523808,0.15625,0.23809523809523808,0.523978816875774,0.4344045308964054,0.523978816875774,0.0,0.0,0.0,0.0,0.0,0.0,0.0,0.0,0.0,0.0,0.06666666666666667,0.0,0.0,0.0,0.0,0.4007890843333884,0.2829705505761845,0.4818181818181817,0.0,0.6363636363636364,0.5,,0.6666666666666666,0.6666666666666666,,0.18181818181818182,1.0,,
Spyware-TIBS-76ba065d9bbd91b3a2a24ae4c092e3dce4f2555b79ea5c14bc3ff9495ff7e965-2.raw,0.0,0.0,0.9793776468422024,,0.7802932152940327,0.04108108108108108,0.7909090909090911,0.09191415564708433,0.7649062149006127,,0.182328190743338,0.08103241296518607,0.0,0.032818532818532815,0.3563218390804598,0.01818181818181818,0.020348837209302327,0.0196078431372549,0.010752688172043012,0.061068702290076333,0.21428571428571427,0.140625,0.21428571428571427,0.4724320173716093,0.3901419099051962,0.4724320173716093,0.0,0.0,0.0,0.0,0.0,0.0,0.0,0.0,0.0,0.0,0.06666666666666667,0.0,0.0,0.0,0.0,0.4007890843333884,0.2829705505761845,0.4818181818181817,0.0,0.6363636363636364,0.5,,0.6666666666666666,0.6666666666666666,,0.18181818181818182,1.0,,
Spyware-TIBS-45f85eaf165337665b247db9aecc04e018d6402f73da2730fc66b885252abe7e-2.raw,0.0,0.0,0.9535997053949548,,0.7714882946012113,0.04108108108108108,0.7909090909090911,0.08714502492954693,0.7554846481704566,,0.1767180925666199,0.07743097238895558,0.0,0.032818532818532815,0.3333333333333333,0.01818181818181818,0.020348837209302327,0.0196078431372549,0.010752688172043012,0.061068702290076333,0.21428571428571427,0.140625,0.21428571428571427,0.4724320173716093,0.3901419099051962,0.4724320173716093,0.0,0.0,0.0,0.0,0.0,0.0,0.0,0.0,0.0,0.0,0.06666666666666667,0.0,0.0,0.0,0.0,0.4007890843333884,0.2829705505761845,0.4818181818181817,0.0,0.6363636363636364,0.5,,0.6666666666666666,0.6666666666666666,,0.18181818181818182,1.0,,
Spyware-TIBS-25ac33bc94decabf1572c58b136cd489a8ec017b0d1ea345b6e37a84423ca2d8-9.raw,0.17647058823529413,0.14285714285714285,0.6461056895599337,,0.9801763499830192,0.4172972972972973,0.9996894409937888,0.5493171471927162,0.9787880154761057,,0.27349228611500703,0.67046818727491,0.2962962962962963,0.44594594594594594,0.5172413793103449,0.23636363636363636,0.6918604651162791,0.5098039215686274,0.3709677419354839,0.48091603053435117,0.38095238095238093,0.34375,0.38095238095238093,0.3777425203109119,0.22915616694455151,0.3777425203109119,0.011235955056179775,4.630058338735068e-05,0.011235955056179775,0.0,0.0,0.0,0.0,0.0,0.0,0.0,0.06666666666666667,0.0,0.0,0.0,0.0,0.2327563936967193,0.18309859154929575,0.28949579831932754,1.0,1.0,1.0,,1.0,1.0,,0.7272727272727273,1.0,,
Spyware-TIBS-97a0246b1c3df21db4449c71eabd9e2e4c622adfc1c6d9a86e151c844c6f4c30-9.raw,0.17647058823529413,0.14285714285714285,0.6420548701896519,,0.9764028125432384,0.40864864864864864,0.9816770186335404,0.5467158031649686,0.9747502011631815,,0.27349228611500703,0.6692677070828331,0.2962962962962963,0.44594594594594594,0.5126436781609195,0.23636363636363636,0.6918604651162791,0.5098039215686274,0.3709677419354839,0.45038167938931295,0.38095238095238093,0.34375,0.38095238095238093,0.38600461458381397,0.243652706029865,0.38600461458381397,0.011235955056179775,4.630058338735068e-05,0.011235955056179775,0.0,0.0,0.0,0.0,0.0,0.0,0.0,0.06666666666666667,0.0,0.0,0.0,0.0,0.2327563936967193,0.18309859154929575,0.28949579831932754,1.0,1.0,1.0,,1.0,1.0,,0.7272727272727273,1.0,,
Spyware-TIBS-67ec0e775d5272086f87e4fa67b7efec044decd79e7eecdb47993d5cb5e9b535-3.raw,0.0,0.0,0.9484441171055056,,0.7450735325227469,0.04108108108108108,0.7909090909090911,0.07283763277693475,0.7272199479799881,,0.16690042075736325,0.0702280912364946,0.0,0.032818532818532815,0.3333333333333333,0.01818181818181818,0.020348837209302327,0.0196078431372549,0.010752688172043012,0.061068702290076333,0.21428571428571427,0.140625,0.21428571428571427,0.4724320173716093,0.3901419099051962,0.4724320173716093,0.0,0.0,0.0,0.0,0.0,0.0,0.0,0.0,0.0,0.0,0.06666666666666667,0.0,0.0,0.0,0.0,0.4007890843333884,0.2829705505761845,0.4818181818181817,0.0,0.6363636363636364,0.5,,0.6666666666666666,0.6666666666666666,,0.18181818181818182,1.0,,
Spyware-TIBS-90c50fdd82efd7f377529b07f07b58d9c836a94bbee69bc016385c907f926021-2.raw,0.0,0.0,0.963910881973854,,0.7702876235976448,0.04108108108108108,0.7909090909090911,0.08649468892261002,0.75419988907089,,0.1767180925666199,0.07683073229291716,0.0,0.032818532818532815,0.32873563218390806,0.01818181818181818,0.020348837209302327,0.0196078431372549,0.010752688172043012,0.061068702290076333,0.21428571428571427,0.140625,0.21428571428571427,0.4724320173716093,0.3901419099051962,0.4724320173716093,0.0,0.0,0.0,0.0,0.0,0.0,0.0,0.0,0.0,0.0,0.06666666666666667,0.0,0.0,0.0,0.0,0.4007890843333884,0.2829705505761845,0.4818181818181817,0.0,0.6363636363636364,0.5,,0.6666666666666666,0.6666666666666666,,0.18181818181818182,1.0,,
Spyware-TIBS-48fe5ec56dc868ffe3ae096714721a0db2bdd482c693a878d246eff2ec9da821-8.raw,0.14705882352941177,0.07142857142857142,0.6570579048943991,,0.9649890264599512,0.33945945945945943,0.938647342995169,0.48103186646433993,0.9625370591055715,,0.26227208976157085,0.6146458583433373,0.25925925925925924,0.4247104247104247,0.4413793103448276,0.2,0.4331395348837209,0.45098039215686275,0.34946236559139787,0.4122137404580153,0.3333333333333333,0.296875,0.3333333333333333,0.3688370824387161,0.2427740071603362,0.3688370824387161,0.011235955056179775,4.630058338735068e-05,0.011235955056179775,0.0,0.0,0.0,0.0,0.0,0.0,0.0,0.06666666666666667,0.0,0.0,0.0,0.0,0.2555756479807115,0.1966614501825767,0.3156136528685546,1.0,1.0,1.0,,1.0,1.0,,0.7272727272727273,1.0,,
Spyware-TIBS-6ff85480282c694f5e64a1fce32938d3f71e0f2aa3e91e8bc139184713b33c56-3.raw,0.0,0.0,0.9484441171055056,,0.7486755455334465,0.04108108108108108,0.7909090909090911,0.0747886407977455,0.7310742252786884,,0.16690042075736325,0.07803121248499399,0.0,0.032818532818532815,0.3586206896551724,0.01818181818181818,0.020348837209302327,0.0196078431372549,0.010752688172043012,0.061068702290076333,0.21428571428571427,0.140625,0.21428571428571427,0.4724320173716093,0.3901419099051962,0.4724320173716093,0.0,0.0,0.0,0.0,0.1,0.0,0.07692307692307693,0.1,0.07692307692307693,0.1,0.13333333333333333,0.23043478260869565,0.0,0.177257525083612,0.23043478260869565,0.554210236653825,0.4856093080220452,0.6144927536231886,0.0,0.6363636363636364,0.5,,0.6666666666666666,0.6666666666666666,,0.18181818181818182,1.0,,
Spyware-TIBS-9aa88b8359d2090f6588d882078813d7c548776d7403627c25f1091a0564fce6-9.raw,0.14705882352941177,0.07142857142857142,0.6234511071557657,,0.9467269687266918,0.3362162162162162,0.9316425120772949,0.46889226100151743,0.9429960318133959,,0.26928471248246844,0.6068427370948379,0.25925925925925924,0.4111969111969112,0.4068965517241379,0.2,0.42151162790697677,0.45098039215686275,0.34408602150537637,0.42748091603053434,0.21428571428571427,0.21875,0.21428571428571427,0.15260152455040518,0.044171354936614574,0.15260152455040518,0.011235955056179775,4.630058338735068e-05,0.011235955056179775,0.0,0.0,0.0,0.0,0.0,0.0,0.0,0.06666666666666667,0.0,0.0,0.0,0.0,0.2555756479807115,0.1966614501825767,0.3156136528685546,1.0,1.0,1.0,,1.0,1.0,,0.7272727272727273,1.0,,
Spyware-TIBS-8fdea52e2c3a415a4be17226fc6cd3fe62e4b49fc156b4a828a0bec730b1cdc5-8.raw,0.14705882352941177,0.07142857142857142,0.6570579048943991,,0.9679240000242249,0.34486486486486484,0.9503220611916272,0.48298287448515065,0.9656775813489568,,0.26928471248246844,0.6176470588235294,0.25925925925925924,0.4247104247104247,0.4367816091954023,0.2,0.4331395348837209,0.45098039215686275,0.34946236559139787,0.42748091603053434,0.3333333333333333,0.296875,0.3333333333333333,0.3634562067807559,0.23321546015681177,0.3634562067807559,0.011235955056179775,4.630058338735068e-05,0.011235955056179775,0.0,0.0,0.0,0.0,0.0,0.0,0.0,0.06666666666666667,0.0,0.0,0.0,0.0,0.2555756479807115,0.1966614501825767,0.3156136528685546,1.0,1.0,1.0,,1.0,1.0,,0.7272727272727273,1.0,,
Spyware-TIBS-27d7f533077c5f1cb54d2b03d7bb5c27a0f9b37b8ad7e87b5a8996f1d2135ef4-5.raw,0.0,0.0,0.6287976431596394,,0.6318102345196345,0.04108108108108108,0.7909090909090911,0.011489269455885541,0.6060243395875252,,0.16269284712482468,0.014405762304921969,0.0,0.032818532818532815,0.011494252873563218,0.01818181818181818,0.020348837209302327,0.0196078431372549,0.010752688172043012,0.061068702290076333,0.21428571428571427,0.140625,0.21428571428571427,0.4724320173716093,0.3901419099051962,0.4724320173716093,0.0,0.0,0.0,0.0,0.0,0.0,0.0,0.0,0.0,0.0,0.06666666666666667,0.0,0.0,0.0,0.0,0.4007890843333884,0.2829705505761845,0.4818181818181817,0.0,0.6363636363636364,0.5,,0.6666666666666666,0.6666666666666666,,0.18181818181818182,1.0,,
Spyware-TIBS-49bb6d6117975b63789c7307ca5c4b166239b7d2c342f80a2487dfe99ef438f2-3.raw,0.0,0.0,0.9484441171055056,,0.739070177504914,0.04108108108108108,0.7909090909090911,0.06958595274225016,0.7207961524821543,,0.16690042075736325,0.06482593037214886,0.0,0.032818532818532815,0.3218390804597701,0.01818181818181818,0.020348837209302327,0.0196078431372549,0.010752688172043012,0.061068702290076333,0.21428571428571427,0.140625,0.21428571428571427,0.4724320173716093,0.3901419099051962,0.4724320173716093,0.0,0.0,0.0,0.0,0.0,0.0,0.0,0.0,0.0,0.0,0.06666666666666667,0.0,0.0,0.0,0.0,0.4007890843333884,0.2829705505761845,0.4818181818181817,0.0,0.6363636363636364,0.5,,0.6666666666666666,0.6666666666666666,,0.18181818181818182,1.0,,
Spyware-TIBS-6e996c9ce02c848f4a648e77d67ca89da64badb09faf00c5edbdea6cf7e2b93d-4.raw,0.0,0.0,0.6700423494752348,,0.6566241019266768,0.04108108108108108,0.7909090909090911,0.024929546932581835,0.6325760276452379,,0.16269284712482468,0.027611044417767107,0.0,0.032818532818532815,0.0735632183908046,0.01818181818181818,0.020348837209302327,0.0196078431372549,0.010752688172043012,0.061068702290076333,0.21428571428571427,0.140625,0.21428571428571427,0.4724320173716093,0.3901419099051962,0.4724320173716093,0.0,0.0,0.0,0.0,0.0,0.0,0.0,0.0,0.0,0.0,0.06666666666666667,0.0,0.0,0.0,0.0,0.4007890843333884,0.2829705505761845,0.4818181818181817,0.0,0.6363636363636364,0.5,,0.6666666666666666,0.6666666666666666,,0.18181818181818182,1.0,,
Spyware-TIBS-9c8a2292cad7ae8b939c0fb6a7369ee7a84c470bf463fa473805bfad8c69a7f9-7.raw,0.14705882352941177,0.07142857142857142,0.7032672517850201,,0.9868382741051007,0.33945945945945943,0.938647342995169,0.49555603728593106,0.9859165024729959,,0.26367461430575034,0.6368547418967587,0.25925925925925924,0.42277992277992277,0.49885057471264366,0.2,0.4331395348837209,0.45098039215686275,0.34946236559139787,0.4122137404580153,0.3333333333333333,0.296875,0.3333333333333333,0.3688370824387161,0.2427740071603362,0.3688370824387161,0.011235955056179775,4.630058338735068e-05,0.011235955056179775,0.0,0.0,0.0,0.0,0.0,0.0,0.0,0.06666666666666667,0.0,0.0,0.0,0.0,0.2555756479807115,0.1966614501825767,0.3156136528685546,1.0,1.0,1.0,,1.0,1.0,,0.7272727272727273,1.0,,
Spyware-TIBS-19f82488e174dbe2b094ad9e520ee3956ef6c14f8faf5bd0bb368f0ea73de6ef-1.raw,0.0,0.0,0.9535997053949548,,0.7614827029048233,0.03891891891891892,0.7851778656126482,0.08172555820507262,0.7447783223407338,,0.17391304347826086,0.06362545018007203,0.0,0.017374517374517374,0.32873563218390806,0.01818181818181818,0.020348837209302327,0.0196078431372549,0.010752688172043012,0.061068702290076333,0.19047619047619047,0.125,0.19047619047619047,0.4189987635880066,0.34291252176356324,0.4189987635880066,0.0,0.0,0.0,0.0,0.1,0.0,0.07692307692307693,0.1,0.07692307692307693,0.1,0.06666666666666667,0.23043478260869565,0.0,0.177257525083612,0.23043478260869565,0.554210236653825,0.4856093080220452,0.4427962489343561,0.0,0.6363636363636364,0.5,,0.6666666666666666,0.6666666666666666,,0.18181818181818182,1.0,,
Spyware-TIBS-6e996c9ce02c848f4a648e77d67ca89da64badb09faf00c5edbdea6cf7e2b93d-9.raw,0.14705882352941177,0.07142857142857142,0.6276519568730948,,0.949988050464774,0.33945945945945943,0.938647342995169,0.47106004769130716,0.946485500972713,,0.26227208976157085,0.6062424969987995,0.25925925925925924,0.4247104247104247,0.39770114942528734,0.2,0.4331395348837209,0.45098039215686275,0.34946236559139787,0.4122137404580153,0.3333333333333333,0.296875,0.3333333333333333,0.3688370824387161,0.2427740071603362,0.3688370824387161,0.011235955056179775,4.630058338735068e-05,0.011235955056179775,0.0,0.0,0.0,0.0,0.0,0.0,0.0,0.06666666666666667,0.0,0.0,0.0,0.0,0.2555756479807115,0.1966614501825767,0.3156136528685546,1.0,1.0,1.0,,1.0,1.0,,0.7272727272727273,1.0,,
Spyware-TIBS-6c020f140af8dd853073669a31bb0996b4f0a332a4a3b23b3e708d311b9ec587-2.raw,0.0,0.0,0.9484441171055056,,0.7494759928691576,0.03891891891891892,0.7851778656126482,0.07522219813570345,0.7319307313450663,,0.17391304347826086,0.05702280912364946,0.0,0.017374517374517374,0.3080459770114943,0.01818181818181818,0.020348837209302327,0.0196078431372549,0.010752688172043012,0.061068702290076333,0.19047619047619047,0.125,0.19047619047619047,0.4189987635880066,0.34291252176356324,0.4189987635880066,0.0,0.0,0.0,0.0,0.1,0.0,0.07692307692307693,0.1,0.07692307692307693,0.1,0.13333333333333333,0.23043478260869565,0.0,0.177257525083612,0.23043478260869565,0.554210236653825,0.4856093080220452,0.6144927536231886,0.0,0.6363636363636364,0.5,,0.6666666666666666,0.6666666666666666,,0.18181818181818182,1.0,,
Spyware-TIBS-40a45471e1b7f0ad943f0e2f736afb24b7048c09caf44befbfaf8c10c89aca25-8.raw,0.14705882352941177,0.07142857142857142,0.6906647026330326,,0.9741200553265812,0.3308108108108108,0.9199677938808377,0.48710166919575115,0.9723075727516597,,0.26367461430575034,0.6302521008403361,0.25925925925925924,0.4092664092664093,0.4781609195402299,0.2,0.42441860465116277,0.45098039215686275,0.34408602150537637,0.4122137404580153,0.21428571428571427,0.21875,0.21428571428571427,0.15718083503930375,0.05306136821452104,0.15718083503930375,0.011235955056179775,4.630058338735068e-05,0.011235955056179775,0.0,0.0,0.0,0.0,0.0,0.0,0.0,0.06666666666666667,0.0,0.0,0.0,0.0,0.2555756479807115,0.1966614501825767,0.3156136528685546,1.0,1.0,1.0,,1.0,1.0,,0.7272727272727273,1.0,,
Spyware-TIBS-6e996c9ce02c848f4a648e77d67ca89da64badb09faf00c5edbdea6cf7e2b93d-8.raw,0.14705882352941177,0.07142857142857142,0.6612587546117282,,0.9646629182861433,0.33945945945945943,0.938647342995169,0.4808150877953609,0.9621881121896402,,0.26227208976157085,0.6182472989195679,0.25925925925925924,0.4247104247104247,0.4413793103448276,0.2,0.4331395348837209,0.45098039215686275,0.34946236559139787,0.4122137404580153,0.3333333333333333,0.296875,0.3333333333333333,0.3688370824387161,0.2427740071603362,0.3688370824387161,0.011235955056179775,4.630058338735068e-05,0.011235955056179775,0.0,0.0,0.0,0.0,0.0,0.0,0.0,0.06666666666666667,0.0,0.0,0.0,0.0,0.2555756479807115,0.1966614501825767,0.3156136528685546,1.0,1.0,1.0,,1.0,1.0,,0.7272727272727273,1.0,,
Spyware-TIBS-8dc489ff4bb652a015176896e29487c60c306a301e7e19e17fc8c357d8265615-8.raw,0.14705882352941177,0.07142857142857142,0.6612587546117282,,0.9764028125432384,0.33945945945945943,0.938647342995169,0.48861911987860396,0.9747502011631815,,0.26227208976157085,0.6254501800720288,0.25925925925925924,0.4247104247104247,0.45517241379310347,0.2,0.4331395348837209,0.45098039215686275,0.34946236559139787,0.4122137404580153,0.3333333333333333,0.296875,0.3333333333333333,0.3688370824387161,0.2427740071603362,0.3688370824387161,0.011235955056179775,4.630058338735068e-05,0.011235955056179775,0.0,0.0,0.0,0.0,0.0,0.0,0.0,0.06666666666666667,0.0,0.0,0.0,0.0,0.2555756479807115,0.1966614501825767,0.3156136528685546,1.0,1.0,1.0,,1.0,1.0,,0.7272727272727273,1.0,,
Spyware-TIBS-9c8a2292cad7ae8b939c0fb6a7369ee7a84c470bf463fa473805bfad8c69a7f9-5.raw,0.0,0.0,0.6287976431596394,,0.6350120238624785,0.04108108108108108,0.7909090909090911,0.01322349880771732,0.6094503638530364,,0.16269284712482468,0.01680672268907563,0.0,0.032818532818532815,0.016091954022988506,0.01818181818181818,0.020348837209302327,0.0196078431372549,0.010752688172043012,0.061068702290076333,0.21428571428571427,0.140625,0.21428571428571427,0.4724320173716093,0.3901419099051962,0.4724320173716093,0.0,0.0,0.0,0.0,0.0,0.0,0.0,0.0,0.0,0.0,0.06666666666666667,0.0,0.0,0.0,0.0,0.4007890843333884,0.2829705505761845,0.4818181818181817,0.0,0.6363636363636364,0.5,,0.6666666666666666,0.6666666666666666,,0.18181818181818182,1.0,,
Spyware-TIBS-7c5d590afd39575ec7211e69d22acd56638f9356d955ac4ebca7bc93ad4f439b-9.raw,0.17647058823529413,0.14285714285714285,0.6501565089302154,,0.9767172739965534,0.40864864864864864,0.9816770186335404,0.5469325818339476,0.9750866856892584,,0.27349228611500703,0.6698679471788715,0.2962962962962963,0.44594594594594594,0.5195402298850574,0.23636363636363636,0.6918604651162791,0.5098039215686274,0.3709677419354839,0.45038167938931295,0.38095238095238093,0.34375,0.38095238095238093,0.38600461458381397,0.243652706029865,0.38600461458381397,0.011235955056179775,4.630058338735068e-05,0.011235955056179775,0.0,0.0,0.0,0.0,0.0,0.0,0.0,0.06666666666666667,0.0,0.0,0.0,0.0,0.2327563936967193,0.18309859154929575,0.28949579831932754,1.0,1.0,1.0,,1.0,1.0,,0.7272727272727273,0.5,,
Spyware-TIBS-9aa88b8359d2090f6588d882078813d7c548776d7403627c25f1091a0564fce6-10.raw,0.17647058823529413,0.14285714285714285,0.6420548701896519,,0.9720003521968277,0.40864864864864864,0.9816770186335404,0.543680901799263,0.9700394177981034,,0.2805049088359046,0.6650660264105642,0.2962962962962963,0.4343629343629344,0.5172413793103449,0.23636363636363636,0.6802325581395349,0.5098039215686274,0.3655913978494624,0.46564885496183206,0.2619047619047619,0.265625,0.2619047619047619,0.17820480824168308,0.05008999755264351,0.17820480824168308,0.011235955056179775,4.630058338735068e-05,0.011235955056179775,0.0,0.0,0.0,0.0,0.0,0.0,0.0,0.06666666666666667,0.0,0.0,0.0,0.0,0.2327563936967193,0.18309859154929575,0.28949579831932754,1.0,1.0,1.0,,1.0,1.0,,0.7272727272727273,1.0,,
Spyware-TIBS-7c5d590afd39575ec7211e69d22acd56638f9356d955ac4ebca7bc93ad4f439b-1.raw,0.0,0.0,0.9793776468422024,,0.7734894129404891,0.03891891891891892,0.7851778656126482,0.08822891827444179,0.7576259133364014,,0.1753155680224404,0.07322929171668667,0.0,0.017374517374517374,0.35402298850574715,0.01818181818181818,0.020348837209302327,0.0196078431372549,0.010752688172043012,0.061068702290076333,0.19047619047619047,0.125,0.19047619047619047,0.4189987635880066,0.34291252176356324,0.4189987635880066,0.0,0.0,0.0,0.0,0.2,0.0,0.15384615384615385,0.2,0.15384615384615385,0.2,0.13333333333333333,0.44166666666666665,0.0,0.33974358974358965,0.44166666666666665,0.6948462929475591,0.6713615023474178,0.5715686274509806,0.0,0.6363636363636364,0.5,,0.6666666666666666,0.6666666666666666,,0.18181818181818182,0.5,,
Spyware-TIBS-89a8dd64095295fe228f580ae94893cd8a6cd628ee3f36ae208b6d7ff79a7e55-7.raw,0.14705882352941177,0.07142857142857142,0.6948655523503616,,0.9871643822789091,0.33945945945945943,0.938647342995169,0.49577281595491,0.9862654493889279,,0.26367461430575034,0.6380552220888356,0.25925925925925924,0.42277992277992277,0.496551724137931,0.2,0.4331395348837209,0.45098039215686275,0.34946236559139787,0.4122137404580153,0.3333333333333333,0.296875,0.3333333333333333,0.3688370824387161,0.2427740071603362,0.3688370824387161,0.011235955056179775,4.630058338735068e-05,0.011235955056179775,0.0,0.0,0.0,0.0,0.0,0.0,0.0,0.06666666666666667,0.0,0.0,0.0,0.0,0.2555756479807115,0.1966614501825767,0.3156136528685546,1.0,1.0,1.0,,1.0,1.0,,0.7272727272727273,1.0,,
Spyware-TIBS-40a45471e1b7f0ad943f0e2f736afb24b7048c09caf44befbfaf8c10c89aca25-7.raw,0.0,0.0,0.659731172896336,,0.6722328249730422,0.03567567567567568,0.7765810276679844,0.03338391502276176,0.6492778959396057,,0.16830294530154277,0.06602641056422569,0.0,0.025096525096525095,0.06206896551724138,0.01818181818181818,0.00872093023255814,0.0196078431372549,0.016129032258064516,0.061068702290076333,0.11904761904761904,0.078125,0.11904761904761904,0.2527937177603244,0.19205340175140778,0.2527937177603244,0.0,0.0,0.0,0.0,0.0,0.0,0.0,0.0,0.0,0.0,0.06666666666666667,0.0,0.0,0.0,0.0,0.4007890843333884,0.2829705505761845,0.4818181818181817,0.0,0.6363636363636364,0.5,,0.6666666666666666,0.6666666666666666,,0.18181818181818182,1.0,,
Spyware-TIBS-67ec0e775d5272086f87e4fa67b7efec044decd79e7eecdb47993d5cb5e9b535-6.raw,0.0,0.0,0.6648867611857852,,0.6834390876729965,0.04432432432432432,0.7995059288537549,0.03945371775417299,0.6612689808688952,,0.16830294530154277,0.06902761104441776,0.0,0.03861003861003861,0.06206896551724138,0.01818181818181818,0.020348837209302327,0.0196078431372549,0.021505376344086023,0.061068702290076333,0.23809523809523808,0.15625,0.23809523809523808,0.523978816875774,0.4344045308964054,0.523978816875774,0.0,0.0,0.0,0.0,0.0,0.0,0.0,0.0,0.0,0.0,0.06666666666666667,0.0,0.0,0.0,0.0,0.4007890843333884,0.2829705505761845,0.4818181818181817,0.0,0.6363636363636364,0.5,,0.6666666666666666,0.6666666666666666,,0.18181818181818182,1.0,,
Spyware-TIBS-67ec0e775d5272086f87e4fa67b7efec044decd79e7eecdb47993d5cb5e9b535-1.raw,0.0,0.0,0.9587552936844044,,0.7642842685798119,0.03891891891891892,0.7851778656126482,0.08324300888792543,0.7477760935730562,,0.1753155680224404,0.0666266506602641,0.0,0.017374517374517374,0.3264367816091954,0.01818181818181818,0.020348837209302327,0.0196078431372549,0.010752688172043012,0.061068702290076333,0.19047619047619047,0.125,0.19047619047619047,0.4189987635880066,0.34291252176356324,0.4189987635880066,0.0,0.0,0.0,0.0,0.1,0.0,0.07692307692307693,0.1,0.07692307692307693,0.1,0.06666666666666667,0.23043478260869565,0.0,0.177257525083612,0.23043478260869565,0.554210236653825,0.4856093080220452,0.4427962489343561,0.0,0.6363636363636364,0.5,,0.6666666666666666,0.6666666666666666,,0.18181818181818182,1.0,,
Spyware-TIBS-48fe5ec56dc868ffe3ae096714721a0db2bdd482c693a878d246eff2ec9da821-4.raw,0.0,0.0,0.659731172896336,,0.6590254439338099,0.04108108108108108,0.7909090909090911,0.02623021894645567,0.6351455458443716,,0.16269284712482468,0.027611044417767107,0.0,0.032818532818532815,0.08045977011494253,0.01818181818181818,0.020348837209302327,0.0196078431372549,0.010752688172043012,0.061068702290076333,0.21428571428571427,0.140625,0.21428571428571427,0.4724320173716093,0.3901419099051962,0.4724320173716093,0.0,0.0,0.0,0.0,0.0,0.0,0.0,0.0,0.0,0.0,0.06666666666666667,0.0,0.0,0.0,0.0,0.4007890843333884,0.2829705505761845,0.4818181818181817,0.0,0.6363636363636364,0.5,,0.6666666666666666,0.6666666666666666,,0.18181818181818182,1.0,,
Spyware-TIBS-6e274cbbdefce4f2bcb3543da3f4043319541e51a110356e68cea2ae85153427-1.raw,0.0,0.0,0.9742220585527528,,0.7746900839440556,0.03891891891891892,0.7851778656126482,0.08887925428137872,0.758910672435968,,0.17952314165497896,0.07322929171668667,0.0,0.021235521235521235,0.35172413793103446,0.01818181818181818,0.020348837209302327,0.0196078431372549,0.010752688172043012,0.061068702290076333,0.19047619047619047,0.125,0.19047619047619047,0.4189987635880066,0.34291252176356324,0.4189987635880066,0.0,0.0,0.0,0.0,0.1,0.0,0.07692307692307693,0.1,0.07692307692307693,0.1,0.06666666666666667,0.23043478260869565,0.0,0.177257525083612,0.23043478260869565,0.554210236653825,0.4856093080220452,0.4427962489343561,0.0,0.6363636363636364,0.5,,0.6666666666666666,0.6666666666666666,,0.18181818181818182,1.0,,
Spyware-TIBS-27d7f533077c5f1cb54d2b03d7bb5c27a0f9b37b8ad7e87b5a8996f1d2135ef4-8.raw,0.14705882352941177,0.07142857142857142,0.6696604540463869,,0.9731417308051563,0.34486486486486484,0.9503220611916272,0.48645133318881423,0.9712607320038643,,0.26227208976157085,0.6248499399759904,0.25925925925925924,0.4247104247104247,0.45057471264367815,0.2,0.4331395348837209,0.45098039215686275,0.34946236559139787,0.42748091603053434,0.3333333333333333,0.296875,0.3333333333333333,0.3634562067807559,0.23321546015681177,0.3634562067807559,0.011235955056179775,4.630058338735068e-05,0.011235955056179775,0.0,0.0,0.0,0.0,0.0,0.0,0.0,0.06666666666666667,0.0,0.0,0.0,0.0,0.2555756479807115,0.1966614501825767,0.3156136528685546,1.0,1.0,1.0,,1.0,1.0,,0.7272727272727273,1.0,,
Spyware-TIBS-10f9ff1e9f0cddbac2bf5dd5921a15f8c925fa57b2a1d2f9f10772a3b6bba6b2-10.raw,0.17647058823529413,0.14285714285714285,0.5812925796354264,,0.9405542068653225,0.40864864864864864,0.9816770186335404,0.5220030349013657,0.936390965190403,,0.26367461430575034,0.6458583433373349,0.2962962962962963,0.44594594594594594,0.43908045977011495,0.23636363636363636,0.6918604651162791,0.5098039215686274,0.3709677419354839,0.45038167938931295,0.38095238095238093,0.34375,0.38095238095238093,0.38600461458381397,0.243652706029865,0.38600461458381397,0.011235955056179775,4.630058338735068e-05,0.011235955056179775,0.0,0.0,0.0,0.0,0.0,0.0,0.0,0.06666666666666667,0.0,0.0,0.0,0.0,0.2327563936967193,0.18309859154929575,0.28949579831932754,1.0,1.0,1.0,,1.0,1.0,,0.7272727272727273,1.0,,
Spyware-TIBS-7f0fb3e6faacd89fae2a13bf11a019edae5ef581472e8458204f6213af272dee-5.raw,0.0,0.0,0.6184864665807401,,0.6358124711981895,0.04108108108108108,0.7909090909090911,0.013657056145675266,0.6103068699194142,,0.16269284712482468,0.01800720288115246,0.0,0.032818532818532815,0.011494252873563218,0.01818181818181818,0.020348837209302327,0.0196078431372549,0.010752688172043012,0.061068702290076333,0.21428571428571427,0.140625,0.21428571428571427,0.4724320173716093,0.3901419099051962,0.4724320173716093,0.0,0.0,0.0,0.0,0.0,0.0,0.0,0.0,0.0,0.0,0.06666666666666667,0.0,0.0,0.0,0.0,0.4007890843333884,0.2829705505761845,0.4818181818181817,0.0,0.6363636363636364,0.5,,0.6666666666666666,0.6666666666666666,,0.18181818181818182,1.0,,
Spyware-TIBS-6c020f140af8dd853073669a31bb0996b4f0a332a4a3b23b3e708d311b9ec587-7.raw,0.14705882352941177,0.07142857142857142,0.699066402067691,,0.9855338414098678,0.33945945945945943,0.938647342995169,0.4946889226100152,0.9845207148092691,,0.26367461430575034,0.6356542617046819,0.25925925925925924,0.42277992277992277,0.49195402298850577,0.2,0.4331395348837209,0.45098039215686275,0.34946236559139787,0.4122137404580153,0.3333333333333333,0.296875,0.3333333333333333,0.3688370824387161,0.2427740071603362,0.3688370824387161,0.011235955056179775,4.630058338735068e-05,0.011235955056179775,0.0,0.0,0.0,0.0,0.0,0.0,0.0,0.06666666666666667,0.0,0.0,0.0,0.0,0.2555756479807115,0.1966614501825767,0.3156136528685546,1.0,1.0,1.0,,1.0,1.0,,0.7272727272727273,1.0,,
Spyware-TIBS-97a0246b1c3df21db4449c71eabd9e2e4c622adfc1c6d9a86e151c844c6f4c30-7.raw,0.14705882352941177,0.07142857142857142,0.6654596043290577,,0.9777072452384712,0.33945945945945943,0.938647342995169,0.48948623455451984,0.9761459888269084,,0.26227208976157085,0.6290516206482593,0.25925925925925924,0.4247104247104247,0.46206896551724136,0.2,0.4331395348837209,0.45098039215686275,0.34946236559139787,0.4122137404580153,0.3333333333333333,0.296875,0.3333333333333333,0.3688370824387161,0.2427740071603362,0.3688370824387161,0.011235955056179775,4.630058338735068e-05,0.011235955056179775,0.0,0.0,0.0,0.0,0.0,0.0,0.0,0.06666666666666667,0.0,0.0,0.0,0.0,0.2555756479807115,0.1966614501825767,0.3156136528685546,1.0,1.0,1.0,,1.0,1.0,,0.7272727272727273,1.0,,
Spyware-TIBS-9aa88b8359d2090f6588d882078813d7c548776d7403627c25f1091a0564fce6-4.raw,0.0,0.0,0.9329773522371572,,0.717458099440716,0.032432432432432434,0.7679841897233202,0.05787990461738565,0.6976704886899531,,0.1697054698457223,0.060024009603841535,0.0,0.019305019305019305,0.34022988505747126,0.01818181818181818,0.00872093023255814,0.0196078431372549,0.005376344086021506,0.061068702290076333,0.09523809523809523,0.0625,0.09523809523809523,0.19939385723185593,0.14615950453056578,0.19939385723185593,0.0,0.0,0.0,0.0,0.0,0.0,0.0,0.0,0.0,0.0,0.06666666666666667,0.0,0.0,0.0,0.0,0.4007890843333884,0.2829705505761845,0.4818181818181817,0.0,0.6363636363636364,0.5,,0.6666666666666666,0.6666666666666666,,0.18181818181818182,1.0,,
Spyware-TIBS-6c020f140af8dd853073669a31bb0996b4f0a332a4a3b23b3e708d311b9ec587-10.raw,0.17647058823529413,0.14285714285714285,0.5691401215245812,,0.9389818995987471,0.40864864864864864,0.9816770186335404,0.5209191415564708,0.9347085425600179,,0.26367461430575034,0.6470588235294118,0.2962962962962963,0.44594594594594594,0.432183908045977,0.23636363636363636,0.6918604651162791,0.5098039215686274,0.3709677419354839,0.45038167938931295,0.38095238095238093,0.34375,0.38095238095238093,0.38600461458381397,0.243652706029865,0.38600461458381397,0.011235955056179775,4.630058338735068e-05,0.011235955056179775,0.0,0.0,0.0,0.0,0.0,0.0,0.0,0.06666666666666667,0.0,0.0,0.0,0.0,0.2327563936967193,0.18309859154929575,0.28949579831932754,1.0,1.0,1.0,,1.0,1.0,,0.7272727272727273,1.0,,
Spyware-TIBS-8dc489ff4bb652a015176896e29487c60c306a301e7e19e17fc8c357d8265615-10.raw,0.17647058823529413,0.14285714285714285,0.61369913459768,,0.9594218940642254,0.40864864864864864,0.9816770186335404,0.5350097550401041,0.956580036755023,,0.26367461430575034,0.6614645858343338,0.2962962962962963,0.44594594594594594,0.5080459770114942,0.23636363636363636,0.6918604651162791,0.5098039215686274,0.3709677419354839,0.45038167938931295,0.38095238095238093,0.34375,0.38095238095238093,0.38600461458381397,0.243652706029865,0.38600461458381397,0.011235955056179775,4.630058338735068e-05,0.011235955056179775,0.0,0.0,0.0,0.0,0.0,0.0,0.0,0.06666666666666667,0.0,0.0,0.0,0.0,0.2327563936967193,0.18309859154929575,0.28949579831932754,1.0,1.0,1.0,,1.0,1.0,,0.7272727272727273,1.0,,
Spyware-TIBS-28e57139370f05830b5ffa383fde31916f358d49a03010d6cee044c63e852a82-4.raw,0.0,0.0,0.659731172896336,,0.6578247729302432,0.04108108108108108,0.7909090909090911,0.025579882939518753,0.6338607867448046,,0.16269284712482468,0.028811524609843937,0.0,0.032818532818532815,0.07586206896551724,0.01818181818181818,0.020348837209302327,0.0196078431372549,0.010752688172043012,0.061068702290076333,0.21428571428571427,0.140625,0.21428571428571427,0.4724320173716093,0.3901419099051962,0.4724320173716093,0.0,0.0,0.0,0.0,0.0,0.0,0.0,0.0,0.0,0.0,0.06666666666666667,0.0,0.0,0.0,0.0,0.4007890843333884,0.2829705505761845,0.4818181818181817,0.0,0.6363636363636364,0.5,,0.6666666666666666,0.6666666666666666,,0.18181818181818182,1.0,,
Spyware-TIBS-7f0fb3e6faacd89fae2a13bf11a019edae5ef581472e8458204f6213af272dee-10.raw,0.17647058823529413,0.14285714285714285,0.5731909408948628,,0.9421265141318974,0.40864864864864864,0.9816770186335404,0.5230869282462606,0.9380733878207876,,0.26367461430575034,0.6506602641056423,0.2962962962962963,0.44594594594594594,0.4367816091954023,0.23636363636363636,0.6918604651162791,0.5098039215686274,0.3709677419354839,0.45038167938931295,0.38095238095238093,0.34375,0.38095238095238093,0.38600461458381397,0.243652706029865,0.38600461458381397,0.011235955056179775,4.630058338735068e-05,0.011235955056179775,0.0,0.0,0.0,0.0,0.0,0.0,0.0,0.06666666666666667,0.0,0.0,0.0,0.0,0.2327563936967193,0.18309859154929575,0.28949579831932754,1.0,1.0,1.0,,1.0,1.0,,0.7272727272727273,1.0,,
Spyware-TIBS-6e274cbbdefce4f2bcb3543da3f4043319541e51a110356e68cea2ae85153427-10.raw,0.20588235294117646,0.14285714285714285,0.6202642556460672,,0.9414867477268775,0.46378378378378377,0.9934782608695655,0.5798829395187514,0.9373888158539416,,0.28751753155680226,0.6914765906362546,0.3333333333333333,0.47104247104247104,0.5632183908045977,0.34545454545454546,0.7034883720930233,0.5686274509803921,0.478494623655914,0.6335877862595419,0.42857142857142855,0.390625,0.42857142857142855,0.41465165141578175,0.2672319393056032,0.41465165141578175,0.011235955056179775,4.630058338735068e-05,0.011235955056179775,0.0,0.2,0.0,0.15384615384615385,0.2,0.15384615384615385,0.2,0.2,0.3419354838709675,0.0,0.26302729528535956,0.3419354838709675,0.4513795718369017,0.47841890049977287,0.4760278304870335,1.0,1.0,1.0,,1.0,1.0,,0.7272727272727273,1.0,,
Spyware-TIBS-89a8dd64095295fe228f580ae94893cd8a6cd628ee3f36ae208b6d7ff79a7e55-4.raw,0.0,0.0,0.6648867611857852,,0.6582249965980989,0.04108108108108108,0.7909090909090911,0.025796661608497723,0.6342890397779937,,0.16269284712482468,0.028211284513805522,0.0,0.032818532818532815,0.08045977011494253,0.01818181818181818,0.020348837209302327,0.0196078431372549,0.010752688172043012,0.061068702290076333,0.21428571428571427,0.140625,0.21428571428571427,0.4724320173716093,0.3901419099051962,0.4724320173716093,0.0,0.0,0.0,0.0,0.0,0.0,0.0,0.0,0.0,0.0,0.06666666666666667,0.0,0.0,0.0,0.0,0.4007890843333884,0.2829705505761845,0.4818181818181817,0.0,0.6363636363636364,0.5,,0.6666666666666666,0.6666666666666666,,0.18181818181818182,1.0,,
Spyware-TIBS-49bb6d6117975b63789c7307ca5c4b166239b7d2c342f80a2487dfe99ef438f2-9.raw,0.14705882352941177,0.07142857142857142,0.6150494077211073,,0.9503141586385819,0.34486486486486484,0.9503220611916272,0.47127682636028617,0.9468344478886445,,0.26227208976157085,0.6092436974789915,0.25925925925925924,0.4247104247104247,0.3931034482758621,0.2,0.4331395348837209,0.45098039215686275,0.34946236559139787,0.42748091603053434,0.3333333333333333,0.296875,0.3333333333333333,0.3634562067807559,0.23321546015681177,0.3634562067807559,0.011235955056179775,4.630058338735068e-05,0.011235955056179775,0.0,0.0,0.0,0.0,0.0,0.0,0.0,0.06666666666666667,0.0,0.0,0.0,0.0,0.2555756479807115,0.1966614501825767,0.3156136528685546,1.0,1.0,1.0,,1.0,1.0,,0.7272727272727273,1.0,,
Spyware-TIBS-67ec0e775d5272086f87e4fa67b7efec044decd79e7eecdb47993d5cb5e9b535-7.raw,0.14705882352941177,0.07142857142857142,0.6948655523503616,,0.9874904904527171,0.34486486486486484,0.9503220611916272,0.49598959462388903,0.9866143963048594,,0.26367461430575034,0.6392557022809123,0.25925925925925924,0.42277992277992277,0.48735632183908045,0.2,0.4331395348837209,0.45098039215686275,0.34946236559139787,0.42748091603053434,0.3333333333333333,0.296875,0.3333333333333333,0.3634562067807559,0.23321546015681177,0.3634562067807559,0.011235955056179775,4.630058338735068e-05,0.011235955056179775,0.0,0.0,0.0,0.0,0.0,0.0,0.0,0.06666666666666667,0.0,0.0,0.0,0.0,0.2555756479807115,0.1966614501825767,0.3156136528685546,1.0,1.0,1.0,,1.0,1.0,,0.7272727272727273,1.0,,
Spyware-TIBS-7cbae8b99aad8d5f683842fe9b1d44647599dfa2c73feac803baa1f9cbf789a8-5.raw,0.0,0.0,0.6339532314490886,,0.6394144842088892,0.04108108108108108,0.7909090909090911,0.015608064166486017,0.6141611472181144,,0.16269284712482468,0.018607442977190875,0.0,0.02895752895752896,0.02528735632183908,0.01818181818181818,0.020348837209302327,0.0196078431372549,0.010752688172043012,0.061068702290076333,0.21428571428571427,0.140625,0.21428571428571427,0.4724320173716093,0.3901419099051962,0.4724320173716093,0.0,0.0,0.0,0.0,0.0,0.0,0.0,0.0,0.0,0.0,0.06666666666666667,0.0,0.0,0.0,0.0,0.4007890843333884,0.2829705505761845,0.4818181818181817,0.0,0.6363636363636364,0.5,,0.6666666666666666,0.6666666666666666,,0.18181818181818182,1.0,,
Spyware-TIBS-40a45471e1b7f0ad943f0e2f736afb24b7048c09caf44befbfaf8c10c89aca25-4.raw,0.0,0.0,0.963910881973854,,0.7626833739083898,0.032432432432432434,0.7679841897233202,0.08237589421200954,0.7460630814403004,,0.1753155680224404,0.07623049219687875,0.0,0.019305019305019305,0.34942528735632183,0.01818181818181818,0.00872093023255814,0.0196078431372549,0.005376344086021506,0.061068702290076333,0.09523809523809523,0.0625,0.09523809523809523,0.19939385723185593,0.14615950453056578,0.19939385723185593,0.0,0.0,0.0,0.0,0.0,0.0,0.0,0.0,0.0,0.0,0.06666666666666667,0.0,0.0,0.0,0.0,0.4007890843333884,0.2829705505761845,0.4818181818181817,0.0,0.6363636363636364,0.5,,0.6666666666666666,0.6666666666666666,,0.18181818181818182,1.0,,
Spyware-TIBS-19f82488e174dbe2b094ad9e520ee3956ef6c14f8faf5bd0bb368f0ea73de6ef-3.raw,0.0,0.0,0.943288528816056,,0.7410712958441918,0.04108108108108108,0.7909090909090911,0.07066984608714502,0.7229374176480992,,0.16690042075736325,0.06782713085234093,0.0,0.032818532818532815,0.33793103448275863,0.01818181818181818,0.020348837209302327,0.0196078431372549,0.010752688172043012,0.061068702290076333,0.21428571428571427,0.140625,0.21428571428571427,0.4724320173716093,0.3901419099051962,0.4724320173716093,0.0,0.0,0.0,0.0,0.0,0.0,0.0,0.0,0.0,0.0,0.06666666666666667,0.0,0.0,0.0,0.0,0.4007890843333884,0.2829705505761845,0.4818181818181817,0.0,0.6363636363636364,0.5,,0.6666666666666666,0.6666666666666666,,0.18181818181818182,1.0,,
Spyware-TIBS-56d78fb94fce19e41d4fd8aa8cc8e76887afbe16f9d0ddf162abf6bbba3cc1e7-7.raw,0.14705882352941177,0.07142857142857142,0.6948655523503616,,0.9917298967122241,0.33945945945945943,0.938647342995169,0.49880771732061563,0.991150706211972,,0.270687237026648,0.6422569027611045,0.25925925925925924,0.42277992277992277,0.49885057471264366,0.2,0.4331395348837209,0.45098039215686275,0.34946236559139787,0.4122137404580153,0.3333333333333333,0.296875,0.3333333333333333,0.3688370824387161,0.2427740071603362,0.3688370824387161,0.011235955056179775,4.630058338735068e-05,0.011235955056179775,0.0,0.0,0.0,0.0,0.0,0.0,0.0,0.06666666666666667,0.0,0.0,0.0,0.0,0.2555756479807115,0.1966614501825767,0.3156136528685546,1.0,1.0,1.0,,1.0,1.0,,0.7272727272727273,1.0,,
Spyware-TIBS-85ae85a36eb35350175eb3c1b00dcab52d5fe726bab65975a6bb3177c8719da6-1.raw,0.0,0.0,0.9535997053949548,,0.7586811372298348,0.03891891891891892,0.7851778656126482,0.08020810752221981,0.7417805511084115,,0.17391304347826086,0.062424969987995196,0.0,0.017374517374517374,0.31264367816091954,0.01818181818181818,0.020348837209302327,0.0196078431372549,0.010752688172043012,0.061068702290076333,0.19047619047619047,0.125,0.19047619047619047,0.4189987635880066,0.34291252176356324,0.4189987635880066,0.0,0.0,0.0,0.0,0.0,0.0,0.0,0.0,0.0,0.0,0.0,0.0,0.0,0.0,0.0,0.4007890843333884,0.2829705505761845,0.3023172905525847,0.0,0.6363636363636364,0.5,,0.6666666666666666,0.6666666666666666,,0.18181818181818182,1.0,,
Spyware-TIBS-19f82488e174dbe2b094ad9e520ee3956ef6c14f8faf5bd0bb368f0ea73de6ef-9.raw,0.14705882352941177,0.07142857142857142,0.6192502574384364,,0.949661942290966,0.34486486486486484,0.9503220611916272,0.4708432690223282,0.9461365540567815,,0.26227208976157085,0.6056422569027611,0.25925925925925924,0.4247104247104247,0.39080459770114945,0.2,0.4331395348837209,0.45098039215686275,0.34946236559139787,0.42748091603053434,0.3333333333333333,0.296875,0.3333333333333333,0.3634562067807559,0.23321546015681177,0.3634562067807559,0.011235955056179775,4.630058338735068e-05,0.011235955056179775,0.0,0.0,0.0,0.0,0.0,0.0,0.0,0.06666666666666667,0.0,0.0,0.0,0.0,0.2555756479807115,0.1966614501825767,0.3156136528685546,1.0,1.0,1.0,,1.0,1.0,,0.7272727272727273,1.0,,
Spyware-TIBS-48fe5ec56dc868ffe3ae096714721a0db2bdd482c693a878d246eff2ec9da821-2.raw,0.0,0.0,0.9535997053949548,,0.7654849395833784,0.04108108108108108,0.7909090909090911,0.08389334489486235,0.7490608526726228,,0.1767180925666199,0.07142857142857142,0.0,0.032818532818532815,0.31264367816091954,0.01818181818181818,0.020348837209302327,0.0196078431372549,0.010752688172043012,0.061068702290076333,0.21428571428571427,0.140625,0.21428571428571427,0.4724320173716093,0.3901419099051962,0.4724320173716093,0.0,0.0,0.0,0.0,0.0,0.0,0.0,0.0,0.0,0.0,0.06666666666666667,0.0,0.0,0.0,0.0,0.4007890843333884,0.2829705505761845,0.4818181818181817,0.0,0.6363636363636364,0.5,,0.6666666666666666,0.6666666666666666,,0.18181818181818182,1.0,,
Spyware-TIBS-28e57139370f05830b5ffa383fde31916f358d49a03010d6cee044c63e852a82-9.raw,0.14705882352941177,0.07142857142857142,0.6150494077211073,,0.9519446995076233,0.34486486486486484,0.9503220611916272,0.472360719705181,0.9485791824683033,,0.26227208976157085,0.6104441776710684,0.25925925925925924,0.4247104247104247,0.39080459770114945,0.2,0.4331395348837209,0.45098039215686275,0.34946236559139787,0.42748091603053434,0.3333333333333333,0.296875,0.3333333333333333,0.3634562067807559,0.23321546015681177,0.3634562067807559,0.011235955056179775,4.630058338735068e-05,0.011235955056179775,0.0,0.0,0.0,0.0,0.0,0.0,0.0,0.06666666666666667,0.0,0.0,0.0,0.0,0.2555756479807115,0.1966614501825767,0.3156136528685546,1.0,1.0,1.0,,1.0,1.0,,0.7272727272727273,1.0,,
Spyware-TIBS-8d8af27b1ab68fde08153c7b2d90670c329aa93abe1645da4651ae0941f6da09-5.raw,0.0,0.0,0.6236420548701895,,0.6342115765267674,0.04108108108108108,0.7909090909090911,0.012789941469759376,0.6085938577866585,,0.16269284712482468,0.01680672268907563,0.0,0.032818532818532815,0.009195402298850575,0.01818181818181818,0.020348837209302327,0.0196078431372549,0.010752688172043012,0.061068702290076333,0.21428571428571427,0.140625,0.21428571428571427,0.4724320173716093,0.3901419099051962,0.4724320173716093,0.0,0.0,0.0,0.0,0.0,0.0,0.0,0.0,0.0,0.0,0.06666666666666667,0.0,0.0,0.0,0.0,0.4007890843333884,0.2829705505761845,0.4818181818181817,0.0,0.6363636363636364,0.5,,0.6666666666666666,0.6666666666666666,,0.18181818181818182,1.0,,
Spyware-TIBS-56d78fb94fce19e41d4fd8aa8cc8e76887afbe16f9d0ddf162abf6bbba3cc1e7-4.raw,0.0,0.0,0.6751979377646842,,0.6654290226194982,0.04108108108108108,0.7909090909090911,0.02969867765011923,0.641997594375394,,0.1697054698457223,0.033013205282112844,0.0,0.032818532818532815,0.0896551724137931,0.01818181818181818,0.020348837209302327,0.0196078431372549,0.010752688172043012,0.061068702290076333,0.21428571428571427,0.140625,0.21428571428571427,0.4724320173716093,0.3901419099051962,0.4724320173716093,0.0,0.0,0.0,0.0,0.0,0.0,0.0,0.0,0.0,0.0,0.06666666666666667,0.0,0.0,0.0,0.0,0.4007890843333884,0.2829705505761845,0.4818181818181817,0.0,0.6363636363636364,0.5,,0.6666666666666666,0.6666666666666666,,0.18181818181818182,1.0,,
Spyware-TIBS-97a0246b1c3df21db4449c71eabd9e2e4c622adfc1c6d9a86e151c844c6f4c30-3.raw,0.0,0.0,0.963910881973854,,0.757480466226268,0.04108108108108108,0.7909090909090911,0.0795577715152829,0.7404957920088445,,0.17251051893408134,0.07743097238895558,0.0,0.032818532818532815,0.3563218390804598,0.01818181818181818,0.020348837209302327,0.0196078431372549,0.010752688172043012,0.061068702290076333,0.21428571428571427,0.140625,0.21428571428571427,0.4724320173716093,0.3901419099051962,0.4724320173716093,0.0,0.0,0.0,0.0,0.0,0.0,0.0,0.0,0.0,0.0,0.06666666666666667,0.0,0.0,0.0,0.0,0.4007890843333884,0.2829705505761845,0.4818181818181817,0.0,0.6363636363636364,0.5,,0.6666666666666666,0.6666666666666666,,0.18181818181818182,1.0,,
Spyware-TIBS-6c020f140af8dd853073669a31bb0996b4f0a332a4a3b23b3e708d311b9ec587-5.raw,0.0,0.0,0.6236420548701895,,0.6334111291910564,0.04108108108108108,0.7909090909090911,0.01235638413180143,0.6077373517202806,,0.16269284712482468,0.015606242496998799,0.0,0.032818532818532815,0.011494252873563218,0.01818181818181818,0.020348837209302327,0.0196078431372549,0.010752688172043012,0.061068702290076333,0.21428571428571427,0.140625,0.21428571428571427,0.4724320173716093,0.3901419099051962,0.4724320173716093,0.0,0.0,0.0,0.0,0.0,0.0,0.0,0.0,0.0,0.0,0.06666666666666667,0.0,0.0,0.0,0.0,0.4007890843333884,0.2829705505761845,0.4818181818181817,0.0,0.6363636363636364,0.5,,0.6666666666666666,0.6666666666666666,,0.18181818181818182,1.0,,
Spyware-TIBS-10ef7e0a4f5ea636cdbf2eeeb6403c3ab328568bf47e67dc37b2a73b82bd06d4-2.raw,0.0,0.0,0.9587552936844044,,0.7714882946012113,0.04108108108108108,0.7909090909090911,0.08714502492954693,0.7554846481704566,,0.18373071528751753,0.07322929171668667,0.0,0.032818532818532815,0.3195402298850575,0.01818181818181818,0.020348837209302327,0.0196078431372549,0.016129032258064516,0.061068702290076333,0.21428571428571427,0.140625,0.21428571428571427,0.4724320173716093,0.3901419099051962,0.4724320173716093,0.0,0.0,0.0,0.0,0.0,0.0,0.0,0.0,0.0,0.0,0.06666666666666667,0.0,0.0,0.0,0.0,0.4007890843333884,0.2829705505761845,0.4818181818181817,0.0,0.6363636363636364,0.5,,0.6666666666666666,0.6666666666666666,,0.18181818181818182,1.0,,
Spyware-TIBS-85ae85a36eb35350175eb3c1b00dcab52d5fe726bab65975a6bb3177c8719da6-10.raw,0.20588235294117646,0.14285714285714285,0.5615972164902635,,0.9190190190624363,0.45837837837837836,0.982608695652174,0.5638413180143074,0.9133475766114741,,0.2805049088359046,0.6710684273709484,0.3333333333333333,0.4671814671814672,0.4896551724137931,0.34545454545454546,0.7034883720930233,0.5686274509803921,0.478494623655914,0.6183206106870229,0.42857142857142855,0.390625,0.42857142857142855,0.41976873179563257,0.2761118206540299,0.41976873179563257,0.011235955056179775,4.630058338735068e-05,0.011235955056179775,0.0,0.2,0.0,0.15384615384615385,0.2,0.15384615384615385,0.2,0.2,0.3419354838709675,0.0,0.26302729528535956,0.3419354838709675,0.4513795718369017,0.47841890049977287,0.4760278304870335,1.0,1.0,1.0,,1.0,1.0,,0.7272727272727273,1.0,,
Spyware-TIBS-28e57139370f05830b5ffa383fde31916f358d49a03010d6cee044c63e852a82-7.raw,0.14705882352941177,0.07142857142857142,0.6948655523503616,,0.9887949231479499,0.34486486486486484,0.9503220611916272,0.4968567092998049,0.9880101839685863,,0.26367461430575034,0.6398559423769508,0.25925925925925924,0.42277992277992277,0.4942528735632184,0.2,0.4331395348837209,0.45098039215686275,0.34946236559139787,0.42748091603053434,0.3333333333333333,0.296875,0.3333333333333333,0.3634562067807559,0.23321546015681177,0.3634562067807559,0.011235955056179775,4.630058338735068e-05,0.011235955056179775,0.0,0.0,0.0,0.0,0.0,0.0,0.0,0.06666666666666667,0.0,0.0,0.0,0.0,0.2555756479807115,0.1966614501825767,0.3156136528685546,1.0,1.0,1.0,,1.0,1.0,,0.7272727272727273,1.0,,
Spyware-TIBS-56d78fb94fce19e41d4fd8aa8cc8e76887afbe16f9d0ddf162abf6bbba3cc1e7-2.raw,0.0,0.0,0.9896888234211012,,0.7722887419369223,0.03891891891891892,0.7851778656126482,0.08757858226750488,0.7563411542368345,,0.17952314165497896,0.07202881152460984,0.0,0.017374517374517374,0.3724137931034483,0.01818181818181818,0.020348837209302327,0.0196078431372549,0.010752688172043012,0.061068702290076333,0.19047619047619047,0.125,0.19047619047619047,0.4189987635880066,0.34291252176356324,0.4189987635880066,0.0,0.0,0.0,0.0,0.1,0.0,0.07692307692307693,0.1,0.07692307692307693,0.1,0.13333333333333333,0.23043478260869565,0.0,0.177257525083612,0.23043478260869565,0.554210236653825,0.4856093080220452,0.6144927536231886,0.0,0.6363636363636364,0.5,,0.6666666666666666,0.6666666666666666,,0.18181818181818182,1.0,,
Spyware-TIBS-8dc489ff4bb652a015176896e29487c60c306a301e7e19e17fc8c357d8265615-2.raw,0.0,0.0,0.9793776468422024,,0.7722887419369223,0.03891891891891892,0.7851778656126482,0.08757858226750488,0.7563411542368345,,0.17812061711079943,0.07382953181272509,0.0,0.021235521235521235,0.3586206896551724,0.01818181818181818,0.020348837209302327,0.0196078431372549,0.010752688172043012,0.061068702290076333,0.21428571428571427,0.140625,0.21428571428571427,0.4754476940916429,0.3954224063895868,0.4754476940916429,0.0,0.0,0.0,0.0,0.1,0.0,0.07692307692307693,0.1,0.07692307692307693,0.1,0.13333333333333333,0.23043478260869565,0.0,0.177257525083612,0.23043478260869565,0.554210236653825,0.4856093080220452,0.6144927536231886,0.0,0.6363636363636364,0.5,,0.6666666666666666,0.6666666666666666,,0.18181818181818182,1.0,,
Spyware-TIBS-97a0246b1c3df21db4449c71eabd9e2e4c622adfc1c6d9a86e151c844c6f4c30-6.raw,0.0,0.0,0.7370649972380776,,0.8223167004188626,0.11027027027027027,0.9743083003952571,0.11467591588987644,0.809872783385449,,0.18653576437587657,0.1452581032412965,0.0,0.07528957528957529,0.15172413793103448,0.01818181818181818,0.11337209302325581,0.0392156862745098,0.03225806451612903,0.12213740458015267,0.2619047619047619,0.171875,0.2619047619047619,0.48763737683367325,0.3303325336300482,0.48763737683367325,0.0,0.0,0.0,0.0,0.0,0.0,0.0,0.0,0.0,0.0,0.06666666666666667,0.0,0.0,0.0,0.0,0.4007890843333884,0.2829705505761845,0.4818181818181817,0.0,0.0,0.0,,0.0,0.0,,0.2727272727272727,1.0,,
Spyware-TIBS-45f85eaf165337665b247db9aecc04e018d6402f73da2730fc66b885252abe7e-6.raw,0.0,0.0,0.659731172896336,,0.6826386403372855,0.04432432432432432,0.7995059288537549,0.03902016041621505,0.6604124748025173,,0.16830294530154277,0.06842737094837935,0.0,0.03861003861003861,0.06436781609195402,0.01818181818181818,0.020348837209302327,0.0196078431372549,0.021505376344086023,0.061068702290076333,0.23809523809523808,0.15625,0.23809523809523808,0.523978816875774,0.4344045308964054,0.523978816875774,0.0,0.0,0.0,0.0,0.0,0.0,0.0,0.0,0.0,0.0,0.06666666666666667,0.0,0.0,0.0,0.0,0.4007890843333884,0.2829705505761845,0.4818181818181817,0.0,0.6363636363636364,0.5,,0.6666666666666666,0.6666666666666666,,0.18181818181818182,1.0,,
Spyware-TIBS-9c8a2292cad7ae8b939c0fb6a7369ee7a84c470bf463fa473805bfad8c69a7f9-8.raw,0.14705882352941177,0.07142857142857142,0.6570579048943991,,0.9614018365480611,0.33945945945945943,0.938647342995169,0.4786473011055712,0.9586986430303229,,0.26227208976157085,0.6152460984393757,0.25925925925925924,0.4247104247104247,0.4413793103448276,0.2,0.4331395348837209,0.45098039215686275,0.34946236559139787,0.4122137404580153,0.3333333333333333,0.296875,0.3333333333333333,0.3688370824387161,0.2427740071603362,0.3688370824387161,0.011235955056179775,4.630058338735068e-05,0.011235955056179775,0.0,0.0,0.0,0.0,0.0,0.0,0.0,0.06666666666666667,0.0,0.0,0.0,0.0,0.2555756479807115,0.1966614501825767,0.3156136528685546,1.0,1.0,1.0,,1.0,1.0,,0.7272727272727273,1.0,,
Spyware-TIBS-40a45471e1b7f0ad943f0e2f736afb24b7048c09caf44befbfaf8c10c89aca25-2.raw,0.0,0.0,0.9742220585527528,,0.754278676883424,0.03027027027027027,0.7622529644268777,0.07782354216345112,0.7370697677433334,,0.17251051893408134,0.06482593037214886,0.0,0.003861003861003861,0.3448275862068966,0.01818181818181818,0.00872093023255814,0.0196078431372549,0.005376344086021506,0.061068702290076333,0.07142857142857142,0.046875,0.07142857142857142,0.14435705813087024,0.09750434386566618,0.14435705813087024,0.0,0.0,0.0,0.0,0.1,0.0,0.07692307692307693,0.1,0.07692307692307693,0.1,0.06666666666666667,0.23043478260869565,0.0,0.177257525083612,0.23043478260869565,0.554210236653825,0.4856093080220452,0.4427962489343561,0.0,0.6363636363636364,0.5,,0.6666666666666666,0.6666666666666666,,0.18181818181818182,1.0,,
Spyware-TIBS-8fdea52e2c3a415a4be17226fc6cd3fe62e4b49fc156b4a828a0bec730b1cdc5-9.raw,0.14705882352941177,0.07142857142857142,0.6192502574384364,,0.9503141586385819,0.34486486486486484,0.9503220611916272,0.47127682636028617,0.9468344478886445,,0.26928471248246844,0.6050420168067226,0.25925925925925924,0.4247104247104247,0.38850574712643676,0.2,0.4331395348837209,0.45098039215686275,0.34946236559139787,0.42748091603053434,0.3333333333333333,0.296875,0.3333333333333333,0.3634562067807559,0.23321546015681177,0.3634562067807559,0.011235955056179775,4.630058338735068e-05,0.011235955056179775,0.0,0.0,0.0,0.0,0.0,0.0,0.0,0.06666666666666667,0.0,0.0,0.0,0.0,0.2555756479807115,0.1966614501825767,0.3156136528685546,1.0,1.0,1.0,,1.0,1.0,,0.7272727272727273,1.0,,
Spyware-TIBS-6e996c9ce02c848f4a648e77d67ca89da64badb09faf00c5edbdea6cf7e2b93d-3.raw,0.0,0.0,0.9742220585527528,,0.7538784532155683,0.04108108108108108,0.7909090909090911,0.07760676349447214,0.7366415147101443,,0.17251051893408134,0.07503001200480192,0.0,0.032818532818532815,0.34942528735632183,0.01818181818181818,0.020348837209302327,0.0196078431372549,0.010752688172043012,0.061068702290076333,0.21428571428571427,0.140625,0.21428571428571427,0.4724320173716093,0.3901419099051962,0.4724320173716093,0.0,0.0,0.0,0.0,0.0,0.0,0.0,0.0,0.0,0.0,0.06666666666666667,0.0,0.0,0.0,0.0,0.4007890843333884,0.2829705505761845,0.4818181818181817,0.0,0.6363636363636364,0.5,,0.6666666666666666,0.6666666666666666,,0.18181818181818182,1.0,,
Spyware-TIBS-27d7f533077c5f1cb54d2b03d7bb5c27a0f9b37b8ad7e87b5a8996f1d2135ef4-2.raw,0.0,0.0,0.9948444117105508,,0.7830947809690214,0.04108108108108108,0.7909090909090911,0.09343160632993713,0.7679039861329351,,0.18373071528751753,0.08403361344537816,0.0,0.032818532818532815,0.36091954022988504,0.01818181818181818,0.020348837209302327,0.0196078431372549,0.016129032258064516,0.061068702290076333,0.21428571428571427,0.140625,0.21428571428571427,0.4724320173716093,0.3901419099051962,0.4724320173716093,0.0,0.0,0.0,0.0,0.1,0.0,0.07692307692307693,0.1,0.07692307692307693,0.1,0.13333333333333333,0.23043478260869565,0.0,0.177257525083612,0.23043478260869565,0.554210236653825,0.4856093080220452,0.6144927536231886,0.0,0.6363636363636364,0.5,,0.6666666666666666,0.6666666666666666,,0.18181818181818182,1.0,,
Spyware-TIBS-8d8af27b1ab68fde08153c7b2d90670c329aa93abe1645da4651ae0941f6da09-6.raw,0.0,0.0,0.659731172896336,,0.6822384166694301,0.04432432432432432,0.7995059288537549,0.03880338174723607,0.6599842217693285,,0.16830294530154277,0.06842737094837935,0.0,0.03861003861003861,0.05517241379310345,0.01818181818181818,0.020348837209302327,0.0196078431372549,0.021505376344086023,0.061068702290076333,0.23809523809523808,0.15625,0.23809523809523808,0.523978816875774,0.4344045308964054,0.523978816875774,0.0,0.0,0.0,0.0,0.0,0.0,0.0,0.0,0.0,0.0,0.06666666666666667,0.0,0.0,0.0,0.0,0.4007890843333884,0.2829705505761845,0.4818181818181817,0.0,0.6363636363636364,0.5,,0.6666666666666666,0.6666666666666666,,0.18181818181818182,1.0,,
Spyware-TIBS-8dc489ff4bb652a015176896e29487c60c306a301e7e19e17fc8c357d8265615-4.raw,0.0,0.0,0.659731172896336,,0.6618270096087986,0.04108108108108108,0.7909090909090911,0.027747669629308476,0.6381433170766939,,0.16269284712482468,0.030012004801920768,0.0,0.032818532818532815,0.08505747126436781,0.01818181818181818,0.020348837209302327,0.0196078431372549,0.010752688172043012,0.061068702290076333,0.21428571428571427,0.140625,0.21428571428571427,0.4724320173716093,0.3901419099051962,0.4724320173716093,0.0,0.0,0.0,0.0,0.0,0.0,0.0,0.0,0.0,0.0,0.06666666666666667,0.0,0.0,0.0,0.0,0.4007890843333884,0.2829705505761845,0.4818181818181817,0.0,0.6363636363636364,0.5,,0.6666666666666666,0.6666666666666666,,0.18181818181818182,1.0,,
Spyware-TIBS-8d05ac658cc148b5089cba5909d167e79b2ee62d09dfdba71234792f184da271-6.raw,0.0,0.0,0.6545755846068864,,0.6798370746622969,0.04432432432432432,0.7995059288537549,0.037502709733362234,0.6574147035701949,,0.16830294530154277,0.06842737094837935,0.0,0.03474903474903475,0.05517241379310345,0.01818181818181818,0.020348837209302327,0.0196078431372549,0.021505376344086023,0.061068702290076333,0.23809523809523808,0.15625,0.23809523809523808,0.523978816875774,0.4344045308964054,0.523978816875774,0.0,0.0,0.0,0.0,0.0,0.0,0.0,0.0,0.0,0.0,0.06666666666666667,0.0,0.0,0.0,0.0,0.4007890843333884,0.2829705505761845,0.4818181818181817,0.0,0.6363636363636364,0.5,,0.6666666666666666,0.6666666666666666,,0.18181818181818182,1.0,,
Spyware-TIBS-10f9ff1e9f0cddbac2bf5dd5921a15f8c925fa57b2a1d2f9f10772a3b6bba6b2-2.raw,0.0,0.0,0.963910881973854,,0.7706878472655002,0.04108108108108108,0.7909090909090911,0.08671146759158899,0.7546281421040788,,0.1767180925666199,0.07382953181272509,0.0,0.032818532818532815,0.3264367816091954,0.01818181818181818,0.020348837209302327,0.0196078431372549,0.010752688172043012,0.061068702290076333,0.21428571428571427,0.140625,0.21428571428571427,0.4724320173716093,0.3901419099051962,0.4724320173716093,0.0,0.0,0.0,0.0,0.0,0.0,0.0,0.0,0.0,0.0,0.06666666666666667,0.0,0.0,0.0,0.0,0.4007890843333884,0.2829705505761845,0.4818181818181817,0.0,0.6363636363636364,0.5,,0.6666666666666666,0.6666666666666666,,0.18181818181818182,1.0,,
Spyware-TIBS-8dc489ff4bb652a015176896e29487c60c306a301e7e19e17fc8c357d8265615-3.raw,0.0,0.0,0.963910881973854,,0.7586811372298348,0.04108108108108108,0.7909090909090911,0.08020810752221981,0.7417805511084115,,0.1697054698457223,0.07623049219687875,0.0,0.032818532818532815,0.3632183908045977,0.01818181818181818,0.020348837209302327,0.0196078431372549,0.010752688172043012,0.061068702290076333,0.21428571428571427,0.140625,0.21428571428571427,0.4724320173716093,0.3901419099051962,0.4724320173716093,0.0,0.0,0.0,0.0,0.0,0.0,0.0,0.0,0.0,0.0,0.06666666666666667,0.0,0.0,0.0,0.0,0.4007890843333884,0.2829705505761845,0.4818181818181817,0.0,0.6363636363636364,0.5,,0.6666666666666666,0.6666666666666666,,0.18181818181818182,1.0,,
Spyware-TIBS-8d05ac658cc148b5089cba5909d167e79b2ee62d09dfdba71234792f184da271-4.raw,0.0,0.0,0.7525317621064258,,0.6838393113408522,0.04108108108108108,0.7909090909090911,0.039670496423151964,0.6616972339020842,,0.16269284712482468,0.04321728691476591,0.0,0.02895752895752896,0.1793103448275862,0.01818181818181818,0.020348837209302327,0.0196078431372549,0.010752688172043012,0.061068702290076333,0.21428571428571427,0.140625,0.21428571428571427,0.4724320173716093,0.3901419099051962,0.4724320173716093,0.0,0.0,0.0,0.0,0.0,0.0,0.0,0.0,0.0,0.0,0.06666666666666667,0.0,0.0,0.0,0.0,0.4007890843333884,0.2829705505761845,0.4818181818181817,0.0,0.6363636363636364,0.5,,0.6666666666666666,0.6666666666666666,,0.18181818181818182,1.0,,
Spyware-TIBS-25ac33bc94decabf1572c58b136cd489a8ec017b0d1ea345b6e37a84423ca2d8-2.raw,0.0,0.0,0.9793776468422024,,0.7786923206226106,0.04108108108108108,0.7909090909090911,0.09104704097116843,0.7631932027678571,,0.18373071528751753,0.07743097238895558,0.0,0.032818532818532815,0.3471264367816092,0.01818181818181818,0.020348837209302327,0.0196078431372549,0.016129032258064516,0.061068702290076333,0.21428571428571427,0.140625,0.21428571428571427,0.4724320173716093,0.3901419099051962,0.4724320173716093,0.0,0.0,0.0,0.0,0.0,0.0,0.0,0.0,0.0,0.0,0.06666666666666667,0.0,0.0,0.0,0.0,0.4007890843333884,0.2829705505761845,0.4818181818181817,0.0,0.6363636363636364,0.5,,0.6666666666666666,0.6666666666666666,,0.18181818181818182,1.0,,
Spyware-TIBS-49bb6d6117975b63789c7307ca5c4b166239b7d2c342f80a2487dfe99ef438f2-1.raw,0.0,0.0,0.9587552936844044,,0.7586811372298348,0.03891891891891892,0.7851778656126482,0.08020810752221981,0.7417805511084115,,0.17391304347826086,0.06182472989195678,0.0,0.017374517374517374,0.31724137931034485,0.01818181818181818,0.020348837209302327,0.0196078431372549,0.010752688172043012,0.061068702290076333,0.19047619047619047,0.125,0.19047619047619047,0.4189987635880066,0.34291252176356324,0.4189987635880066,0.0,0.0,0.0,0.0,0.2,0.0,0.15384615384615385,0.2,0.15384615384615385,0.2,0.13333333333333333,0.44166666666666665,0.0,0.33974358974358965,0.44166666666666665,0.6948462929475591,0.6713615023474178,0.5715686274509806,0.0,0.6363636363636364,0.5,,0.6666666666666666,0.6666666666666666,,0.18181818181818182,1.0,,
Spyware-TIBS-9c8a2292cad7ae8b939c0fb6a7369ee7a84c470bf463fa473805bfad8c69a7f9-9.raw,0.14705882352941177,0.07142857142857142,0.6234511071557657,,0.949661942290966,0.33945945945945943,0.938647342995169,0.4708432690223282,0.9461365540567815,,0.26227208976157085,0.6080432172869148,0.25925925925925924,0.4247104247104247,0.4,0.2,0.4331395348837209,0.45098039215686275,0.34946236559139787,0.4122137404580153,0.3333333333333333,0.296875,0.3333333333333333,0.3688370824387161,0.2427740071603362,0.3688370824387161,0.011235955056179775,4.630058338735068e-05,0.011235955056179775,0.0,0.0,0.0,0.0,0.0,0.0,0.0,0.06666666666666667,0.0,0.0,0.0,0.0,0.2555756479807115,0.1966614501825767,0.3156136528685546,1.0,1.0,1.0,,1.0,1.0,,0.7272727272727273,1.0,,
Spyware-TIBS-76ba065d9bbd91b3a2a24ae4c092e3dce4f2555b79ea5c14bc3ff9495ff7e965-7.raw,0.14705882352941177,0.07142857142857142,0.6948655523503616,,0.9874904904527171,0.33945945945945943,0.938647342995169,0.49598959462388903,0.9866143963048594,,0.26367461430575034,0.6392557022809123,0.25925925925925924,0.42277992277992277,0.4942528735632184,0.2,0.4331395348837209,0.45098039215686275,0.34946236559139787,0.4122137404580153,0.3333333333333333,0.296875,0.3333333333333333,0.3688370824387161,0.2427740071603362,0.3688370824387161,0.011235955056179775,4.630058338735068e-05,0.011235955056179775,0.0,0.0,0.0,0.0,0.0,0.0,0.0,0.06666666666666667,0.0,0.0,0.0,0.0,0.2555756479807115,0.1966614501825767,0.3156136528685546,1.0,1.0,1.0,,1.0,1.0,,0.7272727272727273,1.0,,
Spyware-TIBS-7ee08dbd8e61fb131cc2258ad23f01c675265c04b502aa8676da524f962a98ab-3.raw,0.0,0.0,0.9535997053949548,,0.7462742035263136,0.04108108108108108,0.7909090909090911,0.07348796878387166,0.7285047070795551,,0.16690042075736325,0.07142857142857142,0.0,0.032818532818532815,0.3471264367816092,0.01818181818181818,0.020348837209302327,0.0196078431372549,0.010752688172043012,0.061068702290076333,0.21428571428571427,0.140625,0.21428571428571427,0.4724320173716093,0.3901419099051962,0.4724320173716093,0.0,0.0,0.0,0.0,0.0,0.0,0.0,0.0,0.0,0.0,0.06666666666666667,0.0,0.0,0.0,0.0,0.4007890843333884,0.2829705505761845,0.4818181818181817,0.0,0.6363636363636364,0.5,,0.6666666666666666,0.6666666666666666,,0.18181818181818182,1.0,,
Spyware-TIBS-7cbae8b99aad8d5f683842fe9b1d44647599dfa2c73feac803baa1f9cbf789a8-2.raw,0.0,0.0,0.9742220585527528,,0.7598818082334012,0.03891891891891892,0.7851778656126482,0.08085844352915673,0.7430653102079781,,0.17251051893408134,0.06482593037214886,0.0,0.013513513513513514,0.34022988505747126,0.01818181818181818,0.020348837209302327,0.0196078431372549,0.010752688172043012,0.061068702290076333,0.19047619047619047,0.125,0.19047619047619047,0.4189987635880066,0.34291252176356324,0.4189987635880066,0.0,0.0,0.0,0.0,0.0,0.0,0.0,0.0,0.0,0.0,0.06666666666666667,0.0,0.0,0.0,0.0,0.4007890843333884,0.2829705505761845,0.4818181818181817,0.0,0.6363636363636364,0.5,,0.6666666666666666,0.6666666666666666,,0.18181818181818182,1.0,,
Spyware-TIBS-56d78fb94fce19e41d4fd8aa8cc8e76887afbe16f9d0ddf162abf6bbba3cc1e7-1.raw,0.0,0.0,0.9948444117105508,,0.7794927679583217,0.03891891891891892,0.7851778656126482,0.09148059830912639,0.7640497088342348,,0.17952314165497896,0.07503001200480192,0.0,0.017374517374517374,0.37471264367816093,0.01818181818181818,0.020348837209302327,0.0196078431372549,0.010752688172043012,0.061068702290076333,0.19047619047619047,0.125,0.19047619047619047,0.4189987635880066,0.34291252176356324,0.4189987635880066,0.0,0.0,0.0,0.0,0.1,0.0,0.07692307692307693,0.1,0.07692307692307693,0.1,0.06666666666666667,0.23043478260869565,0.0,0.177257525083612,0.23043478260869565,0.554210236653825,0.4856093080220452,0.4427962489343561,0.0,0.6363636363636364,0.5,,0.6666666666666666,0.6666666666666666,,0.18181818181818182,1.0,,
Spyware-TIBS-56d78fb94fce19e41d4fd8aa8cc8e76887afbe16f9d0ddf162abf6bbba3cc1e7-8.raw,0.14705882352941177,0.07142857142857142,0.6486562054597407,,0.9692284327194577,0.33945945945945943,0.938647342995169,0.48384998916106653,0.9670733690126837,,0.26928471248246844,0.6212484993997599,0.25925925925925924,0.4247104247104247,0.4413793103448276,0.2,0.4331395348837209,0.45098039215686275,0.34946236559139787,0.4122137404580153,0.3333333333333333,0.296875,0.3333333333333333,0.3688370824387161,0.2427740071603362,0.3688370824387161,0.011235955056179775,4.630058338735068e-05,0.011235955056179775,0.0,0.0,0.0,0.0,0.0,0.0,0.0,0.06666666666666667,0.0,0.0,0.0,0.0,0.2555756479807115,0.1966614501825767,0.3156136528685546,1.0,1.0,1.0,,1.0,1.0,,0.7272727272727273,1.0,,
Spyware-TIBS-8b374a972ae3f2aa202e216b2ebb61cd7668d1e3803cfcc9bdeb9f7e1a0e70c2-7.raw,0.08823529411764706,0.0,0.7224231264960411,,0.9359001773562594,0.2410810810810811,0.9355652173913047,0.34749620637329287,0.931410994204463,,0.22720897615708274,0.4447779111644658,0.14814814814814814,0.31467181467181465,0.3425287356321839,0.12727272727272726,0.3226744186046512,0.29411764705882354,0.16666666666666666,0.32061068702290074,0.30952380952380953,0.25,0.30952380952380953,0.42792755795393345,0.29567503268057993,0.42792755795393345,0.0,0.0,0.0,0.0,0.0,0.0,0.0,0.0,0.0,0.0,0.13333333333333333,0.0,0.0,0.0,0.0,0.3066907775768539,0.22704225352112692,0.5320784313725492,1.0,1.0,1.0,,1.0,1.0,,0.5454545454545454,1.0,,
Spyware-TIBS-10f9ff1e9f0cddbac2bf5dd5921a15f8c925fa57b2a1d2f9f10772a3b6bba6b2-1.raw,0.0,0.0,0.9535997053949548,,0.7622831502405344,0.03891891891891892,0.7851778656126482,0.08215911554303057,0.7456348284071117,,0.17391304347826086,0.06362545018007203,0.0,0.017374517374517374,0.3218390804597701,0.01818181818181818,0.020348837209302327,0.0196078431372549,0.010752688172043012,0.061068702290076333,0.19047619047619047,0.125,0.19047619047619047,0.4189987635880066,0.34291252176356324,0.4189987635880066,0.0,0.0,0.0,0.0,0.1,0.0,0.07692307692307693,0.1,0.07692307692307693,0.1,0.06666666666666667,0.23043478260869565,0.0,0.177257525083612,0.23043478260869565,0.554210236653825,0.4856093080220452,0.4427962489343561,0.0,0.6363636363636364,0.5,,0.6666666666666666,0.6666666666666666,,0.18181818181818182,1.0,,
Spyware-TIBS-7c5d590afd39575ec7211e69d22acd56638f9356d955ac4ebca7bc93ad4f439b-3.raw,0.0,0.0,0.9690664702633032,,0.7446733088548915,0.04108108108108108,0.7909090909090911,0.07262085410795578,0.7267916949467994,,0.16269284712482468,0.07683073229291716,0.0,0.032818532818532815,0.3701149425287356,0.01818181818181818,0.020348837209302327,0.0196078431372549,0.010752688172043012,0.061068702290076333,0.21428571428571427,0.140625,0.21428571428571427,0.4724320173716093,0.3901419099051962,0.4724320173716093,0.0,0.0,0.0,0.0,0.0,0.0,0.0,0.0,0.0,0.0,0.06666666666666667,0.0,0.0,0.0,0.0,0.4007890843333884,0.2829705505761845,0.4818181818181817,0.0,0.6363636363636364,0.5,,0.6666666666666666,0.6666666666666666,,0.18181818181818182,0.5,,
Spyware-TIBS-9aa88b8359d2090f6588d882078813d7c548776d7403627c25f1091a0564fce6-5.raw,0.0,0.0,0.6133308782912907,,0.6318102345196345,0.032432432432432434,0.7679841897233202,0.011489269455885541,0.6060243395875252,,0.1697054698457223,0.013805522208883553,0.0,0.019305019305019305,0.02528735632183908,0.01818181818181818,0.00872093023255814,0.0196078431372549,0.005376344086021506,0.061068702290076333,0.09523809523809523,0.0625,0.09523809523809523,0.19939385723185593,0.14615950453056578,0.19939385723185593,0.0,0.0,0.0,0.0,0.0,0.0,0.0,0.0,0.0,0.0,0.06666666666666667,0.0,0.0,0.0,0.0,0.4007890843333884,0.2829705505761845,0.4818181818181817,0.0,0.6363636363636364,0.5,,0.6666666666666666,0.6666666666666666,,0.18181818181818182,1.0,,
Spyware-TIBS-8d8af27b1ab68fde08153c7b2d90670c329aa93abe1645da4651ae0941f6da09-8.raw,0.14705882352941177,0.07142857142857142,0.6696604540463869,,0.9718372981099235,0.33945945945945943,0.938647342995169,0.48558421851289835,0.9698649443401374,,0.26227208976157085,0.6248499399759904,0.25925925925925924,0.4247104247104247,0.4413793103448276,0.2,0.4331395348837209,0.45098039215686275,0.34946236559139787,0.4122137404580153,0.3333333333333333,0.296875,0.3333333333333333,0.3688370824387161,0.2427740071603362,0.3688370824387161,0.011235955056179775,4.630058338735068e-05,0.011235955056179775,0.0,0.0,0.0,0.0,0.0,0.0,0.0,0.06666666666666667,0.0,0.0,0.0,0.0,0.2555756479807115,0.1966614501825767,0.3156136528685546,1.0,1.0,1.0,,1.0,1.0,,0.7272727272727273,1.0,,
Spyware-TIBS-6c524355af15275aa5b7f957574769ce268cbe125214f26c32a1037bc831ee8d-10.raw,0.20588235294117646,0.14285714285714285,0.5967974399837459,,0.929949265439732,0.45837837837837836,0.982608695652174,0.5716453500975504,0.9250433146213232,,0.2805049088359046,0.6800720288115246,0.3333333333333333,0.4671814671814672,0.5287356321839081,0.34545454545454546,0.7034883720930233,0.5686274509803921,0.478494623655914,0.6183206106870229,0.42857142857142855,0.390625,0.42857142857142855,0.41976873179563257,0.2761118206540299,0.41976873179563257,0.011235955056179775,4.630058338735068e-05,0.011235955056179775,0.0,0.4,0.0,0.3076923076923077,0.4,0.3076923076923077,0.4,0.3333333333333333,0.6424242424242426,0.0,0.4941724941724942,0.6424242424242426,0.6621732697682067,0.7490396927016647,0.661319073083779,1.0,1.0,1.0,,1.0,1.0,,0.7272727272727273,1.0,,
Spyware-TIBS-10ef7e0a4f5ea636cdbf2eeeb6403c3ab328568bf47e67dc37b2a73b82bd06d4-8.raw,0.14705882352941177,0.07142857142857142,0.6486562054597407,,0.9669456755028005,0.33945945945945943,0.938647342995169,0.4823325384782137,0.9646307406011619,,0.26227208976157085,0.6164465786314526,0.25925925925925924,0.4247104247104247,0.43448275862068964,0.2,0.4331395348837209,0.45098039215686275,0.34946236559139787,0.4122137404580153,0.3333333333333333,0.296875,0.3333333333333333,0.3688370824387161,0.2427740071603362,0.3688370824387161,0.011235955056179775,4.630058338735068e-05,0.011235955056179775,0.0,0.0,0.0,0.0,0.0,0.0,0.0,0.06666666666666667,0.0,0.0,0.0,0.0,0.2555756479807115,0.1966614501825767,0.3156136528685546,1.0,1.0,1.0,,1.0,1.0,,0.7272727272727273,1.0,,
Spyware-TIBS-90c50fdd82efd7f377529b07f07b58d9c836a94bbee69bc016385c907f926021-9.raw,0.14705882352941177,0.07142857142857142,0.6150494077211073,,0.9473791850743083,0.33945945945945943,0.938647342995169,0.4693258183394754,0.9436939256452593,,0.26227208976157085,0.6056422569027611,0.25925925925925924,0.4247104247104247,0.38850574712643676,0.2,0.4331395348837209,0.45098039215686275,0.34946236559139787,0.4122137404580153,0.3333333333333333,0.296875,0.3333333333333333,0.3688370824387161,0.2427740071603362,0.3688370824387161,0.011235955056179775,4.630058338735068e-05,0.011235955056179775,0.0,0.0,0.0,0.0,0.0,0.0,0.0,0.06666666666666667,0.0,0.0,0.0,0.0,0.2555756479807115,0.1966614501825767,0.3156136528685546,1.0,1.0,1.0,,1.0,1.0,,0.7272727272727273,1.0,,
Spyware-TIBS-7ee08dbd8e61fb131cc2258ad23f01c675265c04b502aa8676da524f962a98ab-10.raw,0.17647058823529413,0.14285714285714285,0.6055974958571165,,0.9506169733714039,0.40864864864864864,0.9816770186335404,0.5289399523086928,0.9471584700248669,,0.26367461430575034,0.6548619447779112,0.2962962962962963,0.44594594594594594,0.4781609195402299,0.23636363636363636,0.6918604651162791,0.5098039215686274,0.3709677419354839,0.45038167938931295,0.38095238095238093,0.34375,0.38095238095238093,0.38600461458381397,0.243652706029865,0.38600461458381397,0.011235955056179775,4.630058338735068e-05,0.011235955056179775,0.0,0.0,0.0,0.0,0.0,0.0,0.0,0.06666666666666667,0.0,0.0,0.0,0.0,0.2327563936967193,0.18309859154929575,0.28949579831932754,1.0,1.0,1.0,,1.0,1.0,,0.7272727272727273,1.0,,
Spyware-TIBS-45f85eaf165337665b247db9aecc04e018d6402f73da2730fc66b885252abe7e-5.raw,0.0,0.0,0.6184864665807401,,0.6330109055232009,0.04108108108108108,0.7909090909090911,0.012139605462822459,0.6073090986870919,,0.16269284712482468,0.015606242496998799,0.0,0.032818532818532815,0.009195402298850575,0.01818181818181818,0.020348837209302327,0.0196078431372549,0.010752688172043012,0.061068702290076333,0.21428571428571427,0.140625,0.21428571428571427,0.4724320173716093,0.3901419099051962,0.4724320173716093,0.0,0.0,0.0,0.0,0.0,0.0,0.0,0.0,0.0,0.0,0.06666666666666667,0.0,0.0,0.0,0.0,0.4007890843333884,0.2829705505761845,0.4818181818181817,0.0,0.6363636363636364,0.5,,0.6666666666666666,0.6666666666666666,,0.18181818181818182,1.0,,
Spyware-TIBS-6ff85480282c694f5e64a1fce32938d3f71e0f2aa3e91e8bc139184713b33c56-7.raw,0.14705882352941177,0.07142857142857142,0.6948655523503616,,0.9894471394955664,0.34486486486486484,0.9503220611916272,0.4972902666377628,0.9887080778004497,,0.26227208976157085,0.6392557022809123,0.25925925925925924,0.42277992277992277,0.49195402298850577,0.2,0.4331395348837209,0.45098039215686275,0.34946236559139787,0.42748091603053434,0.3333333333333333,0.296875,0.3333333333333333,0.3634562067807559,0.23321546015681177,0.3634562067807559,0.011235955056179775,4.630058338735068e-05,0.011235955056179775,0.0,0.1,0.0,0.07692307692307693,0.1,0.07692307692307693,0.1,0.13333333333333333,0.18928571428571428,0.0,0.14560439560439556,0.18928571428571428,0.38678636011366574,0.3661971830985915,0.4305322128851538,1.0,1.0,1.0,,1.0,1.0,,0.7272727272727273,1.0,,
Spyware-TIBS-97a0246b1c3df21db4449c71eabd9e2e4c622adfc1c6d9a86e151c844c6f4c30-5.raw,0.0,0.0,0.6184864665807401,,0.6374133658696116,0.04108108108108108,0.7909090909090911,0.014524170821591156,0.61201988205217,,0.16269284712482468,0.01920768307322929,0.0,0.032818532818532815,0.013793103448275862,0.01818181818181818,0.020348837209302327,0.0196078431372549,0.010752688172043012,0.061068702290076333,0.21428571428571427,0.140625,0.21428571428571427,0.4724320173716093,0.3901419099051962,0.4724320173716093,0.0,0.0,0.0,0.0,0.0,0.0,0.0,0.0,0.0,0.0,0.06666666666666667,0.0,0.0,0.0,0.0,0.4007890843333884,0.2829705505761845,0.4818181818181817,0.0,0.6363636363636364,0.5,,0.6666666666666666,0.6666666666666666,,0.18181818181818182,1.0,,
Spyware-TIBS-7ee08dbd8e61fb131cc2258ad23f01c675265c04b502aa8676da524f962a98ab-8.raw,0.14705882352941177,0.07142857142857142,0.6486562054597407,,0.9672717836766089,0.33945945945945943,0.938647342995169,0.48254931714719274,0.9649796875170938,,0.26227208976157085,0.6182472989195679,0.25925925925925924,0.4247104247104247,0.432183908045977,0.2,0.4331395348837209,0.45098039215686275,0.34946236559139787,0.4122137404580153,0.3333333333333333,0.296875,0.3333333333333333,0.3688370824387161,0.2427740071603362,0.3688370824387161,0.011235955056179775,4.630058338735068e-05,0.011235955056179775,0.0,0.0,0.0,0.0,0.0,0.0,0.0,0.06666666666666667,0.0,0.0,0.0,0.0,0.2555756479807115,0.1966614501825767,0.3156136528685546,1.0,1.0,1.0,,1.0,1.0,,0.7272727272727273,1.0,,
Spyware-TIBS-6ff85480282c694f5e64a1fce32938d3f71e0f2aa3e91e8bc139184713b33c56-2.raw,0.0,0.0,0.9690664702633032,,0.7822943336333106,0.04108108108108108,0.7909090909090911,0.09299804899197919,0.7670474800665575,,0.18373071528751753,0.08283313325330131,0.0,0.032818532818532815,0.34942528735632183,0.01818181818181818,0.020348837209302327,0.0196078431372549,0.010752688172043012,0.061068702290076333,0.21428571428571427,0.140625,0.21428571428571427,0.4724320173716093,0.3901419099051962,0.4724320173716093,0.0,0.0,0.0,0.0,0.2,0.0,0.15384615384615385,0.2,0.15384615384615385,0.2,0.2,0.44166666666666665,0.0,0.33974358974358965,0.44166666666666665,0.6948462929475591,0.6713615023474178,0.7361111111111113,0.0,0.6363636363636364,0.5,,0.6666666666666666,0.6666666666666666,,0.18181818181818182,1.0,,
Spyware-TIBS-6e996c9ce02c848f4a648e77d67ca89da64badb09faf00c5edbdea6cf7e2b93d-6.raw,0.0,0.0,0.6751979377646842,,0.6838393113408522,0.04432432432432432,0.7995059288537549,0.039670496423151964,0.6616972339020842,,0.16830294530154277,0.06842737094837935,0.0,0.03861003861003861,0.06896551724137931,0.01818181818181818,0.020348837209302327,0.0196078431372549,0.021505376344086023,0.061068702290076333,0.23809523809523808,0.15625,0.23809523809523808,0.523978816875774,0.4344045308964054,0.523978816875774,0.0,0.0,0.0,0.0,0.0,0.0,0.0,0.0,0.0,0.0,0.06666666666666667,0.0,0.0,0.0,0.0,0.4007890843333884,0.2829705505761845,0.4818181818181817,0.0,0.6363636363636364,0.5,,0.6666666666666666,0.6666666666666666,,0.18181818181818182,1.0,,
Spyware-TIBS-45f85eaf165337665b247db9aecc04e018d6402f73da2730fc66b885252abe7e-9.raw,0.14705882352941177,0.07142857142857142,0.6150494077211073,,0.9512924831600068,0.33945945945945943,0.938647342995169,0.47192716236722304,0.94788128863644,,0.26227208976157085,0.6074429771908764,0.25925925925925924,0.4247104247104247,0.39080459770114945,0.2,0.4331395348837209,0.45098039215686275,0.34946236559139787,0.4122137404580153,0.3333333333333333,0.296875,0.3333333333333333,0.3688370824387161,0.2427740071603362,0.3688370824387161,0.011235955056179775,4.630058338735068e-05,0.011235955056179775,0.0,0.0,0.0,0.0,0.0,0.0,0.0,0.06666666666666667,0.0,0.0,0.0,0.0,0.2555756479807115,0.1966614501825767,0.3156136528685546,1.0,1.0,1.0,,1.0,1.0,,0.7272727272727273,1.0,,
Spyware-TIBS-10f9ff1e9f0cddbac2bf5dd5921a15f8c925fa57b2a1d2f9f10772a3b6bba6b2-3.raw,0.0,0.0,0.943288528816056,,0.7478750981977355,0.04108108108108108,0.7909090909090911,0.07435508345978756,0.7302177192123105,,0.1697054698457223,0.06842737094837935,0.0,0.032818532818532815,0.3264367816091954,0.01818181818181818,0.020348837209302327,0.0196078431372549,0.010752688172043012,0.061068702290076333,0.21428571428571427,0.140625,0.21428571428571427,0.4724320173716093,0.3901419099051962,0.4724320173716093,0.0,0.0,0.0,0.0,0.0,0.0,0.0,0.0,0.0,0.0,0.06666666666666667,0.0,0.0,0.0,0.0,0.4007890843333884,0.2829705505761845,0.4818181818181817,0.0,0.6363636363636364,0.5,,0.6666666666666666,0.6666666666666666,,0.18181818181818182,1.0,,
Spyware-TIBS-28e57139370f05830b5ffa383fde31916f358d49a03010d6cee044c63e852a82-10.raw,0.20588235294117646,0.14285714285714285,0.5576860805465431,,0.9229660524764597,0.46378378378378377,0.9934782608695655,0.566659440711034,0.9175710375594751,,0.2805049088359046,0.6770708283313326,0.3333333333333333,0.4671814671814672,0.48735632183908045,0.34545454545454546,0.7034883720930233,0.5686274509803921,0.478494623655914,0.6335877862595419,0.42857142857142855,0.390625,0.42857142857142855,0.41465165141578175,0.2672319393056032,0.41465165141578175,0.011235955056179775,4.630058338735068e-05,0.011235955056179775,0.0,0.1,0.0,0.07692307692307693,0.1,0.07692307692307693,0.1,0.13333333333333333,0.17666666666666656,0.0,0.13589743589743578,0.17666666666666656,0.3354430379746836,0.3295774647887326,0.3741176470588237,1.0,1.0,1.0,,1.0,1.0,,0.7272727272727273,1.0,,
Spyware-TIBS-90c50fdd82efd7f377529b07f07b58d9c836a94bbee69bc016385c907f926021-7.raw,0.14705882352941177,0.07142857142857142,0.6906647026330326,,0.9848816250622519,0.33945945945945943,0.938647342995169,0.4942553652720572,0.9838228209774061,,0.26367461430575034,0.6362545018007203,0.25925925925925924,0.42277992277992277,0.48735632183908045,0.2,0.4331395348837209,0.45098039215686275,0.34946236559139787,0.4122137404580153,0.3333333333333333,0.296875,0.3333333333333333,0.3688370824387161,0.2427740071603362,0.3688370824387161,0.011235955056179775,4.630058338735068e-05,0.011235955056179775,0.0,0.0,0.0,0.0,0.0,0.0,0.0,0.06666666666666667,0.0,0.0,0.0,0.0,0.2555756479807115,0.1966614501825767,0.3156136528685546,1.0,1.0,1.0,,1.0,1.0,,0.7272727272727273,1.0,,
Spyware-TIBS-9c8a2292cad7ae8b939c0fb6a7369ee7a84c470bf463fa473805bfad8c69a7f9-10.raw,0.20588235294117646,0.14285714285714285,0.5733306243214241,,0.9232696704313846,0.45837837837837836,0.982608695652174,0.566876219380013,0.9178959191708599,,0.2805049088359046,0.6752701080432173,0.3333333333333333,0.4671814671814672,0.503448275862069,0.34545454545454546,0.7034883720930233,0.5686274509803921,0.478494623655914,0.6183206106870229,0.42857142857142855,0.390625,0.42857142857142855,0.41976873179563257,0.2761118206540299,0.41976873179563257,0.011235955056179775,4.630058338735068e-05,0.011235955056179775,0.0,0.2,0.0,0.15384615384615385,0.2,0.15384615384615385,0.2,0.2,0.3419354838709675,0.0,0.26302729528535956,0.3419354838709675,0.4513795718369017,0.47841890049977287,0.4760278304870335,1.0,1.0,1.0,,1.0,1.0,,0.7272727272727273,1.0,,
Spyware-TIBS-8dc489ff4bb652a015176896e29487c60c306a301e7e19e17fc8c357d8265615-9.raw,0.14705882352941177,0.07142857142857142,0.610848558003778,,0.9539013485504725,0.33945945945945943,0.938647342995169,0.47366139171905486,0.9506728639638937,,0.26227208976157085,0.6110444177671068,0.25925925925925924,0.4247104247104247,0.40229885057471265,0.2,0.4331395348837209,0.45098039215686275,0.34946236559139787,0.4122137404580153,0.3333333333333333,0.296875,0.3333333333333333,0.3688370824387161,0.2427740071603362,0.3688370824387161,0.011235955056179775,4.630058338735068e-05,0.011235955056179775,0.0,0.0,0.0,0.0,0.0,0.0,0.0,0.06666666666666667,0.0,0.0,0.0,0.0,0.2555756479807115,0.1966614501825767,0.3156136528685546,1.0,1.0,1.0,,1.0,1.0,,0.7272727272727273,1.0,,
Spyware-TIBS-9aa88b8359d2090f6588d882078813d7c548776d7403627c25f1091a0564fce6-2.raw,0.0,0.0,0.9381329405266068,,0.7458739798584579,0.03027027027027027,0.7622529644268777,0.07327119011489269,0.728076454046366,,0.17952314165497896,0.057623049219687875,0.0,0.003861003861003861,0.31494252873563217,0.01818181818181818,0.00872093023255814,0.0196078431372549,0.005376344086021506,0.061068702290076333,0.07142857142857142,0.046875,0.07142857142857142,0.14435705813087024,0.09750434386566618,0.14435705813087024,0.0,0.0,0.0,0.0,0.0,0.0,0.0,0.0,0.0,0.0,0.0,0.0,0.0,0.0,0.0,0.4007890843333884,0.2829705505761845,0.3023172905525847,0.0,0.6363636363636364,0.5,,0.6666666666666666,0.6666666666666666,,0.18181818181818182,1.0,,
Spyware-TIBS-40a45471e1b7f0ad943f0e2f736afb24b7048c09caf44befbfaf8c10c89aca25-10.raw,0.14705882352941177,0.07142857142857142,0.6234511071557657,,0.9415092379457605,0.3308108108108108,0.9199677938808377,0.4654238022978539,0.9374128811584883,,0.26227208976157085,0.6050420168067226,0.25925925925925924,0.4111969111969112,0.4,0.2,0.42151162790697677,0.45098039215686275,0.34408602150537637,0.4122137404580153,0.21428571428571427,0.21875,0.21428571428571427,0.15718083503930375,0.05306136821452104,0.15718083503930375,0.011235955056179775,4.630058338735068e-05,0.011235955056179775,0.0,0.0,0.0,0.0,0.0,0.0,0.0,0.06666666666666667,0.0,0.0,0.0,0.0,0.2555756479807115,0.1966614501825767,0.3156136528685546,1.0,1.0,1.0,,1.0,1.0,,0.7272727272727273,1.0,,
Spyware-TIBS-10f9ff1e9f0cddbac2bf5dd5921a15f8c925fa57b2a1d2f9f10772a3b6bba6b2-5.raw,0.0,0.0,0.6236420548701895,,0.633811352858912,0.04108108108108108,0.7909090909090911,0.012573162800780403,0.6081656047534697,,0.16269284712482468,0.013805522208883553,0.0,0.032818532818532815,0.009195402298850575,0.01818181818181818,0.020348837209302327,0.0196078431372549,0.010752688172043012,0.061068702290076333,0.21428571428571427,0.140625,0.21428571428571427,0.4724320173716093,0.3901419099051962,0.4724320173716093,0.0,0.0,0.0,0.0,0.0,0.0,0.0,0.0,0.0,0.0,0.06666666666666667,0.0,0.0,0.0,0.0,0.4007890843333884,0.2829705505761845,0.4818181818181817,0.0,0.6363636363636364,0.5,,0.6666666666666666,0.6666666666666666,,0.18181818181818182,1.0,,
Spyware-TIBS-6ff85480282c694f5e64a1fce32938d3f71e0f2aa3e91e8bc139184713b33c56-4.raw,0.0,0.0,0.6751979377646842,,0.6670299172909203,0.04108108108108108,0.7909090909090911,0.030565792326035117,0.6437106065081498,,0.16269284712482468,0.035414165666266505,0.0,0.032818532818532815,0.09655172413793103,0.01818181818181818,0.020348837209302327,0.0196078431372549,0.010752688172043012,0.061068702290076333,0.21428571428571427,0.140625,0.21428571428571427,0.4724320173716093,0.3901419099051962,0.4724320173716093,0.0,0.0,0.0,0.0,0.1,0.0,0.07692307692307693,0.1,0.07692307692307693,0.1,0.13333333333333333,0.23043478260869565,0.0,0.177257525083612,0.23043478260869565,0.554210236653825,0.4856093080220452,0.6144927536231886,0.0,0.6363636363636364,0.5,,0.6666666666666666,0.6666666666666666,,0.18181818181818182,1.0,,
Spyware-TIBS-6e996c9ce02c848f4a648e77d67ca89da64badb09faf00c5edbdea6cf7e2b93d-1.raw,0.0,0.0,0.9793776468422024,,0.7662853869190895,0.03891891891891892,0.7851778656126482,0.08432690223282029,0.7499173587390007,,0.17391304347826086,0.06722689075630252,0.0,0.017374517374517374,0.34022988505747126,0.01818181818181818,0.020348837209302327,0.0196078431372549,0.010752688172043012,0.061068702290076333,0.19047619047619047,0.125,0.19047619047619047,0.4189987635880066,0.34291252176356324,0.4189987635880066,0.0,0.0,0.0,0.0,0.2,0.0,0.15384615384615385,0.2,0.15384615384615385,0.2,0.13333333333333333,0.44166666666666665,0.0,0.33974358974358965,0.44166666666666665,0.6948462929475591,0.6713615023474178,0.5715686274509806,0.0,0.6363636363636364,0.5,,0.6666666666666666,0.6666666666666666,,0.18181818181818182,1.0,,
Spyware-TIBS-97a0246b1c3df21db4449c71eabd9e2e4c622adfc1c6d9a86e151c844c6f4c30-10.raw,0.17647058823529413,0.14285714285714285,0.556987663413736,,0.9374095923321717,0.40864864864864864,0.9816770186335404,0.519835248211576,0.9330261199296327,,0.26367461430575034,0.6464585834333734,0.2962962962962963,0.44594594594594594,0.4206896551724138,0.23636363636363636,0.6918604651162791,0.5098039215686274,0.3709677419354839,0.45038167938931295,0.38095238095238093,0.34375,0.38095238095238093,0.38600461458381397,0.243652706029865,0.38600461458381397,0.011235955056179775,4.630058338735068e-05,0.011235955056179775,0.0,0.0,0.0,0.0,0.0,0.0,0.0,0.06666666666666667,0.0,0.0,0.0,0.0,0.2327563936967193,0.18309859154929575,0.28949579831932754,1.0,1.0,1.0,,1.0,1.0,,0.7272727272727273,1.0,,
Spyware-TIBS-67ec0e775d5272086f87e4fa67b7efec044decd79e7eecdb47993d5cb5e9b535-5.raw,0.0,0.0,0.6236420548701895,,0.6334111291910564,0.04108108108108108,0.7909090909090911,0.01235638413180143,0.6077373517202806,,0.16269284712482468,0.016206482593037214,0.0,0.032818532818532815,0.009195402298850575,0.01818181818181818,0.020348837209302327,0.0196078431372549,0.010752688172043012,0.061068702290076333,0.21428571428571427,0.140625,0.21428571428571427,0.4724320173716093,0.3901419099051962,0.4724320173716093,0.0,0.0,0.0,0.0,0.0,0.0,0.0,0.0,0.0,0.0,0.06666666666666667,0.0,0.0,0.0,0.0,0.4007890843333884,0.2829705505761845,0.4818181818181817,0.0,0.6363636363636364,0.5,,0.6666666666666666,0.6666666666666666,,0.18181818181818182,1.0,,
Spyware-TIBS-85ae85a36eb35350175eb3c1b00dcab52d5fe726bab65975a6bb3177c8719da6-9.raw,0.14705882352941177,0.07142857142857142,0.6192502574384364,,0.9473791850743083,0.33945945945945943,0.938647342995169,0.4693258183394754,0.9436939256452593,,0.26227208976157085,0.6050420168067226,0.25925925925925924,0.4247104247104247,0.3931034482758621,0.2,0.4331395348837209,0.45098039215686275,0.34946236559139787,0.4122137404580153,0.3333333333333333,0.296875,0.3333333333333333,0.3688370824387161,0.2427740071603362,0.3688370824387161,0.011235955056179775,4.630058338735068e-05,0.011235955056179775,0.0,0.0,0.0,0.0,0.0,0.0,0.0,0.06666666666666667,0.0,0.0,0.0,0.0,0.2555756479807115,0.1966614501825767,0.3156136528685546,1.0,1.0,1.0,,1.0,1.0,,0.7272727272727273,1.0,,
Spyware-TIBS-25ac33bc94decabf1572c58b136cd489a8ec017b0d1ea345b6e37a84423ca2d8-7.raw,0.14705882352941177,0.07142857142857142,0.699066402067691,,0.993034329407457,0.3481081081081081,0.9573268921095008,0.49967483199653157,0.9925464938756988,,0.26367461430575034,0.6404561824729892,0.25925925925925924,0.42277992277992277,0.5011494252873563,0.2,0.4331395348837209,0.45098039215686275,0.34946236559139787,0.44274809160305345,0.3333333333333333,0.296875,0.3333333333333333,0.3602483604917942,0.22751706616255335,0.3602483604917942,0.011235955056179775,4.630058338735068e-05,0.011235955056179775,0.0,0.0,0.0,0.0,0.0,0.0,0.0,0.06666666666666667,0.0,0.0,0.0,0.0,0.2555756479807115,0.1966614501825767,0.3156136528685546,1.0,1.0,1.0,,1.0,1.0,,0.7272727272727273,1.0,,
Spyware-TIBS-90c50fdd82efd7f377529b07f07b58d9c836a94bbee69bc016385c907f926021-5.raw,0.0,0.0,0.6133308782912907,,0.6302093398482123,0.04108108108108108,0.7909090909090911,0.010622154779969651,0.6043113274547696,,0.16269284712482468,0.015006002400960384,0.0,0.032818532818532815,0.0,0.01818181818181818,0.020348837209302327,0.0196078431372549,0.010752688172043012,0.061068702290076333,0.21428571428571427,0.140625,0.21428571428571427,0.4724320173716093,0.3901419099051962,0.4724320173716093,0.0,0.0,0.0,0.0,0.0,0.0,0.0,0.0,0.0,0.0,0.06666666666666667,0.0,0.0,0.0,0.0,0.4007890843333884,0.2829705505761845,0.4818181818181817,0.0,0.6363636363636364,0.5,,0.6666666666666666,0.6666666666666666,,0.18181818181818182,1.0,,
Spyware-TIBS-6c524355af15275aa5b7f957574769ce268cbe125214f26c32a1037bc831ee8d-2.raw,0.0,0.0,0.9896888234211012,,0.7638840449119565,0.03891891891891892,0.7851778656126482,0.08302623021894645,0.7473478405398674,,0.17251051893408134,0.06722689075630252,0.0,0.017374517374517374,0.3586206896551724,0.01818181818181818,0.020348837209302327,0.0196078431372549,0.010752688172043012,0.061068702290076333,0.19047619047619047,0.125,0.19047619047619047,0.4189987635880066,0.34291252176356324,0.4189987635880066,0.0,0.0,0.0,0.0,0.0,0.0,0.0,0.0,0.0,0.0,0.06666666666666667,0.0,0.0,0.0,0.0,0.4007890843333884,0.2829705505761845,0.4818181818181817,0.0,0.6363636363636364,0.5,,0.6666666666666666,0.6666666666666666,,0.18181818181818182,1.0,,
Spyware-TIBS-6c524355af15275aa5b7f957574769ce268cbe125214f26c32a1037bc831ee8d-4.raw,0.0,0.0,0.6751979377646842,,0.6626274569445096,0.04108108108108108,0.7909090909090911,0.02818122696726642,0.6389998231430717,,0.16269284712482468,0.03241296518607443,0.0,0.032818532818532815,0.09195402298850575,0.01818181818181818,0.020348837209302327,0.0196078431372549,0.010752688172043012,0.061068702290076333,0.21428571428571427,0.140625,0.21428571428571427,0.4724320173716093,0.3901419099051962,0.4724320173716093,0.0,0.0,0.0,0.0,0.0,0.0,0.0,0.0,0.0,0.0,0.06666666666666667,0.0,0.0,0.0,0.0,0.4007890843333884,0.2829705505761845,0.4818181818181817,0.0,0.6363636363636364,0.5,,0.6666666666666666,0.6666666666666666,,0.18181818181818182,1.0,,
Spyware-TIBS-7f0fb3e6faacd89fae2a13bf11a019edae5ef581472e8458204f6213af272dee-4.raw,0.0,0.0,0.6700423494752348,,0.6622272332766539,0.04108108108108108,0.7909090909090911,0.02796444829828745,0.6385715701098826,,0.16269284712482468,0.03241296518607443,0.0,0.032818532818532815,0.08505747126436781,0.01818181818181818,0.020348837209302327,0.0196078431372549,0.010752688172043012,0.061068702290076333,0.21428571428571427,0.140625,0.21428571428571427,0.4724320173716093,0.3901419099051962,0.4724320173716093,0.0,0.0,0.0,0.0,0.0,0.0,0.0,0.0,0.0,0.0,0.06666666666666667,0.0,0.0,0.0,0.0,0.4007890843333884,0.2829705505761845,0.4818181818181817,0.0,0.6363636363636364,0.5,,0.6666666666666666,0.6666666666666666,,0.18181818181818182,1.0,,
Spyware-TIBS-48fe5ec56dc868ffe3ae096714721a0db2bdd482c693a878d246eff2ec9da821-10.raw,0.17647058823529413,0.14285714285714285,0.6055974958571165,,0.9471578973849386,0.40864864864864864,0.9816770186335404,0.5265553869499241,0.9434571402380202,,0.26367461430575034,0.648859543817527,0.2962962962962963,0.44594594594594594,0.4735632183908046,0.23636363636363636,0.6918604651162791,0.5098039215686274,0.3709677419354839,0.45038167938931295,0.38095238095238093,0.34375,0.38095238095238093,0.38600461458381397,0.243652706029865,0.38600461458381397,0.011235955056179775,4.630058338735068e-05,0.011235955056179775,0.0,0.0,0.0,0.0,0.0,0.0,0.0,0.06666666666666667,0.0,0.0,0.0,0.0,0.2327563936967193,0.18309859154929575,0.28949579831932754,1.0,1.0,1.0,,1.0,1.0,,0.7272727272727273,1.0,,
Spyware-TIBS-9c8a2292cad7ae8b939c0fb6a7369ee7a84c470bf463fa473805bfad8c69a7f9-6.raw,0.0,0.0,0.6700423494752348,,0.6846397586765632,0.04432432432432432,0.7995059288537549,0.040104053761109905,0.6625537399684621,,0.16830294530154277,0.06962785114045618,0.0,0.03861003861003861,0.07126436781609195,0.01818181818181818,0.020348837209302327,0.0196078431372549,0.021505376344086023,0.061068702290076333,0.23809523809523808,0.15625,0.23809523809523808,0.523978816875774,0.4344045308964054,0.523978816875774,0.0,0.0,0.0,0.0,0.0,0.0,0.0,0.0,0.0,0.0,0.06666666666666667,0.0,0.0,0.0,0.0,0.4007890843333884,0.2829705505761845,0.4818181818181817,0.0,0.6363636363636364,0.5,,0.6666666666666666,0.6666666666666666,,0.18181818181818182,1.0,,
Spyware-TIBS-48fe5ec56dc868ffe3ae096714721a0db2bdd482c693a878d246eff2ec9da821-3.raw,0.0,0.0,0.9381329405266068,,0.7290645858085261,0.04108108108108108,0.7909090909090911,0.06416648601777585,0.7100898266524316,,0.16269284712482468,0.06302521008403361,0.0,0.032818532818532815,0.32413793103448274,0.01818181818181818,0.020348837209302327,0.0196078431372549,0.010752688172043012,0.061068702290076333,0.21428571428571427,0.140625,0.21428571428571427,0.4724320173716093,0.3901419099051962,0.4724320173716093,0.0,0.0,0.0,0.0,0.0,0.0,0.0,0.0,0.0,0.0,0.06666666666666667,0.0,0.0,0.0,0.0,0.4007890843333884,0.2829705505761845,0.4818181818181817,0.0,0.6363636363636364,0.5,,0.6666666666666666,0.6666666666666666,,0.18181818181818182,1.0,,
Spyware-TIBS-8d8af27b1ab68fde08153c7b2d90670c329aa93abe1645da4651ae0941f6da09-7.raw,0.14705882352941177,0.07142857142857142,0.6864638529157034,,0.9816205433241698,0.33945945945945943,0.938647342995169,0.4920875785822675,0.980333351818089,,0.26367461430575034,0.634453781512605,0.25925925925925924,0.42277992277992277,0.47126436781609193,0.2,0.4331395348837209,0.45098039215686275,0.34946236559139787,0.4122137404580153,0.3333333333333333,0.296875,0.3333333333333333,0.3688370824387161,0.2427740071603362,0.3688370824387161,0.011235955056179775,4.630058338735068e-05,0.011235955056179775,0.0,0.0,0.0,0.0,0.0,0.0,0.0,0.06666666666666667,0.0,0.0,0.0,0.0,0.2555756479807115,0.1966614501825767,0.3156136528685546,1.0,1.0,1.0,,1.0,1.0,,0.7272727272727273,1.0,,
Spyware-TIBS-7ee08dbd8e61fb131cc2258ad23f01c675265c04b502aa8676da524f962a98ab-9.raw,0.14705882352941177,0.07142857142857142,0.6150494077211073,,0.9525969158552396,0.33945945945945943,0.938647342995169,0.472794277043139,0.9492770763001668,,0.26227208976157085,0.6092436974789915,0.25925925925925924,0.4247104247104247,0.3954022988505747,0.2,0.4331395348837209,0.45098039215686275,0.34946236559139787,0.4122137404580153,0.3333333333333333,0.296875,0.3333333333333333,0.3688370824387161,0.2427740071603362,0.3688370824387161,0.011235955056179775,4.630058338735068e-05,0.011235955056179775,0.0,0.0,0.0,0.0,0.0,0.0,0.0,0.06666666666666667,0.0,0.0,0.0,0.0,0.2555756479807115,0.1966614501825767,0.3156136528685546,1.0,1.0,1.0,,1.0,1.0,,0.7272727272727273,1.0,,
Spyware-TIBS-25ac33bc94decabf1572c58b136cd489a8ec017b0d1ea345b6e37a84423ca2d8-3.raw,0.0,0.0,0.9587552936844044,,0.7450735325227469,0.04108108108108108,0.7909090909090911,0.07283763277693475,0.7272199479799881,,0.16690042075736325,0.0702280912364946,0.0,0.032818532818532815,0.3471264367816092,0.01818181818181818,0.020348837209302327,0.0196078431372549,0.010752688172043012,0.061068702290076333,0.21428571428571427,0.140625,0.21428571428571427,0.4724320173716093,0.3901419099051962,0.4724320173716093,0.0,0.0,0.0,0.0,0.0,0.0,0.0,0.0,0.0,0.0,0.06666666666666667,0.0,0.0,0.0,0.0,0.4007890843333884,0.2829705505761845,0.4818181818181817,0.0,0.6363636363636364,0.5,,0.6666666666666666,0.6666666666666666,,0.18181818181818182,1.0,,
Spyware-TIBS-7cbae8b99aad8d5f683842fe9b1d44647599dfa2c73feac803baa1f9cbf789a8-7.raw,0.14705882352941177,0.07142857142857142,0.678062153481045,,0.9783594615860877,0.33945945945945943,0.938647342995169,0.4899197918924778,0.9768438826587718,,0.26227208976157085,0.6272509003601441,0.25925925925925924,0.4189189189189189,0.4689655172413793,0.2,0.4331395348837209,0.45098039215686275,0.34946236559139787,0.4122137404580153,0.3333333333333333,0.296875,0.3333333333333333,0.3688370824387161,0.2427740071603362,0.3688370824387161,0.011235955056179775,4.630058338735068e-05,0.011235955056179775,0.0,0.0,0.0,0.0,0.0,0.0,0.0,0.06666666666666667,0.0,0.0,0.0,0.0,0.2555756479807115,0.1966614501825767,0.3156136528685546,1.0,1.0,1.0,,1.0,1.0,,0.7272727272727273,1.0,,
Spyware-TIBS-40a45471e1b7f0ad943f0e2f736afb24b7048c09caf44befbfaf8c10c89aca25-5.raw,0.0,0.0,0.6906647026330326,,0.6570243255945322,0.032432432432432434,0.7679841897233202,0.025146325601560805,0.6330042806784267,,0.16269284712482468,0.031212484993997598,0.0,0.019305019305019305,0.11264367816091954,0.01818181818181818,0.00872093023255814,0.0196078431372549,0.005376344086021506,0.061068702290076333,0.09523809523809523,0.0625,0.09523809523809523,0.19939385723185593,0.14615950453056578,0.19939385723185593,0.0,0.0,0.0,0.0,0.0,0.0,0.0,0.0,0.0,0.0,0.06666666666666667,0.0,0.0,0.0,0.0,0.4007890843333884,0.2829705505761845,0.4818181818181817,0.0,0.6363636363636364,0.5,,0.6666666666666666,0.6666666666666666,,0.18181818181818182,1.0,,
Spyware-TIBS-7ee08dbd8e61fb131cc2258ad23f01c675265c04b502aa8676da524f962a98ab-6.raw,0.0,0.0,0.659731172896336,,0.6842395350087076,0.04432432432432432,0.7995059288537549,0.039887275092130935,0.6621254869352731,,0.16830294530154277,0.06782713085234093,0.0,0.03861003861003861,0.06206896551724138,0.01818181818181818,0.020348837209302327,0.0196078431372549,0.021505376344086023,0.061068702290076333,0.23809523809523808,0.15625,0.23809523809523808,0.523978816875774,0.4344045308964054,0.523978816875774,0.0,0.0,0.0,0.0,0.0,0.0,0.0,0.0,0.0,0.0,0.06666666666666667,0.0,0.0,0.0,0.0,0.4007890843333884,0.2829705505761845,0.4818181818181817,0.0,0.6363636363636364,0.5,,0.6666666666666666,0.6666666666666666,,0.18181818181818182,1.0,,
Spyware-TIBS-8d05ac658cc148b5089cba5909d167e79b2ee62d09dfdba71234792f184da271-5.raw,0.0,0.0,0.6287976431596394,,0.6362126948660451,0.04108108108108108,0.7909090909090911,0.013873834814654238,0.6107351229526033,,0.16269284712482468,0.018607442977190875,0.0,0.02895752895752896,0.01839080459770115,0.01818181818181818,0.020348837209302327,0.0196078431372549,0.010752688172043012,0.061068702290076333,0.21428571428571427,0.140625,0.21428571428571427,0.4724320173716093,0.3901419099051962,0.4724320173716093,0.0,0.0,0.0,0.0,0.0,0.0,0.0,0.0,0.0,0.0,0.06666666666666667,0.0,0.0,0.0,0.0,0.4007890843333884,0.2829705505761845,0.4818181818181817,0.0,0.6363636363636364,0.5,,0.6666666666666666,0.6666666666666666,,0.18181818181818182,1.0,,
Spyware-TIBS-92a05114ea36ed4ce64ac63d8b6472026537aedd164228ba9c18a95a44d4cbc3-10.raw,0.20588235294117646,0.14285714285714285,0.6241753915897879,,0.9420939836367274,0.46378378378378377,0.9934782608695655,0.5803164968567093,0.9380385790767112,,0.2791023842917251,0.6938775510204082,0.3333333333333333,0.4671814671814672,0.5701149425287356,0.34545454545454546,0.7034883720930233,0.5686274509803921,0.478494623655914,0.6335877862595419,0.42857142857142855,0.390625,0.42857142857142855,0.41465165141578175,0.2672319393056032,0.41465165141578175,0.011235955056179775,4.630058338735068e-05,0.011235955056179775,0.0,0.3,0.0,0.23076923076923078,0.3,0.23076923076923078,0.3,0.26666666666666666,0.4968750000000002,0.0,0.3822115384615385,0.4968750000000002,0.5600700723327309,0.6179577464788735,0.5715686274509806,1.0,1.0,1.0,,1.0,1.0,,0.7272727272727273,1.0,,
Spyware-TIBS-8d1b6b6cb2f44e01ad43b8efaebec065c4047400f1848f23a9e2034b3b710182-9.raw,0.14705882352941177,0.07142857142857142,0.6234511071557657,,0.9548796730718969,0.34486486486486484,0.9503220611916272,0.4743117277259918,0.9517197047116885,,0.26227208976157085,0.6176470588235294,0.25925925925925924,0.4247104247104247,0.3931034482758621,0.2,0.4331395348837209,0.45098039215686275,0.34946236559139787,0.42748091603053434,0.3333333333333333,0.296875,0.3333333333333333,0.3634562067807559,0.23321546015681177,0.3634562067807559,0.011235955056179775,4.630058338735068e-05,0.011235955056179775,0.0,0.0,0.0,0.0,0.0,0.0,0.0,0.06666666666666667,0.0,0.0,0.0,0.0,0.2555756479807115,0.1966614501825767,0.3156136528685546,1.0,1.0,1.0,,1.0,1.0,,0.7272727272727273,1.0,,
Spyware-TIBS-6c524355af15275aa5b7f957574769ce268cbe125214f26c32a1037bc831ee8d-9.raw,0.14705882352941177,0.07142857142857142,0.6192502574384364,,0.9506402668123904,0.33945945945945943,0.938647342995169,0.47149360502926513,0.9471833948045765,,0.26227208976157085,0.60984393757503,0.25925925925925924,0.4247104247104247,0.39770114942528734,0.2,0.4331395348837209,0.45098039215686275,0.34946236559139787,0.4122137404580153,0.3333333333333333,0.296875,0.3333333333333333,0.3688370824387161,0.2427740071603362,0.3688370824387161,0.011235955056179775,4.630058338735068e-05,0.011235955056179775,0.0,0.0,0.0,0.0,0.0,0.0,0.0,0.06666666666666667,0.0,0.0,0.0,0.0,0.2555756479807115,0.1966614501825767,0.3156136528685546,1.0,1.0,1.0,,1.0,1.0,,0.7272727272727273,1.0,,
Spyware-TIBS-40a45471e1b7f0ad943f0e2f736afb24b7048c09caf44befbfaf8c10c89aca25-9.raw,0.14705882352941177,0.07142857142857142,0.6696604540463869,,0.9640107019385268,0.3308108108108108,0.9199677938808377,0.480381530457403,0.9614902183577767,,0.26227208976157085,0.6206482593037215,0.25925925925925924,0.4111969111969112,0.4482758620689655,0.2,0.42151162790697677,0.45098039215686275,0.34408602150537637,0.4122137404580153,0.21428571428571427,0.21875,0.21428571428571427,0.15718083503930375,0.05306136821452104,0.15718083503930375,0.011235955056179775,4.630058338735068e-05,0.011235955056179775,0.0,0.0,0.0,0.0,0.0,0.0,0.0,0.06666666666666667,0.0,0.0,0.0,0.0,0.2555756479807115,0.1966614501825767,0.3156136528685546,1.0,1.0,1.0,,1.0,1.0,,0.7272727272727273,1.0,,
Spyware-TIBS-10f9ff1e9f0cddbac2bf5dd5921a15f8c925fa57b2a1d2f9f10772a3b6bba6b2-6.raw,0.0,0.0,0.6648867611857852,,0.6834390876729965,0.04432432432432432,0.7995059288537549,0.03945371775417299,0.6612689808688952,,0.16830294530154277,0.0666266506602641,0.0,0.03861003861003861,0.06436781609195402,0.01818181818181818,0.020348837209302327,0.0196078431372549,0.021505376344086023,0.061068702290076333,0.23809523809523808,0.15625,0.23809523809523808,0.523978816875774,0.4344045308964054,0.523978816875774,0.0,0.0,0.0,0.0,0.0,0.0,0.0,0.0,0.0,0.0,0.06666666666666667,0.0,0.0,0.0,0.0,0.4007890843333884,0.2829705505761845,0.4818181818181817,0.0,0.6363636363636364,0.5,,0.6666666666666666,0.6666666666666666,,0.18181818181818182,1.0,,
Spyware-TIBS-6c524355af15275aa5b7f957574769ce268cbe125214f26c32a1037bc831ee8d-5.raw,0.0,0.0,0.6287976431596394,,0.6366129185339006,0.04108108108108108,0.7909090909090911,0.01409061348363321,0.6111633759857921,,0.16269284712482468,0.018607442977190875,0.0,0.032818532818532815,0.01839080459770115,0.01818181818181818,0.020348837209302327,0.0196078431372549,0.010752688172043012,0.061068702290076333,0.21428571428571427,0.140625,0.21428571428571427,0.4724320173716093,0.3901419099051962,0.4724320173716093,0.0,0.0,0.0,0.0,0.0,0.0,0.0,0.0,0.0,0.0,0.06666666666666667,0.0,0.0,0.0,0.0,0.4007890843333884,0.2829705505761845,0.4818181818181817,0.0,0.6363636363636364,0.5,,0.6666666666666666,0.6666666666666666,,0.18181818181818182,1.0,,
Spyware-TIBS-92a05114ea36ed4ce64ac63d8b6472026537aedd164228ba9c18a95a44d4cbc3-1.raw,0.0,0.0,0.9845332351316516,,0.7690869525940783,0.03891891891891892,0.7851778656126482,0.08584435291567309,0.7529151299713233,,0.17251051893408134,0.07082833133253301,0.0,0.017374517374517374,0.3448275862068966,0.01818181818181818,0.020348837209302327,0.0196078431372549,0.010752688172043012,0.061068702290076333,0.19047619047619047,0.125,0.19047619047619047,0.4189987635880066,0.34291252176356324,0.4189987635880066,0.0,0.0,0.0,0.0,0.0,0.0,0.0,0.0,0.0,0.0,0.0,0.0,0.0,0.0,0.0,0.4007890843333884,0.2829705505761845,0.3023172905525847,0.0,0.6363636363636364,0.5,,0.6666666666666666,0.6666666666666666,,0.18181818181818182,1.0,,
Spyware-TIBS-8d1b6b6cb2f44e01ad43b8efaebec065c4047400f1848f23a9e2034b3b710182-7.raw,0.14705882352941177,0.07142857142857142,0.7032672517850201,,0.9891210313217584,0.34486486486486484,0.9503220611916272,0.49707348796878387,0.9883591308845182,,0.26227208976157085,0.6434573829531812,0.25925925925925924,0.42277992277992277,0.48735632183908045,0.2,0.4331395348837209,0.45098039215686275,0.34946236559139787,0.42748091603053434,0.3333333333333333,0.296875,0.3333333333333333,0.3634562067807559,0.23321546015681177,0.3634562067807559,0.011235955056179775,4.630058338735068e-05,0.011235955056179775,0.0,0.0,0.0,0.0,0.0,0.0,0.0,0.06666666666666667,0.0,0.0,0.0,0.0,0.2555756479807115,0.1966614501825767,0.3156136528685546,1.0,1.0,1.0,,1.0,1.0,,0.7272727272727273,1.0,,
Spyware-TIBS-45f85eaf165337665b247db9aecc04e018d6402f73da2730fc66b885252abe7e-1.raw,0.0,0.0,0.9484441171055056,,0.7642842685798119,0.03891891891891892,0.7851778656126482,0.08324300888792543,0.7477760935730562,,0.17391304347826086,0.06722689075630252,0.0,0.017374517374517374,0.3310344827586207,0.01818181818181818,0.020348837209302327,0.0196078431372549,0.010752688172043012,0.061068702290076333,0.19047619047619047,0.125,0.19047619047619047,0.4189987635880066,0.34291252176356324,0.4189987635880066,0.0,0.0,0.0,0.0,0.0,0.0,0.0,0.0,0.0,0.0,0.0,0.0,0.0,0.0,0.0,0.4007890843333884,0.2829705505761845,0.3023172905525847,0.0,0.6363636363636364,0.5,,0.6666666666666666,0.6666666666666666,,0.18181818181818182,1.0,,
Spyware-TIBS-8dc489ff4bb652a015176896e29487c60c306a301e7e19e17fc8c357d8265615-6.raw,0.0,0.0,0.649419996317437,,0.6850399823444187,0.04432432432432432,0.7995059288537549,0.04032083243008888,0.6629819930016508,,0.16830294530154277,0.06902761104441776,0.0,0.03861003861003861,0.06436781609195402,0.01818181818181818,0.020348837209302327,0.0196078431372549,0.021505376344086023,0.061068702290076333,0.23809523809523808,0.15625,0.23809523809523808,0.523978816875774,0.4344045308964054,0.523978816875774,0.0,0.0,0.0,0.0,0.0,0.0,0.0,0.0,0.0,0.0,0.06666666666666667,0.0,0.0,0.0,0.0,0.4007890843333884,0.2829705505761845,0.4818181818181817,0.0,0.6363636363636364,0.5,,0.6666666666666666,0.6666666666666666,,0.18181818181818182,1.0,,
Spyware-TIBS-48fe5ec56dc868ffe3ae096714721a0db2bdd482c693a878d246eff2ec9da821-7.raw,0.14705882352941177,0.07142857142857142,0.699066402067691,,0.9868382741051007,0.33945945945945943,0.938647342995169,0.49555603728593106,0.9859165024729959,,0.26367461430575034,0.6332533013205283,0.25925925925925924,0.42277992277992277,0.49885057471264366,0.2,0.4331395348837209,0.45098039215686275,0.34946236559139787,0.4122137404580153,0.3333333333333333,0.296875,0.3333333333333333,0.3688370824387161,0.2427740071603362,0.3688370824387161,0.011235955056179775,4.630058338735068e-05,0.011235955056179775,0.0,0.0,0.0,0.0,0.0,0.0,0.0,0.06666666666666667,0.0,0.0,0.0,0.0,0.2555756479807115,0.1966614501825767,0.3156136528685546,1.0,1.0,1.0,,1.0,1.0,,0.7272727272727273,1.0,,
Spyware-TIBS-97a0246b1c3df21db4449c71eabd9e2e4c622adfc1c6d9a86e151c844c6f4c30-1.raw,0.0,0.0,0.9742220585527528,,0.7714882946012113,0.03891891891891892,0.7851778656126482,0.08714502492954693,0.7554846481704566,,0.17391304347826086,0.07082833133253301,0.0,0.017374517374517374,0.35172413793103446,0.01818181818181818,0.020348837209302327,0.0196078431372549,0.010752688172043012,0.061068702290076333,0.19047619047619047,0.125,0.19047619047619047,0.4189987635880066,0.34291252176356324,0.4189987635880066,0.0,0.0,0.0,0.0,0.0,0.0,0.0,0.0,0.0,0.0,0.0,0.0,0.0,0.0,0.0,0.4007890843333884,0.2829705505761845,0.3023172905525847,0.0,0.6363636363636364,0.5,,0.6666666666666666,0.6666666666666666,,0.18181818181818182,1.0,,
Spyware-TIBS-27d7f533077c5f1cb54d2b03d7bb5c27a0f9b37b8ad7e87b5a8996f1d2135ef4-7.raw,0.14705882352941177,0.07142857142857142,0.699066402067691,,0.9865121659312928,0.34486486486486484,0.9503220611916272,0.4953392586169521,0.9855675555570645,,0.26367461430575034,0.6368547418967587,0.25925925925925924,0.42277992277992277,0.49195402298850577,0.2,0.4331395348837209,0.45098039215686275,0.34946236559139787,0.42748091603053434,0.3333333333333333,0.296875,0.3333333333333333,0.3634562067807559,0.23321546015681177,0.3634562067807559,0.011235955056179775,4.630058338735068e-05,0.011235955056179775,0.0,0.0,0.0,0.0,0.0,0.0,0.0,0.06666666666666667,0.0,0.0,0.0,0.0,0.2555756479807115,0.1966614501825767,0.3156136528685546,1.0,1.0,1.0,,1.0,1.0,,0.7272727272727273,1.0,,
Spyware-TIBS-49bb6d6117975b63789c7307ca5c4b166239b7d2c342f80a2487dfe99ef438f2-5.raw,0.0,0.0,0.6184864665807401,,0.6322104581874899,0.04108108108108108,0.7909090909090911,0.011706048124864513,0.606452592620714,,0.16269284712482468,0.015006002400960384,0.0,0.032818532818532815,0.009195402298850575,0.01818181818181818,0.020348837209302327,0.0196078431372549,0.010752688172043012,0.061068702290076333,0.21428571428571427,0.140625,0.21428571428571427,0.4724320173716093,0.3901419099051962,0.4724320173716093,0.0,0.0,0.0,0.0,0.0,0.0,0.0,0.0,0.0,0.0,0.06666666666666667,0.0,0.0,0.0,0.0,0.4007890843333884,0.2829705505761845,0.4818181818181817,0.0,0.6363636363636364,0.5,,0.6666666666666666,0.6666666666666666,,0.18181818181818182,1.0,,
Spyware-TIBS-7ee08dbd8e61fb131cc2258ad23f01c675265c04b502aa8676da524f962a98ab-2.raw,0.0,0.0,0.9742220585527528,,0.7770914259511887,0.04108108108108108,0.7909090909090911,0.09017992629525255,0.7614801906351016,,0.18373071528751753,0.07683073229291716,0.0,0.032818532818532815,0.34022988505747126,0.01818181818181818,0.020348837209302327,0.0196078431372549,0.016129032258064516,0.061068702290076333,0.21428571428571427,0.140625,0.21428571428571427,0.4724320173716093,0.3901419099051962,0.4724320173716093,0.0,0.0,0.0,0.0,0.1,0.0,0.07692307692307693,0.1,0.07692307692307693,0.1,0.13333333333333333,0.23043478260869565,0.0,0.177257525083612,0.23043478260869565,0.554210236653825,0.4856093080220452,0.6144927536231886,0.0,0.6363636363636364,0.5,,0.6666666666666666,0.6666666666666666,,0.18181818181818182,1.0,,
Spyware-TIBS-85ae85a36eb35350175eb3c1b00dcab52d5fe726bab65975a6bb3177c8719da6-5.raw,0.0,0.0,0.6236420548701895,,0.633811352858912,0.04108108108108108,0.7909090909090911,0.012573162800780403,0.6081656047534697,,0.16269284712482468,0.015606242496998799,0.0,0.032818532818532815,0.009195402298850575,0.01818181818181818,0.020348837209302327,0.0196078431372549,0.010752688172043012,0.061068702290076333,0.21428571428571427,0.140625,0.21428571428571427,0.4724320173716093,0.3901419099051962,0.4724320173716093,0.0,0.0,0.0,0.0,0.0,0.0,0.0,0.0,0.0,0.0,0.06666666666666667,0.0,0.0,0.0,0.0,0.4007890843333884,0.2829705505761845,0.4818181818181817,0.0,0.6363636363636364,0.5,,0.6666666666666666,0.6666666666666666,,0.18181818181818182,1.0,,
Spyware-TIBS-6e996c9ce02c848f4a648e77d67ca89da64badb09faf00c5edbdea6cf7e2b93d-2.raw,0.0,0.0,0.9896888234211012,,0.7650847159155231,0.03891891891891892,0.7851778656126482,0.08367656622588338,0.7486325996394341,,0.1767180925666199,0.06962785114045618,0.0,0.021235521235521235,0.3448275862068966,0.01818181818181818,0.020348837209302327,0.0196078431372549,0.010752688172043012,0.061068702290076333,0.21428571428571427,0.140625,0.21428571428571427,0.4754476940916429,0.3954224063895868,0.4754476940916429,0.0,0.0,0.0,0.0,0.1,0.0,0.07692307692307693,0.1,0.07692307692307693,0.1,0.13333333333333333,0.23043478260869565,0.0,0.177257525083612,0.23043478260869565,0.554210236653825,0.4856093080220452,0.6144927536231886,0.0,0.6363636363636364,0.5,,0.6666666666666666,0.6666666666666666,,0.18181818181818182,1.0,,
Spyware-TIBS-6c020f140af8dd853073669a31bb0996b4f0a332a4a3b23b3e708d311b9ec587-1.raw,0.0,0.0,0.9535997053949548,,0.7578806898941237,0.03891891891891892,0.7851778656126482,0.07977455018426187,0.7409240450420336,,0.17391304347826086,0.061224489795918366,0.0,0.017374517374517374,0.31264367816091954,0.01818181818181818,0.020348837209302327,0.0196078431372549,0.010752688172043012,0.061068702290076333,0.19047619047619047,0.125,0.19047619047619047,0.4189987635880066,0.34291252176356324,0.4189987635880066,0.0,0.0,0.0,0.0,0.1,0.0,0.07692307692307693,0.1,0.07692307692307693,0.1,0.06666666666666667,0.23043478260869565,0.0,0.177257525083612,0.23043478260869565,0.554210236653825,0.4856093080220452,0.4427962489343561,0.0,0.6363636363636364,0.5,,0.6666666666666666,0.6666666666666666,,0.18181818181818182,1.0,,
Spyware-TIBS-92a05114ea36ed4ce64ac63d8b6472026537aedd164228ba9c18a95a44d4cbc3-7.raw,0.14705882352941177,0.07142857142857142,0.6906647026330326,,0.9874904904527171,0.34486486486486484,0.9503220611916272,0.49598959462388903,0.9866143963048594,,0.26367461430575034,0.6404561824729892,0.25925925925925924,0.42277992277992277,0.4804597701149425,0.2,0.436046511627907,0.45098039215686275,0.34946236559139787,0.42748091603053434,0.3333333333333333,0.296875,0.3333333333333333,0.3634562067807559,0.23321546015681177,0.3634562067807559,0.011235955056179775,4.630058338735068e-05,0.011235955056179775,0.0,0.0,0.0,0.0,0.0,0.0,0.0,0.06666666666666667,0.0,0.0,0.0,0.0,0.2555756479807115,0.1966614501825767,0.3156136528685546,1.0,1.0,1.0,,1.0,1.0,,0.7272727272727273,1.0,,
Spyware-TIBS-8d05ac658cc148b5089cba5909d167e79b2ee62d09dfdba71234792f184da271-1.raw,0.0,0.0,1.0,,0.7714882946012113,0.03891891891891892,0.7851778656126482,0.08714502492954693,0.7554846481704566,,0.17391304347826086,0.07082833133253301,0.0,0.013513513513513514,0.36091954022988504,0.01818181818181818,0.020348837209302327,0.0196078431372549,0.010752688172043012,0.061068702290076333,0.19047619047619047,0.125,0.19047619047619047,0.4189987635880066,0.34291252176356324,0.4189987635880066,0.0,0.0,0.0,0.0,0.0,0.0,0.0,0.0,0.0,0.0,0.0,0.0,0.0,0.0,0.0,0.4007890843333884,0.2829705505761845,0.3023172905525847,0.0,0.6363636363636364,0.5,,0.6666666666666666,0.6666666666666666,,0.18181818181818182,1.0,,
Spyware-TIBS-27d7f533077c5f1cb54d2b03d7bb5c27a0f9b37b8ad7e87b5a8996f1d2135ef4-9.raw,0.14705882352941177,0.07142857142857142,0.6234511071557657,,0.9509663749861984,0.34486486486486484,0.9503220611916272,0.4717103836982441,0.9475323417205079,,0.26227208976157085,0.6086434573829532,0.25925925925925924,0.4247104247104247,0.3931034482758621,0.2,0.4331395348837209,0.45098039215686275,0.34946236559139787,0.42748091603053434,0.3333333333333333,0.296875,0.3333333333333333,0.3634562067807559,0.23321546015681177,0.3634562067807559,0.011235955056179775,4.630058338735068e-05,0.011235955056179775,0.0,0.0,0.0,0.0,0.0,0.0,0.0,0.06666666666666667,0.0,0.0,0.0,0.0,0.2555756479807115,0.1966614501825767,0.3156136528685546,1.0,1.0,1.0,,1.0,1.0,,0.7272727272727273,1.0,,
Spyware-TIBS-7f0fb3e6faacd89fae2a13bf11a019edae5ef581472e8458204f6213af272dee-1.raw,0.0,0.0,0.9742220585527528,,0.7702876235976448,0.03891891891891892,0.7851778656126482,0.08649468892261002,0.75419988907089,,0.17391304347826086,0.07142857142857142,0.0,0.017374517374517374,0.3448275862068966,0.01818181818181818,0.020348837209302327,0.0196078431372549,0.010752688172043012,0.061068702290076333,0.19047619047619047,0.125,0.19047619047619047,0.4189987635880066,0.34291252176356324,0.4189987635880066,0.0,0.0,0.0,0.0,0.0,0.0,0.0,0.0,0.0,0.0,0.0,0.0,0.0,0.0,0.0,0.4007890843333884,0.2829705505761845,0.3023172905525847,0.0,0.6363636363636364,0.5,,0.6666666666666666,0.6666666666666666,,0.18181818181818182,1.0,,
Spyware-TIBS-7f0fb3e6faacd89fae2a13bf11a019edae5ef581472e8458204f6213af272dee-8.raw,0.14705882352941177,0.07142857142857142,0.6612587546117282,,0.9728156226313484,0.33945945945945943,0.938647342995169,0.48623455451983527,0.9709117850879329,,0.26227208976157085,0.6254501800720288,0.25925925925925924,0.4247104247104247,0.4436781609195402,0.2,0.4331395348837209,0.45098039215686275,0.34946236559139787,0.4122137404580153,0.3333333333333333,0.296875,0.3333333333333333,0.3688370824387161,0.2427740071603362,0.3688370824387161,0.011235955056179775,4.630058338735068e-05,0.011235955056179775,0.0,0.0,0.0,0.0,0.0,0.0,0.0,0.06666666666666667,0.0,0.0,0.0,0.0,0.2555756479807115,0.1966614501825767,0.3156136528685546,1.0,1.0,1.0,,1.0,1.0,,0.7272727272727273,1.0,,
Spyware-TIBS-19f82488e174dbe2b094ad9e520ee3956ef6c14f8faf5bd0bb368f0ea73de6ef-5.raw,0.0,0.0,0.6184864665807401,,0.6314100108517788,0.04108108108108108,0.7909090909090911,0.011272490786906569,0.6055960865543362,,0.16269284712482468,0.013805522208883553,0.0,0.032818532818532815,0.011494252873563218,0.01818181818181818,0.020348837209302327,0.0196078431372549,0.010752688172043012,0.061068702290076333,0.21428571428571427,0.140625,0.21428571428571427,0.4724320173716093,0.3901419099051962,0.4724320173716093,0.0,0.0,0.0,0.0,0.0,0.0,0.0,0.0,0.0,0.0,0.06666666666666667,0.0,0.0,0.0,0.0,0.4007890843333884,0.2829705505761845,0.4818181818181817,0.0,0.6363636363636364,0.5,,0.6666666666666666,0.6666666666666666,,0.18181818181818182,1.0,,
Spyware-TIBS-9aa88b8359d2090f6588d882078813d7c548776d7403627c25f1091a0564fce6-1.raw,0.0,0.0,0.9484441171055056,,0.7454737561906025,0.02918918918918919,0.7593873517786563,0.07305441144591372,0.7276482010131773,,0.18092566619915848,0.05822328931572629,0.0,0.0,0.3080459770114943,0.01818181818181818,0.00872093023255814,0.0196078431372549,0.0,0.061068702290076333,0.07142857142857142,0.046875,0.07142857142857142,0.14554097561725096,0.09987626353690812,0.14554097561725096,0.0,0.0,0.0,0.0,0.0,0.0,0.0,0.0,0.0,0.0,0.0,0.0,0.0,0.0,0.0,0.4007890843333884,0.2829705505761845,0.3023172905525847,0.0,0.6363636363636364,0.5,,0.6666666666666666,0.6666666666666666,,0.18181818181818182,1.0,,
Spyware-TIBS-7f0fb3e6faacd89fae2a13bf11a019edae5ef581472e8458204f6213af272dee-3.raw,0.0,0.0,0.9742220585527528,,0.757480466226268,0.04108108108108108,0.7909090909090911,0.0795577715152829,0.7404957920088445,,0.1767180925666199,0.07683073229291716,0.0,0.032818532818532815,0.35402298850574715,0.01818181818181818,0.020348837209302327,0.0196078431372549,0.010752688172043012,0.061068702290076333,0.21428571428571427,0.140625,0.21428571428571427,0.4724320173716093,0.3901419099051962,0.4724320173716093,0.0,0.0,0.0,0.0,0.0,0.0,0.0,0.0,0.0,0.0,0.06666666666666667,0.0,0.0,0.0,0.0,0.4007890843333884,0.2829705505761845,0.4818181818181817,0.0,0.6363636363636364,0.5,,0.6666666666666666,0.6666666666666666,,0.18181818181818182,1.0,,
Spyware-TIBS-28e57139370f05830b5ffa383fde31916f358d49a03010d6cee044c63e852a82-8.raw,0.14705882352941177,0.07142857142857142,0.6486562054597407,,0.9649890264599512,0.34486486486486484,0.9503220611916272,0.48103186646433993,0.9625370591055715,,0.26227208976157085,0.6188475390156063,0.25925925925925924,0.4247104247104247,0.4367816091954023,0.2,0.4331395348837209,0.45098039215686275,0.34946236559139787,0.42748091603053434,0.3333333333333333,0.296875,0.3333333333333333,0.3634562067807559,0.23321546015681177,0.3634562067807559,0.011235955056179775,4.630058338735068e-05,0.011235955056179775,0.0,0.0,0.0,0.0,0.0,0.0,0.0,0.06666666666666667,0.0,0.0,0.0,0.0,0.2555756479807115,0.1966614501825767,0.3156136528685546,1.0,1.0,1.0,,1.0,1.0,,0.7272727272727273,1.0,,
Spyware-TIBS-76ba065d9bbd91b3a2a24ae4c092e3dce4f2555b79ea5c14bc3ff9495ff7e965-8.raw,0.14705882352941177,0.07142857142857142,0.6528570551770698,,0.966293459155184,0.33945945945945943,0.938647342995169,0.4818989811402558,0.9639328467692985,,0.26227208976157085,0.6218487394957983,0.25925925925925924,0.4247104247104247,0.4413793103448276,0.2,0.4331395348837209,0.45098039215686275,0.34946236559139787,0.4122137404580153,0.3333333333333333,0.296875,0.3333333333333333,0.3688370824387161,0.2427740071603362,0.3688370824387161,0.011235955056179775,4.630058338735068e-05,0.011235955056179775,0.0,0.0,0.0,0.0,0.0,0.0,0.0,0.06666666666666667,0.0,0.0,0.0,0.0,0.2555756479807115,0.1966614501825767,0.3156136528685546,1.0,1.0,1.0,,1.0,1.0,,0.7272727272727273,1.0,,
Spyware-TIBS-27d7f533077c5f1cb54d2b03d7bb5c27a0f9b37b8ad7e87b5a8996f1d2135ef4-4.raw,0.0,0.0,0.6391088197385377,,0.6462182865624331,0.04108108108108108,0.7909090909090911,0.01929330153912855,0.6214414487823261,,0.16269284712482468,0.021608643457382955,0.0,0.032818532818532815,0.03908045977011494,0.01818181818181818,0.020348837209302327,0.0196078431372549,0.010752688172043012,0.061068702290076333,0.21428571428571427,0.140625,0.21428571428571427,0.4724320173716093,0.3901419099051962,0.4724320173716093,0.0,0.0,0.0,0.0,0.0,0.0,0.0,0.0,0.0,0.0,0.06666666666666667,0.0,0.0,0.0,0.0,0.4007890843333884,0.2829705505761845,0.4818181818181817,0.0,0.6363636363636364,0.5,,0.6666666666666666,0.6666666666666666,,0.18181818181818182,1.0,,
Spyware-TIBS-10ef7e0a4f5ea636cdbf2eeeb6403c3ab328568bf47e67dc37b2a73b82bd06d4-5.raw,0.0,0.0,0.6184864665807401,,0.6350120238624785,0.04108108108108108,0.7909090909090911,0.01322349880771732,0.6094503638530364,,0.16269284712482468,0.013805522208883553,0.0,0.032818532818532815,0.011494252873563218,0.01818181818181818,0.020348837209302327,0.0196078431372549,0.010752688172043012,0.061068702290076333,0.21428571428571427,0.140625,0.21428571428571427,0.4724320173716093,0.3901419099051962,0.4724320173716093,0.0,0.0,0.0,0.0,0.0,0.0,0.0,0.0,0.0,0.0,0.06666666666666667,0.0,0.0,0.0,0.0,0.4007890843333884,0.2829705505761845,0.4818181818181817,0.0,0.6363636363636364,0.5,,0.6666666666666666,0.6666666666666666,,0.18181818181818182,1.0,,
Spyware-TIBS-8b374a972ae3f2aa202e216b2ebb61cd7668d1e3803cfcc9bdeb9f7e1a0e70c2-5.raw,0.0,0.0,0.6287976431596394,,0.633811352858912,0.04108108108108108,0.7909090909090911,0.012573162800780403,0.6081656047534697,,0.16269284712482468,0.015006002400960384,0.0,0.032818532818532815,0.011494252873563218,0.01818181818181818,0.020348837209302327,0.0196078431372549,0.010752688172043012,0.061068702290076333,0.21428571428571427,0.140625,0.21428571428571427,0.4724320173716093,0.3901419099051962,0.4724320173716093,0.0,0.0,0.0,0.0,0.2,0.0,0.15384615384615385,0.2,0.15384615384615385,0.2,0.2,0.44166666666666665,0.0,0.33974358974358965,0.44166666666666665,0.6948462929475591,0.6713615023474178,0.7361111111111113,0.0,0.6363636363636364,0.5,,0.6666666666666666,0.6666666666666666,,0.18181818181818182,1.0,,
Spyware-TIBS-76ba065d9bbd91b3a2a24ae4c092e3dce4f2555b79ea5c14bc3ff9495ff7e965-1.raw,0.0,0.0,0.9690664702633032,,0.7698873999297892,0.03891891891891892,0.7851778656126482,0.08627791025363105,0.7537716360377009,,0.17251051893408134,0.07082833133253301,0.0,0.017374517374517374,0.35172413793103446,0.01818181818181818,0.020348837209302327,0.0196078431372549,0.010752688172043012,0.061068702290076333,0.19047619047619047,0.125,0.19047619047619047,0.4189987635880066,0.34291252176356324,0.4189987635880066,0.0,0.0,0.0,0.0,0.1,0.0,0.07692307692307693,0.1,0.07692307692307693,0.1,0.06666666666666667,0.23043478260869565,0.0,0.177257525083612,0.23043478260869565,0.554210236653825,0.4856093080220452,0.4427962489343561,0.0,0.6363636363636364,0.5,,0.6666666666666666,0.6666666666666666,,0.18181818181818182,1.0,,
Spyware-TIBS-89a8dd64095295fe228f580ae94893cd8a6cd628ee3f36ae208b6d7ff79a7e55-5.raw,0.0,0.0,0.6236420548701895,,0.6354122475303341,0.04108108108108108,0.7909090909090911,0.013440277476696292,0.6098786168862255,,0.16269284712482468,0.01680672268907563,0.0,0.032818532818532815,0.016091954022988506,0.01818181818181818,0.020348837209302327,0.0196078431372549,0.010752688172043012,0.061068702290076333,0.21428571428571427,0.140625,0.21428571428571427,0.4724320173716093,0.3901419099051962,0.4724320173716093,0.0,0.0,0.0,0.0,0.0,0.0,0.0,0.0,0.0,0.0,0.06666666666666667,0.0,0.0,0.0,0.0,0.4007890843333884,0.2829705505761845,0.4818181818181817,0.0,0.6363636363636364,0.5,,0.6666666666666666,0.6666666666666666,,0.18181818181818182,1.0,,
Spyware-TIBS-8d05ac658cc148b5089cba5909d167e79b2ee62d09dfdba71234792f184da271-3.raw,0.0,0.0,0.9793776468422024,,0.775090307611911,0.04108108108108108,0.7909090909090911,0.08909603295035769,0.7593389254691568,,0.17391304347826086,0.07803121248499399,0.0,0.02895752895752896,0.35402298850574715,0.01818181818181818,0.020348837209302327,0.0196078431372549,0.010752688172043012,0.061068702290076333,0.21428571428571427,0.140625,0.21428571428571427,0.4724320173716093,0.3901419099051962,0.4724320173716093,0.0,0.0,0.0,0.0,0.0,0.0,0.0,0.0,0.0,0.0,0.06666666666666667,0.0,0.0,0.0,0.0,0.4007890843333884,0.2829705505761845,0.4818181818181817,0.0,0.6363636363636364,0.5,,0.6666666666666666,0.6666666666666666,,0.18181818181818182,1.0,,
Spyware-TIBS-89a8dd64095295fe228f580ae94893cd8a6cd628ee3f36ae208b6d7ff79a7e55-2.raw,0.0,0.0,0.9948444117105508,,0.7786923206226106,0.04108108108108108,0.7909090909090911,0.09104704097116843,0.7631932027678571,,0.18373071528751753,0.07863145258103241,0.0,0.032818532818532815,0.3563218390804598,0.01818181818181818,0.020348837209302327,0.0196078431372549,0.010752688172043012,0.061068702290076333,0.21428571428571427,0.140625,0.21428571428571427,0.4724320173716093,0.3901419099051962,0.4724320173716093,0.0,0.0,0.0,0.0,0.0,0.0,0.0,0.0,0.0,0.0,0.06666666666666667,0.0,0.0,0.0,0.0,0.4007890843333884,0.2829705505761845,0.4818181818181817,0.0,0.6363636363636364,0.5,,0.6666666666666666,0.6666666666666666,,0.18181818181818182,1.0,,
Spyware-TIBS-48fe5ec56dc868ffe3ae096714721a0db2bdd482c693a878d246eff2ec9da821-5.raw,0.0,0.0,0.6236420548701895,,0.634611800194623,0.04108108108108108,0.7909090909090911,0.013006720138738348,0.6090221108198476,,0.16269284712482468,0.014405762304921969,0.0,0.032818532818532815,0.01839080459770115,0.01818181818181818,0.020348837209302327,0.0196078431372549,0.010752688172043012,0.061068702290076333,0.21428571428571427,0.140625,0.21428571428571427,0.4724320173716093,0.3901419099051962,0.4724320173716093,0.0,0.0,0.0,0.0,0.0,0.0,0.0,0.0,0.0,0.0,0.06666666666666667,0.0,0.0,0.0,0.0,0.4007890843333884,0.2829705505761845,0.4818181818181817,0.0,0.6363636363636364,0.5,,0.6666666666666666,0.6666666666666666,,0.18181818181818182,1.0,,
Spyware-TIBS-85ae85a36eb35350175eb3c1b00dcab52d5fe726bab65975a6bb3177c8719da6-6.raw,0.0,0.0,0.6648867611857852,,0.6838393113408522,0.04432432432432432,0.7995059288537549,0.039670496423151964,0.6616972339020842,,0.16830294530154277,0.06902761104441776,0.0,0.03861003861003861,0.06436781609195402,0.01818181818181818,0.020348837209302327,0.0196078431372549,0.021505376344086023,0.061068702290076333,0.23809523809523808,0.15625,0.23809523809523808,0.523978816875774,0.4344045308964054,0.523978816875774,0.0,0.0,0.0,0.0,0.0,0.0,0.0,0.0,0.0,0.0,0.06666666666666667,0.0,0.0,0.0,0.0,0.4007890843333884,0.2829705505761845,0.4818181818181817,0.0,0.6363636363636364,0.5,,0.6666666666666666,0.6666666666666666,,0.18181818181818182,1.0,,
Spyware-TIBS-8d05ac658cc148b5089cba5909d167e79b2ee62d09dfdba71234792f184da271-9.raw,0.14705882352941177,0.07142857142857142,0.6192502574384364,,0.9512924831600068,0.33945945945945943,0.938647342995169,0.47192716236722304,0.94788128863644,,0.26227208976157085,0.6092436974789915,0.25925925925925924,0.42084942084942084,0.4,0.2,0.4331395348837209,0.45098039215686275,0.34946236559139787,0.4122137404580153,0.3333333333333333,0.296875,0.3333333333333333,0.3688370824387161,0.2427740071603362,0.3688370824387161,0.011235955056179775,4.630058338735068e-05,0.011235955056179775,0.0,0.0,0.0,0.0,0.0,0.0,0.0,0.06666666666666667,0.0,0.0,0.0,0.0,0.2555756479807115,0.1966614501825767,0.3156136528685546,1.0,1.0,1.0,,1.0,1.0,,0.7272727272727273,1.0,,
Spyware-TIBS-45f85eaf165337665b247db9aecc04e018d6402f73da2730fc66b885252abe7e-4.raw,0.0,0.0,0.6648867611857852,,0.6606263386052318,0.04108108108108108,0.7909090909090911,0.02709733362237156,0.636858557977127,,0.16269284712482468,0.030612244897959183,0.0,0.032818532818532815,0.08735632183908046,0.01818181818181818,0.020348837209302327,0.0196078431372549,0.010752688172043012,0.061068702290076333,0.21428571428571427,0.140625,0.21428571428571427,0.4724320173716093,0.3901419099051962,0.4724320173716093,0.0,0.0,0.0,0.0,0.0,0.0,0.0,0.0,0.0,0.0,0.06666666666666667,0.0,0.0,0.0,0.0,0.4007890843333884,0.2829705505761845,0.4818181818181817,0.0,0.6363636363636364,0.5,,0.6666666666666666,0.6666666666666666,,0.18181818181818182,1.0,,
Spyware-TIBS-8d8af27b1ab68fde08153c7b2d90670c329aa93abe1645da4651ae0941f6da09-3.raw,0.0,0.0,0.9742220585527528,,0.7802932152940327,0.04108108108108108,0.7909090909090911,0.09191415564708433,0.7649062149006127,,0.1753155680224404,0.08283313325330131,0.0,0.032818532818532815,0.3586206896551724,0.01818181818181818,0.020348837209302327,0.0196078431372549,0.010752688172043012,0.061068702290076333,0.21428571428571427,0.140625,0.21428571428571427,0.4724320173716093,0.3901419099051962,0.4724320173716093,0.0,0.0,0.0,0.0,0.0,0.0,0.0,0.0,0.0,0.0,0.06666666666666667,0.0,0.0,0.0,0.0,0.4007890843333884,0.2829705505761845,0.4818181818181817,0.0,0.6363636363636364,0.5,,0.6666666666666666,0.6666666666666666,,0.18181818181818182,1.0,,
Spyware-TIBS-48fe5ec56dc868ffe3ae096714721a0db2bdd482c693a878d246eff2ec9da821-6.raw,0.0,0.0,0.6648867611857852,,0.6842395350087076,0.04432432432432432,0.7995059288537549,0.039887275092130935,0.6621254869352731,,0.16830294530154277,0.0666266506602641,0.0,0.03861003861003861,0.07126436781609195,0.01818181818181818,0.020348837209302327,0.0196078431372549,0.021505376344086023,0.061068702290076333,0.23809523809523808,0.15625,0.23809523809523808,0.523978816875774,0.4344045308964054,0.523978816875774,0.0,0.0,0.0,0.0,0.0,0.0,0.0,0.0,0.0,0.0,0.06666666666666667,0.0,0.0,0.0,0.0,0.4007890843333884,0.2829705505761845,0.4818181818181817,0.0,0.6363636363636364,0.5,,0.6666666666666666,0.6666666666666666,,0.18181818181818182,1.0,,
Spyware-TIBS-7ee08dbd8e61fb131cc2258ad23f01c675265c04b502aa8676da524f962a98ab-4.raw,0.0,0.0,0.6906647026330326,,0.6698314829659089,0.04108108108108108,0.7909090909090911,0.03208324300888792,0.6467083777404722,,0.16269284712482468,0.03481392557022809,0.0,0.032818532818532815,0.1103448275862069,0.01818181818181818,0.020348837209302327,0.0196078431372549,0.010752688172043012,0.061068702290076333,0.21428571428571427,0.140625,0.21428571428571427,0.4724320173716093,0.3901419099051962,0.4724320173716093,0.0,0.0,0.0,0.0,0.0,0.0,0.0,0.0,0.0,0.0,0.06666666666666667,0.0,0.0,0.0,0.0,0.4007890843333884,0.2829705505761845,0.4818181818181817,0.0,0.6363636363636364,0.5,,0.6666666666666666,0.6666666666666666,,0.18181818181818182,1.0,,
Spyware-TIBS-8d8af27b1ab68fde08153c7b2d90670c329aa93abe1645da4651ae0941f6da09-10.raw,0.17647058823529413,0.14285714285714285,0.6096483152273984,,0.9465289744783082,0.40864864864864864,0.9816770186335404,0.5261218296119662,0.9427841711858658,,0.26367461430575034,0.6518607442977191,0.2962962962962963,0.44594594594594594,0.4666666666666667,0.23636363636363636,0.6918604651162791,0.5098039215686274,0.3709677419354839,0.45038167938931295,0.38095238095238093,0.34375,0.38095238095238093,0.38600461458381397,0.243652706029865,0.38600461458381397,0.011235955056179775,4.630058338735068e-05,0.011235955056179775,0.0,0.0,0.0,0.0,0.0,0.0,0.0,0.06666666666666667,0.0,0.0,0.0,0.0,0.2327563936967193,0.18309859154929575,0.28949579831932754,1.0,1.0,1.0,,1.0,1.0,,0.7272727272727273,1.0,,
Spyware-TIBS-8fdea52e2c3a415a4be17226fc6cd3fe62e4b49fc156b4a828a0bec730b1cdc5-5.raw,0.0,0.0,0.6236420548701895,,0.6318102345196345,0.04108108108108108,0.7909090909090911,0.011489269455885541,0.6060243395875252,,0.1697054698457223,0.010804321728691477,0.0,0.032818532818532815,0.006896551724137931,0.01818181818181818,0.020348837209302327,0.0196078431372549,0.010752688172043012,0.061068702290076333,0.21428571428571427,0.140625,0.21428571428571427,0.4724320173716093,0.3901419099051962,0.4724320173716093,0.0,0.0,0.0,0.0,0.0,0.0,0.0,0.0,0.0,0.0,0.06666666666666667,0.0,0.0,0.0,0.0,0.4007890843333884,0.2829705505761845,0.4818181818181817,0.0,0.6363636363636364,0.5,,0.6666666666666666,0.6666666666666666,,0.18181818181818182,1.0,,
Spyware-TIBS-6e274cbbdefce4f2bcb3543da3f4043319541e51a110356e68cea2ae85153427-8.raw,0.14705882352941177,0.07142857142857142,0.6696604540463869,,0.9783594615860877,0.34486486486486484,0.9503220611916272,0.4899197918924778,0.9768438826587718,,0.26928471248246844,0.6296518607442977,0.25925925925925924,0.42857142857142855,0.4482758620689655,0.2,0.4331395348837209,0.45098039215686275,0.34946236559139787,0.42748091603053434,0.3333333333333333,0.296875,0.3333333333333333,0.3634562067807559,0.23321546015681177,0.3634562067807559,0.011235955056179775,4.630058338735068e-05,0.011235955056179775,0.0,0.0,0.0,0.0,0.0,0.0,0.0,0.06666666666666667,0.0,0.0,0.0,0.0,0.2555756479807115,0.1966614501825767,0.3156136528685546,1.0,1.0,1.0,,1.0,1.0,,0.7272727272727273,1.0,,
Spyware-TIBS-8fdea52e2c3a415a4be17226fc6cd3fe62e4b49fc156b4a828a0bec730b1cdc5-10.raw,0.20588235294117646,0.14285714285714285,0.6007085759274665,,0.9287347936200326,0.46378378378378377,0.9934782608695655,0.5707782354216345,0.9237437881757846,,0.28751753155680226,0.6764705882352942,0.3333333333333333,0.4671814671814672,0.5264367816091954,0.34545454545454546,0.7034883720930233,0.5686274509803921,0.478494623655914,0.6335877862595419,0.42857142857142855,0.390625,0.42857142857142855,0.41465165141578175,0.2672319393056032,0.41465165141578175,0.011235955056179775,4.630058338735068e-05,0.011235955056179775,0.0,0.2,0.0,0.15384615384615385,0.2,0.15384615384615385,0.2,0.2,0.3419354838709675,0.0,0.26302729528535956,0.3419354838709675,0.4513795718369017,0.47841890049977287,0.4760278304870335,1.0,1.0,1.0,,1.0,1.0,,0.7272727272727273,1.0,,
Spyware-TIBS-9c8a2292cad7ae8b939c0fb6a7369ee7a84c470bf463fa473805bfad8c69a7f9-1.raw,0.0,0.0,0.9587552936844044,,0.7650847159155231,0.03891891891891892,0.7851778656126482,0.08367656622588338,0.7486325996394341,,0.17391304347826086,0.06722689075630252,0.0,0.017374517374517374,0.335632183908046,0.01818181818181818,0.020348837209302327,0.0196078431372549,0.010752688172043012,0.061068702290076333,0.19047619047619047,0.125,0.19047619047619047,0.4189987635880066,0.34291252176356324,0.4189987635880066,0.0,0.0,0.0,0.0,0.0,0.0,0.0,0.0,0.0,0.0,0.0,0.0,0.0,0.0,0.0,0.4007890843333884,0.2829705505761845,0.3023172905525847,0.0,0.6363636363636364,0.5,,0.6666666666666666,0.6666666666666666,,0.18181818181818182,1.0,,
Spyware-TIBS-40a45471e1b7f0ad943f0e2f736afb24b7048c09caf44befbfaf8c10c89aca25-6.raw,0.0,0.0,0.6287976431596394,,0.6250064321660905,0.032432432432432434,0.7679841897233202,0.007804032083243009,0.5987440380233136,,0.16269284712482468,0.015006002400960384,0.0,0.019305019305019305,0.01839080459770115,0.01818181818181818,0.00872093023255814,0.0196078431372549,0.005376344086021506,0.061068702290076333,0.09523809523809523,0.0625,0.09523809523809523,0.19939385723185593,0.14615950453056578,0.19939385723185593,0.0,0.0,0.0,0.0,0.0,0.0,0.0,0.0,0.0,0.0,0.06666666666666667,0.0,0.0,0.0,0.0,0.4007890843333884,0.2829705505761845,0.4818181818181817,0.0,0.6363636363636364,0.5,,0.6666666666666666,0.6666666666666666,,0.18181818181818182,1.0,,
Spyware-TIBS-8b374a972ae3f2aa202e216b2ebb61cd7668d1e3803cfcc9bdeb9f7e1a0e70c2-10.raw,0.17647058823529413,0.14285714285714285,0.61369913459768,,0.9609942013308008,0.40864864864864864,0.9816770186335404,0.536093648384999,0.9582624593854082,,0.2650771388499299,0.6626650660264105,0.2962962962962963,0.44594594594594594,0.4850574712643678,0.23636363636363636,0.6918604651162791,0.5098039215686274,0.3709677419354839,0.45038167938931295,0.38095238095238093,0.34375,0.38095238095238093,0.38600461458381397,0.243652706029865,0.38600461458381397,0.011235955056179775,4.630058338735068e-05,0.011235955056179775,0.0,0.0,0.0,0.0,0.0,0.0,0.0,0.06666666666666667,0.0,0.0,0.0,0.0,0.2327563936967193,0.18309859154929575,0.28949579831932754,1.0,1.0,1.0,,1.0,1.0,,0.7272727272727273,1.0,,
Spyware-TIBS-8b374a972ae3f2aa202e216b2ebb61cd7668d1e3803cfcc9bdeb9f7e1a0e70c2-8.raw,0.14705882352941177,0.07142857142857142,0.6402545060250823,,0.9617279447218691,0.33945945945945943,0.938647342995169,0.4788640797745502,0.9590475899462544,,0.26227208976157085,0.6164465786314526,0.25925925925925924,0.4247104247104247,0.4114942528735632,0.2,0.4331395348837209,0.45098039215686275,0.34946236559139787,0.4122137404580153,0.3333333333333333,0.296875,0.3333333333333333,0.3688370824387161,0.2427740071603362,0.3688370824387161,0.011235955056179775,4.630058338735068e-05,0.011235955056179775,0.0,0.0,0.0,0.0,0.0,0.0,0.0,0.06666666666666667,0.0,0.0,0.0,0.0,0.2555756479807115,0.1966614501825767,0.3156136528685546,1.0,1.0,1.0,,1.0,1.0,,0.7272727272727273,1.0,,
Spyware-TIBS-6ff85480282c694f5e64a1fce32938d3f71e0f2aa3e91e8bc139184713b33c56-8.raw,0.14705882352941177,0.07142857142857142,0.6486562054597407,,0.9685762163718413,0.34486486486486484,0.9503220611916272,0.4834164318231086,0.9663754751808202,,0.26227208976157085,0.6236494597839136,0.25925925925925924,0.4247104247104247,0.43908045977011495,0.2,0.4331395348837209,0.45098039215686275,0.34946236559139787,0.42748091603053434,0.3333333333333333,0.296875,0.3333333333333333,0.3634562067807559,0.23321546015681177,0.3634562067807559,0.011235955056179775,4.630058338735068e-05,0.011235955056179775,0.0,0.1,0.0,0.07692307692307693,0.1,0.07692307692307693,0.1,0.13333333333333333,0.18928571428571428,0.0,0.14560439560439556,0.18928571428571428,0.38678636011366574,0.3661971830985915,0.4305322128851538,1.0,1.0,1.0,,1.0,1.0,,0.7272727272727273,1.0,,
Spyware-TIBS-6ff85480282c694f5e64a1fce32938d3f71e0f2aa3e91e8bc139184713b33c56-9.raw,0.14705882352941177,0.07142857142857142,0.6150494077211073,,0.9552057812457053,0.34486486486486484,0.9503220611916272,0.47452850639497074,0.9520686516276206,,0.26227208976157085,0.6134453781512605,0.25925925925925924,0.4247104247104247,0.39770114942528734,0.2,0.4331395348837209,0.45098039215686275,0.34946236559139787,0.42748091603053434,0.3333333333333333,0.296875,0.3333333333333333,0.3634562067807559,0.23321546015681177,0.3634562067807559,0.011235955056179775,4.630058338735068e-05,0.011235955056179775,0.0,0.1,0.0,0.07692307692307693,0.1,0.07692307692307693,0.1,0.13333333333333333,0.18928571428571428,0.0,0.14560439560439556,0.18928571428571428,0.38678636011366574,0.3661971830985915,0.4305322128851538,1.0,1.0,1.0,,1.0,1.0,,0.7272727272727273,1.0,,
Spyware-TIBS-90c50fdd82efd7f377529b07f07b58d9c836a94bbee69bc016385c907f926021-4.raw,0.0,0.0,0.6648867611857852,,0.6598258912695207,0.04108108108108108,0.7909090909090911,0.026663776284413614,0.6360020519107491,,0.16269284712482468,0.030612244897959183,0.0,0.032818532818532815,0.08275862068965517,0.01818181818181818,0.020348837209302327,0.0196078431372549,0.010752688172043012,0.061068702290076333,0.21428571428571427,0.140625,0.21428571428571427,0.4724320173716093,0.3901419099051962,0.4724320173716093,0.0,0.0,0.0,0.0,0.0,0.0,0.0,0.0,0.0,0.0,0.06666666666666667,0.0,0.0,0.0,0.0,0.4007890843333884,0.2829705505761845,0.4818181818181817,0.0,0.6363636363636364,0.5,,0.6666666666666666,0.6666666666666666,,0.18181818181818182,1.0,,
Spyware-TIBS-92a05114ea36ed4ce64ac63d8b6472026537aedd164228ba9c18a95a44d4cbc3-9.raw,0.14705882352941177,0.07142857142857142,0.6234511071557657,,0.9552057812457053,0.34486486486486484,0.9503220611916272,0.47452850639497074,0.9520686516276206,,0.26227208976157085,0.6146458583433373,0.25925925925925924,0.4247104247104247,0.39770114942528734,0.2,0.4331395348837209,0.45098039215686275,0.34946236559139787,0.42748091603053434,0.3333333333333333,0.296875,0.3333333333333333,0.3634562067807559,0.23321546015681177,0.3634562067807559,0.011235955056179775,4.630058338735068e-05,0.011235955056179775,0.0,0.0,0.0,0.0,0.0,0.0,0.0,0.06666666666666667,0.0,0.0,0.0,0.0,0.2555756479807115,0.1966614501825767,0.3156136528685546,1.0,1.0,1.0,,1.0,1.0,,0.7272727272727273,1.0,,
Spyware-TIBS-10ef7e0a4f5ea636cdbf2eeeb6403c3ab328568bf47e67dc37b2a73b82bd06d4-9.raw,0.14705882352941177,0.07142857142857142,0.6150494077211073,,0.9506402668123904,0.33945945945945943,0.938647342995169,0.47149360502926513,0.9471833948045765,,0.26227208976157085,0.6044417767106842,0.25925925925925924,0.4247104247104247,0.3931034482758621,0.2,0.4331395348837209,0.45098039215686275,0.34946236559139787,0.4122137404580153,0.3333333333333333,0.296875,0.3333333333333333,0.3688370824387161,0.2427740071603362,0.3688370824387161,0.011235955056179775,4.630058338735068e-05,0.011235955056179775,0.0,0.0,0.0,0.0,0.0,0.0,0.0,0.06666666666666667,0.0,0.0,0.0,0.0,0.2555756479807115,0.1966614501825767,0.3156136528685546,1.0,1.0,1.0,,1.0,1.0,,0.7272727272727273,1.0,,
Spyware-TIBS-6ff85480282c694f5e64a1fce32938d3f71e0f2aa3e91e8bc139184713b33c56-10.raw,0.20588235294117646,0.14285714285714285,0.5576860805465431,,0.9260022320257086,0.46378378378378377,0.9934782608695655,0.5688272274008238,0.9208198536733222,,0.2805049088359046,0.6788715486194478,0.3333333333333333,0.4671814671814672,0.4896551724137931,0.34545454545454546,0.7034883720930233,0.5686274509803921,0.478494623655914,0.6335877862595419,0.42857142857142855,0.390625,0.42857142857142855,0.41465165141578175,0.2672319393056032,0.41465165141578175,0.011235955056179775,4.630058338735068e-05,0.011235955056179775,0.0,0.4,0.0,0.3076923076923077,0.4,0.3076923076923077,0.4,0.3333333333333333,0.6424242424242426,0.0,0.4941724941724942,0.6424242424242426,0.6621732697682067,0.7490396927016647,0.661319073083779,1.0,1.0,1.0,,1.0,1.0,,0.7272727272727273,1.0,,
Spyware-TIBS-8d1b6b6cb2f44e01ad43b8efaebec065c4047400f1848f23a9e2034b3b710182-1.raw,0.0,0.0,0.9896888234211012,,0.7802932152940327,0.03891891891891892,0.7851778656126482,0.09191415564708433,0.7649062149006127,,0.1753155680224404,0.07983193277310924,0.0,0.017374517374517374,0.3701149425287356,0.01818181818181818,0.020348837209302327,0.0196078431372549,0.010752688172043012,0.061068702290076333,0.19047619047619047,0.125,0.19047619047619047,0.4189987635880066,0.34291252176356324,0.4189987635880066,0.0,0.0,0.0,0.0,0.2,0.0,0.15384615384615385,0.2,0.15384615384615385,0.2,0.13333333333333333,0.44166666666666665,0.0,0.33974358974358965,0.44166666666666665,0.6948462929475591,0.6713615023474178,0.5715686274509806,0.0,0.6363636363636364,0.5,,0.6666666666666666,0.6666666666666666,,0.18181818181818182,1.0,,
Spyware-TIBS-76ba065d9bbd91b3a2a24ae4c092e3dce4f2555b79ea5c14bc3ff9495ff7e965-9.raw,0.14705882352941177,0.07142857142857142,0.6150494077211073,,0.949988050464774,0.33945945945945943,0.938647342995169,0.47106004769130716,0.946485500972713,,0.26227208976157085,0.6086434573829532,0.25925925925925924,0.4247104247104247,0.39080459770114945,0.2,0.4331395348837209,0.45098039215686275,0.34946236559139787,0.4122137404580153,0.3333333333333333,0.296875,0.3333333333333333,0.3688370824387161,0.2427740071603362,0.3688370824387161,0.011235955056179775,4.630058338735068e-05,0.011235955056179775,0.0,0.0,0.0,0.0,0.0,0.0,0.0,0.06666666666666667,0.0,0.0,0.0,0.0,0.2555756479807115,0.1966614501825767,0.3156136528685546,1.0,1.0,1.0,,1.0,1.0,,0.7272727272727273,1.0,,
Spyware-TIBS-8d1b6b6cb2f44e01ad43b8efaebec065c4047400f1848f23a9e2034b3b710182-4.raw,0.0,0.0,0.6803535260541336,,0.6666296936230647,0.04108108108108108,0.7909090909090911,0.030349013657056147,0.6432823534749608,,0.16269284712482468,0.03841536614645858,0.0,0.032818532818532815,0.0896551724137931,0.01818181818181818,0.020348837209302327,0.0196078431372549,0.010752688172043012,0.061068702290076333,0.21428571428571427,0.140625,0.21428571428571427,0.4724320173716093,0.3901419099051962,0.4724320173716093,0.0,0.0,0.0,0.0,0.0,0.0,0.0,0.0,0.0,0.0,0.06666666666666667,0.0,0.0,0.0,0.0,0.4007890843333884,0.2829705505761845,0.4818181818181817,0.0,0.6363636363636364,0.5,,0.6666666666666666,0.6666666666666666,,0.18181818181818182,1.0,,
Spyware-TIBS-10f9ff1e9f0cddbac2bf5dd5921a15f8c925fa57b2a1d2f9f10772a3b6bba6b2-8.raw,0.14705882352941177,0.07142857142857142,0.6528570551770698,,0.9643368101123347,0.33945945945945943,0.938647342995169,0.48059830912638196,0.9618391652737082,,0.26227208976157085,0.6158463385354142,0.25925925925925924,0.4247104247104247,0.43448275862068964,0.2,0.4331395348837209,0.45098039215686275,0.34946236559139787,0.4122137404580153,0.3333333333333333,0.296875,0.3333333333333333,0.3688370824387161,0.2427740071603362,0.3688370824387161,0.011235955056179775,4.630058338735068e-05,0.011235955056179775,0.0,0.0,0.0,0.0,0.0,0.0,0.0,0.06666666666666667,0.0,0.0,0.0,0.0,0.2555756479807115,0.1966614501825767,0.3156136528685546,1.0,1.0,1.0,,1.0,1.0,,0.7272727272727273,1.0,,
Spyware-TIBS-7c5d590afd39575ec7211e69d22acd56638f9356d955ac4ebca7bc93ad4f439b-10.raw,0.20588235294117646,0.14285714285714285,0.5498638086591026,,0.9168936933779622,0.45837837837837836,0.982608695652174,0.5623238673314546,0.9110734053317813,,0.2805049088359046,0.6692677070828331,0.3333333333333333,0.4671814671814672,0.47586206896551725,0.34545454545454546,0.7034883720930233,0.5686274509803921,0.478494623655914,0.6183206106870229,0.42857142857142855,0.390625,0.42857142857142855,0.41976873179563257,0.2761118206540299,0.41976873179563257,0.011235955056179775,4.630058338735068e-05,0.011235955056179775,0.0,0.3,0.0,0.23076923076923078,0.3,0.23076923076923078,0.3,0.3333333333333333,0.4968750000000002,0.0,0.3822115384615385,0.4968750000000002,0.5600700723327309,0.6179577464788735,0.6949754901960786,1.0,1.0,1.0,,1.0,1.0,,0.7272727272727273,0.5,,
Spyware-TIBS-90c50fdd82efd7f377529b07f07b58d9c836a94bbee69bc016385c907f926021-10.raw,0.17647058823529413,0.14285714285714285,0.556987663413736,,0.9361517465189118,0.40864864864864864,0.9816770186335404,0.5189681335356601,0.931680181825325,,0.26367461430575034,0.6452581032412965,0.2962962962962963,0.44594594594594594,0.4206896551724138,0.23636363636363636,0.6918604651162791,0.5098039215686274,0.3709677419354839,0.45038167938931295,0.38095238095238093,0.34375,0.38095238095238093,0.38600461458381397,0.243652706029865,0.38600461458381397,0.011235955056179775,4.630058338735068e-05,0.011235955056179775,0.0,0.0,0.0,0.0,0.0,0.0,0.0,0.06666666666666667,0.0,0.0,0.0,0.0,0.2327563936967193,0.18309859154929575,0.28949579831932754,1.0,1.0,1.0,,1.0,1.0,,0.7272727272727273,1.0,,
Spyware-TIBS-6ff85480282c694f5e64a1fce32938d3f71e0f2aa3e91e8bc139184713b33c56-5.raw,0.0,0.0,0.6133308782912907,,0.6334111291910564,0.04108108108108108,0.7909090909090911,0.01235638413180143,0.6077373517202806,,0.16269284712482468,0.016206482593037214,0.0,0.032818532818532815,0.0,0.01818181818181818,0.020348837209302327,0.0196078431372549,0.010752688172043012,0.061068702290076333,0.21428571428571427,0.140625,0.21428571428571427,0.4724320173716093,0.3901419099051962,0.4724320173716093,0.0,0.0,0.0,0.0,0.1,0.0,0.07692307692307693,0.1,0.07692307692307693,0.1,0.13333333333333333,0.23043478260869565,0.0,0.177257525083612,0.23043478260869565,0.554210236653825,0.4856093080220452,0.6144927536231886,0.0,0.6363636363636364,0.5,,0.6666666666666666,0.6666666666666666,,0.18181818181818182,1.0,,
Spyware-TIBS-10ef7e0a4f5ea636cdbf2eeeb6403c3ab328568bf47e67dc37b2a73b82bd06d4-10.raw,0.20588235294117646,0.14285714285714285,0.5928863040400256,,0.9275203218003328,0.45837837837837836,0.982608695652174,0.5699111207457186,0.9224442617302455,,0.2805049088359046,0.6740696278511404,0.3333333333333333,0.4671814671814672,0.5264367816091954,0.34545454545454546,0.7034883720930233,0.5686274509803921,0.478494623655914,0.6183206106870229,0.42857142857142855,0.390625,0.42857142857142855,0.41976873179563257,0.2761118206540299,0.41976873179563257,0.011235955056179775,4.630058338735068e-05,0.011235955056179775,0.0,0.1,0.0,0.07692307692307693,0.1,0.07692307692307693,0.1,0.13333333333333333,0.17666666666666656,0.0,0.13589743589743578,0.17666666666666656,0.3354430379746836,0.3295774647887326,0.3741176470588237,1.0,1.0,1.0,,1.0,1.0,,0.7272727272727273,1.0,,
Spyware-TIBS-6c524355af15275aa5b7f957574769ce268cbe125214f26c32a1037bc831ee8d-8.raw,0.14705882352941177,0.07142857142857142,0.6696604540463869,,0.9741200553265812,0.33945945945945943,0.938647342995169,0.48710166919575115,0.9723075727516597,,0.26227208976157085,0.6260504201680672,0.25925925925925924,0.4247104247104247,0.45057471264367815,0.2,0.4331395348837209,0.45098039215686275,0.34946236559139787,0.4122137404580153,0.3333333333333333,0.296875,0.3333333333333333,0.3688370824387161,0.2427740071603362,0.3688370824387161,0.011235955056179775,4.630058338735068e-05,0.011235955056179775,0.0,0.0,0.0,0.0,0.0,0.0,0.0,0.06666666666666667,0.0,0.0,0.0,0.0,0.2555756479807115,0.1966614501825767,0.3156136528685546,1.0,1.0,1.0,,1.0,1.0,,0.7272727272727273,1.0,,
Spyware-TIBS-67ec0e775d5272086f87e4fa67b7efec044decd79e7eecdb47993d5cb5e9b535-4.raw,0.0,0.0,0.6803535260541336,,0.6650287989516426,0.04108108108108108,0.7909090909090911,0.029481898981140255,0.641569341342205,,0.16269284712482468,0.03361344537815126,0.0,0.032818532818532815,0.09655172413793103,0.01818181818181818,0.020348837209302327,0.0196078431372549,0.010752688172043012,0.061068702290076333,0.21428571428571427,0.140625,0.21428571428571427,0.4724320173716093,0.3901419099051962,0.4724320173716093,0.0,0.0,0.0,0.0,0.0,0.0,0.0,0.0,0.0,0.0,0.06666666666666667,0.0,0.0,0.0,0.0,0.4007890843333884,0.2829705505761845,0.4818181818181817,0.0,0.6363636363636364,0.5,,0.6666666666666666,0.6666666666666666,,0.18181818181818182,1.0,,
Spyware-TIBS-25ac33bc94decabf1572c58b136cd489a8ec017b0d1ea345b6e37a84423ca2d8-5.raw,0.0,0.0,0.6184864665807401,,0.633811352858912,0.04108108108108108,0.7909090909090911,0.012573162800780403,0.6081656047534697,,0.16269284712482468,0.014405762304921969,0.0,0.032818532818532815,0.009195402298850575,0.01818181818181818,0.020348837209302327,0.0196078431372549,0.010752688172043012,0.061068702290076333,0.21428571428571427,0.140625,0.21428571428571427,0.4724320173716093,0.3901419099051962,0.4724320173716093,0.0,0.0,0.0,0.0,0.0,0.0,0.0,0.0,0.0,0.0,0.06666666666666667,0.0,0.0,0.0,0.0,0.4007890843333884,0.2829705505761845,0.4818181818181817,0.0,0.6363636363636364,0.5,,0.6666666666666666,0.6666666666666666,,0.18181818181818182,1.0,,
Spyware-TIBS-87163ea3765848c449bf0ff0549bacf6a38706b9004b2262e20b822fb5f4e852-1.raw,0.5,0.42857142857142855,0.3649372783970463,,0.5539923864850597,0.7254054054054054,0.6449832775919735,0.7801864296553219,0.5227565767497934,,0.40953716690042075,0.8523409363745498,0.7037037037037037,0.6254826254826255,0.7977011494252874,0.7090909090909091,0.7877906976744186,0.7058823529411765,0.5698924731182796,0.7404580152671756,0.7380952380952381,0.75,0.7380952380952381,0.6421953836009732,0.6390260885985596,0.6421953836009732,0.02247191011235955,9.260116677470137e-05,0.02247191011235955,0.0,0.3,0.0,0.23076923076923078,0.3,0.23076923076923078,0.3,0.3333333333333333,0.37857142857142856,0.0,0.2912087912087911,0.37857142857142856,0.3354430379746836,0.42723004694835676,0.4305322128851538,1.0,1.0,1.0,,1.0,1.0,,1.0,0.5,,
Spyware-TIBS-570dbd214653ec1c9b7ff1f2c119060a7cacc28549706ece5f233ebdc05b1518-10.raw,0.47058823529411764,0.42857142857142855,0.195185533341732,,0.3609851978028741,0.5924324324324325,0.5076659038901604,0.5519184912204639,0.31623227391858344,,0.3688639551192146,0.6116446578631453,0.6296296296296297,0.5424710424710425,0.3793103448275862,0.6181818181818182,0.45348837209302323,0.49019607843137253,0.3172043010752688,0.4961832061068702,0.5952380952380952,0.640625,0.5952380952380952,0.5583637863907152,0.6315476444674216,0.5583637863907152,0.011235955056179775,4.630058338735068e-05,0.011235955056179775,0.0,0.0,0.0,0.0,0.0,0.0,0.0,0.06666666666666667,0.0,0.0,0.0,0.0,0.07061958694203883,0.0867309117865085,0.1039215686274509,1.0,1.0,1.0,,1.0,1.0,,0.5454545454545454,1.0,,
Spyware-TIBS-8217ae4fbd1555e6e06a5d3f18231377941f07d100b5ad62a8b31b9f1b64703e-5.raw,0.6764705882352942,0.7142857142857143,0.1588371284191576,,0.40721360597840134,0.9351351351351351,0.5785990338164252,0.9037502709733363,0.36569825409597656,,0.4488078541374474,0.924969987995198,0.9259259259259259,0.9266409266409267,0.6896551724137931,0.9272727272727272,0.8604651162790697,0.9803921568627451,0.8602150537634409,0.916030534351145,0.7857142857142857,0.875,0.7857142857142857,0.5345683310935111,0.5820444068887413,0.5345683310935111,0.02247191011235955,9.260116677470137e-05,0.02247191011235955,0.0,0.4,0.0,0.3076923076923077,0.4,0.3076923076923077,0.4,0.4,0.4326530612244895,0.0,0.33281004709576106,0.4326530612244895,0.32077351736354587,0.44466800804828976,0.3902360944377751,1.0,1.0,1.0,,1.0,1.0,,0.9090909090909091,0.0,,
Spyware-TIBS-574cbd37cab3adfdd1b55051c52471c180bc4b5e69e7e018d8f7039b644ed0fd-5.raw,0.38235294117647056,0.42857142857142855,0.2693794881237342,,0.31402120728041155,0.412972972972973,0.41428571428571426,0.38283112941686537,0.31967420851350137,,0.8625525946704067,0.2605042016806723,0.4444444444444444,0.24517374517374518,0.3080459770114943,0.4727272727272727,0.2703488372093023,0.27450980392156865,0.15591397849462366,0.366412213740458,0.5238095238095238,0.53125,0.5238095238095238,0.6296156876769887,0.7086932510800552,0.6296156876769887,0.6629213483146067,0.8591999259190666,0.6629213483146067,0.6588235294117647,0.0,0.0,0.07692307692307693,0.0,0.07692307692307693,0.0,0.13333333333333333,0.0,0.0,0.11648351648351621,0.0,0.2327563936967193,0.10985915492957736,0.2612885154061625,0.0,0.6363636363636364,0.5,,0.6666666666666666,0.6666666666666666,,0.2727272727272727,1.0,,
Spyware-TIBS-98f79b05b432de9dd246e9fec02ce0e37acbfbe0798d10c621c0b397e05ea470-8.raw,0.35294117647058826,0.35714285714285715,0.35039587552936846,,0.4123699516913216,0.4616216216216216,0.5655370843989765,0.42315196184695425,0.37121572062553204,,0.32538569424964936,0.43337334933973587,0.4444444444444444,0.35714285714285715,0.3839080459770115,0.45454545454545453,0.42441860465116277,0.37254901960784315,0.1989247311827957,0.3893129770992366,0.5476190476190477,0.5625,0.5476190476190477,0.6150812700798793,0.6879459769868186,0.6150812700798793,0.011235955056179775,4.630058338735068e-05,0.011235955056179775,0.0,0.0,0.0,0.0,0.0,0.0,0.0,0.06666666666666667,0.0,0.0,0.0,0.0,0.12402935857887491,0.11847555923777969,0.16505190311418672,1.0,1.0,1.0,,1.0,1.0,,0.5454545454545454,1.0,,
Spyware-TIBS-7651d72f90c1aaecc18a032dd6140ec4def8a836e7efcfc83b9a3389345dcb10-1.raw,0.5882352941176471,0.5714285714285714,0.29098385809856997,,0.4485268529117033,0.7837837837837838,0.5448757763975158,0.8142206806850206,0.40990484338858213,,0.43338008415147267,0.8823529411764706,0.8148148148148148,0.6718146718146718,0.8160919540229885,0.8181818181818182,0.8168604651162791,0.7058823529411765,0.5698924731182796,0.7633587786259542,0.7857142857142857,0.828125,0.7857142857142857,0.6544868508590158,0.7038683613657307,0.6544868508590158,0.033707865168539325,0.00013890175016205206,0.033707865168539325,0.0,0.2,0.0,0.15384615384615385,0.2,0.15384615384615385,0.2,0.26666666666666666,0.2409090909090907,0.0,0.18531468531468512,0.2409090909090907,0.20475094525727447,0.2829705505761845,0.3023172905525847,1.0,1.0,1.0,,1.0,1.0,,0.9090909090909091,0.0,,
Spyware-TIBS-589f74cdc865423cfb901a43f8fddab707b0e509a1053e15379dc61562f8659f-3.raw,0.29411764705882354,0.35714285714285715,0.3149512060394034,,0.24999685538546682,0.3027027027027027,0.429483695652174,0.20680685020593972,0.19747094592529965,,0.2791023842917251,0.18667466986794717,0.37037037037037035,0.19305019305019305,0.23448275862068965,0.38181818181818183,0.10755813953488372,0.1568627450980392,0.10215053763440861,0.20610687022900764,0.5,0.484375,0.5,0.71849832049488,0.8175292810103341,0.71849832049488,0.011235955056179775,4.630058338735068e-05,0.011235955056179775,0.0,0.0,0.0,0.0,0.0,0.0,0.0,0.06666666666666667,0.0,0.0,0.0,0.0,0.15574141048824633,0.13732394366197195,0.20134803921568642,0.0,0.6363636363636364,0.5,,0.6666666666666666,0.6666666666666666,,0.2727272727272727,1.0,,
Spyware-TIBS-979db6d35d22f609cbdd3515bea40d29c89bf89364999c4218ab5dfffd7fc11a-6.raw,0.4411764705882353,0.42857142857142855,0.2553658427346511,,0.351015472523378,0.5221621621621622,0.4617508813160987,0.5001083893344895,0.35737587015100536,,0.9102384291725105,0.34993997599039617,0.5185185185185185,0.38803088803088803,0.40229885057471265,0.5454545454545454,0.39825581395348836,0.35294117647058826,0.25268817204301075,0.42748091603053434,0.7380952380952381,0.703125,0.7380952380952381,0.8561487534176973,0.8961985593577376,0.8561487534176973,0.6853932584269663,0.856745994999537,0.6853932584269663,0.5364705882352941,0.0,0.0,0.07692307692307693,0.0,0.07692307692307693,0.0,0.13333333333333333,0.0,0.0,0.1101871101871101,0.0,0.19945261717413634,0.09402360106585443,0.2246952835188128,0.0,0.0,0.0,,0.0,0.0,,0.36363636363636365,1.0,,
Spyware-TIBS-7651d72f90c1aaecc18a032dd6140ec4def8a836e7efcfc83b9a3389345dcb10-5.raw,0.6176470588235294,0.6428571428571429,0.16047839063430014,,0.3598535984482278,0.7772972972972974,0.47942366026289174,0.7654454801647518,0.3150214238492246,,0.43338008415147267,0.84093637454982,0.8518518518518519,0.6891891891891891,0.5862068965517241,0.8545454545454545,0.7180232558139535,0.7647058823529411,0.5752688172043011,0.7862595419847328,0.7380952380952381,0.8125,0.7380952380952381,0.6022284916202144,0.6977449713371359,0.6022284916202144,0.033707865168539325,0.00013890175016205206,0.033707865168539325,0.0,0.3,0.0,0.23076923076923078,0.3,0.23076923076923078,0.3,0.3333333333333333,0.3456521739130434,0.0,0.265886287625418,0.3456521739130434,0.2729381240663575,0.37415799142682177,0.3569479965899405,1.0,1.0,1.0,,1.0,1.0,,0.9090909090909091,0.0,,
Spyware-TIBS-1421d1a140f3875addfe2378e53f749e8c6023bb0ec3fbe33943218ec09f6b33-9.raw,0.4117647058823529,0.42857142857142855,0.2684793060414496,,0.4757452387041951,0.5448648648648649,0.5638888888888889,0.5677433340559289,0.4390294484790252,,0.364656381486676,0.6728691476590636,0.5925925925925926,0.5675675675675675,0.39080459770114945,0.5272727272727272,0.4418604651162791,0.5098039215686274,0.3817204301075269,0.4580152671755725,0.5952380952380952,0.640625,0.5952380952380952,0.6050623996974085,0.7160924407404896,0.6050623996974085,0.02247191011235955,9.260116677470137e-05,0.02247191011235955,0.0,0.0,0.0,0.0,0.0,0.0,0.0,0.06666666666666667,0.0,0.0,0.0,0.0,0.0958408679927671,0.10172143974960857,0.13278867102396533,1.0,1.0,1.0,,1.0,1.0,,0.7272727272727273,1.0,,
Spyware-TIBS-7651d72f90c1aaecc18a032dd6140ec4def8a836e7efcfc83b9a3389345dcb10-2.raw,0.6470588235294118,0.6428571428571429,0.21892837414840738,,0.3848722314527775,0.84,0.5086462450592888,0.8354649902449599,0.34179221810996413,,0.44039270687237025,0.907563025210084,0.8888888888888888,0.6988416988416989,0.767816091954023,0.8909090909090909,0.8255813953488372,0.8235294117647058,0.6021505376344086,0.8244274809160306,0.7857142857142857,0.859375,0.7857142857142857,0.6053972820349145,0.6793372028573613,0.6053972820349145,0.033707865168539325,0.00013890175016205206,0.033707865168539325,0.0,0.2,0.0,0.15384615384615385,0.2,0.15384615384615385,0.2,0.26666666666666666,0.23043478260869565,0.0,0.177257525083612,0.23043478260869565,0.17918075320386836,0.26270667483159826,0.2710997442455242,1.0,1.0,1.0,,1.0,1.0,,0.9090909090909091,0.0,,
Spyware-TIBS-4754c35288a9488036c211c68f36f86496240000164edd36f9eaaeed12e65dbf-8.raw,0.5,0.42857142857142855,0.28641370291158547,,0.3905369356747326,0.614054054054054,0.47848383500557434,0.6234554519835248,0.3980511428909922,,0.6619915848527349,0.5744297719087635,0.6296296296296297,0.555984555984556,0.5494252873563218,0.6181818181818182,0.5290697674418605,0.5490196078431373,0.3655913978494624,0.5648854961832062,0.7619047619047619,0.75,0.7619047619047619,0.7888483071297349,0.8282846371804441,0.7888483071297349,0.6853932584269663,0.856745994999537,0.6853932584269663,0.5364705882352941,0.0,0.0,0.07692307692307693,0.0,0.07692307692307693,0.0,0.2,0.0,0.0,0.10453648915187361,0.0,0.16956461260258762,0.07981220657276962,0.29311211664152853,1.0,1.0,1.0,,1.0,1.0,,0.6363636363636364,1.0,,
Spyware-TIBS-8217ae4fbd1555e6e06a5d3f18231377941f07d100b5ad62a8b31b9f1b64703e-3.raw,0.6764705882352942,0.7142857142857143,0.21176783485750555,,0.427954085832603,0.9589189189189189,0.6094202898550725,0.9267288098851073,0.3878912779492332,,0.4488078541374474,0.946578631452581,0.9259259259259259,0.9034749034749034,0.7885057471264367,0.9272727272727272,0.8866279069767442,0.9803921568627451,0.7956989247311828,0.916030534351145,0.8095238095238095,0.890625,0.8095238095238095,0.5401679970908261,0.5663131029134999,0.5401679970908261,0.02247191011235955,9.260116677470137e-05,0.02247191011235955,0.0,0.2,0.0,0.15384615384615385,0.2,0.15384615384615385,0.2,0.26666666666666666,0.2255319148936171,0.0,0.17348608837970542,0.2255319148936171,0.16721172713631677,0.2532214563979624,0.2564872757613685,1.0,1.0,1.0,,1.0,1.0,,0.9090909090909091,0.0,,
Spyware-TIBS-589f74cdc865423cfb901a43f8fddab707b0e509a1053e15379dc61562f8659f-1.raw,0.29411764705882354,0.35714285714285715,0.5063524212852145,,0.31823499075483325,0.3005405405405405,0.42554347826086963,0.26056796011272493,0.27048808808400976,,0.2917251051893408,0.22088835534213686,0.37037037037037035,0.1776061776061776,0.4666666666666667,0.38181818181818183,0.10755813953488372,0.1568627450980392,0.10215053763440861,0.20610687022900764,0.47619047619047616,0.46875,0.47619047619047616,0.6768819497586783,0.7812647373784332,0.6768819497586783,0.011235955056179775,4.630058338735068e-05,0.011235955056179775,0.0,0.3,0.0,0.23076923076923078,0.3,0.23076923076923078,0.3,0.26666666666666666,0.4542857142857144,0.0,0.34945054945054943,0.4542857142857144,0.47920433996383405,0.5492957746478873,0.48694677871148445,0.0,0.6363636363636364,0.5,,0.6666666666666666,0.6666666666666666,,0.2727272727272727,1.0,,
Spyware-TIBS-7651d72f90c1aaecc18a032dd6140ec4def8a836e7efcfc83b9a3389345dcb10-10.raw,0.47058823529411764,0.5,0.195185533341732,,0.3952780468170211,0.5827027027027027,0.49273455377574393,0.5840017342293519,0.352926796972876,,0.3997194950911641,0.6656662665066027,0.6296296296296297,0.5617760617760618,0.41379310344827586,0.6181818181818182,0.6133720930232558,0.45098039215686275,0.3548387096774194,0.48854961832061067,0.6666666666666666,0.6875,0.6666666666666666,0.699595921882892,0.789355621189389,0.699595921882892,0.02247191011235955,9.260116677470137e-05,0.02247191011235955,0.0,0.2,0.0,0.15384615384615385,0.2,0.15384615384615385,0.2,0.26666666666666666,0.2650000000000001,0.0,0.20384615384615387,0.2650000000000001,0.26356238698010886,0.3295774647887326,0.3741176470588237,1.0,1.0,1.0,,1.0,1.0,,0.6363636363636364,0.0,,
Spyware-TIBS-87163ea3765848c449bf0ff0549bacf6a38706b9004b2262e20b822fb5f4e852-9.raw,0.4411764705882353,0.42857142857142855,0.2584313276635133,,0.5111698408009145,0.5989189189189189,0.582726204465335,0.645783654888359,0.47693498609682305,,0.3870967741935484,0.7466986794717887,0.6296296296296297,0.6486486486486487,0.4689655172413793,0.5818181818181818,0.6540697674418605,0.5686274509803921,0.489247311827957,0.5190839694656488,0.6190476190476191,0.640625,0.6190476190476191,0.6181647492533809,0.6712650742027793,0.6181647492533809,0.02247191011235955,9.260116677470137e-05,0.02247191011235955,0.0,0.0,0.0,0.0,0.0,0.0,0.0,0.13333333333333333,0.0,0.0,0.0,0.0,0.08288939934509591,0.09402360106585443,0.2246952835188128,1.0,1.0,1.0,,1.0,1.0,,0.7272727272727273,0.5,,
Spyware-TIBS-4579cff31815c40492e3f2dd85eb22f5084a96d95d850a31d48bd79553fe42b4-10.raw,0.5294117647058824,0.5714285714285714,0.1887681826551279,,0.4054037056137659,0.6583783783783784,0.4838586956521738,0.6815521352698894,0.36376159871255564,,0.4067321178120617,0.7773109243697479,0.7407407407407407,0.6891891891891891,0.4896551724137931,0.6909090909090909,0.6802325581395349,0.5686274509803921,0.489247311827957,0.5419847328244275,0.6428571428571429,0.703125,0.6428571428571429,0.5960842798214648,0.7066098846567542,0.5960842798214648,0.02247191011235955,9.260116677470137e-05,0.02247191011235955,0.0,0.0,0.0,0.0,0.0,0.0,0.0,0.13333333333333333,0.0,0.0,0.0,0.0,0.047920433996383786,0.07323943661971842,0.1766666666666668,1.0,1.0,1.0,,1.0,1.0,,0.6363636363636364,0.5,,
Spyware-TIBS-954f736dfd60b84b6e7b02b873945bb19058beb1f7be314716f5c924f632f598-9.raw,0.35294117647058826,0.35714285714285715,0.34038796884984873,,0.4680481266606338,0.44972972972972974,0.545140664961637,0.46975937567743337,0.4307932749485781,,0.332398316970547,0.5456182472989196,0.48148148148148145,0.4613899613899614,0.3793103448275862,0.45454545454545453,0.3633720930232558,0.37254901960784315,0.23118279569892472,0.3511450381679389,0.5476190476190477,0.546875,0.5476190476190477,0.6279945410988488,0.6719046920863269,0.6279945410988488,0.011235955056179775,4.630058338735068e-05,0.011235955056179775,0.0,0.0,0.0,0.0,0.0,0.0,0.0,0.13333333333333333,0.0,0.0,0.0,0.0,0.12402935857887491,0.11847555923777969,0.2811995386389851,1.0,1.0,1.0,,1.0,1.0,,0.5454545454545454,1.0,,
Spyware-TIBS-5045036bec213df4c03e57feb5f3b97b6e676eb3a1ab220d1596ad71f3246baa-1.raw,0.5882352941176471,0.5714285714285714,0.32609095930767823,,0.5307061127113707,0.8454054054054054,0.6304347826086958,0.8991979189247779,0.49783946620337316,,0.4544179523141655,0.957983193277311,0.8148148148148148,0.7683397683397684,0.8873563218390804,0.8181818181818182,0.936046511627907,0.803921568627451,0.5967741935483871,0.816793893129771,0.9047619047619048,0.90625,0.9047619047619048,0.7563326614073285,0.7544521841667015,0.7563326614073285,0.033707865168539325,0.013010463931845542,0.033707865168539325,0.0,0.1,0.0,0.07692307692307693,0.1,0.07692307692307693,0.1,0.2,0.12325581395348803,0.0,0.09481216457960615,0.12325581395348803,0.11812944194457309,0.17458237798886347,0.22717738258093945,1.0,1.0,1.0,,1.0,1.0,,0.9090909090909091,0.5,,
Spyware-TIBS-992eed3db41572414b500aecbe50a54ccd1e5faa2561dec87e1fe3c2db678f44-3.raw,0.6470588235294118,0.6428571428571429,0.1905726385564354,,0.37666764626173926,0.8313513513513513,0.49718379446640304,0.826577064816822,0.33301303092959134,,0.4361851332398317,0.8985594237695078,0.8888888888888888,0.693050193050193,0.7172413793103448,0.8909090909090909,0.813953488372093,0.8235294117647058,0.5967741935483871,0.8244274809160306,0.7142857142857143,0.8125,0.7142857142857143,0.5192033831511697,0.6065510214481608,0.5192033831511697,0.02247191011235955,9.260116677470137e-05,0.02247191011235955,0.0,0.1,0.0,0.07692307692307693,0.1,0.07692307692307693,0.1,0.2,0.1177777777777777,0.0,0.09059829059829051,0.1177777777777777,0.0958408679927671,0.15868544600938944,0.1986056644880174,1.0,1.0,1.0,,1.0,1.0,,0.9090909090909091,0.0,,
Spyware-TIBS-4754c35288a9488036c211c68f36f86496240000164edd36f9eaaeed12e65dbf-5.raw,0.4411764705882353,0.42857142857142855,0.22777647837489493,,0.23179208692598421,0.4745945945945946,0.38678025851938913,0.3915022761760243,0.22625906648966526,,0.6171107994389902,0.28691476590636256,0.5185185185185185,0.34555984555984554,0.34942528735632183,0.5454545454545454,0.311046511627907,0.3333333333333333,0.22580645161290322,0.4122137404580153,0.6904761904761905,0.6875,0.6904761904761905,0.8366995418757666,0.9591278836419919,0.8366995418757666,0.6853932584269663,0.856745994999537,0.6853932584269663,0.5364705882352941,0.0,0.0,0.07692307692307693,0.0,0.07692307692307693,0.0,0.13333333333333333,0.0,0.0,0.1101871101871101,0.0,0.19945261717413634,0.09402360106585443,0.2246952835188128,0.0,0.6363636363636364,0.5,,0.6666666666666666,0.6666666666666666,,0.36363636363636365,1.0,,
Spyware-TIBS-6666171e4b060f807fe35397acf8a6b5851d02614d02d63d32142e126aac932d-6.raw,0.47058823529411764,0.5,0.2429425617071587,,0.49213217443805735,0.6335135135135135,0.57070938215103,0.6746152178625623,0.4565640310045936,,0.38429172510518933,0.7707082833133253,0.6666666666666666,0.6583011583011583,0.496551724137931,0.6181818181818182,0.6715116279069767,0.6274509803921569,0.489247311827957,0.5877862595419847,0.6190476190476191,0.65625,0.6190476190476191,0.5697523557949004,0.6206393116646292,0.5697523557949004,0.02247191011235955,9.260116677470137e-05,0.02247191011235955,0.0,0.2,0.0,0.15384615384615385,0.2,0.15384615384615385,0.2,0.26666666666666666,0.2650000000000001,0.0,0.20384615384615387,0.2650000000000001,0.26356238698010886,0.3295774647887326,0.3741176470588237,1.0,1.0,1.0,,1.0,1.0,,0.8181818181818182,1.0,,
Spyware-TIBS-7651d72f90c1aaecc18a032dd6140ec4def8a836e7efcfc83b9a3389345dcb10-8.raw,0.5294117647058824,0.5714285714285714,0.17742588841833912,,0.40628419768304797,0.6562162162162162,0.48070652173913053,0.6824192499458054,0.3647037553855712,,0.40813464235624125,0.7809123649459784,0.7407407407407407,0.694980694980695,0.49885057471264366,0.6909090909090909,0.6831395348837209,0.5686274509803921,0.4838709677419355,0.5419847328244275,0.6666666666666666,0.71875,0.6666666666666666,0.6336088276694567,0.743210163400431,0.6336088276694567,0.033707865168539325,0.00013890175016205206,0.033707865168539325,0.0,0.0,0.0,0.0,0.0,0.0,0.0,0.13333333333333333,0.0,0.0,0.0,0.0,0.047920433996383786,0.07323943661971842,0.1766666666666668,1.0,1.0,1.0,,1.0,1.0,,0.6363636363636364,0.0,,
Spyware-TIBS-3760770f4e0ecfe15d832609a805cbe1f8f32ca7e011fd5c6a0ad98750afe2e8-9.raw,0.5882352941176471,0.7142857142857143,0.1856625544712453,,0.4122589652960341,0.7048648648648649,0.4353002070393376,0.7773683069585953,0.5196160545064077,,0.6956521739130435,0.7935174069627852,0.7037037037037037,0.7046332046332047,0.6045977011494252,0.6727272727272727,0.8168604651162791,0.6862745098039216,0.5376344086021505,0.6870229007633588,0.6428571428571429,0.6875,0.6428571428571429,0.5559007715230526,0.5998708522860868,0.5559007715230526,1.0,1.0,1.0,0.8,0.0,0.0,0.23076923076923078,0.0,0.23076923076923078,0.0,0.3333333333333333,0.0,0.0,0.2912087912087911,0.0,0.3354430379746836,0.06103286384976527,0.4305322128851538,1.0,1.0,1.0,,1.0,1.0,,0.6363636363636364,0.5,,
Spyware-TIBS-2361f526473d9f47642b2c9504cf0e0ffa62f222eccbdf665035ad4658cfb915-4.raw,0.6764705882352942,0.7142857142857143,0.14875508909756718,,0.34949245921434957,0.8486486486486486,0.46652173913043476,0.8400173422935183,0.3462888749584477,,0.47685834502103785,0.9117647058823529,0.8888888888888888,0.7258687258687259,0.696551724137931,0.8909090909090909,0.7354651162790697,0.8627450980392157,0.6397849462365591,0.8625954198473282,0.9285714285714286,0.953125,0.9285714285714286,0.7863109505898879,0.8423902000273792,0.7863109505898879,0.056179775280898875,0.0002778035003241041,0.056179775280898875,0.00941176470588235,0.0,0.0,0.07692307692307693,0.0,0.07692307692307693,0.0,0.2,0.0,0.0,0.09059829059829051,0.0,0.0958408679927671,0.04475743348982771,0.1986056644880174,1.0,1.0,1.0,,1.0,1.0,,0.9090909090909091,0.0,,
Spyware-TIBS-954f736dfd60b84b6e7b02b873945bb19058beb1f7be314716f5c924f632f598-3.raw,0.29411764705882354,0.35714285714285715,0.488630086540232,,0.2879680758732594,0.2983783783783784,0.4216032608695653,0.23672230652503792,0.238101452449098,,0.27349228611500703,0.21428571428571427,0.37037037037037035,0.19111969111969113,0.4689655172413793,0.38181818181818183,0.10755813953488372,0.1568627450980392,0.0913978494623656,0.1984732824427481,0.47619047619047616,0.46875,0.47619047619047616,0.6796097563447521,0.7860959708664363,0.6796097563447521,0.011235955056179775,4.630058338735068e-05,0.011235955056179775,0.0,0.2,0.0,0.15384615384615385,0.2,0.15384615384615385,0.2,0.2,0.311764705882353,0.0,0.23981900452488686,0.311764705882353,0.37772577385384565,0.42004971002485514,0.397347174163783,0.0,0.6363636363636364,0.5,,0.6666666666666666,0.6666666666666666,,0.2727272727272727,1.0,,
Spyware-TIBS-306cacba59ca07650c4ff93e770a530fee5ab0bd21fbbdacc6450bf5f8227b66-6.raw,0.4117647058823529,0.42857142857142855,0.2527261196014649,,0.34147019813866764,0.4875675675675676,0.47107487922705316,0.448948623455452,0.34835060741822865,,0.8821879382889201,0.30612244897959184,0.48148148148148145,0.37258687258687256,0.34942528735632183,0.509090909090909,0.3430232558139535,0.27450980392156865,0.22580645161290322,0.3893129770992366,0.6666666666666666,0.640625,0.6666666666666666,0.7825185967104167,0.820780237785623,0.7825185967104167,0.6853932584269663,0.856745994999537,0.6853932584269663,0.5364705882352941,0.0,0.0,0.07692307692307693,0.0,0.07692307692307693,0.0,0.13333333333333333,0.0,0.0,0.11324786324786294,0.0,0.21564195298372554,0.10172143974960857,0.24248366013071884,0.0,0.0,0.0,,0.0,0.0,,0.09090909090909091,1.0,,
Spyware-TIBS-570dbd214653ec1c9b7ff1f2c119060a7cacc28549706ece5f233ebdc05b1518-5.raw,0.38235294117647056,0.42857142857142855,0.2272509666728045,,0.167607954616923,0.3772972972972973,0.35484472049689436,0.2564491654021244,0.10931200009312426,,0.30434782608695654,0.2533013205282113,0.48148148148148145,0.2471042471042471,0.22528735632183908,0.4909090909090909,0.1308139534883721,0.21568627450980393,0.0967741935483871,0.22137404580152673,0.5238095238095238,0.546875,0.5238095238095238,0.6695332657256124,0.820780237785623,0.6695332657256124,0.011235955056179775,4.630058338735068e-05,0.011235955056179775,0.0,0.0,0.0,0.0,0.0,0.0,0.0,0.06666666666666667,0.0,0.0,0.0,0.0,0.109532420563162,0.10985915492957736,0.14845938375350132,0.0,0.6363636363636364,0.5,,0.6666666666666666,0.6666666666666666,,0.2727272727272727,1.0,,
Spyware-TIBS-8217ae4fbd1555e6e06a5d3f18231377941f07d100b5ad62a8b31b9f1b64703e-2.raw,0.6176470588235294,0.6428571428571429,0.2501616473903046,,0.47390803625989186,0.8908108108108108,0.6333670374115267,0.8861911987860395,0.43706357893520054,,0.44460028050490885,0.9129651860744298,0.8518518518518519,0.8648648648648649,0.7793103448275862,0.8545454545454545,0.8604651162790697,0.8627450980392157,0.7419354838709677,0.8549618320610687,0.8333333333333334,0.875,0.8333333333333334,0.6243826411606487,0.6311868053177558,0.6243826411606487,0.02247191011235955,9.260116677470137e-05,0.02247191011235955,0.0,0.5,0.0,0.38461538461538464,0.5,0.38461538461538464,0.5,0.4666666666666667,0.5520833333333331,0.0,0.42467948717948695,0.5520833333333331,0.42529385171790274,0.5645539906103286,0.4892973856209149,1.0,1.0,1.0,,1.0,1.0,,0.9090909090909091,0.0,,
Spyware-TIBS-3031e4fc4cab067dba86e6f667dfaf323a996c8a112776899d692d8af34b21b2-2.raw,0.5588235294117647,0.5714285714285714,0.2950676109596671,,0.4854747953776314,0.7816216216216216,0.6012195121951222,0.8064166486017775,0.44944040737935365,,0.4165497896213184,0.8817527010804321,0.7777777777777778,0.6525096525096525,0.767816091954023,0.7818181818181819,0.7994186046511628,0.8235294117647058,0.6021505376344086,0.8091603053435115,0.7380952380952381,0.78125,0.7380952380952381,0.5918401521753532,0.6156935223561857,0.5918401521753532,0.02247191011235955,9.260116677470137e-05,0.02247191011235955,0.0,0.3,0.0,0.23076923076923078,0.3,0.23076923076923078,0.3,0.3333333333333333,0.36136363636363605,0.0,0.27797202797202764,0.36136363636363605,0.3027700147953316,0.39948783610755445,0.3920677361853832,1.0,1.0,1.0,,1.0,1.0,,1.0,0.5,,
Spyware-TIBS-306cacba59ca07650c4ff93e770a530fee5ab0bd21fbbdacc6450bf5f8227b66-7.raw,0.47058823529411764,0.42857142857142855,0.251897004525676,,0.32924114162086004,0.5545945945945946,0.449599542334096,0.5224365922393237,0.3320465680033404,,0.9074333800841514,0.3709483793517407,0.5185185185185185,0.39768339768339767,0.4482758620689655,0.5818181818181818,0.43023255813953487,0.39215686274509803,0.25806451612903225,0.4351145038167939,0.6904761904761905,0.6875,0.6904761904761905,0.7446435076036925,0.8014405105730501,0.7446435076036925,0.6853932584269663,0.856745994999537,0.6853932584269663,0.5364705882352941,0.0,0.0,0.07692307692307693,0.0,0.07692307692307693,0.0,0.2,0.0,0.0,0.10728744939271251,0.0,0.18411535167031515,0.0867309117865085,0.31176470588235283,0.0,0.0,0.0,,0.0,0.0,,0.45454545454545453,1.0,,
Spyware-TIBS-4579cff31815c40492e3f2dd85eb22f5084a96d95d850a31d48bd79553fe42b4-9.raw,0.5294117647058824,0.5714285714285714,0.18593260909593085,,0.40826530483893275,0.6583783783783784,0.4838586956521738,0.6843702579666161,0.36682360789985624,,0.40813464235624125,0.7821128451380552,0.7407407407407407,0.6891891891891891,0.49885057471264366,0.6909090909090909,0.6802325581395349,0.5686274509803921,0.489247311827957,0.5419847328244275,0.6428571428571429,0.703125,0.6428571428571429,0.5950539503790572,0.7047400911017114,0.5950539503790572,0.02247191011235955,9.260116677470137e-05,0.02247191011235955,0.0,0.0,0.0,0.0,0.0,0.0,0.0,0.13333333333333333,0.0,0.0,0.0,0.0,0.047920433996383786,0.07323943661971842,0.1766666666666668,1.0,1.0,1.0,,1.0,1.0,,0.6363636363636364,0.5,,
Spyware-TIBS-992eed3db41572414b500aecbe50a54ccd1e5faa2561dec87e1fe3c2db678f44-8.raw,0.5294117647058824,0.5714285714285714,0.19443932977352238,,0.41134702708142024,0.6572972972972972,0.48228260869565215,0.6874051593323217,0.37012115625541087,,0.4109396914446003,0.7851140456182473,0.7407407407407407,0.6891891891891891,0.5057471264367817,0.6909090909090909,0.6802325581395349,0.5686274509803921,0.4946236559139785,0.5419847328244275,0.6428571428571429,0.703125,0.6428571428571429,0.5991834130454686,0.7122340462986003,0.5991834130454686,0.02247191011235955,9.260116677470137e-05,0.02247191011235955,0.0,0.0,0.0,0.0,0.0,0.0,0.0,0.13333333333333333,0.0,0.0,0.0,0.0,0.047920433996383786,0.07323943661971842,0.1766666666666668,1.0,1.0,1.0,,1.0,1.0,,0.6363636363636364,0.0,,
Spyware-TIBS-0149e4302db69ee3430709369101d4e70f5d8bfce7c76555cb835f4862a03879-5.raw,0.38235294117647056,0.42857142857142855,0.24993555514638183,,0.31276336146715134,0.412972972972973,0.41428571428571426,0.38174723607197053,0.31828868399436067,,0.8751753155680224,0.2545018007202881,0.4444444444444444,0.24517374517374518,0.29195402298850576,0.4727272727272727,0.27325581395348836,0.27450980392156865,0.16666666666666666,0.366412213740458,0.5238095238095238,0.53125,0.5238095238095238,0.6296156876769887,0.7086932510800552,0.6296156876769887,0.6629213483146067,0.8591999259190666,0.6629213483146067,0.6588235294117647,0.0,0.0,0.07692307692307693,0.0,0.07692307692307693,0.0,0.13333333333333333,0.0,0.0,0.11648351648351621,0.0,0.2327563936967193,0.10985915492957736,0.2612885154061625,0.0,0.6363636363636364,0.5,,0.6666666666666666,0.6666666666666666,,0.2727272727272727,1.0,,
Spyware-TIBS-87163ea3765848c449bf0ff0549bacf6a38706b9004b2262e20b822fb5f4e852-10.raw,0.38235294117647056,0.35714285714285715,0.2791014546124103,,0.5102451541490043,0.5254054054054054,0.6016149068322983,0.5517017125514849,0.475945539706629,,0.3800841514726508,0.6368547418967587,0.5185185185185185,0.5154440154440154,0.39770114942528734,0.509090909090909,0.5843023255813954,0.45098039215686275,0.3602150537634409,0.46564885496183206,0.6190476190476191,0.609375,0.6190476190476191,0.6848960941793235,0.7141137100773849,0.6848960941793235,0.011235955056179775,4.630058338735068e-05,0.011235955056179775,0.0,0.0,0.0,0.0,0.0,0.0,0.0,0.13333333333333333,0.0,0.0,0.0,0.0,0.109532420563162,0.10985915492957736,0.2612885154061625,1.0,1.0,1.0,,1.0,1.0,,0.7272727272727273,0.5,,
Spyware-TIBS-4754c35288a9488036c211c68f36f86496240000164edd36f9eaaeed12e65dbf-2.raw,0.4411764705882353,0.42857142857142855,0.38411620974684857,,0.2736749529242705,0.46054054054054056,0.36462984723854286,0.42965532191632344,0.27232005939265164,,0.6199158485273493,0.27911164465786314,0.5185185185185185,0.33976833976833976,0.5793103448275863,0.5454545454545454,0.2936046511627907,0.3333333333333333,0.20967741935483872,0.4122137404580153,0.6428571428571429,0.640625,0.6428571428571429,0.7753027268323995,0.8771611167171234,0.7753027268323995,0.6292134831460674,0.8544309658301694,0.6292134831460674,0.4894117647058824,0.0,0.0,0.07692307692307693,0.0,0.07692307692307693,0.0,0.13333333333333333,0.0,0.0,0.1101871101871101,0.0,0.19945261717413634,0.09402360106585443,0.2246952835188128,0.0,0.6363636363636364,0.5,,0.6666666666666666,0.6666666666666666,,0.36363636363636365,1.0,,
Spyware-TIBS-4754c35288a9488036c211c68f36f86496240000164edd36f9eaaeed12e65dbf-7.raw,0.4411764705882353,0.42857142857142855,0.27069326737896054,,0.3103224606727707,0.5178378378378379,0.45493537015276164,0.4630392369390852,0.3126234281827637,,0.638148667601683,0.3559423769507803,0.5185185185185185,0.38996138996138996,0.4367816091954023,0.5454545454545454,0.4011627906976744,0.35294117647058826,0.25268817204301075,0.4198473282442748,0.7380952380952381,0.703125,0.7380952380952381,0.8612914422642334,0.904736996672718,0.8612914422642334,0.6853932584269663,0.856745994999537,0.6853932584269663,0.5364705882352941,0.0,0.0,0.07692307692307693,0.0,0.07692307692307693,0.0,0.13333333333333333,0.0,0.0,0.1101871101871101,0.0,0.19945261717413634,0.09402360106585443,0.2246952835188128,0.0,0.0,0.0,,0.0,0.0,,0.36363636363636365,1.0,,
Spyware-TIBS-6666171e4b060f807fe35397acf8a6b5851d02614d02d63d32142e126aac932d-3.raw,0.5588235294117647,0.5714285714285714,0.25080499930390565,,0.46765019982874884,0.7751351351351351,0.5919936373276777,0.7884240190765228,0.43036747960854965,,0.4067321178120617,0.8607442977190877,0.7777777777777778,0.6544401544401545,0.6873563218390805,0.7818181818181819,0.7965116279069767,0.8235294117647058,0.5913978494623656,0.8015267175572519,0.7142857142857143,0.765625,0.7142857142857143,0.565019832698423,0.5955114549463706,0.565019832698423,0.02247191011235955,9.260116677470137e-05,0.02247191011235955,0.0,0.1,0.0,0.07692307692307693,0.1,0.07692307692307693,0.1,0.2,0.1261904761904762,0.0,0.09706959706959704,0.1261904761904762,0.13006974941875502,0.18309859154929575,0.24248366013071884,1.0,1.0,1.0,,1.0,1.0,,0.9090909090909091,1.0,,
Spyware-TIBS-979db6d35d22f609cbdd3515bea40d29c89bf89364999c4218ab5dfffd7fc11a-10.raw,0.5588235294117647,0.5,0.18164466859177905,,0.5028698826000347,0.7513513513513513,0.5581654294803813,0.8241924994580533,0.5187463714236241,,0.97054698457223,0.7887154861944778,0.7407407407407407,0.7722007722007722,0.5287356321839081,0.6909090909090909,0.7238372093023255,0.7058823529411765,0.5645161290322581,0.7633587786259542,0.7857142857142857,0.796875,0.7857142857142857,0.6852328773552845,0.6932356884954669,0.6852328773552845,0.6966292134831461,0.8567922955829244,0.6966292134831461,0.4470588235294118,0.0,0.0,0.07692307692307693,0.0,0.07692307692307693,0.0,0.13333333333333333,0.0,0.0,0.09943714821763594,0.0,0.1425925109160679,0.06698728959120563,0.16221903395504544,1.0,1.0,1.0,,1.0,1.0,,0.8181818181818182,1.0,,
Spyware-TIBS-961bfaad26e065fccd479a8aea79ac6f02bfed983259420097133a86e0fc2d21-8.raw,0.4117647058823529,0.42857142857142855,0.2716299433294462,,0.3730211639546113,0.49405405405405406,0.4815821256038646,0.4769130717537394,0.38307581050937556,,0.8962131837307152,0.34633853541416565,0.48148148148148145,0.29922779922779924,0.3816091954022989,0.509090909090909,0.43023255813953487,0.39215686274509803,0.20967741935483872,0.3969465648854962,0.5952380952380952,0.59375,0.5952380952380952,0.6593684954640058,0.7008090884810635,0.6593684954640058,0.6629213483146067,0.8591999259190666,0.6629213483146067,0.6588235294117647,0.0,0.0,0.07692307692307693,0.0,0.07692307692307693,0.0,0.13333333333333333,0.0,0.0,0.11324786324786294,0.0,0.21564195298372554,0.10172143974960857,0.24248366013071884,1.0,0.0,0.0,,0.0,0.0,,0.45454545454545453,1.0,,
Spyware-TIBS-961bfaad26e065fccd479a8aea79ac6f02bfed983259420097133a86e0fc2d21-7.raw,0.38235294117647056,0.42857142857142855,0.29206407659731176,,0.3925107860278486,0.4572972972972973,0.4881366459627328,0.4504660741383048,0.40613093850787574,,0.8877980364656382,0.32232893157262904,0.4444444444444444,0.28378378378378377,0.3632183908045977,0.4727272727272727,0.36046511627906974,0.29411764705882354,0.20430107526881722,0.37404580152671757,0.5952380952380952,0.578125,0.5952380952380952,0.7001546361387124,0.7329960384198544,0.7001546361387124,0.6629213483146067,0.8591999259190666,0.6629213483146067,0.6588235294117647,0.0,0.0,0.07692307692307693,0.0,0.07692307692307693,0.0,0.13333333333333333,0.0,0.0,0.11648351648351621,0.0,0.2327563936967193,0.10985915492957736,0.2612885154061625,0.0,0.0,0.0,,0.0,0.0,,0.36363636363636365,1.0,,
Spyware-TIBS-961bfaad26e065fccd479a8aea79ac6f02bfed983259420097133a86e0fc2d21-2.raw,0.4411764705882353,0.42857142857142855,0.3963781494622958,,0.2831937861056988,0.4648648648648649,0.37144535840188037,0.4383264686754823,0.2827884668706021,,0.6016830294530154,0.29471788715486197,0.5185185185185185,0.33976833976833976,0.6229885057471264,0.5454545454545454,0.2936046511627907,0.3333333333333333,0.20967741935483872,0.42748091603053434,0.6428571428571429,0.640625,0.6428571428571429,0.7701971611396105,0.8683477433852453,0.7701971611396105,0.6292134831460674,0.8573016020001852,0.6292134831460674,0.4894117647058824,0.0,0.0,0.07692307692307693,0.0,0.07692307692307693,0.0,0.13333333333333333,0.0,0.0,0.1101871101871101,0.0,0.19945261717413634,0.09402360106585443,0.2246952835188128,0.0,0.6363636363636364,0.5,,0.6666666666666666,0.6666666666666666,,0.36363636363636365,1.0,,
Spyware-TIBS-0149e4302db69ee3430709369101d4e70f5d8bfce7c76555cb835f4862a03879-4.raw,0.38235294117647056,0.42857142857142855,0.24669489965015629,,0.2893674293405113,0.4097297297297297,0.40888198757763994,0.3615868198569261,0.29251792793834547,,0.8681626928471248,0.2112845138055222,0.4444444444444444,0.23938223938223938,0.271264367816092,0.4727272727272727,0.2703488372093023,0.27450980392156865,0.15591397849462366,0.366412213740458,0.5,0.515625,0.5,0.5922205809385792,0.6771422135260717,0.5922205809385792,0.6629213483146067,0.8591999259190666,0.6629213483146067,0.6588235294117647,0.0,0.0,0.07692307692307693,0.0,0.07692307692307693,0.0,0.13333333333333333,0.0,0.0,0.11648351648351621,0.0,0.2327563936967193,0.10985915492957736,0.2612885154061625,0.0,0.6363636363636364,0.5,,0.6666666666666666,0.6666666666666666,,0.2727272727272727,1.0,,
Spyware-TIBS-5045036bec213df4c03e57feb5f3b97b6e676eb3a1ab220d1596ad71f3246baa-9.raw,0.5294117647058824,0.5714285714285714,0.23697293316148038,,0.5044590634080075,0.7372972972972973,0.598913043478261,0.779102536310427,0.46975422442681225,,0.44600280504908835,0.8691476590636255,0.7407407407407407,0.7992277992277992,0.5816091954022988,0.6909090909090909,0.811046511627907,0.6274509803921569,0.5483870967741935,0.6564885496183206,0.9285714285714286,0.890625,0.9285714285714286,0.9287349073966326,0.9523356219591225,0.9287349073966326,0.033707865168539325,0.013010463931845542,0.033707865168539325,0.0,0.0,0.0,0.0,0.0,0.0,0.0,0.13333333333333333,0.0,0.0,0.0,0.0,0.047920433996383786,0.07323943661971842,0.1766666666666668,1.0,1.0,1.0,,1.0,1.0,,0.6363636363636364,0.5,,
Spyware-TIBS-4579cff31815c40492e3f2dd85eb22f5084a96d95d850a31d48bd79553fe42b4-7.raw,0.5588235294117647,0.5714285714285714,0.16227977599238363,,0.38819115943011595,0.6962162162162162,0.47974549310710507,0.7082159115543031,0.3453435847266527,,0.40953716690042075,0.7953181272509003,0.7777777777777778,0.7084942084942085,0.5149425287356322,0.7272727272727273,0.686046511627907,0.6274509803921569,0.4946236559139785,0.5648854961832062,0.6666666666666666,0.734375,0.6666666666666666,0.5874389438587737,0.6940583581424677,0.5874389438587737,0.02247191011235955,9.260116677470137e-05,0.02247191011235955,0.0,0.2,0.0,0.15384615384615385,0.2,0.15384615384615385,0.2,0.26666666666666666,0.24651162790697662,0.0,0.18962432915921273,0.24651162790697662,0.21842802472770118,0.2938093678349162,0.31901504787961676,1.0,1.0,1.0,,1.0,1.0,,0.6363636363636364,0.5,,
Spyware-TIBS-78791f14568516cded277d28fae715f599d5074532d9a5f41fd1f0a14d648db2-6.raw,0.6470588235294118,0.5714285714285714,0.17510587368808717,,0.4244943745704742,0.8518918918918919,0.5244071146245062,0.8786039453717754,0.4293948618292596,,0.7307152875175316,0.8619447779111644,0.8518518518518519,0.7857142857142857,0.6781609195402298,0.8909090909090909,0.8691860465116279,0.8627450980392157,0.6881720430107527,0.9236641221374046,0.8571428571428571,0.890625,0.8571428571428571,0.7019773481711866,0.7406100965307386,0.7019773481711866,0.6966292134831461,0.8567922955829244,0.6966292134831461,0.4470588235294118,0.2,0.0,0.23076923076923078,0.2,0.23076923076923078,0.2,0.3333333333333333,0.23043478260869565,0.0,0.265886287625418,0.23043478260869565,0.2729381240663575,0.26270667483159826,0.3569479965899405,1.0,1.0,1.0,,1.0,1.0,,0.9090909090909091,0.5,,
Spyware-TIBS-98f79b05b432de9dd246e9fec02ce0e37acbfbe0798d10c621c0b397e05ea470-2.raw,0.29411764705882354,0.35714285714285715,0.4921745534892285,,0.3190604520697852,0.3005405405405405,0.42554347826086963,0.26121829611966185,0.27137135996496187,,0.2903225806451613,0.22328931572629052,0.37037037037037035,0.19111969111969113,0.4528735632183908,0.38181818181818183,0.10755813953488372,0.1568627450980392,0.0913978494623656,0.1984732824427481,0.47619047619047616,0.46875,0.47619047619047616,0.6768819497586783,0.7812647373784332,0.6768819497586783,0.011235955056179775,4.630058338735068e-05,0.011235955056179775,0.0,0.1,0.0,0.07692307692307693,0.1,0.07692307692307693,0.1,0.13333333333333333,0.16060606060606064,0.0,0.12354312354312355,0.16060606060606064,0.2700969916159792,0.2829705505761845,0.3023172905525847,0.0,0.6363636363636364,0.5,,0.6666666666666666,0.6666666666666666,,0.2727272727272727,1.0,,
Spyware-TIBS-404929a7b78f384d1d1715f06d93c3cf0301d8027cb5e721ffff4d89e1b7da7c-9.raw,0.5294117647058824,0.5714285714285714,0.19160375621432513,,0.4100262889774972,0.6605405405405406,0.48701086956521755,0.6861044873184479,0.36870792124588764,,0.4123422159887798,0.7827130852340937,0.7407407407407407,0.694980694980695,0.496551724137931,0.6909090909090909,0.6773255813953488,0.5686274509803921,0.4946236559139785,0.5343511450381679,0.6428571428571429,0.703125,0.6428571428571429,0.5960842798214648,0.7066098846567542,0.5960842798214648,0.02247191011235955,9.260116677470137e-05,0.02247191011235955,0.0,0.0,0.0,0.0,0.0,0.0,0.0,0.13333333333333333,0.0,0.0,0.0,0.0,0.047920433996383786,0.07323943661971842,0.1766666666666668,1.0,1.0,1.0,,1.0,1.0,,0.6363636363636364,0.5,,
Spyware-TIBS-327c5b55bece5d32b51b019eae79acd917c944de61153db2fea6a3f59b070a97-2.raw,0.29411764705882354,0.35714285714285715,0.5134413551832075,,0.3220871435579426,0.2983783783783784,0.4216032608695653,0.26360286147843054,0.27461002352845304,,0.28892005610098176,0.2262905162064826,0.37037037037037035,0.1891891891891892,0.4804597701149425,0.38181818181818183,0.10755813953488372,0.1568627450980392,0.0913978494623656,0.1984732824427481,0.47619047619047616,0.46875,0.47619047619047616,0.6796097563447521,0.7860959708664363,0.6796097563447521,0.011235955056179775,4.630058338735068e-05,0.011235955056179775,0.0,0.2,0.0,0.15384615384615385,0.2,0.15384615384615385,0.2,0.2,0.311764705882353,0.0,0.23981900452488686,0.311764705882353,0.37772577385384565,0.42004971002485514,0.397347174163783,0.0,0.6363636363636364,0.5,,0.6666666666666666,0.6666666666666666,,0.2727272727272727,1.0,,
Spyware-TIBS-404929a7b78f384d1d1715f06d93c3cf0301d8027cb5e721ffff4d89e1b7da7c-5.raw,0.6176470588235294,0.6428571428571429,0.15520290494277025,,0.36272031681333256,0.7805405405405406,0.4838220424671388,0.7684803815304574,0.3180889106916011,,0.4319775596072931,0.843937575030012,0.8518518518518519,0.6891891891891891,0.5770114942528736,0.8545454545454545,0.7122093023255814,0.7647058823529411,0.5860215053763441,0.7786259541984732,0.7142857142857143,0.796875,0.7142857142857143,0.5668739906769802,0.6624853093018356,0.5668739906769802,0.02247191011235955,9.260116677470137e-05,0.02247191011235955,0.0,0.1,0.0,0.07692307692307693,0.1,0.07692307692307693,0.1,0.2,0.12045454545454536,0.0,0.09265734265734256,0.12045454545454536,0.10673187571921774,0.166453265044814,0.21256684491978625,1.0,1.0,1.0,,1.0,1.0,,0.9090909090909091,0.5,,
Spyware-TIBS-505c865b3cadf62b53d15f53d6d9a4293f7d7287fc88b54fa2b19974b3338a57-7.raw,0.4411764705882353,0.5,0.24003841809034215,,0.2917607359689852,0.5405405405405406,0.49071680376028204,0.4459137220897464,0.2421597286588785,,0.34642356241234223,0.3739495798319328,0.5555555555555556,0.5675675675675675,0.3632183908045977,0.5636363636363636,0.2877906976744186,0.43137254901960786,0.5161290322580645,0.40458015267175573,0.6428571428571429,0.671875,0.6428571428571429,0.6842933592096607,0.7933728660828128,0.6842933592096607,0.011235955056179775,4.630058338735068e-05,0.011235955056179775,0.0,0.1,0.0,0.07692307692307693,0.1,0.07692307692307693,0.1,0.2,0.1394736842105263,0.0,0.10728744939271251,0.1394736842105263,0.18411535167031515,0.22164566345441064,0.31176470588235283,0.0,0.8181818181818182,1.0,,0.6666666666666666,0.8333333333333334,,0.45454545454545453,1.0,,
Spyware-TIBS-7651d72f90c1aaecc18a032dd6140ec4def8a836e7efcfc83b9a3389345dcb10-9.raw,0.5294117647058824,0.5714285714285714,0.18593260909593085,,0.40606407466572736,0.6562162162162162,0.48070652173913053,0.6822024712768263,0.36446821621731723,,0.4109396914446003,0.78031212484994,0.7407407407407407,0.694980694980695,0.4942528735632184,0.6909090909090909,0.6831395348837209,0.5686274509803921,0.4838709677419355,0.5419847328244275,0.6666666666666666,0.71875,0.6666666666666666,0.6357243559424404,0.7470078262061176,0.6357243559424404,0.033707865168539325,0.00013890175016205206,0.033707865168539325,0.0,0.0,0.0,0.0,0.0,0.0,0.0,0.13333333333333333,0.0,0.0,0.0,0.0,0.047920433996383786,0.07323943661971842,0.1766666666666668,1.0,1.0,1.0,,1.0,1.0,,0.6363636363636364,0.0,,
Spyware-TIBS-2361f526473d9f47642b2c9504cf0e0ffa62f222eccbdf665035ad4658cfb915-7.raw,0.47058823529411764,0.5,0.2250336760701238,,0.46803449675244074,0.5913513513513513,0.5060068649885585,0.6522870149577281,0.4845740942564091,,0.3758765778401122,0.7521008403361344,0.6296296296296297,0.6486486486486487,0.4896551724137931,0.5818181818181818,0.6569767441860465,0.5686274509803921,0.5053763440860215,0.5267175572519084,0.6190476190476191,0.640625,0.6190476190476191,0.6203386957752927,0.6751071534650052,0.6203386957752927,0.02247191011235955,9.260116677470137e-05,0.02247191011235955,0.0,0.4,0.0,0.38461538461538464,0.4,0.38461538461538464,0.4,0.4666666666666667,0.5047619047619047,0.0,0.4853479853479852,0.5047619047619047,0.5408163265306122,0.5492957746478873,0.6185807656395894,1.0,1.0,1.0,,1.0,1.0,,0.6363636363636364,0.0,,
Spyware-TIBS-961bfaad26e065fccd479a8aea79ac6f02bfed983259420097133a86e0fc2d21-1.raw,0.4411764705882353,0.42857142857142855,0.3902471796045723,,0.22274919540362775,0.4540540540540541,0.35440658049353707,0.38326468675482334,0.21631407938561192,,0.3225806451612903,0.28031212484994,0.5185185185185185,0.31467181467181465,0.6068965517241379,0.5454545454545454,0.2936046511627907,0.3333333333333333,0.1989247311827957,0.4122137404580153,0.6190476190476191,0.625,0.6190476190476191,0.7434636308757654,0.853838613963243,0.7434636308757654,0.5168539325842697,0.03926289471247338,0.5168539325842697,0.39529411764705885,0.4,0.0,0.38461538461538464,0.4,0.38461538461538464,0.4,0.3333333333333333,0.5170731707317076,0.0,0.4971857410881801,0.5170731707317076,0.5633572972257754,0.5671590518722089,0.4511716881874701,0.0,0.6363636363636364,0.5,,0.6666666666666666,0.6666666666666666,,0.36363636363636365,1.0,,
Spyware-TIBS-35687c2a333d215c400adb744ca367dae9ce2b5fcc705ac639b11bc319d50475-5.raw,0.6470588235294118,0.7142857142857143,0.16221690296446337,,0.414688894708014,0.8843243243243243,0.5673913043478261,0.8677650119228268,0.3736970690825385,,0.43478260869565216,0.9033613445378151,0.8888888888888888,0.9054054054054054,0.6528735632183909,0.8181818181818182,0.8488372093023255,0.9215686274509803,0.7849462365591398,0.7480916030534351,0.7380952380952381,0.828125,0.7380952380952381,0.5134215077505317,0.5677891143750541,0.5134215077505317,0.02247191011235955,9.260116677470137e-05,0.02247191011235955,0.0,0.3,0.0,0.23076923076923078,0.3,0.23076923076923078,0.3,0.3333333333333333,0.3382978723404254,0.0,0.26022913256955793,0.3382978723404254,0.2589742603208804,0.36230146838477667,0.34050896954526483,1.0,1.0,1.0,,1.0,1.0,,0.9090909090909091,0.5,,
Spyware-TIBS-8217ae4fbd1555e6e06a5d3f18231377941f07d100b5ad62a8b31b9f1b64703e-9.raw,0.5882352941176471,0.6428571428571429,0.18296200822439085,,0.46089567007542886,0.8097297297297297,0.5809006211180126,0.8270106221547799,0.4231399014142778,,0.4361851332398317,0.8523409363745498,0.8148148148148148,0.9884169884169884,0.6,0.8363636363636363,0.7383720930232558,0.7843137254901961,0.956989247311828,0.8015267175572519,0.7619047619047619,0.8125,0.7619047619047619,0.6251149879987473,0.6790247735854779,0.6251149879987473,0.02247191011235955,9.260116677470137e-05,0.02247191011235955,0.0,0.1,0.0,0.07692307692307693,0.1,0.07692307692307693,0.1,0.2,0.12325581395348803,0.0,0.09481216457960615,0.12325581395348803,0.11812944194457309,0.17458237798886347,0.22717738258093945,1.0,1.0,1.0,,1.0,1.0,,0.6363636363636364,0.0,,
Spyware-TIBS-5045036bec213df4c03e57feb5f3b97b6e676eb3a1ab220d1596ad71f3246baa-8.raw,0.5294117647058824,0.5714285714285714,0.22846621248388888,,0.5053395554772896,0.7372972972972973,0.598913043478261,0.779969650986343,0.4706963810998278,,0.44600280504908835,0.8691476590636255,0.7407407407407407,0.7992277992277992,0.5908045977011495,0.6909090909090909,0.811046511627907,0.6274509803921569,0.5483870967741935,0.6564885496183206,0.9285714285714286,0.890625,0.9285714285714286,0.9263692421335116,0.9484880158258558,0.9263692421335116,0.033707865168539325,0.013010463931845542,0.033707865168539325,0.0,0.1,0.0,0.07692307692307693,0.1,0.07692307692307693,0.1,0.2,0.12926829268292675,0.0,0.09943714821763594,0.12926829268292675,0.1425925109160679,0.1920302301614563,0.25853658536585356,1.0,1.0,1.0,,1.0,1.0,,0.6363636363636364,0.5,,
Spyware-TIBS-979db6d35d22f609cbdd3515bea40d29c89bf89364999c4218ab5dfffd7fc11a-3.raw,0.4411764705882353,0.42857142857142855,0.2890861769521317,,0.27034336131077047,0.4648648648648649,0.37144535840188037,0.42662042055061783,0.2686561167753679,,0.8597475455820477,0.25570228091236497,0.5185185185185185,0.33976833976833976,0.4666666666666667,0.5454545454545454,0.2936046511627907,0.3333333333333333,0.20967741935483872,0.42748091603053434,0.6428571428571429,0.640625,0.6428571428571429,0.7701971611396105,0.8683477433852453,0.7701971611396105,0.6292134831460674,0.8544309658301694,0.6292134831460674,0.4894117647058824,0.0,0.0,0.07692307692307693,0.0,0.07692307692307693,0.0,0.13333333333333333,0.0,0.0,0.1101871101871101,0.0,0.19945261717413634,0.09402360106585443,0.2246952835188128,0.0,0.6363636363636364,0.5,,0.6666666666666666,0.6666666666666666,,0.36363636363636365,1.0,,
Spyware-TIBS-992eed3db41572414b500aecbe50a54ccd1e5faa2561dec87e1fe3c2db678f44-1.raw,0.5882352941176471,0.5714285714285714,0.28828331185171546,,0.45146182647597743,0.7848648648648648,0.5463768115942028,0.8172555820507262,0.41304536563196786,,0.4319775596072931,0.8853541416566627,0.8148148148148148,0.666023166023166,0.8160919540229885,0.8181818181818182,0.813953488372093,0.7058823529411765,0.5752688172043011,0.7633587786259542,0.7619047619047619,0.8125,0.7619047619047619,0.6212916675450701,0.6722785361714693,0.6212916675450701,0.02247191011235955,9.260116677470137e-05,0.02247191011235955,0.0,0.2,0.0,0.15384615384615385,0.2,0.15384615384615385,0.2,0.26666666666666666,0.2409090909090907,0.0,0.18531468531468512,0.2409090909090907,0.20475094525727447,0.2829705505761845,0.3023172905525847,1.0,1.0,1.0,,1.0,1.0,,0.9090909090909091,0.0,,
Spyware-TIBS-5045036bec213df4c03e57feb5f3b97b6e676eb3a1ab220d1596ad71f3246baa-6.raw,0.5588235294117647,0.5714285714285714,0.2563378257608758,,0.5050174242324302,0.7772972972972974,0.5950689289501591,0.8261435074788641,0.4703516896340904,,0.4586255259467041,0.9099639855942377,0.7777777777777778,0.806949806949807,0.6781609195402298,0.7272727272727273,0.8284883720930233,0.7254901960784313,0.5483870967741935,0.7099236641221374,0.9285714285714286,0.90625,0.9285714285714286,0.8690835941655671,0.8871732311562268,0.8690835941655671,0.033707865168539325,0.013010463931845542,0.033707865168539325,0.0,0.2,0.0,0.15384615384615385,0.2,0.15384615384615385,0.2,0.26666666666666666,0.24651162790697662,0.0,0.18962432915921273,0.24651162790697662,0.21842802472770118,0.2938093678349162,0.31901504787961676,1.0,1.0,1.0,,1.0,1.0,,0.8181818181818182,0.5,,
Spyware-TIBS-570dbd214653ec1c9b7ff1f2c119060a7cacc28549706ece5f233ebdc05b1518-2.raw,0.38235294117647056,0.42857142857142855,0.42817160743877714,,0.2294939686293252,0.37405405405405406,0.34944099378882004,0.30977671797095163,0.1755321548250787,,0.3169705469845722,0.2647058823529412,0.48148148148148145,0.2413127413127413,0.5080459770114942,0.4909090909090909,0.1308139534883721,0.21568627450980393,0.0967741935483871,0.22137404580152673,0.5,0.53125,0.5,0.6313280237501494,0.7887906961262519,0.6313280237501494,0.011235955056179775,4.630058338735068e-05,0.011235955056179775,0.0,0.0,0.0,0.0,0.0,0.0,0.0,0.06666666666666667,0.0,0.0,0.0,0.0,0.109532420563162,0.10985915492957736,0.14845938375350132,0.0,0.6363636363636364,0.5,,0.6666666666666666,0.6666666666666666,,0.2727272727272727,1.0,,
Spyware-TIBS-98f79b05b432de9dd246e9fec02ce0e37acbfbe0798d10c621c0b397e05ea470-1.raw,0.29411764705882354,0.35714285714285715,0.4921745534892285,,0.31025553137696377,0.2983783783783784,0.4216032608695653,0.2542813787123347,0.2619497932348058,,0.28751753155680226,0.21308523409363744,0.37037037037037035,0.17567567567567569,0.4459770114942529,0.38181818181818183,0.10755813953488372,0.1568627450980392,0.0913978494623656,0.1984732824427481,0.4523809523809524,0.453125,0.4523809523809524,0.6350588751943153,0.744820071841076,0.6350588751943153,0.011235955056179775,4.630058338735068e-05,0.011235955056179775,0.0,0.5,0.0,0.38461538461538464,0.5,0.38461538461538464,0.5,0.4,0.7162162162162162,0.0,0.5509355509355508,0.7162162162162162,0.6657054884902988,0.7868290826037309,0.6516163222045577,0.0,0.6363636363636364,0.5,,0.6666666666666666,0.6666666666666666,,0.2727272727272727,1.0,,
Spyware-TIBS-87163ea3765848c449bf0ff0549bacf6a38706b9004b2262e20b822fb5f4e852-2.raw,0.5588235294117647,0.5,0.2840019580457268,,0.48117971211284033,0.7816216216216216,0.6012195121951222,0.8020810752221982,0.4448445211695213,,0.4165497896213184,0.8769507803121248,0.7777777777777778,0.6525096525096525,0.7402298850574712,0.7818181818181819,0.7965116279069767,0.8235294117647058,0.6021505376344086,0.8015267175572519,0.7380952380952381,0.78125,0.7380952380952381,0.5918401521753532,0.6156935223561857,0.5918401521753532,0.02247191011235955,9.260116677470137e-05,0.02247191011235955,0.0,0.2,0.0,0.15384615384615385,0.2,0.15384615384615385,0.2,0.26666666666666666,0.24651162790697662,0.0,0.18962432915921273,0.24651162790697662,0.21842802472770118,0.2938093678349162,0.31901504787961676,1.0,1.0,1.0,,1.0,1.0,,1.0,0.5,,
Spyware-TIBS-3760770f4e0ecfe15d832609a805cbe1f8f32ca7e011fd5c6a0ad98750afe2e8-3.raw,0.8235294117647058,1.0,0.0985969434726569,,0.23291530924139317,0.9362162162162162,0.3328695652173914,0.9104704097116844,0.33039696348771996,,0.5525946704067322,0.9159663865546218,0.9629629629629629,0.747104247104247,0.8206896551724138,0.9636363636363636,0.9651162790697675,0.9411764705882353,0.6344086021505376,0.9770992366412213,0.7380952380952381,0.859375,0.7380952380952381,0.4714722106281573,0.549802370052843,0.4714722106281573,0.8764044943820225,0.9818038707287712,0.8764044943820225,0.5725490196078431,0.0,0.0,0.3076923076923077,0.0,0.3076923076923077,0.0,0.4,0.0,0.0,0.3261538461538462,0.0,0.3066907775768539,0.021971830985915583,0.3741176470588237,1.0,1.0,1.0,,1.0,1.0,,0.9090909090909091,0.5,,
Spyware-TIBS-7469e64fea64885609ff5e5a6256e808fdd81e6f797d5706b1cf4a96c96d0c1b-4.raw,0.5294117647058824,0.5714285714285714,0.22846621248388888,,0.45713261468409205,0.7124324324324325,0.5626630434782608,0.732495122479948,0.41911330325222296,,0.40252454417952316,0.8163265306122449,0.7407407407407407,0.6351351351351351,0.5885057471264368,0.7454545454545455,0.6918604651162791,0.7647058823529411,0.5806451612903226,0.7709923664122137,0.6904761904761905,0.734375,0.6904761904761905,0.5889684027421882,0.6338136270700121,0.5889684027421882,0.02247191011235955,9.260116677470137e-05,0.02247191011235955,0.0,0.4,0.0,0.3076923076923077,0.4,0.3076923076923077,0.4,0.4,0.4818181818181819,0.0,0.3706293706293706,0.4818181818181819,0.4007890843333884,0.5160051216389243,0.4818181818181817,1.0,1.0,1.0,,1.0,1.0,,0.9090909090909091,0.5,,
Spyware-TIBS-306cacba59ca07650c4ff93e770a530fee5ab0bd21fbbdacc6450bf5f8227b66-10.raw,0.6176470588235294,0.5,0.21059550470383195,,0.4960227207906995,0.8518918918918919,0.5805864509605665,0.9098200737047475,0.5088312940552217,,1.0,0.8505402160864346,0.8148148148148148,0.8088803088803089,0.671264367816092,0.8,0.7761627906976745,0.8235294117647058,0.6451612903225806,0.8549618320610687,0.7857142857142857,0.828125,0.7857142857142857,0.5962947176173786,0.6021538636253987,0.5962947176173786,0.6966292134831461,0.8567922955829244,0.6966292134831461,0.4470588235294118,0.0,0.0,0.07692307692307693,0.0,0.07692307692307693,0.0,0.13333333333333333,0.0,0.0,0.09481216457960615,0.0,0.11812944194457309,0.05535538814281023,0.1353397172822618,1.0,1.0,1.0,,1.0,1.0,,0.9090909090909091,1.0,,
Spyware-TIBS-30533d67f47b9264c85d2a594ee58789410e4f2d0e5f38cbc487908da385c8bb-7.raw,0.4411764705882353,0.5,0.24923487287692783,,0.5087901325055575,0.5902702702702702,0.5690951821386604,0.6436158681985693,0.4743886167102945,,0.3758765778401122,0.7424969987995198,0.6296296296296297,0.6467181467181468,0.46436781609195404,0.5818181818181818,0.6540697674418605,0.5686274509803921,0.4838709677419355,0.5190839694656488,0.6190476190476191,0.640625,0.6190476190476191,0.6225185942383995,0.6789597517669678,0.6225185942383995,0.02247191011235955,9.260116677470137e-05,0.02247191011235955,0.0,0.3,0.0,0.23076923076923078,0.3,0.23076923076923078,0.3,0.3333333333333333,0.39750000000000013,0.0,0.3057692307692308,0.39750000000000013,0.3713833634719714,0.45774647887323966,0.4728431372549021,1.0,1.0,1.0,,1.0,1.0,,0.6363636363636364,0.5,,
Spyware-TIBS-954f736dfd60b84b6e7b02b873945bb19058beb1f7be314716f5c924f632f598-1.raw,0.29411764705882354,0.35714285714285715,0.4921745534892285,,0.3108058389202651,0.29621621621621624,0.41766304347826094,0.25471493605029266,0.2625386411554405,,0.2861150070126227,0.21368547418967587,0.37037037037037035,0.17567567567567569,0.4459770114942529,0.38181818181818183,0.10755813953488372,0.1568627450980392,0.0913978494623656,0.1984732824427481,0.4523809523809524,0.453125,0.4523809523809524,0.6377241090363025,0.749602884408172,0.6377241090363025,0.011235955056179775,4.630058338735068e-05,0.011235955056179775,0.0,0.5,0.0,0.38461538461538464,0.5,0.38461538461538464,0.5,0.3333333333333333,0.7162162162162162,0.0,0.5509355509355508,0.7162162162162162,0.6657054884902988,0.7868290826037309,0.5448860625331213,0.0,0.6363636363636364,0.5,,0.6666666666666666,0.6666666666666666,,0.2727272727272727,1.0,,
Spyware-TIBS-5065428bc91f6a12f48944a8c7299d559faf3d53e2c7c47db05bb9103450ab8d-5.raw,0.6764705882352942,0.6428571428571429,0.1638781480799526,,0.408191930499826,0.8897297297297297,0.5197584541062804,0.90505094298721,0.41052682993678524,,0.7349228611500701,0.879951980792317,0.8888888888888888,0.7953667953667953,0.7057471264367816,0.9090909090909091,0.8924418604651163,0.9411764705882353,0.6989247311827957,0.9618320610687023,0.8809523809523809,0.921875,0.8809523809523809,0.69356877206376,0.7318965008865357,0.69356877206376,0.6966292134831461,0.8567922955829244,0.6966292134831461,0.4470588235294118,0.1,0.0,0.15384615384615385,0.1,0.15384615384615385,0.1,0.26666666666666666,0.11521739130434783,0.0,0.177257525083612,0.11521739130434783,0.17918075320386836,0.15125535823637473,0.2710997442455242,1.0,1.0,1.0,,1.0,1.0,,1.0,0.5,,
Spyware-TIBS-3760770f4e0ecfe15d832609a805cbe1f8f32ca7e011fd5c6a0ad98750afe2e8-2.raw,0.7941176470588235,0.9285714285714286,0.10040245153483972,,0.19060856377368116,0.8248648648648649,0.2902626811594202,0.8196401474094949,0.3261609823985688,,0.4305750350631136,0.8589435774309724,0.8888888888888888,0.7046332046332047,0.767816091954023,0.8727272727272727,0.875,0.7647058823529411,0.5913978494623656,0.8320610687022901,0.7857142857142857,0.859375,0.7857142857142857,0.6220509708584129,0.7090931887585674,0.6220509708584129,0.4044943820224719,0.42439114732845634,0.4044943820224719,0.2431372549019608,0.5,0.0,0.6923076923076923,0.5,0.6923076923076923,0.5,0.8,0.4907407407407405,0.0,0.6794871794871793,0.4907407407407405,0.6549125979505728,0.4814814814814815,0.7543936092955702,1.0,1.0,1.0,,1.0,1.0,,0.9090909090909091,0.5,,
Spyware-TIBS-570dbd214653ec1c9b7ff1f2c119060a7cacc28549706ece5f233ebdc05b1518-4.raw,0.38235294117647056,0.42857142857142855,0.1948444117105505,,0.13691651677337377,0.37405405405405406,0.34944099378882004,0.23000216778668978,0.07647111034800848,,0.3015427769985975,0.20108043217286914,0.48148148148148145,0.2413127413127413,0.1632183908045977,0.4909090909090909,0.1308139534883721,0.21568627450980393,0.0967741935483871,0.22137404580152673,0.5,0.53125,0.5,0.6313280237501494,0.7887906961262519,0.6313280237501494,0.011235955056179775,4.630058338735068e-05,0.011235955056179775,0.0,0.0,0.0,0.0,0.0,0.0,0.0,0.06666666666666667,0.0,0.0,0.0,0.0,0.109532420563162,0.10985915492957736,0.14845938375350132,0.0,0.6363636363636364,0.5,,0.6666666666666666,0.6666666666666666,,0.2727272727272727,1.0,,
Spyware-TIBS-574cbd37cab3adfdd1b55051c52471c180bc4b5e69e7e018d8f7039b644ed0fd-10.raw,0.4411764705882353,0.42857142857142855,0.24923487287692783,,0.4552466958600214,0.5762162162162162,0.5469447708578146,0.5950574463472794,0.47200493203457167,,0.908835904628331,0.49879951980792314,0.5555555555555556,0.43243243243243246,0.4045977011494253,0.5454545454545454,0.5813953488372093,0.49019607843137253,0.3064516129032258,0.5572519083969466,0.5714285714285714,0.59375,0.5714285714285714,0.538315007824994,0.5558112160542891,0.538315007824994,0.6629213483146067,0.8591999259190666,0.6629213483146067,0.6588235294117647,0.0,0.0,0.07692307692307693,0.0,0.07692307692307693,0.0,0.2,0.0,0.0,0.1101871101871101,0.0,0.19945261717413634,0.09402360106585443,0.33142554319024925,1.0,1.0,1.0,,1.0,1.0,,0.5454545454545454,1.0,,
Spyware-TIBS-1981a8ad7e1e19ce11df0ba175d0e34fd8f1b1511b571dc00e362a078867d775-9.raw,0.5588235294117647,0.5,0.2148416273335998,,0.3748764013092641,0.7372972972972973,0.5381760339342526,0.6947756340776068,0.3310963374761728,,0.41935483870967744,0.6932773109243697,0.7037037037037037,0.8243243243243243,0.5379310344827586,0.6727272727272727,0.5203488372093024,0.6078431372549019,0.7526881720430108,0.6106870229007634,0.6666666666666666,0.765625,0.6666666666666666,0.5317076238512537,0.6578558248535717,0.5317076238512537,0.011235955056179775,4.630058338735068e-05,0.011235955056179775,0.0,0.2,0.0,0.15384615384615385,0.2,0.15384615384615385,0.2,0.26666666666666666,0.24651162790697662,0.0,0.18962432915921273,0.24651162790697662,0.21842802472770118,0.2938093678349162,0.31901504787961676,1.0,1.0,1.0,,1.0,1.0,,0.8181818181818182,1.0,,
Spyware-TIBS-3760770f4e0ecfe15d832609a805cbe1f8f32ca7e011fd5c6a0ad98750afe2e8-5.raw,0.8823529411764706,0.9285714285714286,0.027576731866917788,,0.1522961007747363,0.8854054054054054,0.19034280936454837,0.8868415347929763,0.23064271212105808,,0.7307152875175316,0.8769507803121248,0.9259259259259259,0.7162162162162162,0.7195402298850575,1.0,0.8517441860465116,0.8823529411764706,0.6290322580645161,0.9312977099236641,0.7857142857142857,0.921875,0.7857142857142857,0.5748713115960926,0.7449692949992487,0.5748713115960926,0.9887640449438202,0.9985183813316048,0.9887640449438202,0.7905882352941177,0.1,0.0,0.38461538461538464,0.1,0.38461538461538464,0.1,0.8,0.09999999999999958,0.0,0.3846153846153845,0.09999999999999958,0.34900542495479203,0.10709540260430488,0.7764705882352942,1.0,1.0,1.0,,1.0,1.0,,0.9090909090909091,0.5,,
Spyware-TIBS-5555ad162e1d6f2cce4027b9c8f6d68e141d13498aa7ed59965dceb22f9bf1b9-8.raw,0.4117647058823529,0.42857142857142855,0.34724523824137127,,0.5476520910289034,0.5643243243243243,0.5954106280193237,0.6314762627357468,0.5159722434419667,,0.3800841514726508,0.7376950780312125,0.5925925925925926,0.61003861003861,0.5172413793103449,0.5272727272727272,0.5203488372093024,0.5294117647058824,0.43548387096774194,0.46564885496183206,0.5952380952380952,0.609375,0.5952380952380952,0.5856182136960488,0.6085796009852259,0.5856182136960488,0.02247191011235955,9.260116677470137e-05,0.02247191011235955,0.0,0.0,0.0,0.0,0.0,0.0,0.0,0.06666666666666667,0.0,0.0,0.0,0.0,0.0958408679927671,0.10172143974960857,0.13278867102396533,1.0,1.0,1.0,,1.0,1.0,,0.9090909090909091,1.0,,
Spyware-TIBS-87163ea3765848c449bf0ff0549bacf6a38706b9004b2262e20b822fb5f4e852-8.raw,0.4411764705882353,0.42857142857142855,0.24923487287692783,,0.5125976657781288,0.5989189189189189,0.582726204465335,0.6470843269022328,0.4784628077287403,,0.391304347826087,0.7454981992797118,0.6296296296296297,0.6486486486486487,0.46436781609195404,0.5818181818181818,0.6540697674418605,0.5686274509803921,0.489247311827957,0.5190839694656488,0.6190476190476191,0.640625,0.6190476190476191,0.6159967303293511,0.6674334709576241,0.6159967303293511,0.02247191011235955,9.260116677470137e-05,0.02247191011235955,0.0,0.0,0.0,0.0,0.0,0.0,0.0,0.13333333333333333,0.0,0.0,0.0,0.0,0.08288939934509591,0.09402360106585443,0.2246952835188128,1.0,1.0,1.0,,1.0,1.0,,0.7272727272727273,0.5,,
Spyware-TIBS-327c5b55bece5d32b51b019eae79acd917c944de61153db2fea6a3f59b070a97-6.raw,0.35294117647058826,0.35714285714285715,0.3837555644611003,,0.45199209480901825,0.4410810810810811,0.5303069053708442,0.45631909820073707,0.41361277091123466,,0.33099579242636745,0.5210084033613446,0.48148148148148145,0.3996138996138996,0.43448275862068964,0.45454545454545453,0.3372093023255814,0.37254901960784315,0.23655913978494625,0.3511450381679389,0.5714285714285714,0.5625,0.5714285714285714,0.6775630563597841,0.7257816007012313,0.6775630563597841,0.011235955056179775,4.630058338735068e-05,0.011235955056179775,0.0,0.0,0.0,0.0,0.0,0.0,0.0,0.13333333333333333,0.0,0.0,0.0,0.0,0.12402935857887491,0.11847555923777969,0.2811995386389851,1.0,1.0,1.0,,1.0,1.0,,0.5454545454545454,1.0,,
Spyware-TIBS-4754c35288a9488036c211c68f36f86496240000164edd36f9eaaeed12e65dbf-1.raw,0.4411764705882353,0.42857142857142855,0.38411620974684857,,0.2258428161875913,0.45837837837837836,0.36122209165687413,0.38608280945155,0.2197163118159461,,0.39270687237026647,0.2647058823529412,0.5185185185185185,0.32432432432432434,0.5678160919540229,0.5454545454545454,0.2936046511627907,0.3333333333333333,0.20967741935483872,0.4122137404580153,0.6190476190476191,0.625,0.6190476190476191,0.7384253320140942,0.845048439161245,0.7384253320140942,0.6404494382022472,0.8662839151773313,0.6404494382022472,0.49882352941176467,0.0,0.0,0.07692307692307693,0.0,0.07692307692307693,0.0,0.13333333333333333,0.0,0.0,0.1101871101871101,0.0,0.19945261717413634,0.09402360106585443,0.2246952835188128,0.0,0.6363636363636364,0.5,,0.6666666666666666,0.6666666666666666,,0.36363636363636365,1.0,,
Spyware-TIBS-9675cdaca063fc0ae0f9c3efb59251dcbf8c89cf9209b6df888c9c64a50e5f20-1.raw,0.29411764705882354,0.35714285714285715,0.4992634873872215,,0.30750399366045705,0.29945945945945945,0.42357336956521746,0.25211359202254496,0.25900555363163197,,0.2973352033660589,0.2070828331332533,0.37037037037037035,0.16602316602316602,0.45057471264367815,0.38181818181818183,0.10755813953488372,0.1568627450980392,0.0967741935483871,0.183206106870229,0.4523809523809524,0.453125,0.4523809523809524,0.633729565015061,0.742434599568157,0.633729565015061,0.011235955056179775,4.630058338735068e-05,0.011235955056179775,0.0,0.3,0.0,0.23076923076923078,0.3,0.23076923076923078,0.3,0.26666666666666666,0.4542857142857144,0.0,0.34945054945054943,0.4542857142857144,0.47920433996383405,0.5492957746478873,0.48694677871148445,0.0,0.6363636363636364,0.5,,0.6666666666666666,0.6666666666666666,,0.36363636363636365,1.0,,
Spyware-TIBS-0149e4302db69ee3430709369101d4e70f5d8bfce7c76555cb835f4862a03879-9.raw,0.5,0.5,0.23988121373501597,,0.562345772783377,0.6854054054054054,0.5851727982162768,0.7884240190765228,0.5867304134606985,,0.9607293127629734,0.7713085234093637,0.6666666666666666,0.666023166023166,0.5333333333333333,0.6181818181818182,0.686046511627907,0.6470588235294118,0.4946236559139785,0.7099236641221374,0.6190476190476191,0.65625,0.6190476190476191,0.5099230945185211,0.5135456931628852,0.5099230945185211,0.6741573033707865,0.859246226502454,0.6741573033707865,0.5270588235294117,0.0,0.0,0.07692307692307693,0.0,0.07692307692307693,0.0,0.13333333333333333,0.0,0.0,0.10453648915187361,0.0,0.16956461260258762,0.07981220657276962,0.1918552036199095,1.0,1.0,1.0,,1.0,1.0,,0.7272727272727273,1.0,,
Spyware-TIBS-589f74cdc865423cfb901a43f8fddab707b0e509a1053e15379dc61562f8659f-2.raw,0.29411764705882354,0.35714285714285715,0.5063524212852145,,0.3278653727626067,0.3027027027027027,0.429483695652174,0.26815521352698896,0.280792926695118,,0.29312762973352036,0.23169267707082833,0.37037037037037035,0.19305019305019305,0.47586206896551725,0.38181818181818183,0.10755813953488372,0.1568627450980392,0.10215053763440861,0.20610687022900764,0.5,0.484375,0.5,0.71849832049488,0.8175292810103341,0.71849832049488,0.011235955056179775,4.630058338735068e-05,0.011235955056179775,0.0,0.0,0.0,0.0,0.0,0.0,0.0,0.06666666666666667,0.0,0.0,0.0,0.0,0.15574141048824633,0.13732394366197195,0.20134803921568642,0.0,0.6363636363636364,0.5,,0.6666666666666666,0.6666666666666666,,0.2727272727272727,1.0,,
Spyware-TIBS-6666171e4b060f807fe35397acf8a6b5851d02614d02d63d32142e126aac932d-10.raw,0.38235294117647056,0.42857142857142855,0.2726201436199598,,0.5032012175947472,0.5178378378378379,0.5890062111801243,0.5456319098200737,0.46840828632250425,,0.37166900420757365,0.6290516206482593,0.5185185185185185,0.5173745173745173,0.38850574712643676,0.509090909090909,0.5843023255813954,0.45098039215686275,0.3548387096774194,0.46564885496183206,0.6190476190476191,0.609375,0.6190476190476191,0.6931868822993561,0.7283905559053828,0.6931868822993561,0.011235955056179775,4.630058338735068e-05,0.011235955056179775,0.0,0.0,0.0,0.0,0.0,0.0,0.0,0.13333333333333333,0.0,0.0,0.0,0.0,0.109532420563162,0.10985915492957736,0.2612885154061625,1.0,1.0,1.0,,1.0,1.0,,0.6363636363636364,1.0,,
Spyware-TIBS-589f74cdc865423cfb901a43f8fddab707b0e509a1053e15379dc61562f8659f-4.raw,0.29411764705882354,0.35714285714285715,0.27241760265144543,,0.23128639891322117,0.3027027027027027,0.429483695652174,0.1920659007153696,0.17745011662371785,,0.2805049088359046,0.16986794717887155,0.37037037037037035,0.19305019305019305,0.14942528735632185,0.38181818181818183,0.10755813953488372,0.1568627450980392,0.10215053763440861,0.20610687022900764,0.5,0.484375,0.5,0.71849832049488,0.8175292810103341,0.71849832049488,0.011235955056179775,4.630058338735068e-05,0.011235955056179775,0.0,0.0,0.0,0.0,0.0,0.0,0.0,0.06666666666666667,0.0,0.0,0.0,0.0,0.15574141048824633,0.13732394366197195,0.20134803921568642,0.0,0.6363636363636364,0.5,,0.6666666666666666,0.6666666666666666,,0.2727272727272727,1.0,,
Spyware-TIBS-2725437ab005d0af1ff71341ddc285cdb1225f0b33771aa4d382d6373647a577-8.raw,0.5294117647058824,0.5714285714285714,0.21995949180629715,,0.49697488081910923,0.7016216216216217,0.5469021739130434,0.7719488402341209,0.5135765886537436,,0.6900420757363254,0.7869147659063626,0.7037037037037037,0.696911196911197,0.5747126436781609,0.6727272727272727,0.8168604651162791,0.6862745098039216,0.543010752688172,0.6870229007633588,0.6428571428571429,0.6875,0.6428571428571429,0.5559007715230526,0.5998708522860868,0.5559007715230526,0.6741573033707865,0.859246226502454,0.6741573033707865,0.5270588235294117,0.0,0.0,0.07692307692307693,0.0,0.07692307692307693,0.0,0.2,0.0,0.0,0.10192307692307694,0.0,0.15574141048824633,0.07323943661971842,0.2753921568627452,1.0,1.0,1.0,,1.0,1.0,,0.6363636363636364,0.5,,
Spyware-TIBS-35687c2a333d215c400adb744ca367dae9ce2b5fcc705ac639b11bc319d50475-10.raw,0.5,0.5714285714285714,0.20207356627905323,,0.4657174123595929,0.6843243243243243,0.5835562987736901,0.6954259700845437,0.42829933081412513,,0.40953716690042075,0.7148859543817527,0.6666666666666666,0.8494208494208494,0.4781609195402299,0.6545454545454545,0.6569767441860465,0.6078431372549019,0.7956989247311828,0.5801526717557252,0.7142857142857143,0.734375,0.7142857142857143,0.6677563907184417,0.7104461912905,0.6677563907184417,0.011235955056179775,4.630058338735068e-05,0.011235955056179775,0.0,0.1,0.0,0.07692307692307693,0.1,0.07692307692307693,0.1,0.2,0.13250000000000006,0.0,0.10192307692307694,0.13250000000000006,0.15574141048824633,0.20140845070422547,0.2753921568627452,1.0,1.0,1.0,,1.0,1.0,,0.6363636363636364,0.5,,
Spyware-TIBS-4754c35288a9488036c211c68f36f86496240000164edd36f9eaaeed12e65dbf-3.raw,0.4411764705882353,0.42857142857142855,0.24923487287692783,,0.2253668745285203,0.47243243243243244,0.38337250293772035,0.385649252113592,0.21919289144204815,,0.6115007012622721,0.24909963985594238,0.5185185185185185,0.34555984555984554,0.3839080459770115,0.5454545454545454,0.311046511627907,0.3333333333333333,0.22043010752688172,0.4122137404580153,0.6666666666666666,0.65625,0.6666666666666666,0.8003576237222418,0.8892091004684611,0.8003576237222418,0.6741573033707865,0.8552643763311417,0.6741573033707865,0.5270588235294117,0.0,0.0,0.07692307692307693,0.0,0.07692307692307693,0.0,0.13333333333333333,0.0,0.0,0.1101871101871101,0.0,0.19945261717413634,0.09402360106585443,0.2246952835188128,0.0,0.6363636363636364,0.5,,0.6666666666666666,0.6666666666666666,,0.36363636363636365,1.0,,
Spyware-TIBS-599e4bde3509a8bf8d535685bcf40f703d68c03b3bb6343accac3ae6dc696248-3.raw,0.38235294117647056,0.42857142857142855,0.373080464002946,,0.21616080300876703,0.3978378378378378,0.3890683229813665,0.2982874485150661,0.16126521091941376,,0.3127629733520337,0.2575030012004802,0.48148148148148145,0.26640926640926643,0.47586206896551725,0.4909090909090909,0.1686046511627907,0.21568627450980393,0.11827956989247312,0.24427480916030533,0.5952380952380952,0.59375,0.5952380952380952,0.7692974504218603,0.8921737129257223,0.7692974504218603,0.02247191011235955,0.0029169367534030927,0.02247191011235955,0.0,0.0,0.0,0.0,0.0,0.0,0.0,0.06666666666666667,0.0,0.0,0.0,0.0,0.109532420563162,0.10985915492957736,0.14845938375350132,0.0,0.6363636363636364,0.5,,0.6666666666666666,0.6666666666666666,,0.2727272727272727,1.0,,
Spyware-TIBS-9675cdaca063fc0ae0f9c3efb59251dcbf8c89cf9209b6df888c9c64a50e5f20-9.raw,0.4411764705882353,0.42857142857142855,0.27069326737896054,,0.4769020413477712,0.5989189189189189,0.582726204465335,0.6145675265553869,0.44026726693080964,,0.3688639551192146,0.7136854741896759,0.6296296296296297,0.6216216216216216,0.4482758620689655,0.5818181818181818,0.4941860465116279,0.5686274509803921,0.45698924731182794,0.5114503816793893,0.6190476190476191,0.640625,0.6190476190476191,0.5883410569146215,0.6185567905798851,0.5883410569146215,0.02247191011235955,9.260116677470137e-05,0.02247191011235955,0.0,0.0,0.0,0.0,0.0,0.0,0.0,0.06666666666666667,0.0,0.0,0.0,0.0,0.08288939934509591,0.09402360106585443,0.11796502384737677,1.0,1.0,1.0,,1.0,1.0,,0.6363636363636364,1.0,,
Spyware-TIBS-2725437ab005d0af1ff71341ddc285cdb1225f0b33771aa4d382d6373647a577-9.raw,0.5294117647058824,0.5714285714285714,0.23980850672067763,,0.4998364800442761,0.7016216216216217,0.5469021739130434,0.7747669629308476,0.516717110897129,,0.6942496493688639,0.7917166866746699,0.7037037037037037,0.696911196911197,0.593103448275862,0.6727272727272727,0.8168604651162791,0.6862745098039216,0.5483870967741935,0.6870229007633588,0.6428571428571429,0.6875,0.6428571428571429,0.5588429626072273,0.6051450886629912,0.5588429626072273,0.6741573033707865,0.859246226502454,0.6741573033707865,0.5270588235294117,0.0,0.0,0.07692307692307693,0.0,0.07692307692307693,0.0,0.2,0.0,0.0,0.10192307692307694,0.0,0.15574141048824633,0.07323943661971842,0.2753921568627452,1.0,1.0,1.0,,1.0,1.0,,0.6363636363636364,0.5,,
Spyware-TIBS-1981a8ad7e1e19ce11df0ba175d0e34fd8f1b1511b571dc00e362a078867d775-8.raw,0.5,0.5714285714285714,0.2631474583233006,,0.36073566563749065,0.6,0.45746934225195096,0.5948406676783005,0.3653235953020292,,0.37307152875175315,0.5888355342136855,0.6296296296296297,0.7142857142857143,0.4896551724137931,0.6,0.4273255813953488,0.5294117647058824,0.6290322580645161,0.5114503816793893,0.6904761904761905,0.703125,0.6904761904761905,0.6964468051682847,0.7541671338341398,0.6964468051682847,0.011235955056179775,4.630058338735068e-05,0.011235955056179775,0.0,0.0,0.0,0.07692307692307693,0.0,0.07692307692307693,0.0,0.2,0.0,0.0,0.10453648915187361,0.0,0.16956461260258762,0.07981220657276962,0.29311211664152853,1.0,1.0,1.0,,1.0,1.0,,0.6363636363636364,1.0,,
Spyware-TIBS-35687c2a333d215c400adb744ca367dae9ce2b5fcc705ac639b11bc319d50475-6.raw,0.5882352941176471,0.6428571428571429,0.17756091573068192,,0.4472690070984431,0.8,0.5673913043478261,0.8129200086711468,0.40855890528427413,,0.42496493688639553,0.8547418967587035,0.8148148148148148,0.9420849420849421,0.5793103448275863,0.7636363636363637,0.7441860465116279,0.7843137254901961,0.7956989247311828,0.7022900763358778,0.7142857142857143,0.78125,0.7142857142857143,0.553988036304483,0.6074551568404175,0.553988036304483,0.02247191011235955,9.260116677470137e-05,0.02247191011235955,0.0,0.5,0.0,0.38461538461538464,0.5,0.38461538461538464,0.5,0.4666666666666667,0.5638297872340424,0.0,0.43371522094926335,0.5638297872340424,0.4424993266900082,0.5804614923584057,0.5085523571130579,1.0,1.0,1.0,,1.0,1.0,,0.8181818181818182,0.5,,
Spyware-TIBS-574cbd37cab3adfdd1b55051c52471c180bc4b5e69e7e018d8f7039b644ed0fd-2.raw,0.38235294117647056,0.42857142857142855,0.4540968514085806,,0.33137947950340235,0.3978378378378378,0.3890683229813665,0.39778885757641447,0.3387944468776418,,0.6619915848527349,0.2653061224489796,0.4444444444444444,0.2335907335907336,0.5770114942528736,0.4727272727272727,0.25290697674418605,0.27450980392156865,0.14516129032258066,0.366412213740458,0.47619047619047616,0.5,0.47619047619047616,0.5639916741939254,0.6625342900923126,0.5639916741939254,0.6179775280898876,0.8572553014167978,0.6179775280898876,0.611764705882353,0.0,0.0,0.07692307692307693,0.0,0.07692307692307693,0.0,0.13333333333333333,0.0,0.0,0.11648351648351621,0.0,0.2327563936967193,0.10985915492957736,0.2612885154061625,0.0,0.6363636363636364,0.5,,0.6666666666666666,0.6666666666666666,,0.2727272727272727,1.0,,
Spyware-TIBS-248a7274908dc58a27ad4f999f106628810a4d04b027244683886198ad927afd-3.raw,0.4411764705882353,0.5714285714285714,0.3044136015964411,,0.115186380453484,0.40216216216216216,0.27262044653349,0.2850639497073488,0.053219120178449535,,0.3169705469845722,0.24069627851140457,0.5555555555555556,0.2625482625482625,0.4666666666666667,0.509090909090909,0.14244186046511628,0.21568627450980393,0.0967741935483871,0.32061068702290074,0.5,0.5625,0.5,0.599407247305175,0.8113366564178897,0.599407247305175,0.011235955056179775,4.630058338735068e-05,0.011235955056179775,0.0,0.0,0.0,0.0,0.0,0.0,0.0,0.06666666666666667,0.0,0.0,0.0,0.0,0.08288939934509591,0.09402360106585443,0.11796502384737677,0.0,0.6363636363636364,0.5,,0.6666666666666666,0.6666666666666666,,0.2727272727272727,1.0,,
Spyware-TIBS-954f736dfd60b84b6e7b02b873945bb19058beb1f7be314716f5c924f632f598-7.raw,0.2647058823529412,0.35714285714285715,0.3686898984919311,,0.3785202945306837,0.3254054054054054,0.5470546984572232,0.2646867548233254,0.3349954280348371,,0.29873772791023845,0.27130852340936373,0.3333333333333333,0.2277992277992278,0.26666666666666666,0.34545454545454546,0.1686046511627907,0.11764705882352941,0.11827956989247312,0.1984732824427481,0.5714285714285714,0.515625,0.5714285714285714,0.8201410047471689,0.8454867214854146,0.8201410047471689,0.011235955056179775,4.630058338735068e-05,0.011235955056179775,0.0,0.1,0.0,0.07692307692307693,0.1,0.07692307692307693,0.1,0.13333333333333333,0.16562500000000005,0.0,0.12740384615384617,0.16562500000000005,0.2905176311030745,0.2975352112676058,0.32475490196078444,0.0,0.0,0.0,,0.0,0.0,,0.18181818181818182,1.0,,
Spyware-TIBS-404929a7b78f384d1d1715f06d93c3cf0301d8027cb5e721ffff4d89e1b7da7c-6.raw,0.5588235294117647,0.5714285714285714,0.16227977599238363,,0.3800305012270133,0.6918918918918919,0.47359490986214237,0.6999783221331021,0.3366114009279716,,0.4109396914446003,0.7971188475390156,0.7777777777777778,0.6583011583011583,0.5011494252873563,0.7272727272727273,0.6773255813953488,0.6274509803921569,0.4946236559139785,0.5725190839694656,0.6428571428571429,0.71875,0.6428571428571429,0.5490794415987362,0.6549726306600692,0.5490794415987362,0.02247191011235955,9.260116677470137e-05,0.02247191011235955,0.0,0.3,0.0,0.23076923076923078,0.3,0.23076923076923078,0.3,0.3333333333333333,0.36136363636363605,0.0,0.27797202797202764,0.36136363636363605,0.3027700147953316,0.39948783610755445,0.3920677361853832,1.0,1.0,1.0,,1.0,1.0,,0.8181818181818182,0.5,,
Spyware-TIBS-248a7274908dc58a27ad4f999f106628810a4d04b027244683886198ad927afd-4.raw,0.4411764705882353,0.5714285714285714,0.15113935515334898,,0.07163771864844815,0.40216216216216216,0.27262044653349,0.24539345328419684,0.006620560404974645,,0.3169705469845722,0.2034813925570228,0.5555555555555556,0.2625482625482625,0.20229885057471264,0.509090909090909,0.14244186046511628,0.21568627450980393,0.0967741935483871,0.32061068702290074,0.5,0.5625,0.5,0.599407247305175,0.8113366564178897,0.599407247305175,0.011235955056179775,4.630058338735068e-05,0.011235955056179775,0.0,0.0,0.0,0.0,0.0,0.0,0.0,0.06666666666666667,0.0,0.0,0.0,0.0,0.08288939934509591,0.09402360106585443,0.11796502384737677,0.0,0.6363636363636364,0.5,,0.6666666666666666,0.6666666666666666,,0.2727272727272727,1.0,,
Spyware-TIBS-979db6d35d22f609cbdd3515bea40d29c89bf89364999c4218ab5dfffd7fc11a-7.raw,0.5,0.42857142857142855,0.25442261660269366,,0.3650252423852756,0.6151351351351352,0.48010033444816047,0.598959462388901,0.37003437866710726,,0.9312762973352033,0.45018007202881155,0.6296296296296297,0.44015444015444016,0.4850574712643678,0.6181818181818182,0.5377906976744186,0.5490196078431373,0.3279569892473118,0.5725190839694656,0.7380952380952381,0.734375,0.7380952380952381,0.7521623604911095,0.7933728660828128,0.7521623604911095,0.6853932584269663,0.856745994999537,0.6853932584269663,0.5364705882352941,0.0,0.0,0.07692307692307693,0.0,0.07692307692307693,0.0,0.2,0.0,0.0,0.10453648915187361,0.0,0.16956461260258762,0.07981220657276962,0.29311211664152853,1.0,1.0,1.0,,1.0,1.0,,0.6363636363636364,1.0,,
Spyware-TIBS-9675cdaca063fc0ae0f9c3efb59251dcbf8c89cf9209b6df888c9c64a50e5f20-3.raw,0.29411764705882354,0.35714285714285715,0.32558460688639296,,0.2453192412674054,0.3016216216216216,0.4275135869565218,0.20312161283329722,0.19246573859990418,,0.2861150070126227,0.17827130852340936,0.37037037037037035,0.18146718146718147,0.23908045977011494,0.38181818181818183,0.10755813953488372,0.1568627450980392,0.0967741935483871,0.183206106870229,0.47619047619047616,0.46875,0.47619047619047616,0.6755214224638916,0.7788550998837975,0.6755214224638916,0.011235955056179775,4.630058338735068e-05,0.011235955056179775,0.0,0.1,0.0,0.07692307692307693,0.1,0.07692307692307693,0.1,0.13333333333333333,0.16060606060606064,0.0,0.12354312354312355,0.16060606060606064,0.2700969916159792,0.2829705505761845,0.3023172905525847,0.0,0.6363636363636364,0.5,,0.6666666666666666,0.6666666666666666,,0.36363636363636365,1.0,,
Spyware-TIBS-961bfaad26e065fccd479a8aea79ac6f02bfed983259420097133a86e0fc2d21-10.raw,0.5,0.5,0.23697293316148038,,0.5535408520905556,0.6864864864864865,0.5867892976588629,0.779969650986343,0.5770609107639589,,0.9509116409537167,0.7563025210084033,0.6666666666666666,0.666023166023166,0.5218390804597701,0.6181818181818182,0.686046511627907,0.6470588235294118,0.510752688172043,0.7099236641221374,0.6428571428571429,0.671875,0.6428571428571429,0.5432808777875896,0.5437115601902404,0.5432808777875896,0.6741573033707865,0.859246226502454,0.6741573033707865,0.5270588235294117,0.0,0.0,0.07692307692307693,0.0,0.07692307692307693,0.0,0.13333333333333333,0.0,0.0,0.10453648915187361,0.0,0.16956461260258762,0.07981220657276962,0.1918552036199095,1.0,1.0,1.0,,1.0,1.0,,0.7272727272727273,1.0,,
Spyware-TIBS-5555ad162e1d6f2cce4027b9c8f6d68e141d13498aa7ed59965dceb22f9bf1b9-9.raw,0.4117647058823529,0.42857142857142855,0.31888950264939925,,0.5376242646843012,0.5643243243243243,0.5954106280193237,0.622588337307609,0.5052421257770666,,0.3758765778401122,0.7256902761104442,0.5925925925925926,0.61003861003861,0.4942528735632184,0.5272727272727272,0.5203488372093024,0.5294117647058824,0.43548387096774194,0.46564885496183206,0.5952380952380952,0.609375,0.5952380952380952,0.5856182136960488,0.6085796009852259,0.5856182136960488,0.02247191011235955,9.260116677470137e-05,0.02247191011235955,0.0,0.0,0.0,0.0,0.0,0.0,0.0,0.06666666666666667,0.0,0.0,0.0,0.0,0.0958408679927671,0.10172143974960857,0.13278867102396533,1.0,1.0,1.0,,1.0,1.0,,0.9090909090909091,1.0,,
Spyware-TIBS-87163ea3765848c449bf0ff0549bacf6a38706b9004b2262e20b822fb5f4e852-7.raw,0.4411764705882353,0.42857142857142855,0.2584313276635133,,0.5154533157325575,0.5989189189189189,0.582726204465335,0.6496856709299805,0.4815184509925747,,0.38429172510518933,0.7478991596638656,0.6296296296296297,0.6486486486486487,0.47586206896551725,0.5818181818181818,0.6540697674418605,0.5686274509803921,0.4838709677419355,0.5190839694656488,0.6190476190476191,0.640625,0.6190476190476191,0.6149149361455273,0.6655215844609796,0.6149149361455273,0.02247191011235955,9.260116677470137e-05,0.02247191011235955,0.0,0.5,0.0,0.38461538461538464,0.5,0.38461538461538464,0.5,0.4666666666666667,0.6309523809523809,0.0,0.4853479853479852,0.6309523809523809,0.5408163265306122,0.6713615023474178,0.6185807656395894,1.0,1.0,1.0,,1.0,1.0,,0.7272727272727273,0.5,,
Spyware-TIBS-574cbd37cab3adfdd1b55051c52471c180bc4b5e69e7e018d8f7039b644ed0fd-3.raw,0.38235294117647056,0.42857142857142855,0.2985453875897627,,0.3097445315153267,0.4064864864864865,0.4034782608695652,0.37914589204422283,0.3149634251484233,,0.8611500701262272,0.22929171668667467,0.4444444444444444,0.23938223938223938,0.367816091954023,0.4727272727272727,0.2703488372093023,0.27450980392156865,0.14516129032258066,0.366412213740458,0.47619047619047616,0.5,0.47619047619047616,0.5545967579510056,0.6453982032653393,0.5545967579510056,0.6292134831460674,0.8574405037503473,0.6292134831460674,0.6235294117647059,0.0,0.0,0.07692307692307693,0.0,0.07692307692307693,0.0,0.13333333333333333,0.0,0.0,0.11648351648351621,0.0,0.2327563936967193,0.10985915492957736,0.2612885154061625,0.0,0.6363636363636364,0.5,,0.6666666666666666,0.6666666666666666,,0.2727272727272727,1.0,,
Spyware-TIBS-979db6d35d22f609cbdd3515bea40d29c89bf89364999c4218ab5dfffd7fc11a-1.raw,0.4411764705882353,0.42857142857142855,0.38718169467571056,,0.21989354544919892,0.4540540540540541,0.35440658049353707,0.38066334272707564,0.2131735571422262,,0.3225806451612903,0.27310924369747897,0.5185185185185185,0.31467181467181465,0.593103448275862,0.5454545454545454,0.2936046511627907,0.3333333333333333,0.1989247311827957,0.4122137404580153,0.6190476190476191,0.625,0.6190476190476191,0.7434636308757654,0.853838613963243,0.7434636308757654,0.5168539325842697,0.03639225854245764,0.5168539325842697,0.39529411764705885,0.3,0.0,0.3076923076923077,0.3,0.3076923076923077,0.3,0.26666666666666666,0.39750000000000013,0.0,0.40769230769230774,0.39750000000000013,0.47920433996383405,0.45774647887323966,0.3741176470588237,0.0,0.6363636363636364,0.5,,0.6666666666666666,0.6666666666666666,,0.36363636363636365,1.0,,
Spyware-TIBS-961bfaad26e065fccd479a8aea79ac6f02bfed983259420097133a86e0fc2d21-3.raw,0.4411764705882353,0.42857142857142855,0.2676277824500988,,0.2767685737082349,0.4735135135135135,0.38507638072855455,0.4324734446130501,0.275722291822985,,0.8807854137447405,0.2605042016806723,0.5185185185185185,0.34555984555984554,0.42298850574712643,0.5454545454545454,0.311046511627907,0.3333333333333333,0.20967741935483872,0.42748091603053434,0.6428571428571429,0.640625,0.6428571428571429,0.760075015648461,0.850874606714203,0.760075015648461,0.6404494382022472,0.8574868043337346,0.6404494382022472,0.49882352941176467,0.0,0.0,0.07692307692307693,0.0,0.07692307692307693,0.0,0.13333333333333333,0.0,0.0,0.1101871101871101,0.0,0.19945261717413634,0.09402360106585443,0.2246952835188128,0.0,0.6363636363636364,0.5,,0.6666666666666666,0.6666666666666666,,0.36363636363636365,1.0,,
Spyware-TIBS-4754c35288a9488036c211c68f36f86496240000164edd36f9eaaeed12e65dbf-9.raw,0.5588235294117647,0.5,0.25080499930390565,,0.4805354496231218,0.7470270270270271,0.5520148462354191,0.8016475178842402,0.4942502979252182,,0.7012622720897616,0.8007202881152461,0.7407407407407407,0.7722007722007722,0.6436781609195402,0.6909090909090909,0.7151162790697675,0.7058823529411765,0.5591397849462365,0.7557251908396947,0.7857142857142857,0.796875,0.7857142857142857,0.6892849800664772,0.70016099801775,0.6892849800664772,0.6966292134831461,0.8567922955829244,0.6966292134831461,0.4470588235294118,0.0,0.0,0.07692307692307693,0.0,0.07692307692307693,0.0,0.13333333333333333,0.0,0.0,0.09943714821763594,0.0,0.1425925109160679,0.06698728959120563,0.16221903395504544,1.0,1.0,1.0,,1.0,1.0,,0.8181818181818182,1.0,,
Spyware-TIBS-30533d67f47b9264c85d2a594ee58789410e4f2d0e5f38cbc487908da385c8bb-9.raw,0.4411764705882353,0.5,0.2584313276635133,,0.5056965117215931,0.5902702702702702,0.5690951821386604,0.6407977455018427,0.47107833650780717,,0.37868162692847124,0.7418967587034814,0.6296296296296297,0.6467181467181468,0.4666666666666667,0.5818181818181818,0.6540697674418605,0.5686274509803921,0.489247311827957,0.5190839694656488,0.6190476190476191,0.640625,0.6190476190476191,0.6290942467157745,0.6905810946860846,0.6290942467157745,0.02247191011235955,9.260116677470137e-05,0.02247191011235955,0.0,0.0,0.0,0.0,0.0,0.0,0.0,0.13333333333333333,0.0,0.0,0.0,0.0,0.08288939934509591,0.09402360106585443,0.2246952835188128,1.0,1.0,1.0,,1.0,1.0,,0.6363636363636364,0.5,,
Spyware-TIBS-599e4bde3509a8bf8d535685bcf40f703d68c03b3bb6343accac3ae6dc696248-1.raw,0.38235294117647056,0.42857142857142855,0.4216902964463266,,0.24559439503905606,0.3956756756756757,0.3854658385093168,0.3236505527856059,0.19276016256022158,,0.32538569424964936,0.26410564225690275,0.48148148148148145,0.25096525096525096,0.5080459770114942,0.4909090909090909,0.1686046511627907,0.21568627450980393,0.11827956989247312,0.24427480916030533,0.5714285714285714,0.578125,0.5714285714285714,0.7307364162148329,0.8586415340750067,0.7307364162148329,0.02247191011235955,0.0029169367534030927,0.02247191011235955,0.0,0.0,0.0,0.0,0.0,0.0,0.0,0.0,0.0,0.0,0.0,0.0,0.109532420563162,0.10985915492957736,0.03563025210084018,0.0,0.6363636363636364,0.5,,0.6666666666666666,0.6666666666666666,,0.2727272727272727,1.0,,
Spyware-TIBS-961bfaad26e065fccd479a8aea79ac6f02bfed983259420097133a86e0fc2d21-5.raw,0.38235294117647056,0.42857142857142855,0.24993555514638183,,0.3147759147683679,0.41405405405405404,0.41608695652173927,0.3834814654238023,0.32050552322498577,,0.8695652173913043,0.26110444177671066,0.4444444444444444,0.24517374517374518,0.2896551724137931,0.4727272727272727,0.27325581395348836,0.27450980392156865,0.1774193548387097,0.366412213740458,0.5476190476190477,0.546875,0.5476190476190477,0.669271048586848,0.7444222188988835,0.669271048586848,0.6629213483146067,0.8591999259190666,0.6629213483146067,0.6588235294117647,0.0,0.0,0.07692307692307693,0.0,0.07692307692307693,0.0,0.13333333333333333,0.0,0.0,0.11648351648351621,0.0,0.2327563936967193,0.10985915492957736,0.2612885154061625,0.0,0.6363636363636364,0.5,,0.6666666666666666,0.6666666666666666,,0.36363636363636365,1.0,,
Spyware-TIBS-35687c2a333d215c400adb744ca367dae9ce2b5fcc705ac639b11bc319d50475-9.raw,0.5,0.5714285714285714,0.21370668857319575,,0.4666204811486004,0.6843243243243243,0.5835562987736901,0.6962930847604596,0.42926564535055156,,0.41514726507713884,0.7172869147659063,0.6666666666666666,0.8378378378378378,0.4942528735632184,0.6545454545454545,0.6569767441860465,0.6078431372549019,0.7634408602150538,0.5801526717557252,0.7142857142857143,0.734375,0.7142857142857143,0.6677563907184417,0.7104461912905,0.6677563907184417,0.011235955056179775,4.630058338735068e-05,0.011235955056179775,0.0,0.2,0.0,0.15384615384615385,0.2,0.15384615384615385,0.2,0.26666666666666666,0.2585365853658535,0.0,0.19887429643527188,0.2585365853658535,0.24778370749349468,0.3170731707317075,0.35485413677666205,1.0,1.0,1.0,,1.0,1.0,,0.6363636363636364,0.5,,
Spyware-TIBS-8217ae4fbd1555e6e06a5d3f18231377941f07d100b5ad62a8b31b9f1b64703e-1.raw,0.6470588235294118,0.6428571428571429,0.30399558092432344,,0.4755228922220533,0.9221621621621622,0.6175395256916998,0.9336657272924345,0.4387915301272537,,0.45021037868162694,0.9591836734693877,0.8888888888888888,0.8667953667953668,0.9402298850574713,0.8909090909090909,0.8837209302325582,0.9215686274509803,0.7043010752688172,0.8625954198473282,0.8333333333333334,0.890625,0.8333333333333334,0.5986761817448479,0.6158869270656592,0.5986761817448479,0.02247191011235955,9.260116677470137e-05,0.02247191011235955,0.0,0.1,0.0,0.07692307692307693,0.1,0.07692307692307693,0.1,0.2,0.1177777777777777,0.0,0.09059829059829051,0.1177777777777777,0.0958408679927671,0.15868544600938944,0.1986056644880174,1.0,1.0,1.0,,1.0,1.0,,0.9090909090909091,0.0,,
Spyware-TIBS-5065428bc91f6a12f48944a8c7299d559faf3d53e2c7c47db05bb9103450ab8d-9.raw,0.5882352941176471,0.5714285714285714,0.19916528570551764,,0.45796069651115473,0.7686486486486487,0.5238612836438925,0.8241924994580533,0.4682835408396659,,0.7180925666199158,0.8187274909963985,0.7777777777777778,0.8011583011583011,0.6275862068965518,0.7454545454545455,0.8575581395348837,0.7450980392156863,0.6129032258064516,0.7175572519083969,0.8095238095238095,0.828125,0.8095238095238095,0.7315208819155737,0.7789621104454608,0.7315208819155737,0.6966292134831461,0.8567922955829244,0.6966292134831461,0.4470588235294118,0.0,0.0,0.07692307692307693,0.0,0.07692307692307693,0.0,0.2,0.0,0.0,0.09706959706959704,0.0,0.13006974941875502,0.06103286384976527,0.24248366013071884,1.0,1.0,1.0,,1.0,1.0,,0.7272727272727273,0.5,,
Spyware-TIBS-2725437ab005d0af1ff71341ddc285cdb1225f0b33771aa4d382d6373647a577-2.raw,0.5882352941176471,0.5714285714285714,0.2720800343705887,,0.5068070422594261,0.8054054054054054,0.5748964803312632,0.8747019293301539,0.5218256151842119,,0.7082748948106592,0.8661464585834334,0.7777777777777778,0.667953667953668,0.7954022988505747,0.8,0.9156976744186046,0.8235294117647058,0.6182795698924731,0.9083969465648855,0.7380952380952381,0.78125,0.7380952380952381,0.5723838352572875,0.5814203600351207,0.5723838352572875,0.6292134831460674,0.8573016020001852,0.6292134831460674,0.4894117647058824,0.0,0.0,0.07692307692307693,0.0,0.07692307692307693,0.0,0.2,0.0,0.0,0.09706959706959704,0.0,0.13006974941875502,0.06103286384976527,0.24248366013071884,1.0,1.0,1.0,,1.0,1.0,,0.9090909090909091,0.5,,
Spyware-TIBS-5555ad162e1d6f2cce4027b9c8f6d68e141d13498aa7ed59965dceb22f9bf1b9-10.raw,0.4117647058823529,0.42857142857142855,0.2936844043454244,,0.5241723025147133,0.5643243243243243,0.5954106280193237,0.6106655105137655,0.49084806549488397,,0.3744740532959327,0.71968787515006,0.5925925925925926,0.61003861003861,0.46206896551724136,0.5272727272727272,0.5203488372093024,0.5294117647058824,0.43548387096774194,0.46564885496183206,0.5952380952380952,0.609375,0.5952380952380952,0.5856182136960488,0.6085796009852259,0.5856182136960488,0.02247191011235955,9.260116677470137e-05,0.02247191011235955,0.0,0.0,0.0,0.0,0.0,0.0,0.0,0.06666666666666667,0.0,0.0,0.0,0.0,0.0958408679927671,0.10172143974960857,0.13278867102396533,1.0,1.0,1.0,,1.0,1.0,,0.9090909090909091,1.0,,
Spyware-TIBS-6666171e4b060f807fe35397acf8a6b5851d02614d02d63d32142e126aac932d-5.raw,0.5294117647058824,0.5714285714285714,0.21428834468790287,,0.44810757097395,0.7124324324324325,0.5626630434782608,0.7236071970518101,0.4094561973538129,,0.4011220196353436,0.8013205282112845,0.7407407407407407,0.6447876447876448,0.542528735632184,0.7454545454545455,0.688953488372093,0.7647058823529411,0.5752688172043011,0.7557251908396947,0.6904761904761905,0.734375,0.6904761904761905,0.5938650323979805,0.6425119631214148,0.5938650323979805,0.02247191011235955,9.260116677470137e-05,0.02247191011235955,0.0,0.1,0.0,0.07692307692307693,0.1,0.07692307692307693,0.1,0.2,0.12926829268292675,0.0,0.09943714821763594,0.12926829268292675,0.1425925109160679,0.1920302301614563,0.25853658536585356,1.0,1.0,1.0,,1.0,1.0,,0.9090909090909091,1.0,,
Spyware-TIBS-3760770f4e0ecfe15d832609a805cbe1f8f32ca7e011fd5c6a0ad98750afe2e8-6.raw,0.6176470588235294,0.7142857142857143,0.17894259055465406,,0.40387820191233514,0.7470270270270271,0.43837209302325614,0.8127032300021678,0.5062627955061673,,0.699859747545582,0.8259303721488596,0.7407407407407407,0.7123552123552124,0.6505747126436782,0.7090909090909091,0.8343023255813954,0.7450980392156863,0.543010752688172,0.7557251908396947,0.6428571428571429,0.703125,0.6428571428571429,0.5029837878677371,0.5376554777832975,0.5029837878677371,1.0,1.0,1.0,0.8,1.0,0.0,1.0,1.0,1.0,1.0,1.0,1.0,0.0,1.0,1.0,1.0,0.9776773850651077,1.0,1.0,1.0,1.0,,1.0,1.0,,0.8181818181818182,0.5,,
Spyware-TIBS-9675cdaca063fc0ae0f9c3efb59251dcbf8c89cf9209b6df888c9c64a50e5f20-7.raw,0.35294117647058826,0.35714285714285715,0.35373184442254163,,0.49964225385252237,0.4702702702702703,0.5803708439897698,0.496206373292868,0.46460007321560876,,0.3576437587657784,0.5822328931572629,0.48148148148148145,0.4575289575289575,0.4091954022988506,0.45454545454545453,0.38953488372093026,0.39215686274509803,0.3010752688172043,0.37404580152671757,0.6190476190476191,0.59375,0.6190476190476191,0.7234864458696549,0.7421486080531043,0.7234864458696549,0.011235955056179775,4.630058338735068e-05,0.011235955056179775,0.0,0.0,0.0,0.0,0.0,0.0,0.0,0.06666666666666667,0.0,0.0,0.0,0.0,0.12402935857887491,0.11847555923777969,0.16505190311418672,1.0,1.0,1.0,,1.0,1.0,,0.5454545454545454,1.0,,
Spyware-TIBS-589f74cdc865423cfb901a43f8fddab707b0e509a1053e15379dc61562f8659f-8.raw,0.4117647058823529,0.42857142857142855,0.31888950264939925,,0.5412929816396442,0.5643243243243243,0.5954106280193237,0.6258400173422936,0.509167778581299,,0.3702664796633941,0.7334933973589436,0.5925925925925926,0.6216216216216216,0.496551724137931,0.5272727272727272,0.5203488372093024,0.5294117647058824,0.43010752688172044,0.48854961832061067,0.6190476190476191,0.625,0.6190476190476191,0.6225185942383995,0.6428292946145975,0.6225185942383995,0.02247191011235955,9.260116677470137e-05,0.02247191011235955,0.0,0.0,0.0,0.0,0.0,0.0,0.0,0.06666666666666667,0.0,0.0,0.0,0.0,0.0958408679927671,0.10172143974960857,0.13278867102396533,1.0,1.0,1.0,,1.0,1.0,,0.7272727272727273,1.0,,
Spyware-TIBS-9675cdaca063fc0ae0f9c3efb59251dcbf8c89cf9209b6df888c9c64a50e5f20-6.raw,0.35294117647058826,0.35714285714285715,0.3437239377430221,,0.3566917767220092,0.42702702702702705,0.5062020460358063,0.3765445480164752,0.31163816630248564,,0.31136044880785413,0.40036014405762305,0.48148148148148145,0.2953667953667954,0.36091954022988504,0.45454545454545453,0.29941860465116277,0.35294117647058826,0.20967741935483872,0.29770992366412213,0.5238095238095238,0.53125,0.5238095238095238,0.6127557632643426,0.6787152599516527,0.6127557632643426,0.011235955056179775,4.630058338735068e-05,0.011235955056179775,0.0,0.0,0.0,0.0,0.0,0.0,0.0,0.13333333333333333,0.0,0.0,0.0,0.0,0.12402935857887491,0.11847555923777969,0.2811995386389851,1.0,1.0,1.0,,1.0,1.0,,0.45454545454545453,1.0,,
Spyware-TIBS-5065428bc91f6a12f48944a8c7299d559faf3d53e2c7c47db05bb9103450ab8d-10.raw,0.5882352941176471,0.5714285714285714,0.1937641932118089,,0.4548160819780044,0.7686486486486487,0.5238612836438925,0.8209408194233687,0.46483662618229166,,0.7152875175315568,0.8169267707082833,0.7777777777777778,0.8011583011583011,0.6160919540229886,0.7454545454545455,0.8575581395348837,0.7450980392156863,0.6075268817204301,0.7175572519083969,0.8095238095238095,0.828125,0.8095238095238095,0.7325679612108646,0.7807557048010629,0.7325679612108646,0.6966292134831461,0.8567922955829244,0.6966292134831461,0.4470588235294118,0.0,0.0,0.07692307692307693,0.0,0.07692307692307693,0.0,0.2,0.0,0.0,0.09706959706959704,0.0,0.13006974941875502,0.06103286384976527,0.24248366013071884,1.0,1.0,1.0,,1.0,1.0,,0.7272727272727273,0.5,,
Spyware-TIBS-4579cff31815c40492e3f2dd85eb22f5084a96d95d850a31d48bd79553fe42b4-1.raw,0.5882352941176471,0.5714285714285714,0.2936844043454244,,0.4485268529117033,0.7848648648648648,0.5463768115942028,0.8142206806850206,0.40990484338858213,,0.42917251051893407,0.8805522208883554,0.8148148148148148,0.666023166023166,0.8160919540229885,0.8181818181818182,0.813953488372093,0.7058823529411765,0.5698924731182796,0.7633587786259542,0.7619047619047619,0.8125,0.7619047619047619,0.6212916675450701,0.6722785361714693,0.6212916675450701,0.02247191011235955,9.260116677470137e-05,0.02247191011235955,0.0,0.2,0.0,0.15384615384615385,0.2,0.15384615384615385,0.2,0.26666666666666666,0.2409090909090907,0.0,0.18531468531468512,0.2409090909090907,0.20475094525727447,0.2829705505761845,0.3023172905525847,1.0,1.0,1.0,,1.0,1.0,,0.9090909090909091,0.5,,
Spyware-TIBS-404929a7b78f384d1d1715f06d93c3cf0301d8027cb5e721ffff4d89e1b7da7c-3.raw,0.6470588235294118,0.6428571428571429,0.1905726385564354,,0.3798694356045835,0.8432432432432433,0.5129446640316204,0.8300455235204856,0.33643905519510275,,0.43478260869565216,0.897358943577431,0.8888888888888888,0.6988416988416989,0.7080459770114943,0.8909090909090909,0.8197674418604651,0.8235294117647058,0.6021505376344086,0.816793893129771,0.7380952380952381,0.828125,0.7380952380952381,0.540132910196888,0.6164649587110695,0.540132910196888,0.02247191011235955,9.260116677470137e-05,0.02247191011235955,0.0,0.0,0.0,0.0,0.0,0.0,0.0,0.13333333333333333,0.0,0.0,0.0,0.0,0.008712806181160966,0.04993597951344412,0.12281639928698743,1.0,1.0,1.0,,1.0,1.0,,0.9090909090909091,0.5,,
Spyware-TIBS-2361f526473d9f47642b2c9504cf0e0ffa62f222eccbdf665035ad4658cfb915-1.raw,0.6176470588235294,0.6428571428571429,0.29500327576830676,,0.47226991147983216,0.8540540540540541,0.5835187057633974,0.8844569694342077,0.4353107293109856,,0.47685834502103785,0.9453781512605042,0.8518518518518519,0.7084942084942085,0.9057471264367816,0.8545454545454545,0.8343023255813954,0.803921568627451,0.6344086021505376,0.8396946564885496,0.9761904761904762,0.96875,0.9761904761904762,0.8408481122276017,0.8572710159358126,0.8408481122276017,0.056179775280898875,0.0002778035003241041,0.056179775280898875,0.00941176470588235,0.0,0.0,0.0,0.0,0.0,0.0,0.13333333333333333,0.0,0.0,0.0,0.0,0.01783085916144501,0.05535538814281023,0.1353397172822618,1.0,1.0,1.0,,1.0,1.0,,0.9090909090909091,0.0,,
Spyware-TIBS-3760770f4e0ecfe15d832609a805cbe1f8f32ca7e011fd5c6a0ad98750afe2e8-7.raw,0.5882352941176471,0.7142857142857143,0.17486036948382744,,0.41435537498480063,0.7048648648648649,0.4353002070393376,0.779536093648385,0.5220318408474736,,0.6914446002805049,0.7929171668667467,0.7037037037037037,0.7046332046332047,0.6022988505747127,0.6727272727272727,0.8168604651162791,0.6862745098039216,0.5376344086021505,0.6870229007633588,0.6428571428571429,0.6875,0.6428571428571429,0.5490794415987362,0.5876427864003573,0.5490794415987362,1.0,1.0,1.0,0.8,0.1,0.0,0.3076923076923077,0.1,0.3076923076923077,0.1,0.4,0.12325581395348803,0.0,0.37924865831842547,0.12325581395348803,0.41902519029395685,0.17458237798886347,0.5026903784769722,1.0,1.0,1.0,,1.0,1.0,,0.6363636363636364,0.5,,
Spyware-TIBS-0149e4302db69ee3430709369101d4e70f5d8bfce7c76555cb835f4862a03879-6.raw,0.4117647058823529,0.42857142857142855,0.28738312976943065,,0.3625041753492967,0.4875675675675676,0.47107487922705316,0.46759158898764364,0.3715007428123266,,0.8948106591865358,0.3355342136854742,0.4444444444444444,0.2915057915057915,0.4045977011494253,0.509090909090909,0.375,0.3333333333333333,0.1935483870967742,0.37404580152671757,0.5714285714285714,0.59375,0.5714285714285714,0.6276100009227773,0.7151423076318916,0.6276100009227773,0.6629213483146067,0.8591999259190666,0.6629213483146067,0.6588235294117647,0.0,0.0,0.07692307692307693,0.0,0.07692307692307693,0.0,0.2,0.0,0.0,0.11324786324786294,0.0,0.21564195298372554,0.10172143974960857,0.3521786492374727,0.0,0.0,0.0,,0.0,0.0,,0.36363636363636365,1.0,,
Spyware-TIBS-3760770f4e0ecfe15d832609a805cbe1f8f32ca7e011fd5c6a0ad98750afe2e8-10.raw,0.5294117647058824,0.6428571428571429,0.20011047689191686,,0.4049634595791247,0.6313513513513513,0.44445652173913036,0.6817689139388684,0.5192047179131992,,0.6872370266479664,0.6818727490996399,0.5925925925925926,0.5714285714285714,0.535632183908046,0.6,0.747093023255814,0.5686274509803921,0.41397849462365593,0.6335877862595419,0.6428571428571429,0.65625,0.6428571428571429,0.6159212084603248,0.6371763935288428,0.6159212084603248,0.9887640449438202,0.9999536994166126,0.9887640449438202,1.0,0.0,0.0,0.23076923076923078,0.0,0.23076923076923078,0.0,0.3333333333333333,0.0,0.0,0.3057692307692308,0.0,0.3713833634719714,0.07323943661971842,0.4728431372549021,1.0,1.0,1.0,,1.0,1.0,,0.6363636363636364,0.5,,
Spyware-TIBS-306cacba59ca07650c4ff93e770a530fee5ab0bd21fbbdacc6450bf5f8227b66-1.raw,0.4411764705882353,0.42857142857142855,0.4086400891777434,,0.23036426194876994,0.4627027027027027,0.36803760282021164,0.39020160416215044,0.22468880536797292,,0.3534361851332398,0.2773109243697479,0.5185185185185185,0.32432432432432434,0.6022988505747127,0.5454545454545454,0.2936046511627907,0.3333333333333333,0.20967741935483872,0.42748091603053434,0.5714285714285714,0.59375,0.5714285714285714,0.6545841974376482,0.7632729813241529,0.6545841974376482,0.6067415730337079,0.8307250671358459,0.6067415730337079,0.47058823529411764,0.4,0.0,0.38461538461538464,0.4,0.38461538461538464,0.4,0.4,0.5170731707317076,0.0,0.4971857410881801,0.5170731707317076,0.5633572972257754,0.5671590518722089,0.5474892395982782,0.0,0.6363636363636364,0.5,,0.6666666666666666,0.6666666666666666,,0.36363636363636365,1.0,,
Spyware-TIBS-5065428bc91f6a12f48944a8c7299d559faf3d53e2c7c47db05bb9103450ab8d-7.raw,0.6176470588235294,0.5714285714285714,0.1763048477088892,,0.44012171267115846,0.8097297297297297,0.5234074823053592,0.850639497073488,0.4475911103092067,,0.7251051893408135,0.8349339735894358,0.8148148148148148,0.777992277992278,0.6482758620689655,0.8545454545454545,0.8517441860465116,0.803921568627451,0.6827956989247311,0.8549618320610687,0.8571428571428571,0.875,0.8571428571428571,0.7520088628064284,0.7951257583554995,0.7520088628064284,0.6966292134831461,0.8567922955829244,0.6966292134831461,0.4470588235294118,0.2,0.0,0.23076923076923078,0.2,0.23076923076923078,0.2,0.3333333333333333,0.2355555555555554,0.0,0.27179487179487155,0.2355555555555554,0.2875226039783003,0.2726134585289512,0.3741176470588237,1.0,1.0,1.0,,1.0,1.0,,0.7272727272727273,0.5,,
Spyware-TIBS-98f79b05b432de9dd246e9fec02ce0e37acbfbe0798d10c621c0b397e05ea470-6.raw,0.29411764705882354,0.35714285714285715,0.35748480942736144,,0.35070313580961243,0.34594594594594597,0.508288043478261,0.28614784305224367,0.30523011540146056,,0.3015427769985975,0.28811524609843936,0.37037037037037035,0.23552123552123552,0.296551724137931,0.38181818181818183,0.19476744186046513,0.17647058823529413,0.12365591397849462,0.20610687022900764,0.5476190476190477,0.515625,0.5476190476190477,0.7502930128916918,0.8027123207713526,0.7502930128916918,0.011235955056179775,4.630058338735068e-05,0.011235955056179775,0.0,0.0,0.0,0.0,0.0,0.0,0.0,0.06666666666666667,0.0,0.0,0.0,0.0,0.15574141048824633,0.13732394366197195,0.20134803921568642,0.0,0.0,0.0,,0.0,0.0,,0.2727272727272727,1.0,,
Spyware-TIBS-6666171e4b060f807fe35397acf8a6b5851d02614d02d63d32142e126aac932d-4.raw,0.5294117647058824,0.5714285714285714,0.22563063892469162,,0.45471126149356605,0.7124324324324325,0.5626630434782608,0.7301105571211792,0.41652237240143,,0.40252454417952316,0.8115246098439376,0.7407407407407407,0.6447876447876448,0.5747126436781609,0.7454545454545455,0.688953488372093,0.7647058823529411,0.5752688172043011,0.7633587786259542,0.6904761904761905,0.734375,0.6904761904761905,0.5889684027421882,0.6338136270700121,0.5889684027421882,0.02247191011235955,9.260116677470137e-05,0.02247191011235955,0.0,0.2,0.0,0.15384615384615385,0.2,0.15384615384615385,0.2,0.26666666666666666,0.2523809523809524,0.0,0.1941391941391941,0.2523809523809524,0.2327563936967193,0.3051643192488263,0.33650793650793637,1.0,1.0,1.0,,1.0,1.0,,0.9090909090909091,1.0,,
Spyware-TIBS-3760770f4e0ecfe15d832609a805cbe1f8f32ca7e011fd5c6a0ad98750afe2e8-1.raw,1.0,0.7857142857142857,0.0,,0.0,0.8454054054054054,0.0,0.8291784088445697,0.215211555619317,,0.42075736325385693,0.8787515006002401,1.0,0.7239382239382239,0.8229885057471265,0.9272727272727272,0.811046511627907,0.7647058823529411,0.5806451612903226,0.7557251908396947,0.8333333333333334,0.9375,0.8333333333333334,0.6716920243140019,0.8359729354058936,0.6716920243140019,0.0898876404494382,0.005509769423094731,0.0898876404494382,0.023529411764705882,0.0,0.0,0.6923076923076923,0.0,0.6923076923076923,0.0,0.7333333333333333,0.0,0.0,0.6552197802197802,0.0,0.6178313097390856,0.0,0.6420868347338935,1.0,1.0,1.0,,1.0,1.0,,0.9090909090909091,0.5,,
Spyware-TIBS-98f79b05b432de9dd246e9fec02ce0e37acbfbe0798d10c621c0b397e05ea470-4.raw,0.29411764705882354,0.35714285714285715,0.2617842018044559,,0.219729940503893,0.3005405405405405,0.42554347826086963,0.18296119661825277,0.1650843102903879,,0.27489481065918653,0.15966386554621848,0.37037037037037035,0.19111969111969113,0.12643678160919541,0.38181818181818183,0.10755813953488372,0.1568627450980392,0.0913978494623656,0.1984732824427481,0.47619047619047616,0.46875,0.47619047619047616,0.6768819497586783,0.7812647373784332,0.6768819497586783,0.011235955056179775,4.630058338735068e-05,0.011235955056179775,0.0,0.1,0.0,0.07692307692307693,0.1,0.07692307692307693,0.1,0.13333333333333333,0.16060606060606064,0.0,0.12354312354312355,0.16060606060606064,0.2700969916159792,0.2829705505761845,0.3023172905525847,0.0,0.6363636363636364,0.5,,0.6666666666666666,0.6666666666666666,,0.2727272727272727,1.0,,
Spyware-TIBS-4579cff31815c40492e3f2dd85eb22f5084a96d95d850a31d48bd79553fe42b4-5.raw,0.6176470588235294,0.6428571428571429,0.16047839063430014,,0.36374414480087,0.7783783783783784,0.48088978766430746,0.7695642748753523,0.3191844417067356,,0.4305750350631136,0.8463385354141657,0.8518518518518519,0.6833976833976834,0.5977011494252874,0.8545454545454545,0.7151162790697675,0.7647058823529411,0.5752688172043011,0.7862595419847328,0.7142857142857143,0.796875,0.7142857142857143,0.5687326272979943,0.6658690064219048,0.5687326272979943,0.02247191011235955,9.260116677470137e-05,0.02247191011235955,0.0,0.1,0.0,0.07692307692307693,0.1,0.07692307692307693,0.1,0.2,0.12045454545454536,0.0,0.09265734265734256,0.12045454545454536,0.10673187571921774,0.166453265044814,0.21256684491978625,1.0,1.0,1.0,,1.0,1.0,,0.9090909090909091,0.5,,
Spyware-TIBS-5045036bec213df4c03e57feb5f3b97b6e676eb3a1ab220d1596ad71f3246baa-2.raw,0.5882352941176471,0.5714285714285714,0.2693794881237342,,0.5068070422594261,0.8335135135135135,0.6139233954451349,0.8744851506611749,0.47226664222152015,,0.45582047685834504,0.9381752701080432,0.8148148148148148,0.7683397683397684,0.7816091954022989,0.8181818181818182,0.9186046511627907,0.803921568627451,0.5967741935483871,0.8244274809160306,0.9285714285714286,0.921875,0.9285714285714286,0.7985574143074533,0.8018829902041158,0.7985574143074533,0.033707865168539325,0.013010463931845542,0.033707865168539325,0.0,0.1,0.0,0.07692307692307693,0.1,0.07692307692307693,0.1,0.2,0.12325581395348803,0.0,0.09481216457960615,0.12325581395348803,0.11812944194457309,0.17458237798886347,0.22717738258093945,1.0,1.0,1.0,,1.0,1.0,,0.9090909090909091,0.5,,
Spyware-TIBS-570dbd214653ec1c9b7ff1f2c119060a7cacc28549706ece5f233ebdc05b1518-7.raw,0.4117647058823529,0.42857142857142855,0.2590273941774586,,0.24461607051763143,0.4648648648648649,0.43429951690821245,0.36288749187079994,0.19171332181242642,,0.3380084151472651,0.35414165666266506,0.5185185185185185,0.3030888030888031,0.3310344827586207,0.5272727272727272,0.25290697674418605,0.35294117647058826,0.13440860215053763,0.2595419847328244,0.5952380952380952,0.609375,0.5952380952380952,0.6903755029944841,0.7933728660828128,0.6903755029944841,0.011235955056179775,4.630058338735068e-05,0.011235955056179775,0.0,0.0,0.0,0.0,0.0,0.0,0.0,0.13333333333333333,0.0,0.0,0.0,0.0,0.0958408679927671,0.10172143974960857,0.24248366013071884,1.0,0.8181818181818182,1.0,,0.6666666666666666,0.8333333333333334,,0.5454545454545454,1.0,,
Spyware-TIBS-327c5b55bece5d32b51b019eae79acd917c944de61153db2fea6a3f59b070a97-3.raw,0.29411764705882354,0.35714285714285715,0.30786227214141043,,0.23816524320448795,0.2983783783783784,0.4216032608695653,0.1974853674398439,0.18481071563165233,,0.27349228611500703,0.1758703481392557,0.37037037037037035,0.1891891891891892,0.2160919540229885,0.38181818181818183,0.10755813953488372,0.1568627450980392,0.0913978494623656,0.1984732824427481,0.47619047619047616,0.46875,0.47619047619047616,0.6796097563447521,0.7860959708664363,0.6796097563447521,0.011235955056179775,4.630058338735068e-05,0.011235955056179775,0.0,0.0,0.0,0.0,0.0,0.0,0.0,0.06666666666666667,0.0,0.0,0.0,0.0,0.15574141048824633,0.13732394366197195,0.20134803921568642,0.0,0.6363636363636364,0.5,,0.6666666666666666,0.6666666666666666,,0.2727272727272727,1.0,,
Spyware-TIBS-7469e64fea64885609ff5e5a6256e808fdd81e6f797d5706b1cf4a96c96d0c1b-9.raw,0.4411764705882353,0.5,0.27069326737896054,,0.5152153449030217,0.5924324324324325,0.5725029377203291,0.6494688922610015,0.48126381405392177,,0.3814866760168303,0.7521008403361344,0.6296296296296297,0.640926640926641,0.5011494252873563,0.5818181818181818,0.6569767441860465,0.5686274509803921,0.489247311827957,0.5267175572519084,0.6190476190476191,0.640625,0.6190476190476191,0.624704469119502,0.6828229123672211,0.624704469119502,0.02247191011235955,9.260116677470137e-05,0.02247191011235955,0.0,0.0,0.0,0.0,0.0,0.0,0.0,0.13333333333333333,0.0,0.0,0.0,0.0,0.08288939934509591,0.09402360106585443,0.2246952835188128,1.0,1.0,1.0,,1.0,1.0,,0.6363636363636364,0.5,,
Spyware-TIBS-0149e4302db69ee3430709369101d4e70f5d8bfce7c76555cb835f4862a03879-10.raw,0.5,0.5,0.23406465258794482,,0.5555727568658223,0.6854054054054054,0.5851727982162768,0.7819206590071537,0.5792923344632064,,0.9607293127629734,0.7695078031212484,0.6666666666666666,0.667953667953668,0.5241379310344828,0.6181818181818182,0.686046511627907,0.6470588235294118,0.4946236559139785,0.7099236641221374,0.6190476190476191,0.65625,0.6190476190476191,0.5099230945185211,0.5135456931628852,0.5099230945185211,0.6741573033707865,0.859246226502454,0.6741573033707865,0.5270588235294117,0.0,0.0,0.07692307692307693,0.0,0.07692307692307693,0.0,0.13333333333333333,0.0,0.0,0.10453648915187361,0.0,0.16956461260258762,0.07981220657276962,0.1918552036199095,1.0,1.0,1.0,,1.0,1.0,,0.7272727272727273,1.0,,
Spyware-TIBS-5555ad162e1d6f2cce4027b9c8f6d68e141d13498aa7ed59965dceb22f9bf1b9-5.raw,0.29411764705882354,0.35714285714285715,0.2653286687534524,,0.2186293254172903,0.3016216216216216,0.4275135869565218,0.18209408194233687,0.1639066144491184,,0.2847124824684432,0.15486194477791115,0.37037037037037035,0.18146718146718147,0.135632183908046,0.38181818181818183,0.10755813953488372,0.1568627450980392,0.0967741935483871,0.183206106870229,0.47619047619047616,0.46875,0.47619047619047616,0.6755214224638916,0.7788550998837975,0.6755214224638916,0.011235955056179775,4.630058338735068e-05,0.011235955056179775,0.0,0.0,0.0,0.0,0.0,0.0,0.0,0.06666666666666667,0.0,0.0,0.0,0.0,0.15574141048824633,0.13732394366197195,0.20134803921568642,0.0,0.6363636363636364,0.5,,0.6666666666666666,0.6666666666666666,,0.36363636363636365,1.0,,
Spyware-TIBS-5045036bec213df4c03e57feb5f3b97b6e676eb3a1ab220d1596ad71f3246baa-3.raw,0.6470588235294118,0.6428571428571429,0.2550174921745534,,0.4675184188649429,0.8994594594594595,0.5874505928853757,0.9249945805332755,0.4302264694634754,,0.46563814866760167,0.9861944777911165,0.8888888888888888,0.8108108108108109,0.8367816091954023,0.8909090909090909,0.936046511627907,0.9215686274509803,0.6236559139784946,0.8931297709923665,0.9047619047619048,0.9375,0.9047619047619048,0.7088062417363776,0.7341286484625932,0.7088062417363776,0.033707865168539325,0.013010463931845542,0.033707865168539325,0.0,0.0,0.0,0.0,0.0,0.0,0.0,0.13333333333333333,0.0,0.0,0.0,0.0,0.008712806181160966,0.04993597951344412,0.12281639928698743,1.0,1.0,1.0,,1.0,1.0,,0.9090909090909091,0.5,,
Spyware-TIBS-992eed3db41572414b500aecbe50a54ccd1e5faa2561dec87e1fe3c2db678f44-4.raw,0.6176470588235294,0.6428571428571429,0.16047839063430014,,0.36497273838591454,0.7783783783783784,0.48088978766430746,0.7708649468892261,0.3204990789248966,,0.4319775596072931,0.8499399759903962,0.8518518518518519,0.6833976833976834,0.6,0.8545454545454545,0.7151162790697675,0.7647058823529411,0.5806451612903226,0.7862595419847328,0.7142857142857143,0.796875,0.7142857142857143,0.565946352869744,0.6607965201424513,0.565946352869744,0.02247191011235955,9.260116677470137e-05,0.02247191011235955,0.0,0.2,0.0,0.15384615384615385,0.2,0.15384615384615385,0.2,0.26666666666666666,0.2355555555555554,0.0,0.18119658119658102,0.2355555555555554,0.1916817359855337,0.2726134585289512,0.2863616557734203,1.0,1.0,1.0,,1.0,1.0,,0.9090909090909091,0.0,,
Spyware-TIBS-3031e4fc4cab067dba86e6f667dfaf323a996c8a112776899d692d8af34b21b2-5.raw,0.5294117647058824,0.5714285714285714,0.2029460504511139,,0.4192714557049596,0.6691891891891892,0.4996195652173912,0.6954259700845437,0.42829933081412513,,0.394109396914446,0.7893157262905162,0.7037037037037037,0.6216216216216216,0.5379310344827586,0.6363636363636364,0.6802325581395349,0.7058823529411765,0.4946236559139785,0.6030534351145038,0.6428571428571429,0.6875,0.6428571428571429,0.5667444856737083,0.6193095325070221,0.5667444856737083,0.02247191011235955,9.260116677470137e-05,0.02247191011235955,0.0,0.4,0.0,0.38461538461538464,0.4,0.38461538461538464,0.4,0.4666666666666667,0.4818181818181819,0.0,0.4632867132867132,0.4818181818181819,0.49880815387144517,0.5160051216389243,0.5715686274509806,1.0,1.0,1.0,,1.0,1.0,,1.0,0.5,,
Spyware-TIBS-979db6d35d22f609cbdd3515bea40d29c89bf89364999c4218ab5dfffd7fc11a-5.raw,0.4411764705882353,0.42857142857142855,0.21858002358830964,,0.27391292375380655,0.48,0.39529964747356083,0.4298721005853024,0.27258176957960006,,0.884992987377279,0.28211284513805523,0.5185185185185185,0.35135135135135137,0.32873563218390806,0.5454545454545454,0.311046511627907,0.3333333333333333,0.22043010752688172,0.42748091603053434,0.6904761904761905,0.671875,0.6904761904761905,0.8301696621883986,0.9098294599247234,0.8301696621883986,0.6853932584269663,0.856745994999537,0.6853932584269663,0.5364705882352941,0.0,0.0,0.07692307692307693,0.0,0.07692307692307693,0.0,0.13333333333333333,0.0,0.0,0.1101871101871101,0.0,0.19945261717413634,0.09402360106585443,0.2246952835188128,0.0,0.6363636363636364,0.5,,0.6666666666666666,0.6666666666666666,,0.36363636363636365,1.0,,
Spyware-TIBS-8217ae4fbd1555e6e06a5d3f18231377941f07d100b5ad62a8b31b9f1b64703e-6.raw,0.6176470588235294,0.6428571428571429,0.17894259055465406,,0.43090726078332187,0.841081081081081,0.5659251769464105,0.8406676783004552,0.3910512762995543,,0.43899018232819076,0.8745498199279712,0.8518518518518519,0.918918918918919,0.6298850574712643,0.8727272727272727,0.7383720930232558,0.8431372549019608,0.8655913978494624,0.8396946564885496,0.7619047619047619,0.828125,0.7619047619047619,0.5840416663979247,0.63740233524104,0.5840416663979247,0.02247191011235955,9.260116677470137e-05,0.02247191011235955,0.0,0.5,0.0,0.38461538461538464,0.5,0.38461538461538464,0.5,0.4666666666666667,0.5520833333333331,0.0,0.42467948717948695,0.5520833333333331,0.42529385171790274,0.5645539906103286,0.4892973856209149,1.0,1.0,1.0,,1.0,1.0,,0.8181818181818182,0.0,,
Spyware-TIBS-2361f526473d9f47642b2c9504cf0e0ffa62f222eccbdf665035ad4658cfb915-10.raw,0.4411764705882353,0.5,0.2553658427346511,,0.509028103335093,0.5902702702702702,0.5690951821386604,0.6438326468675483,0.47464325364894716,,0.37868162692847124,0.7460984393757503,0.6296296296296297,0.6486486486486487,0.4689655172413793,0.5818181818181818,0.6569767441860465,0.5686274509803921,0.5053763440860215,0.5267175572519084,0.6190476190476191,0.640625,0.6190476190476191,0.6301954649951663,0.6925273099548603,0.6301954649951663,0.02247191011235955,9.260116677470137e-05,0.02247191011235955,0.0,0.0,0.0,0.0,0.0,0.0,0.0,0.13333333333333333,0.0,0.0,0.0,0.0,0.08288939934509591,0.09402360106585443,0.2246952835188128,1.0,1.0,1.0,,1.0,1.0,,0.6363636363636364,0.0,,
Spyware-TIBS-599e4bde3509a8bf8d535685bcf40f703d68c03b3bb6343accac3ae6dc696248-9.raw,0.4411764705882353,0.42857142857142855,0.2523003578057898,,0.3981336967714497,0.5643243243243243,0.528202115158637,0.542813787123347,0.35598244023671044,,0.3702664796633941,0.5972388955582233,0.5925925925925926,0.5405405405405406,0.38850574712643676,0.5636363636363636,0.48255813953488375,0.43137254901960786,0.27956989247311825,0.4351145038167939,0.6904761904761905,0.6875,0.6904761904761905,0.7329172737298645,0.781354059639369,0.7329172737298645,0.02247191011235955,0.0029169367534030927,0.02247191011235955,0.0,0.0,0.0,0.0,0.0,0.0,0.0,0.06666666666666667,0.0,0.0,0.0,0.0,0.08288939934509591,0.09402360106585443,0.11796502384737677,1.0,1.0,1.0,,1.0,1.0,,0.5454545454545454,1.0,,
Spyware-TIBS-2361f526473d9f47642b2c9504cf0e0ffa62f222eccbdf665035ad4658cfb915-6.raw,0.6176470588235294,0.6428571428571429,0.17102936201735952,,0.40019242115720044,0.8043243243243243,0.5160768452982812,0.8081508779536094,0.3581853458455212,,0.4726507713884993,0.885954381752701,0.8518518518518519,0.7162162162162162,0.6597701149425287,0.8727272727272727,0.7122093023255814,0.7843137254901961,0.6290322580645161,0.8015267175572519,0.9047619047619048,0.921875,0.9047619047619048,0.8076817342811158,0.8717843305801645,0.8076817342811158,0.0449438202247191,0.0002315029169367534,0.0449438202247191,0.011764705882352941,0.1,0.0,0.07692307692307693,0.1,0.07692307692307693,0.1,0.2,0.12045454545454536,0.0,0.09265734265734256,0.12045454545454536,0.10673187571921774,0.166453265044814,0.21256684491978625,1.0,1.0,1.0,,1.0,1.0,,0.8181818181818182,0.0,,
Spyware-TIBS-9675cdaca063fc0ae0f9c3efb59251dcbf8c89cf9209b6df888c9c64a50e5f20-4.raw,0.29411764705882354,0.35714285714285715,0.2795065365494384,,0.22660878479515978,0.3016216216216216,0.4275135869565218,0.18838066334272707,0.17244490929832237,,0.2861150070126227,0.16506602641056423,0.37037037037037035,0.18146718146718147,0.15862068965517243,0.38181818181818183,0.10755813953488372,0.1568627450980392,0.0967741935483871,0.183206106870229,0.47619047619047616,0.46875,0.47619047619047616,0.6755214224638916,0.7788550998837975,0.6755214224638916,0.011235955056179775,4.630058338735068e-05,0.011235955056179775,0.0,0.1,0.0,0.07692307692307693,0.1,0.07692307692307693,0.1,0.13333333333333333,0.16060606060606064,0.0,0.12354312354312355,0.16060606060606064,0.2700969916159792,0.2829705505761845,0.3023172905525847,0.0,0.6363636363636364,0.5,,0.6666666666666666,0.6666666666666666,,0.36363636363636365,1.0,,
Spyware-TIBS-979db6d35d22f609cbdd3515bea40d29c89bf89364999c4218ab5dfffd7fc11a-9.raw,0.5588235294117647,0.5,0.20377597441965947,,0.5000780784779206,0.7405405405405405,0.5427889713679747,0.8213743767613266,0.5156843622363234,,0.9761570827489481,0.7827130852340937,0.7407407407407407,0.7702702702702703,0.5632183908045977,0.6909090909090909,0.686046511627907,0.7058823529411765,0.553763440860215,0.732824427480916,0.8095238095238095,0.8125,0.8095238095238095,0.7283873478626488,0.7412299633275583,0.7283873478626488,0.6966292134831461,0.8567922955829244,0.6966292134831461,0.4470588235294118,0.0,0.0,0.07692307692307693,0.0,0.07692307692307693,0.0,0.13333333333333333,0.0,0.0,0.09943714821763594,0.0,0.1425925109160679,0.06698728959120563,0.16221903395504544,1.0,1.0,1.0,,1.0,1.0,,0.8181818181818182,1.0,,
Spyware-TIBS-5045036bec213df4c03e57feb5f3b97b6e676eb3a1ab220d1596ad71f3246baa-10.raw,0.47058823529411764,0.5,0.2578666330713545,,0.5037175964022964,0.6637837837837838,0.6171624713958812,0.685454151311511,0.4689608293337468,,0.43478260869565216,0.7599039615846338,0.6296296296296297,0.666023166023166,0.5241379310344828,0.6181818181818182,0.7412790697674418,0.5098039215686274,0.41397849462365593,0.6030534351145038,0.9285714285714286,0.859375,0.9285714285714286,1.0,1.0,1.0,0.02247191011235955,0.01296416334845819,0.02247191011235955,0.0,0.2,0.0,0.15384615384615385,0.2,0.15384615384615385,0.2,0.26666666666666666,0.2650000000000001,0.0,0.20384615384615387,0.2650000000000001,0.26356238698010886,0.3295774647887326,0.3741176470588237,1.0,1.0,1.0,,1.0,1.0,,0.6363636363636364,0.5,,
Spyware-TIBS-248a7274908dc58a27ad4f999f106628810a4d04b027244683886198ad927afd-6.raw,0.4411764705882353,0.5714285714285714,0.18179420444196734,,0.12756086358934107,0.44324324324324327,0.33736780258519417,0.29633644049425534,0.06646024098839856,,0.3211781206171108,0.2743097238895558,0.5555555555555556,0.2953667953667954,0.26666666666666666,0.509090909090909,0.18604651162790697,0.21568627450980393,0.10215053763440861,0.32061068702290074,0.5476190476190477,0.59375,0.5476190476190477,0.6351271042754759,0.8020878401458167,0.6351271042754759,0.011235955056179775,4.630058338735068e-05,0.011235955056179775,0.0,0.0,0.0,0.0,0.0,0.0,0.0,0.06666666666666667,0.0,0.0,0.0,0.0,0.08288939934509591,0.09402360106585443,0.11796502384737677,0.0,0.0,0.0,,0.0,0.0,,0.09090909090909091,1.0,,
Spyware-TIBS-2361f526473d9f47642b2c9504cf0e0ffa62f222eccbdf665035ad4658cfb915-8.raw,0.4411764705882353,0.5,0.24923487287692783,,0.5156912865620932,0.5902702702702702,0.5690951821386604,0.6499024495989595,0.4817730879312276,,0.37868162692847124,0.7496998799519808,0.6296296296296297,0.6486486486486487,0.4827586206896552,0.5818181818181818,0.6569767441860465,0.5686274509803921,0.5053763440860215,0.5267175572519084,0.6190476190476191,0.640625,0.6190476190476191,0.6257996554025226,0.6847584671124102,0.6257996554025226,0.02247191011235955,9.260116677470137e-05,0.02247191011235955,0.0,0.0,0.0,0.0,0.0,0.0,0.0,0.13333333333333333,0.0,0.0,0.0,0.0,0.08288939934509591,0.09402360106585443,0.2246952835188128,1.0,1.0,1.0,,1.0,1.0,,0.6363636363636364,0.0,,
Spyware-TIBS-4754c35288a9488036c211c68f36f86496240000164edd36f9eaaeed12e65dbf-6.raw,0.4117647058823529,0.42857142857142855,0.25587675688946165,,0.2949997833709988,0.4854054054054054,0.4675724637681159,0.40776067634944724,0.29720495945452396,,0.6185133239831697,0.3067226890756303,0.48148148148148145,0.3764478764478765,0.3586206896551724,0.509090909090909,0.3430232558139535,0.27450980392156865,0.23118279569892472,0.37404580152671757,0.7142857142857143,0.6875,0.7142857142857143,0.8622729479938087,0.9346262433203785,0.8622729479938087,0.6853932584269663,0.856745994999537,0.6853932584269663,0.5364705882352941,0.1,0.0,0.15384615384615385,0.1,0.15384615384615385,0.1,0.2,0.14324324324324317,0.0,0.2203742203742202,0.14324324324324317,0.3160158350031768,0.23258469737342952,0.33142554319024925,0.0,0.0,0.0,,0.0,0.0,,0.09090909090909091,1.0,,
Spyware-TIBS-589f74cdc865423cfb901a43f8fddab707b0e509a1053e15379dc61562f8659f-10.raw,0.4411764705882353,0.5,0.27682423723668426,,0.5406782236633433,0.6335135135135135,0.6372502937720328,0.6726642098417516,0.5085099664897789,,0.3744740532959327,0.7695078031212484,0.6296296296296297,0.6428571428571429,0.4942528735632184,0.5636363636363636,0.7790697674418605,0.5882352941176471,0.45161290322580644,0.5267175572519084,0.6666666666666666,0.671875,0.6666666666666666,0.626248119277605,0.6262902051912111,0.626248119277605,0.02247191011235955,9.260116677470137e-05,0.02247191011235955,0.0,0.0,0.0,0.0,0.0,0.0,0.0,0.13333333333333333,0.0,0.0,0.0,0.0,0.08288939934509591,0.09402360106585443,0.2246952835188128,1.0,1.0,1.0,,1.0,1.0,,0.7272727272727273,1.0,,
Spyware-TIBS-1421d1a140f3875addfe2378e53f749e8c6023bb0ec3fbe33943218ec09f6b33-8.raw,0.35294117647058826,0.35714285714285715,0.3137002177044632,,0.4641636028255655,0.46378378378378377,0.5692455242966759,0.46650769564274874,0.42663670139115634,,0.33520336605890605,0.5372148859543817,0.48148148148148145,0.4671814671814672,0.33793103448275863,0.45454545454545453,0.39244186046511625,0.37254901960784315,0.24193548387096775,0.3893129770992366,0.5476190476190477,0.546875,0.5476190476190477,0.6127557632643426,0.6451321149605728,0.6127557632643426,0.011235955056179775,4.630058338735068e-05,0.011235955056179775,0.0,0.0,0.0,0.0,0.0,0.0,0.0,0.06666666666666667,0.0,0.0,0.0,0.0,0.12402935857887491,0.11847555923777969,0.16505190311418672,1.0,1.0,1.0,,1.0,1.0,,0.6363636363636364,1.0,,
Spyware-TIBS-570dbd214653ec1c9b7ff1f2c119060a7cacc28549706ece5f233ebdc05b1518-6.raw,0.38235294117647056,0.42857142857142855,0.2726201436199598,,0.2546508848945297,0.4205405405405405,0.42689440993788835,0.3314545848688489,0.20245091691123943,,0.3281907433380084,0.32653061224489793,0.48148148148148145,0.2857142857142857,0.32413793103448274,0.4909090909090909,0.21511627906976744,0.23529411764705882,0.12903225806451613,0.22900763358778625,0.5714285714285714,0.578125,0.5714285714285714,0.7012004346175464,0.8066424985362113,0.7012004346175464,0.011235955056179775,4.630058338735068e-05,0.011235955056179775,0.0,0.0,0.0,0.0,0.0,0.0,0.0,0.06666666666666667,0.0,0.0,0.0,0.0,0.109532420563162,0.10985915492957736,0.14845938375350132,0.0,0.0,0.0,,0.0,0.0,,0.2727272727272727,1.0,,
Spyware-TIBS-5555ad162e1d6f2cce4027b9c8f6d68e141d13498aa7ed59965dceb22f9bf1b9-1.raw,0.29411764705882354,0.35714285714285715,0.4921745534892285,,0.304202148400649,0.29945945945945945,0.42357336956521746,0.24951224799479732,0.2554724661078234,,0.2959326788218794,0.20228091236494597,0.37037037037037035,0.16602316602316602,0.4459770114942529,0.38181818181818183,0.10755813953488372,0.1568627450980392,0.0967741935483871,0.183206106870229,0.4523809523809524,0.453125,0.4523809523809524,0.633729565015061,0.742434599568157,0.633729565015061,0.011235955056179775,4.630058338735068e-05,0.011235955056179775,0.0,0.3,0.0,0.23076923076923078,0.3,0.23076923076923078,0.3,0.26666666666666666,0.4542857142857144,0.0,0.34945054945054943,0.4542857142857144,0.47920433996383405,0.5492957746478873,0.48694677871148445,0.0,0.6363636363636364,0.5,,0.6666666666666666,0.6666666666666666,,0.36363636363636365,1.0,,
Spyware-TIBS-4579cff31815c40492e3f2dd85eb22f5084a96d95d850a31d48bd79553fe42b4-4.raw,0.6176470588235294,0.6428571428571429,0.16839161917159487,,0.36497273838591454,0.7783783783783784,0.48088978766430746,0.7708649468892261,0.3204990789248966,,0.42917251051893407,0.8487394957983193,0.8518518518518519,0.6833976833976834,0.6091954022988506,0.8545454545454545,0.7151162790697675,0.7647058823529411,0.5752688172043011,0.7862595419847328,0.7142857142857143,0.796875,0.7142857142857143,0.564094428144406,0.657425042205954,0.564094428144406,0.02247191011235955,9.260116677470137e-05,0.02247191011235955,0.0,0.1,0.0,0.07692307692307693,0.1,0.07692307692307693,0.1,0.2,0.12045454545454536,0.0,0.09265734265734256,0.12045454545454536,0.10673187571921774,0.166453265044814,0.21256684491978625,1.0,1.0,1.0,,1.0,1.0,,0.9090909090909091,0.5,,
Spyware-TIBS-505c865b3cadf62b53d15f53d6d9a4293f7d7287fc88b54fa2b19974b3338a57-5.raw,0.4411764705882353,0.5714285714285714,0.22471099344603296,,0.22227325374455598,0.5037837837837837,0.43278495887191537,0.3826143507478864,0.16780574257224046,,0.32398316970546986,0.32593037214885956,0.5555555555555556,0.48841698841698844,0.32873563218390806,0.5636363636363636,0.22093023255813954,0.37254901960784315,0.41935483870967744,0.3893129770992366,0.5952380952380952,0.625,0.5952380952380952,0.6477485123658022,0.7557755741315209,0.6477485123658022,0.011235955056179775,4.630058338735068e-05,0.011235955056179775,0.0,0.7,0.0,0.5384615384615384,0.7,0.5384615384615384,0.7,0.5333333333333333,0.8431818181818185,0.0,0.6486013986013986,0.8431818181818185,0.6948462929475591,0.8655569782330347,0.661319073083779,0.0,0.6363636363636364,0.5,,0.6666666666666666,0.6666666666666666,,0.2727272727272727,1.0,,
Spyware-TIBS-5065428bc91f6a12f48944a8c7299d559faf3d53e2c7c47db05bb9103450ab8d-3.raw,0.7058823529411765,0.6428571428571429,0.2098500556387245,,0.42820079375539694,0.9524324324324325,0.5468336483931946,0.9718187730327336,0.43143985305751087,,0.7391304347826086,0.9369747899159664,0.9259259259259259,0.805019305019305,0.8505747126436781,0.9454545454545454,1.0,1.0,0.7150537634408602,1.0,0.9047619047619048,0.953125,0.9047619047619048,0.6638235627141096,0.6860635008520906,0.6638235627141096,0.6853932584269663,0.8553106769145291,0.6853932584269663,0.43921568627450985,0.0,0.0,0.07692307692307693,0.0,0.07692307692307693,0.0,0.2,0.0,0.0,0.088628762541806,0.0,0.08542338234137924,0.03980404164115127,0.18525149190110815,1.0,1.0,1.0,,1.0,1.0,,1.0,0.5,,
Spyware-TIBS-78791f14568516cded277d28fae715f599d5074532d9a5f41fd1f0a14d648db2-7.raw,0.5882352941176471,0.5714285714285714,0.18836310071809978,,0.45796069651115473,0.7697297297297298,0.5253623188405799,0.8241924994580533,0.4682835408396659,,0.7110799438990182,0.8169267707082833,0.7777777777777778,0.8011583011583011,0.6137931034482759,0.7454545454545455,0.8575581395348837,0.7450980392156863,0.6075268817204301,0.7175572519083969,0.8095238095238095,0.828125,0.8095238095238095,0.7252653200547139,0.768246646492351,0.7252653200547139,0.6966292134831461,0.8567922955829244,0.6966292134831461,0.4470588235294118,0.4,0.0,0.38461538461538464,0.4,0.38461538461538464,0.4,0.4666666666666667,0.4608695652173913,0.0,0.44314381270902997,0.4608695652173913,0.4604528657913362,0.4856093080220452,0.5286445012787726,1.0,1.0,1.0,,1.0,1.0,,0.7272727272727273,0.5,,
Spyware-TIBS-248a7274908dc58a27ad4f999f106628810a4d04b027244683886198ad927afd-5.raw,0.4411764705882353,0.5714285714285714,0.148073870224487,,0.06545047708051949,0.40216216216216216,0.27262044653349,0.23975720789074356,0.0,,0.31837307152875177,0.19687875150060025,0.5555555555555556,0.2625482625482625,0.1839080459770115,0.509090909090909,0.14244186046511628,0.21568627450980393,0.0967741935483871,0.32061068702290074,0.5,0.5625,0.5,0.599407247305175,0.8113366564178897,0.599407247305175,0.011235955056179775,4.630058338735068e-05,0.011235955056179775,0.0,0.0,0.0,0.0,0.0,0.0,0.0,0.06666666666666667,0.0,0.0,0.0,0.0,0.08288939934509591,0.09402360106585443,0.11796502384737677,0.0,0.6363636363636364,0.5,,0.6666666666666666,0.6666666666666666,,0.2727272727272727,1.0,,
Spyware-TIBS-1981a8ad7e1e19ce11df0ba175d0e34fd8f1b1511b571dc00e362a078867d775-5.raw,0.4411764705882353,0.5714285714285714,0.21858002358830964,,0.22727064116480586,0.5113513513513513,0.4447121034077558,0.38716670279644483,0.17315311828395055,,0.33099579242636745,0.3283313325330132,0.5555555555555556,0.4864864864864865,0.335632183908046,0.5636363636363636,0.2441860465116279,0.37254901960784315,0.40860215053763443,0.37404580152671757,0.5952380952380952,0.625,0.5952380952380952,0.6397125240545122,0.7414134618978223,0.6397125240545122,0.011235955056179775,4.630058338735068e-05,0.011235955056179775,0.0,0.2,0.0,0.15384615384615385,0.2,0.15384615384615385,0.2,0.2,0.27179487179487144,0.0,0.20907297830374721,0.27179487179487144,0.28015022951731827,0.3427230046948356,0.29311211664152853,0.0,0.6363636363636364,0.5,,0.6666666666666666,0.6666666666666666,,0.2727272727272727,1.0,,
Spyware-TIBS-1981a8ad7e1e19ce11df0ba175d0e34fd8f1b1511b571dc00e362a078867d775-4.raw,0.4411764705882353,0.5714285714285714,0.20938356880172376,,0.19728631664330584,0.5081081081081081,0.4396004700352529,0.35985259050509427,0.14106886401368923,,0.32538569424964936,0.27611044417767105,0.5555555555555556,0.4691119691119691,0.2988505747126437,0.5636363636363636,0.2441860465116279,0.37254901960784315,0.3709677419354839,0.37404580152671757,0.5714285714285714,0.609375,0.5714285714285714,0.6048710224942517,0.7120857572584831,0.6048710224942517,0.011235955056179775,4.630058338735068e-05,0.011235955056179775,0.0,0.4,0.0,0.3076923076923077,0.4,0.3076923076923077,0.4,0.3333333333333333,0.5170731707317076,0.0,0.39774859287054415,0.5170731707317076,0.4581661006483486,0.5671590518722089,0.4511716881874701,0.0,0.6363636363636364,0.5,,0.6666666666666666,0.6666666666666666,,0.2727272727272727,1.0,,
Spyware-TIBS-954f736dfd60b84b6e7b02b873945bb19058beb1f7be314716f5c924f632f598-2.raw,0.29411764705882354,0.35714285714285715,0.4992634873872215,,0.31713437566823055,0.2983783783783784,0.4216032608695653,0.259700845436809,0.2693103922427402,,0.28892005610098176,0.22388955582232895,0.37037037037037035,0.19111969111969113,0.45057471264367815,0.38181818181818183,0.10755813953488372,0.1568627450980392,0.0913978494623656,0.1984732824427481,0.47619047619047616,0.46875,0.47619047619047616,0.6796097563447521,0.7860959708664363,0.6796097563447521,0.011235955056179775,4.630058338735068e-05,0.011235955056179775,0.0,0.2,0.0,0.15384615384615385,0.2,0.15384615384615385,0.2,0.2,0.311764705882353,0.0,0.23981900452488686,0.311764705882353,0.37772577385384565,0.42004971002485514,0.397347174163783,0.0,0.6363636363636364,0.5,,0.6666666666666666,0.6666666666666666,,0.2727272727272727,1.0,,
Spyware-TIBS-0149e4302db69ee3430709369101d4e70f5d8bfce7c76555cb835f4862a03879-1.raw,0.38235294117647056,0.42857142857142855,0.44437488491990434,,0.2564118690330939,0.387027027027027,0.3710559006211181,0.3331888142206807,0.2562171855368616,,0.30995792426367463,0.25210084033613445,0.4444444444444444,0.2084942084942085,0.5793103448275863,0.4727272727272727,0.25290697674418605,0.27450980392156865,0.13440860215053763,0.3511450381679389,0.4523809523809524,0.484375,0.4523809523809524,0.534067396106496,0.6454921289276107,0.534067396106496,0.5056179775280899,0.03921659412908603,0.5056179775280899,0.49411764705882355,0.5,0.0,0.46153846153846156,0.5,0.46153846153846156,0.5,0.4666666666666667,0.6625000000000002,0.0,0.6115384615384616,0.6625000000000002,0.6948462929475591,0.7140845070422538,0.670294117647059,0.0,0.6363636363636364,0.5,,0.6666666666666666,0.6666666666666666,,0.2727272727272727,1.0,,
Spyware-TIBS-2725437ab005d0af1ff71341ddc285cdb1225f0b33771aa4d382d6373647a577-1.raw,0.5882352941176471,0.5714285714285714,0.3287915055545327,,0.4963249938155914,0.8172972972972973,0.591407867494824,0.8638629958812053,0.5103358996596309,,0.48246844319775595,0.8853541416566627,0.7777777777777778,0.667953667953668,0.896551724137931,0.8,0.9331395348837209,0.8235294117647058,0.6182795698924731,0.9083969465648855,0.7380952380952381,0.78125,0.7380952380952381,0.5623843822645915,0.5638058815609106,0.5623843822645915,0.6179775280898876,0.4424483748495231,0.6179775280898876,0.48,0.1,0.0,0.15384615384615385,0.1,0.15384615384615385,0.1,0.26666666666666666,0.12325581395348803,0.0,0.18962432915921273,0.12325581395348803,0.21842802472770118,0.17458237798886347,0.31901504787961676,1.0,1.0,1.0,,1.0,1.0,,0.9090909090909091,0.5,,
Spyware-TIBS-1981a8ad7e1e19ce11df0ba175d0e34fd8f1b1511b571dc00e362a078867d775-6.raw,0.4117647058823529,0.5714285714285714,0.24642484502547113,,0.2886406739817388,0.5113513513513513,0.5096014492753626,0.40190765228701497,0.23882115546320712,,0.32959326788218796,0.3475390156062425,0.5185185185185185,0.5193050193050193,0.32873563218390806,0.5272727272727272,0.2761627906976744,0.3137254901960784,0.44086021505376344,0.33587786259541985,0.6190476190476191,0.625,0.6190476190476191,0.6778551314638721,0.7393733561131107,0.6778551314638721,0.011235955056179775,4.630058338735068e-05,0.011235955056179775,0.0,0.1,0.0,0.07692307692307693,0.1,0.07692307692307693,0.1,0.13333333333333333,0.14324324324324317,0.0,0.1101871101871101,0.14324324324324317,0.19945261717413634,0.23258469737342952,0.2246952835188128,0.0,0.0,0.0,,0.0,0.0,,0.09090909090909091,1.0,,
Spyware-TIBS-5045036bec213df4c03e57feb5f3b97b6e676eb3a1ab220d1596ad71f3246baa-7.raw,0.5294117647058824,0.5714285714285714,0.2313017860430859,,0.5110627539276236,0.7372972972972973,0.598913043478261,0.7856058963797963,0.47682039947442934,,0.44460028050490885,0.8733493397358943,0.7407407407407407,0.7992277992277992,0.5954022988505747,0.6909090909090909,0.811046511627907,0.6666666666666666,0.543010752688172,0.6564885496183206,0.9285714285714286,0.890625,0.9285714285714286,0.922831764418621,0.9427345302570171,0.922831764418621,0.033707865168539325,0.013010463931845542,0.033707865168539325,0.0,0.1,0.0,0.07692307692307693,0.1,0.07692307692307693,0.1,0.2,0.12926829268292675,0.0,0.09943714821763594,0.12926829268292675,0.1425925109160679,0.1920302301614563,0.25853658536585356,1.0,1.0,1.0,,1.0,1.0,,0.6363636363636364,0.5,,
Spyware-TIBS-7651d72f90c1aaecc18a032dd6140ec4def8a836e7efcfc83b9a3389345dcb10-3.raw,0.6470588235294118,0.6428571428571429,0.18799484441171058,,0.3714647385796175,0.8302702702702702,0.4957509881422928,0.8209408194233687,0.32744574149813543,,0.4375876577840112,0.8919567827130852,0.8888888888888888,0.6988416988416989,0.7034482758620689,0.8909090909090909,0.8168604651162791,0.8235294117647058,0.5913978494623656,0.8244274809160306,0.7380952380952381,0.828125,0.7380952380952381,0.5507325132930622,0.6357804787916478,0.5507325132930622,0.033707865168539325,0.00013890175016205206,0.033707865168539325,0.0,0.2,0.0,0.15384615384615385,0.2,0.15384615384615385,0.2,0.26666666666666666,0.23043478260869565,0.0,0.177257525083612,0.23043478260869565,0.17918075320386836,0.26270667483159826,0.2710997442455242,1.0,1.0,1.0,,1.0,1.0,,0.9090909090909091,0.0,,
Spyware-TIBS-1421d1a140f3875addfe2378e53f749e8c6023bb0ec3fbe33943218ec09f6b33-10.raw,0.4117647058823529,0.42857142857142855,0.2684793060414496,,0.5283301817307678,0.5805405405405405,0.6216787439613529,0.614350747886408,0.49529713867301334,,0.37166900420757365,0.7292917166866747,0.5925925925925926,0.6216216216216216,0.4114942528735632,0.5272727272727272,0.5232558139534884,0.5294117647058824,0.43010752688172044,0.5419847328244275,0.5952380952380952,0.609375,0.5952380952380952,0.5697772440836394,0.5806359178621414,0.5697772440836394,0.02247191011235955,9.260116677470137e-05,0.02247191011235955,0.0,0.0,0.0,0.0,0.0,0.0,0.0,0.06666666666666667,0.0,0.0,0.0,0.0,0.0958408679927671,0.10172143974960857,0.13278867102396533,1.0,1.0,1.0,,1.0,1.0,,0.8181818181818182,1.0,,
Spyware-TIBS-599e4bde3509a8bf8d535685bcf40f703d68c03b3bb6343accac3ae6dc696248-4.raw,0.38235294117647056,0.42857142857142855,0.20780703369545195,,0.1691173695928353,0.3978378378378378,0.3890683229813665,0.2577498374159983,0.11092712581829395,,0.3127629733520337,0.22148859543817526,0.48148148148148145,0.26640926640926643,0.21149425287356322,0.4909090909090909,0.1686046511627907,0.21568627450980393,0.11827956989247312,0.24427480916030533,0.5952380952380952,0.59375,0.5952380952380952,0.7692974504218603,0.8921737129257223,0.7692974504218603,0.02247191011235955,0.0029169367534030927,0.02247191011235955,0.0,0.0,0.0,0.0,0.0,0.0,0.0,0.06666666666666667,0.0,0.0,0.0,0.0,0.109532420563162,0.10985915492957736,0.14845938375350132,0.0,0.6363636363636364,0.5,,0.6666666666666666,0.6666666666666666,,0.2727272727272727,1.0,,
Spyware-TIBS-574cbd37cab3adfdd1b55051c52471c180bc4b5e69e7e018d8f7039b644ed0fd-6.raw,0.35294117647058826,0.42857142857142855,0.3337160310635026,,0.4279080470315949,0.43675675675675674,0.5228900255754478,0.4363754606546716,0.4468569622523115,,0.8835904628330996,0.31512605042016806,0.4074074074074074,0.27606177606177607,0.3724137931034483,0.43636363636363634,0.32848837209302323,0.23529411764705882,0.1827956989247312,0.366412213740458,0.5714285714285714,0.546875,0.5714285714285714,0.6837184301951745,0.6970789063986043,0.6837184301951745,0.6629213483146067,0.8591999259190666,0.6629213483146067,0.6588235294117647,0.0,0.0,0.07692307692307693,0.0,0.07692307692307693,0.0,0.13333333333333333,0.0,0.0,0.11990950226244323,0.0,0.25087756621636,0.11847555923777969,0.2811995386389851,0.0,0.0,0.0,,0.0,0.0,,0.18181818181818182,1.0,,
Spyware-TIBS-30533d67f47b9264c85d2a594ee58789410e4f2d0e5f38cbc487908da385c8bb-10.raw,0.38235294117647056,0.42857142857142855,0.2791014546124103,,0.5037043559200512,0.5167567567567568,0.5872049689440997,0.5460654671580316,0.4689466615642274,,0.36746143057503505,0.6326530612244898,0.5185185185185185,0.5135135135135135,0.4,0.509090909090909,0.5843023255813954,0.45098039215686275,0.3548387096774194,0.46564885496183206,0.6190476190476191,0.609375,0.6190476190476191,0.6943780582749127,0.7304417765506052,0.6943780582749127,0.011235955056179775,4.630058338735068e-05,0.011235955056179775,0.0,0.0,0.0,0.0,0.0,0.0,0.0,0.13333333333333333,0.0,0.0,0.0,0.0,0.109532420563162,0.10985915492957736,0.2612885154061625,1.0,1.0,1.0,,1.0,1.0,,0.6363636363636364,0.5,,
Spyware-TIBS-7651d72f90c1aaecc18a032dd6140ec4def8a836e7efcfc83b9a3389345dcb10-7.raw,0.5294117647058824,0.5714285714285714,0.18593260909593085,,0.4109067810467793,0.6562162162162162,0.48070652173913053,0.6869716019943638,0.3696500779189032,,0.40813464235624125,0.7833133253301321,0.7407407407407407,0.694980694980695,0.5103448275862069,0.6909090909090909,0.6831395348837209,0.5686274509803921,0.4838709677419355,0.5419847328244275,0.6666666666666666,0.71875,0.6666666666666666,0.6304459531602128,0.7375323707487184,0.6304459531602128,0.033707865168539325,0.00013890175016205206,0.033707865168539325,0.0,0.6,0.0,0.46153846153846156,0.6,0.46153846153846156,0.6,0.5333333333333333,0.6913043478260869,0.0,0.531772575250836,0.6913043478260869,0.554210236653825,0.7085119412124923,0.6144927536231886,1.0,1.0,1.0,,1.0,1.0,,0.6363636363636364,0.0,,
Spyware-TIBS-404929a7b78f384d1d1715f06d93c3cf0301d8027cb5e721ffff4d89e1b7da7c-7.raw,0.5294117647058824,0.5714285714285714,0.18026146197753637,,0.41024641199481754,0.6605405405405406,0.48701086956521755,0.6863212659874268,0.36894346041414133,,0.4053295932678822,0.7797118847539015,0.7407407407407407,0.694980694980695,0.4850574712643678,0.6909090909090909,0.6773255813953488,0.5686274509803921,0.4946236559139785,0.5343511450381679,0.6428571428571429,0.703125,0.6428571428571429,0.5889002942982888,0.6935727246204787,0.5889002942982888,0.02247191011235955,9.260116677470137e-05,0.02247191011235955,0.0,0.2,0.0,0.15384615384615385,0.2,0.15384615384615385,0.2,0.26666666666666666,0.2523809523809524,0.0,0.1941391941391941,0.2523809523809524,0.2327563936967193,0.3051643192488263,0.33650793650793637,1.0,1.0,1.0,,1.0,1.0,,0.6363636363636364,0.5,,
Spyware-TIBS-3031e4fc4cab067dba86e6f667dfaf323a996c8a112776899d692d8af34b21b2-3.raw,0.5588235294117647,0.5714285714285714,0.25080499930390565,,0.46550265819635334,0.7718918918918919,0.5873806998939558,0.7862562323867331,0.4280695365036335,,0.41374474053295934,0.8589435774309724,0.7777777777777778,0.6525096525096525,0.6758620689655173,0.7818181818181819,0.7906976744186046,0.8235294117647058,0.5913978494623656,0.8091603053435115,0.6904761904761905,0.75,0.6904761904761905,0.53614752665825,0.5718782458259546,0.53614752665825,0.02247191011235955,9.260116677470137e-05,0.02247191011235955,0.0,0.3,0.0,0.23076923076923078,0.3,0.23076923076923078,0.3,0.3333333333333333,0.36136363636363605,0.0,0.27797202797202764,0.36136363636363605,0.3027700147953316,0.39948783610755445,0.3920677361853832,1.0,1.0,1.0,,1.0,1.0,,1.0,0.5,,
Spyware-TIBS-8217ae4fbd1555e6e06a5d3f18231377941f07d100b5ad62a8b31b9f1b64703e-7.raw,0.5882352941176471,0.6428571428571429,0.18296200822439085,,0.46089567007542886,0.8097297297297297,0.5809006211180126,0.8270106221547799,0.4231399014142778,,0.43338008415147267,0.8529411764705882,0.8148148148148148,0.9671814671814671,0.6045977011494252,0.8363636363636363,0.7383720930232558,0.7843137254901961,0.8978494623655914,0.8015267175572519,0.7619047619047619,0.8125,0.7619047619047619,0.618436167905164,0.6672400156655726,0.618436167905164,0.02247191011235955,9.260116677470137e-05,0.02247191011235955,0.0,0.4,0.0,0.3076923076923077,0.4,0.3076923076923077,0.4,0.4,0.4608695652173913,0.0,0.354515050167224,0.4608695652173913,0.36669549492884673,0.4856093080220452,0.4427962489343561,1.0,1.0,1.0,,1.0,1.0,,0.6363636363636364,0.0,,
Spyware-TIBS-599e4bde3509a8bf8d535685bcf40f703d68c03b3bb6343accac3ae6dc696248-10.raw,0.5882352941176471,0.5,0.11814889829988341,,0.2221146065248658,0.6691891891891892,0.3857660455486544,0.5805332755256882,0.2540003463062365,,0.3884992987377279,0.6284513805522209,0.6666666666666666,0.5733590733590733,0.4091954022988506,0.6545454545454545,0.49709302325581395,0.49019607843137253,0.3279569892473118,0.48854961832061067,0.7142857142857143,0.765625,0.7142857142857143,0.6635516893793582,0.7708144909120386,0.6635516893793582,0.02247191011235955,0.0029169367534030927,0.02247191011235955,0.0,0.0,0.0,0.15384615384615385,0.0,0.15384615384615385,0.0,0.26666666666666666,0.0,0.0,0.1941391941391941,0.0,0.2327563936967193,0.06103286384976527,0.33650793650793637,1.0,1.0,1.0,,1.0,1.0,,0.6363636363636364,1.0,,
Spyware-TIBS-505c865b3cadf62b53d15f53d6d9a4293f7d7287fc88b54fa2b19974b3338a57-4.raw,0.4411764705882353,0.5714285714285714,0.19712162908627653,,0.19538255000702004,0.5102702702702703,0.4430082256169212,0.3581183611532625,0.13903176850446622,,0.31977559607293127,0.2773109243697479,0.5555555555555556,0.4749034749034749,0.28045977011494255,0.5636363636363636,0.22093023255813954,0.37254901960784315,0.3817204301075269,0.3893129770992366,0.5714285714285714,0.609375,0.5714285714285714,0.6026326290889708,0.7080384873317623,0.6026326290889708,0.011235955056179775,4.630058338735068e-05,0.011235955056179775,0.0,0.6,0.0,0.46153846153846156,0.6,0.46153846153846156,0.6,0.4666666666666667,0.7395348837209303,0.0,0.5688729874776386,0.7395348837209303,0.619622355860213,0.7707173272191286,0.5945280437756499,0.0,0.6363636363636364,0.5,,0.6666666666666666,0.6666666666666666,,0.2727272727272727,1.0,,
Spyware-TIBS-5065428bc91f6a12f48944a8c7299d559faf3d53e2c7c47db05bb9103450ab8d-6.raw,0.6470588235294118,0.5714285714285714,0.16221690296446337,,0.41929146688835234,0.8486486486486486,0.520108695652174,0.8729676999783221,0.42369810055056023,,0.7321178120617111,0.8529411764705882,0.8518518518518519,0.7857142857142857,0.6620689655172414,0.8909090909090909,0.8691860465116279,0.8627450980392157,0.6881720430107527,0.9083969465648855,0.8571428571428571,0.890625,0.8571428571428571,0.7048972106357673,0.7456330488609377,0.7048972106357673,0.6966292134831461,0.8567922955829244,0.6966292134831461,0.4470588235294118,0.2,0.0,0.23076923076923078,0.2,0.23076923076923078,0.2,0.3333333333333333,0.23043478260869565,0.0,0.265886287625418,0.23043478260869565,0.2729381240663575,0.26270667483159826,0.3569479965899405,1.0,1.0,1.0,,1.0,1.0,,0.9090909090909091,0.5,,
Spyware-TIBS-30533d67f47b9264c85d2a594ee58789410e4f2d0e5f38cbc487908da385c8bb-1.raw,0.5,0.5,0.3620289978235108,,0.5494770425400229,0.7178378378378378,0.6336677814938686,0.7758508562757425,0.517925004067662,,0.4011220196353436,0.8499399759903962,0.7037037037037037,0.6235521235521235,0.7977011494252874,0.7090909090909091,0.7877906976744186,0.7058823529411765,0.5698924731182796,0.7404580152671756,0.7380952380952381,0.75,0.7380952380952381,0.6492226893260206,0.6511204256402359,0.6492226893260206,0.02247191011235955,9.260116677470137e-05,0.02247191011235955,0.0,0.5,0.0,0.38461538461538464,0.5,0.38461538461538464,0.5,0.4666666666666667,0.6022727272727273,0.0,0.4632867132867132,0.6022727272727273,0.49880815387144517,0.6325224071702947,0.5715686274509806,1.0,1.0,1.0,,1.0,1.0,,0.9090909090909091,0.5,,
Spyware-TIBS-1421d1a140f3875addfe2378e53f749e8c6023bb0ec3fbe33943218ec09f6b33-2.raw,0.29411764705882354,0.35714285714285715,0.509896888234211,,0.32759021899095603,0.30594594594594593,0.4353940217391305,0.26793843485801,0.28049850273480065,,0.2973352033660589,0.2304921968787515,0.37037037037037035,0.19305019305019305,0.47586206896551725,0.38181818181818183,0.10755813953488372,0.1568627450980392,0.0967741935483871,0.1984732824427481,0.47619047619047616,0.46875,0.47619047619047616,0.6701016903784026,0.7692561821009002,0.6701016903784026,0.011235955056179775,4.630058338735068e-05,0.011235955056179775,0.0,0.0,0.0,0.0,0.0,0.0,0.0,0.06666666666666667,0.0,0.0,0.0,0.0,0.15574141048824633,0.13732394366197195,0.20134803921568642,0.0,0.6363636363636364,0.5,,0.6666666666666666,0.6666666666666666,,0.36363636363636365,1.0,,
Spyware-TIBS-248a7274908dc58a27ad4f999f106628810a4d04b027244683886198ad927afd-1.raw,0.4411764705882353,0.5714285714285714,0.34426490567164475,,0.14279099667962697,0.4,0.26921269095182165,0.3102102753089096,0.08275700506218227,,0.32959326788218796,0.24849939975990396,0.5555555555555556,0.2471042471042471,0.49885057471264366,0.509090909090909,0.14244186046511628,0.21568627450980393,0.0967741935483871,0.32061068702290074,0.47619047619047616,0.546875,0.47619047619047616,0.560455061440929,0.7776183600157313,0.560455061440929,0.011235955056179775,4.630058338735068e-05,0.011235955056179775,0.0,0.1,0.0,0.07692307692307693,0.1,0.07692307692307693,0.1,0.06666666666666667,0.1394736842105263,0.0,0.10728744939271251,0.1394736842105263,0.18411535167031515,0.22164566345441064,0.1039215686274509,0.0,0.6363636363636364,0.5,,0.6666666666666666,0.6666666666666666,,0.2727272727272727,1.0,,
Spyware-TIBS-7469e64fea64885609ff5e5a6256e808fdd81e6f797d5706b1cf4a96c96d0c1b-6.raw,0.5,0.5,0.24278949430855176,,0.4808438145754658,0.6756756756756757,0.570624303232999,0.7099501409061348,0.44448509929926533,,0.39831697054698456,0.7941176470588235,0.7037037037037037,0.6698841698841699,0.5609195402298851,0.7272727272727273,0.6686046511627907,0.6862745098039216,0.5698924731182796,0.7404580152671756,0.6666666666666666,0.703125,0.6666666666666666,0.5994892934431932,0.6479708471134217,0.5994892934431932,0.02247191011235955,9.260116677470137e-05,0.02247191011235955,0.0,0.5,0.0,0.38461538461538464,0.5,0.38461538461538464,0.5,0.4666666666666667,0.6022727272727273,0.0,0.4632867132867132,0.6022727272727273,0.49880815387144517,0.6325224071702947,0.5715686274509806,1.0,1.0,1.0,,1.0,1.0,,0.8181818181818182,0.5,,
Spyware-TIBS-5045036bec213df4c03e57feb5f3b97b6e676eb3a1ab220d1596ad71f3246baa-4.raw,0.6470588235294118,0.6428571428571429,0.221506168293132,,0.46391640585424293,0.9113513513513514,0.6032114624505931,0.921092564491654,0.4263721921647749,,0.48106591865357645,0.985594237695078,0.8888888888888888,0.803088803088803,0.7724137931034483,0.8909090909090909,0.9447674418604651,0.9215686274509803,0.6505376344086021,0.9389312977099237,1.0,1.0,1.0,0.8192428998904647,0.8292954456977472,0.8192428998904647,0.033707865168539325,0.013010463931845542,0.033707865168539325,0.0,0.0,0.0,0.0,0.0,0.0,0.0,0.13333333333333333,0.0,0.0,0.0,0.0,0.008712806181160966,0.04993597951344412,0.12281639928698743,1.0,1.0,1.0,,1.0,1.0,,0.9090909090909091,0.5,,
Spyware-TIBS-35687c2a333d215c400adb744ca367dae9ce2b5fcc705ac639b11bc319d50475-7.raw,0.5588235294117647,0.6428571428571429,0.18441108182026425,,0.4661469206860721,0.7578378378378379,0.5673913043478261,0.78690656839367,0.4287589194351085,,0.4179523141654979,0.8277310924369747,0.7777777777777778,0.9459459459459459,0.5540229885057472,0.7272727272727273,0.7267441860465116,0.7254901960784313,0.8225806451612904,0.6335877862595419,0.7142857142857143,0.765625,0.7142857142857143,0.6020011908752818,0.6613068695555712,0.6020011908752818,0.02247191011235955,9.260116677470137e-05,0.02247191011235955,0.0,0.4,0.0,0.3076923076923077,0.4,0.3076923076923077,0.4,0.4,0.4711111111111108,0.0,0.36239316239316205,0.4711111111111108,0.38336347197106696,0.5004694835680752,0.4618736383442267,1.0,1.0,1.0,,1.0,1.0,,0.6363636363636364,0.5,,
Spyware-TIBS-979db6d35d22f609cbdd3515bea40d29c89bf89364999c4218ab5dfffd7fc11a-8.raw,0.5294117647058824,0.5,0.23413735960228316,,0.4894906982302108,0.6789189189189189,0.513804347826087,0.764578365488836,0.5053629150941206,,0.9621318373071529,0.7208883553421368,0.6666666666666666,0.7065637065637066,0.5448275862068965,0.6545454545454545,0.6395348837209303,0.6274509803921569,0.45161290322580644,0.648854961832061,0.7857142857142857,0.8125,0.7857142857142857,0.7558239584709343,0.8474383933516157,0.7558239584709343,0.6853932584269663,0.856745994999537,0.6853932584269663,0.5364705882352941,0.0,0.0,0.07692307692307693,0.0,0.07692307692307693,0.0,0.2,0.0,0.0,0.10192307692307694,0.0,0.15574141048824633,0.07323943661971842,0.2753921568627452,1.0,1.0,1.0,,1.0,1.0,,0.7272727272727273,1.0,,
Spyware-TIBS-87163ea3765848c449bf0ff0549bacf6a38706b9004b2262e20b822fb5f4e852-3.raw,0.5588235294117647,0.5,0.25357141253239085,,0.46507314986987436,0.7718918918918919,0.5873806998939558,0.7858226750487752,0.4276099478826504,,0.41374474053295934,0.8601440576230492,0.7777777777777778,0.6525096525096525,0.6758620689655173,0.7818181818181819,0.7877906976744186,0.8235294117647058,0.5913978494623656,0.8015267175572519,0.6904761904761905,0.75,0.6904761904761905,0.5352367629757743,0.5702411116762279,0.5352367629757743,0.02247191011235955,9.260116677470137e-05,0.02247191011235955,0.0,0.2,0.0,0.15384615384615385,0.2,0.15384615384615385,0.2,0.26666666666666666,0.24651162790697662,0.0,0.18962432915921273,0.24651162790697662,0.21842802472770118,0.2938093678349162,0.31901504787961676,1.0,1.0,1.0,,1.0,1.0,,1.0,0.5,,
Spyware-TIBS-6666171e4b060f807fe35397acf8a6b5851d02614d02d63d32142e126aac932d-1.raw,0.5,0.5,0.3620289978235108,,0.550605878526282,0.7189189189189189,0.6352842809364552,0.7769347496206374,0.5191328972381946,,0.40252454417952316,0.8487394957983193,0.7037037037037037,0.6274131274131274,0.7931034482758621,0.7090909090909091,0.7877906976744186,0.7058823529411765,0.5698924731182796,0.7404580152671756,0.7380952380952381,0.75,0.7380952380952381,0.6482150449376728,0.6493862203377112,0.6482150449376728,0.02247191011235955,9.260116677470137e-05,0.02247191011235955,0.0,0.4,0.0,0.3076923076923077,0.4,0.3076923076923077,0.4,0.4,0.49302325581395323,0.0,0.37924865831842547,0.49302325581395323,0.41902519029395685,0.5322633475270226,0.5026903784769722,1.0,1.0,1.0,,1.0,1.0,,0.9090909090909091,1.0,,
Spyware-TIBS-404929a7b78f384d1d1715f06d93c3cf0301d8027cb5e721ffff4d89e1b7da7c-10.raw,0.5294117647058824,0.5714285714285714,0.18593260909593085,,0.4067244437176891,0.6605405405405406,0.48701086956521755,0.6828528072837633,0.3651748337220791,,0.40813464235624125,0.7791116446578632,0.7407407407407407,0.694980694980695,0.4827586206896552,0.6909090909090909,0.6773255813953488,0.5686274509803921,0.4946236559139785,0.5343511450381679,0.6428571428571429,0.703125,0.6428571428571429,0.5971159649605109,0.7084821384664739,0.5971159649605109,0.02247191011235955,9.260116677470137e-05,0.02247191011235955,0.0,0.0,0.0,0.0,0.0,0.0,0.0,0.13333333333333333,0.0,0.0,0.0,0.0,0.047920433996383786,0.07323943661971842,0.1766666666666668,1.0,1.0,1.0,,1.0,1.0,,0.6363636363636364,0.5,,
Spyware-TIBS-589f74cdc865423cfb901a43f8fddab707b0e509a1053e15379dc61562f8659f-5.raw,0.29411764705882354,0.35714285714285715,0.3043178051924139,,0.26485515905460305,0.30594594594594593,0.4353940217391305,0.21851289833080426,0.21336983978243815,,0.2847124824684432,0.22268907563025211,0.37037037037037035,0.19884169884169883,0.21149425287356322,0.38181818181818183,0.10755813953488372,0.1568627450980392,0.11290322580645161,0.20610687022900764,0.5238095238095238,0.5,0.5238095238095238,0.7584875237046662,0.8511578665202698,0.7584875237046662,0.011235955056179775,4.630058338735068e-05,0.011235955056179775,0.0,0.0,0.0,0.0,0.0,0.0,0.0,0.06666666666666667,0.0,0.0,0.0,0.0,0.15574141048824633,0.13732394366197195,0.20134803921568642,0.0,0.6363636363636364,0.5,,0.6666666666666666,0.6666666666666666,,0.2727272727272727,1.0,,
Spyware-TIBS-3031e4fc4cab067dba86e6f667dfaf323a996c8a112776899d692d8af34b21b2-7.raw,0.4411764705882353,0.5,0.2584313276635133,,0.5185469365165217,0.5978378378378378,0.5810223266745008,0.6525037936267072,0.48482873119506203,,0.38429172510518933,0.751500600240096,0.6296296296296297,0.6486486486486487,0.49195402298850577,0.5818181818181818,0.6569767441860465,0.5686274509803921,0.4838709677419355,0.5267175572519084,0.6190476190476191,0.640625,0.6190476190476191,0.617080000357903,0.669347965757811,0.617080000357903,0.02247191011235955,9.260116677470137e-05,0.02247191011235955,0.0,0.6,0.0,0.46153846153846156,0.6,0.46153846153846156,0.6,0.5333333333333333,0.7395348837209303,0.0,0.5688729874776386,0.7395348837209303,0.619622355860213,0.7707173272191286,0.6863657090743273,1.0,1.0,1.0,,1.0,1.0,,0.7272727272727273,0.5,,
Spyware-TIBS-7651d72f90c1aaecc18a032dd6140ec4def8a836e7efcfc83b9a3389345dcb10-6.raw,0.5882352941176471,0.5714285714285714,0.17215982323697296,,0.3898273816262271,0.7491891891891892,0.4968426501035197,0.7535226533709083,0.3470943985208748,,0.4305750350631136,0.8349339735894358,0.8148148148148148,0.7239382239382239,0.5724137931034483,0.8363636363636363,0.7122093023255814,0.6862745098039216,0.5698924731182796,0.7786259541984732,0.7142857142857143,0.78125,0.7142857142857143,0.6000614763683155,0.6903799147485862,0.6000614763683155,0.033707865168539325,0.00013890175016205206,0.033707865168539325,0.0,0.4,0.0,0.3076923076923077,0.4,0.3076923076923077,0.4,0.4,0.4608695652173913,0.0,0.354515050167224,0.4608695652173913,0.36669549492884673,0.4856093080220452,0.4427962489343561,1.0,1.0,1.0,,1.0,1.0,,0.8181818181818182,0.0,,
Spyware-TIBS-78791f14568516cded277d28fae715f599d5074532d9a5f41fd1f0a14d648db2-8.raw,0.5882352941176471,0.5714285714285714,0.18296200822439085,,0.45502572294688104,0.7697297297297298,0.5253623188405799,0.8211575980923477,0.4650664204927833,,0.7180925666199158,0.8145258103241296,0.7777777777777778,0.8011583011583011,0.6045977011494252,0.7454545454545455,0.8575581395348837,0.7450980392156863,0.6129032258064516,0.7175572519083969,0.8095238095238095,0.828125,0.8095238095238095,0.7273453965885115,0.7718097133460445,0.7273453965885115,0.6966292134831461,0.8567922955829244,0.6966292134831461,0.4470588235294118,0.0,0.0,0.07692307692307693,0.0,0.07692307692307693,0.0,0.2,0.0,0.0,0.09706959706959704,0.0,0.13006974941875502,0.06103286384976527,0.24248366013071884,1.0,1.0,1.0,,1.0,1.0,,0.7272727272727273,0.5,,
Spyware-TIBS-78791f14568516cded277d28fae715f599d5074532d9a5f41fd1f0a14d648db2-9.raw,0.5882352941176471,0.5714285714285714,0.1964647394586632,,0.45586428682238817,0.7697297297297298,0.5253623188405799,0.8220247127682636,0.46598559773474973,,0.7152875175315568,0.8169267707082833,0.7777777777777778,0.8011583011583011,0.6114942528735632,0.7454545454545455,0.8575581395348837,0.7450980392156863,0.6075268817204301,0.7175572519083969,0.8095238095238095,0.828125,0.8095238095238095,0.7304750881688297,0.7771707181700995,0.7304750881688297,0.6966292134831461,0.8567922955829244,0.6966292134831461,0.4470588235294118,0.0,0.0,0.07692307692307693,0.0,0.07692307692307693,0.0,0.2,0.0,0.0,0.09706959706959704,0.0,0.13006974941875502,0.06103286384976527,0.24248366013071884,1.0,1.0,1.0,,1.0,1.0,,0.7272727272727273,0.5,,
Spyware-TIBS-87163ea3765848c449bf0ff0549bacf6a38706b9004b2262e20b822fb5f4e852-5.raw,0.5294117647058824,0.5,0.2227950653654944,,0.4544911384762455,0.7189189189189189,0.5721195652173916,0.7298937784522003,0.416286833233176,,0.40953716690042075,0.8091236494597839,0.7407407407407407,0.6428571428571429,0.5586206896551724,0.7454545454545455,0.688953488372093,0.7647058823529411,0.5752688172043011,0.7633587786259542,0.6904761904761905,0.734375,0.6904761904761905,0.5879927492832758,0.6320804836117693,0.5879927492832758,0.02247191011235955,9.260116677470137e-05,0.02247191011235955,0.0,0.2,0.0,0.15384615384615385,0.2,0.15384615384615385,0.2,0.26666666666666666,0.2523809523809524,0.0,0.1941391941391941,0.2523809523809524,0.2327563936967193,0.3051643192488263,0.33650793650793637,1.0,1.0,1.0,,1.0,1.0,,1.0,0.5,,
Spyware-TIBS-599e4bde3509a8bf8d535685bcf40f703d68c03b3bb6343accac3ae6dc696248-7.raw,0.38235294117647056,0.42857142857142855,0.285582765604861,,0.279556231997082,0.44432432432432434,0.46652173913043476,0.35291567309776717,0.22910049137653843,,0.3436185133239832,0.33913565426170467,0.48148148148148145,0.3108108108108108,0.3471264367816092,0.4909090909090909,0.25,0.23529411764705882,0.16129032258064516,0.25190839694656486,0.6904761904761905,0.65625,0.6904761904761905,0.8727948635178924,0.9429283910509259,0.8727948635178924,0.02247191011235955,0.0029169367534030927,0.02247191011235955,0.0,0.0,0.0,0.0,0.0,0.0,0.0,0.06666666666666667,0.0,0.0,0.0,0.0,0.109532420563162,0.10985915492957736,0.14845938375350132,0.0,0.0,0.0,,0.0,0.0,,0.2727272727272727,1.0,,
Spyware-TIBS-1421d1a140f3875addfe2378e53f749e8c6023bb0ec3fbe33943218ec09f6b33-5.raw,0.29411764705882354,0.35714285714285715,0.3007733382434174,,0.2612781600231443,0.3091891891891892,0.441304347826087,0.2156947756340776,0.2095423282983122,,0.28892005610098176,0.2184873949579832,0.37037037037037035,0.19884169884169883,0.18850574712643678,0.38181818181818183,0.11046511627906977,0.1568627450980392,0.10752688172043011,0.1984732824427481,0.5,0.484375,0.5,0.7101840149931479,0.802987911237568,0.7101840149931479,0.011235955056179775,4.630058338735068e-05,0.011235955056179775,0.0,0.0,0.0,0.0,0.0,0.0,0.0,0.06666666666666667,0.0,0.0,0.0,0.0,0.15574141048824633,0.13732394366197195,0.20134803921568642,0.0,0.6363636363636364,0.5,,0.6666666666666666,0.6666666666666666,,0.36363636363636365,1.0,,
Spyware-TIBS-2725437ab005d0af1ff71341ddc285cdb1225f0b33771aa4d382d6373647a577-5.raw,0.6176470588235294,0.6428571428571429,0.2000445333207726,,0.44974569575400963,0.8227027027027027,0.5410010111223461,0.8608280945154997,0.4581342921262859,,0.7152875175315568,0.8589435774309724,0.8148148148148148,0.6911196911196911,0.6850574712643678,0.8363636363636363,0.8517441860465116,0.8823529411764706,0.6344086021505376,0.9389312977099237,0.7142857142857143,0.78125,0.7142857142857143,0.5323927744955856,0.568587170100437,0.5323927744955856,0.6741573033707865,0.859246226502454,0.6741573033707865,0.5270588235294117,0.1,0.0,0.15384615384615385,0.1,0.15384615384615385,0.1,0.26666666666666666,0.12045454545454536,0.0,0.18531468531468512,0.12045454545454536,0.20475094525727447,0.166453265044814,0.3023172905525847,1.0,1.0,1.0,,1.0,1.0,,0.9090909090909091,0.5,,
Spyware-TIBS-961bfaad26e065fccd479a8aea79ac6f02bfed983259420097133a86e0fc2d21-6.raw,0.35294117647058826,0.42857142857142855,0.2870124665590781,,0.38569622135718595,0.4237837837837838,0.5006393861892582,0.4010405376110991,0.4003201326457827,,0.8653576437587658,0.28211284513805523,0.4074074074074074,0.2702702702702703,0.30114942528735633,0.43636363636363634,0.30523255813953487,0.21568627450980393,0.17204301075268819,0.3282442748091603,0.5714285714285714,0.5625,0.5714285714285714,0.6986804382829986,0.7624570205927421,0.6986804382829986,0.6629213483146067,0.8591999259190666,0.6629213483146067,0.6588235294117647,0.0,0.0,0.07692307692307693,0.0,0.07692307692307693,0.0,0.13333333333333333,0.0,0.0,0.11990950226244323,0.0,0.25087756621636,0.11847555923777969,0.2811995386389851,0.0,0.0,0.0,,0.0,0.0,,0.09090909090909091,1.0,,
Spyware-TIBS-9675cdaca063fc0ae0f9c3efb59251dcbf8c89cf9209b6df888c9c64a50e5f20-8.raw,0.4117647058823529,0.42857142857142855,0.2999856789214182,,0.5048503932165777,0.5524324324324325,0.576147342995169,0.5935399956644266,0.4701729607259306,,0.3632538569424965,0.6974789915966386,0.5925925925925926,0.6003861003861004,0.4298850574712644,0.5272727272727272,0.4941860465116279,0.5098039215686274,0.42473118279569894,0.42748091603053434,0.5952380952380952,0.609375,0.5952380952380952,0.5974433681456124,0.6294393322330761,0.5974433681456124,0.02247191011235955,9.260116677470137e-05,0.02247191011235955,0.0,0.0,0.0,0.0,0.0,0.0,0.0,0.06666666666666667,0.0,0.0,0.0,0.0,0.0958408679927671,0.10172143974960857,0.13278867102396533,1.0,1.0,1.0,,1.0,1.0,,0.6363636363636364,1.0,,
Spyware-TIBS-6666171e4b060f807fe35397acf8a6b5851d02614d02d63d32142e126aac932d-8.raw,0.4411764705882353,0.5,0.24310390301920412,,0.5064104242102002,0.5913513513513513,0.570799059929495,0.6414480815087795,0.4718422473237656,,0.3814866760168303,0.7406962785114045,0.6296296296296297,0.6505791505791506,0.4574712643678161,0.5818181818181818,0.6540697674418605,0.5686274509803921,0.489247311827957,0.5190839694656488,0.6190476190476191,0.640625,0.6190476190476191,0.6236107830916633,0.6808900090668891,0.6236107830916633,0.02247191011235955,9.260116677470137e-05,0.02247191011235955,0.0,0.0,0.0,0.0,0.0,0.0,0.0,0.13333333333333333,0.0,0.0,0.0,0.0,0.08288939934509591,0.09402360106585443,0.2246952835188128,1.0,1.0,1.0,,1.0,1.0,,0.6363636363636364,1.0,,
Spyware-TIBS-30533d67f47b9264c85d2a594ee58789410e4f2d0e5f38cbc487908da385c8bb-6.raw,0.47058823529411764,0.5,0.2429425617071587,,0.4900467984844944,0.6324324324324324,0.569050343249428,0.6726642098417516,0.45433260730534614,,0.38288920056100983,0.7707082833133253,0.6666666666666666,0.6544401544401545,0.4942528735632184,0.6181818181818182,0.6715116279069767,0.6274509803921569,0.489247311827957,0.5877862595419847,0.6190476190476191,0.65625,0.6190476190476191,0.5697523557949004,0.6206393116646292,0.5697523557949004,0.02247191011235955,9.260116677470137e-05,0.02247191011235955,0.0,0.5,0.0,0.38461538461538464,0.5,0.38461538461538464,0.5,0.4666666666666667,0.6162790697674417,0.0,0.47406082289803203,0.6162790697674417,0.519323773077085,0.6514903373730758,0.5945280437756499,1.0,1.0,1.0,,1.0,1.0,,0.8181818181818182,0.5,,
Spyware-TIBS-7469e64fea64885609ff5e5a6256e808fdd81e6f797d5706b1cf4a96c96d0c1b-7.raw,0.4411764705882353,0.5,0.2584313276635133,,0.515929257391629,0.5924324324324325,0.5725029377203291,0.6501192282679384,0.4820277248698805,,0.37727910238429174,0.7496998799519808,0.6296296296296297,0.640926640926641,0.49195402298850577,0.5818181818181818,0.6569767441860465,0.5686274509803921,0.489247311827957,0.5267175572519084,0.6190476190476191,0.640625,0.6190476190476191,0.617080000357903,0.669347965757811,0.617080000357903,0.02247191011235955,9.260116677470137e-05,0.02247191011235955,0.0,0.5,0.0,0.38461538461538464,0.5,0.38461538461538464,0.5,0.4666666666666667,0.6309523809523809,0.0,0.4853479853479852,0.6309523809523809,0.5408163265306122,0.6713615023474178,0.6185807656395894,1.0,1.0,1.0,,1.0,1.0,,0.6363636363636364,0.5,,
Spyware-TIBS-306cacba59ca07650c4ff93e770a530fee5ab0bd21fbbdacc6450bf5f8227b66-2.raw,0.4411764705882353,0.42857142857142855,0.4147710590354672,,0.2801001653217347,0.4648648648648649,0.37144535840188037,0.4355083459787557,0.2793862344402687,,0.6002805049088359,0.2893157262905162,0.5185185185185185,0.33976833976833976,0.6091954022988506,0.5454545454545454,0.2936046511627907,0.3333333333333333,0.20967741935483872,0.42748091603053434,0.5952380952380952,0.609375,0.5952380952380952,0.6915916351338508,0.7955181395079775,0.6915916351338508,0.6292134831460674,0.8544309658301694,0.6292134831460674,0.4894117647058824,0.0,0.0,0.07692307692307693,0.0,0.07692307692307693,0.0,0.13333333333333333,0.0,0.0,0.1101871101871101,0.0,0.19945261717413634,0.09402360106585443,0.2246952835188128,0.0,0.6363636363636364,0.5,,0.6666666666666666,0.6666666666666666,,0.36363636363636365,1.0,,
Spyware-TIBS-327c5b55bece5d32b51b019eae79acd917c944de61153db2fea6a3f59b070a97-9.raw,0.4411764705882353,0.5,0.2890861769521317,,0.5421060486405576,0.6302702702702703,0.6321386603995299,0.6739648818556254,0.5100377881216961,,0.3702664796633941,0.7749099639855942,0.6296296296296297,0.638996138996139,0.5149425287356322,0.5636363636363636,0.7790697674418605,0.5882352941176471,0.44086021505376344,0.5190839694656488,0.6428571428571429,0.65625,0.6428571428571429,0.5940249739628364,0.5988938995744175,0.5940249739628364,0.02247191011235955,9.260116677470137e-05,0.02247191011235955,0.0,0.0,0.0,0.0,0.0,0.0,0.0,0.06666666666666667,0.0,0.0,0.0,0.0,0.08288939934509591,0.09402360106585443,0.11796502384737677,1.0,1.0,1.0,,1.0,1.0,,0.7272727272727273,1.0,,
Spyware-TIBS-78791f14568516cded277d28fae715f599d5074532d9a5f41fd1f0a14d648db2-4.raw,0.6764705882352942,0.6428571428571429,0.18908324638392762,,0.4123008934898096,0.8897297297297297,0.5197584541062804,0.9096032950357685,0.4150234867852688,,0.7335203366058906,0.8853541416566627,0.8888888888888888,0.7953667953667953,0.7402298850574712,0.9090909090909091,0.8924418604651163,0.9411764705882353,0.6989247311827957,0.9618320610687023,0.8809523809523809,0.921875,0.8809523809523809,0.6888635576468426,0.7237860138610998,0.6888635576468426,0.6966292134831461,0.8567922955829244,0.6966292134831461,0.4470588235294118,0.1,0.0,0.15384615384615385,0.1,0.15384615384615385,0.1,0.26666666666666666,0.11521739130434783,0.0,0.177257525083612,0.11521739130434783,0.17918075320386836,0.15125535823637473,0.2710997442455242,1.0,1.0,1.0,,1.0,1.0,,1.0,0.5,,
Spyware-TIBS-992eed3db41572414b500aecbe50a54ccd1e5faa2561dec87e1fe3c2db678f44-9.raw,0.47058823529411764,0.5,0.21010960470592802,,0.40338784219198837,0.5837837837837838,0.4943935926773458,0.5915889876436159,0.3616045558032831,,0.39831697054698456,0.6740696278511404,0.6296296296296297,0.555984555984556,0.4413793103448276,0.6181818181818182,0.6104651162790697,0.45098039215686275,0.3602150537634409,0.48854961832061067,0.6428571428571429,0.671875,0.6428571428571429,0.6604851591375069,0.7512206660717142,0.6604851591375069,0.011235955056179775,4.630058338735068e-05,0.011235955056179775,0.0,0.2,0.0,0.15384615384615385,0.2,0.15384615384615385,0.2,0.26666666666666666,0.2650000000000001,0.0,0.20384615384615387,0.2650000000000001,0.26356238698010886,0.3295774647887326,0.3741176470588237,1.0,1.0,1.0,,1.0,1.0,,0.6363636363636364,0.0,,
Spyware-TIBS-3031e4fc4cab067dba86e6f667dfaf323a996c8a112776899d692d8af34b21b2-4.raw,0.5294117647058824,0.5714285714285714,0.21995949180629715,,0.45779298373605354,0.7189189189189189,0.5721195652173916,0.7331454584868848,0.4198199207569846,,0.40953716690042075,0.8145258103241296,0.7407407407407407,0.6428571428571429,0.5701149425287356,0.7454545454545455,0.6918604651162791,0.7647058823529411,0.5752688172043011,0.7709923664122137,0.6904761904761905,0.734375,0.6904761904761905,0.583132718501939,0.6234471615253817,0.583132718501939,0.02247191011235955,9.260116677470137e-05,0.02247191011235955,0.0,0.4,0.0,0.3076923076923077,0.4,0.3076923076923077,0.4,0.4,0.4818181818181819,0.0,0.3706293706293706,0.4818181818181819,0.4007890843333884,0.5160051216389243,0.4818181818181817,1.0,1.0,1.0,,1.0,1.0,,1.0,0.5,,
Spyware-TIBS-2725437ab005d0af1ff71341ddc285cdb1225f0b33771aa4d382d6373647a577-3.raw,0.6470588235294118,0.6428571428571429,0.2447063155956546,,0.46671797152923183,0.8854054054054054,0.5688241106719369,0.9243442445263386,0.4756262706679327,,0.7180925666199158,0.9129651860744298,0.8518518518518519,0.7007722007722008,0.8298850574712644,0.8727272727272727,0.9593023255813954,0.9411764705882353,0.6505376344086021,0.9694656488549618,0.7380952380952381,0.8125,0.7380952380952381,0.5075199808067639,0.5270764963029405,0.5075199808067639,0.6629213483146067,0.8577646078340587,0.6629213483146067,0.5176470588235295,0.0,0.0,0.07692307692307693,0.0,0.07692307692307693,0.0,0.2,0.0,0.0,0.09265734265734256,0.0,0.10673187571921774,0.04993597951344412,0.21256684491978625,1.0,1.0,1.0,,1.0,1.0,,0.9090909090909091,0.5,,
Spyware-TIBS-7469e64fea64885609ff5e5a6256e808fdd81e6f797d5706b1cf4a96c96d0c1b-10.raw,0.4411764705882353,0.5,0.2553658427346511,,0.5073623075283434,0.5924324324324325,0.5725029377203291,0.6423151961846955,0.4728607950783775,,0.3800841514726508,0.7436974789915967,0.6296296296296297,0.640926640926641,0.4666666666666667,0.5818181818181818,0.6569767441860465,0.5686274509803921,0.4946236559139785,0.5267175572519084,0.6190476190476191,0.640625,0.6190476190476191,0.6257996554025226,0.6847584671124102,0.6257996554025226,0.02247191011235955,9.260116677470137e-05,0.02247191011235955,0.0,0.0,0.0,0.0,0.0,0.0,0.0,0.13333333333333333,0.0,0.0,0.0,0.0,0.08288939934509591,0.09402360106585443,0.2246952835188128,1.0,1.0,1.0,,1.0,1.0,,0.6363636363636364,0.5,,
Spyware-TIBS-4579cff31815c40492e3f2dd85eb22f5084a96d95d850a31d48bd79553fe42b4-3.raw,0.6470588235294118,0.6428571428571429,0.19830602099060937,,0.3792691001028003,0.841081081081081,0.5100790513833995,0.8293951875135487,0.33579667564531945,,0.43338008415147267,0.8997599039615847,0.8888888888888888,0.693050193050193,0.7310344827586207,0.8909090909090909,0.8226744186046512,0.8235294117647058,0.5913978494623656,0.8244274809160306,0.7380952380952381,0.828125,0.7380952380952381,0.5418892517087623,0.6196655172068055,0.5418892517087623,0.02247191011235955,9.260116677470137e-05,0.02247191011235955,0.0,0.0,0.0,0.0,0.0,0.0,0.0,0.13333333333333333,0.0,0.0,0.0,0.0,0.008712806181160966,0.04993597951344412,0.12281639928698743,1.0,1.0,1.0,,1.0,1.0,,0.9090909090909091,0.5,,
Spyware-TIBS-574cbd37cab3adfdd1b55051c52471c180bc4b5e69e7e018d8f7039b644ed0fd-8.raw,0.4117647058823529,0.42857142857142855,0.2621780314654552,,0.3439160094422289,0.4789189189189189,0.45706521739130446,0.45111641014524173,0.35104248362684487,,0.8877980364656382,0.3175270108043217,0.4444444444444444,0.29343629343629346,0.34942528735632183,0.509090909090909,0.3691860465116279,0.3333333333333333,0.1989247311827957,0.37404580152671757,0.5714285714285714,0.609375,0.5714285714285714,0.6368902743524963,0.7699802072762792,0.6368902743524963,0.6629213483146067,0.8591999259190666,0.6629213483146067,0.6588235294117647,0.0,0.0,0.07692307692307693,0.0,0.07692307692307693,0.0,0.2,0.0,0.0,0.11324786324786294,0.0,0.21564195298372554,0.10172143974960857,0.3521786492374727,0.0,0.0,0.0,,0.0,0.0,,0.36363636363636365,1.0,,
Spyware-TIBS-404929a7b78f384d1d1715f06d93c3cf0301d8027cb5e721ffff4d89e1b7da7c-2.raw,0.5882352941176471,0.5714285714285714,0.23157184066777145,,0.4275627560240329,0.7751351351351351,0.5328674948240164,0.7925428137871233,0.38747254165011485,,0.4305750350631136,0.8625450180072028,0.8148148148148148,0.6718146718146718,0.7034482758620689,0.8181818181818182,0.7936046511627907,0.7058823529411765,0.5806451612903226,0.7557251908396947,0.7619047619047619,0.8125,0.7619047619047619,0.6299200184425571,0.6875032353174382,0.6299200184425571,0.02247191011235955,9.260116677470137e-05,0.02247191011235955,0.0,0.2,0.0,0.15384615384615385,0.2,0.15384615384615385,0.2,0.26666666666666666,0.2409090909090907,0.0,0.18531468531468512,0.2409090909090907,0.20475094525727447,0.2829705505761845,0.3023172905525847,1.0,1.0,1.0,,1.0,1.0,,0.9090909090909091,0.5,,
Spyware-TIBS-30533d67f47b9264c85d2a594ee58789410e4f2d0e5f38cbc487908da385c8bb-8.raw,0.4411764705882353,0.5,0.24310390301920412,,0.5064104242102002,0.5902702702702702,0.5690951821386604,0.6414480815087795,0.4718422473237656,,0.38288920056100983,0.741296518607443,0.6296296296296297,0.6467181467181468,0.45977011494252873,0.5818181818181818,0.6540697674418605,0.5686274509803921,0.489247311827957,0.5190839694656488,0.6190476190476191,0.640625,0.6190476190476191,0.6268963450297854,0.6866966787618474,0.6268963450297854,0.02247191011235955,9.260116677470137e-05,0.02247191011235955,0.0,0.0,0.0,0.0,0.0,0.0,0.0,0.13333333333333333,0.0,0.0,0.0,0.0,0.08288939934509591,0.09402360106585443,0.2246952835188128,1.0,1.0,1.0,,1.0,1.0,,0.6363636363636364,0.5,,
Spyware-TIBS-4579cff31815c40492e3f2dd85eb22f5084a96d95d850a31d48bd79553fe42b4-2.raw,0.5882352941176471,0.5714285714285714,0.23967347940833486,,0.4265145511796496,0.772972972972973,0.529865424430642,0.7914589204422284,0.38635092656319175,,0.42917251051893407,0.8625450180072028,0.8148148148148148,0.666023166023166,0.7195402298850575,0.8181818181818182,0.7965116279069767,0.7058823529411765,0.5698924731182796,0.7633587786259542,0.7619047619047619,0.8125,0.7619047619047619,0.6318501354907136,0.6909089210300151,0.6318501354907136,0.02247191011235955,9.260116677470137e-05,0.02247191011235955,0.0,0.2,0.0,0.15384615384615385,0.2,0.15384615384615385,0.2,0.26666666666666666,0.2409090909090907,0.0,0.18531468531468512,0.2409090909090907,0.20475094525727447,0.2829705505761845,0.3023172905525847,1.0,1.0,1.0,,1.0,1.0,,0.9090909090909091,0.5,,
Spyware-TIBS-961bfaad26e065fccd479a8aea79ac6f02bfed983259420097133a86e0fc2d21-9.raw,0.4411764705882353,0.42857142857142855,0.2553658427346511,,0.4452519210195214,0.5621621621621622,0.5247943595769683,0.5859527422501626,0.46101310418272295,,0.9172510518934082,0.49039615846338536,0.5555555555555556,0.42277992277992277,0.4114942528735632,0.5454545454545454,0.5319767441860465,0.49019607843137253,0.3172043010752688,0.5190839694656488,0.6190476190476191,0.625,0.6190476190476191,0.6257996554025226,0.648553667455611,0.6257996554025226,0.6629213483146067,0.8591999259190666,0.6629213483146067,0.6588235294117647,0.0,0.0,0.07692307692307693,0.0,0.07692307692307693,0.0,0.2,0.0,0.0,0.1101871101871101,0.0,0.19945261717413634,0.09402360106585443,0.33142554319024925,1.0,1.0,1.0,,1.0,1.0,,0.6363636363636364,1.0,,
Spyware-TIBS-248a7274908dc58a27ad4f999f106628810a4d04b027244683886198ad927afd-7.raw,0.5,0.5714285714285714,0.24569777488208713,,0.26952571794775043,0.5437837837837838,0.37341137123745805,0.5070453067418166,0.21836749777551787,,0.3702664796633941,0.5540216086434574,0.6666666666666666,0.4691119691119691,0.4574712643678161,0.5818181818181818,0.36627906976744184,0.43137254901960786,0.23655913978494625,0.4732824427480916,0.5952380952380952,0.65625,0.5952380952380952,0.6061568754303854,0.7547058385520578,0.6061568754303854,0.011235955056179775,4.630058338735068e-05,0.011235955056179775,0.0,0.0,0.0,0.0,0.0,0.0,0.0,0.13333333333333333,0.0,0.0,0.0,0.0,0.05897899568785659,0.07981220657276962,0.1918552036199095,1.0,1.0,1.0,,1.0,1.0,,0.6363636363636364,1.0,,
Spyware-TIBS-3031e4fc4cab067dba86e6f667dfaf323a996c8a112776899d692d8af34b21b2-1.raw,0.5,0.5,0.3649372783970463,,0.5544439208795631,0.7254054054054054,0.6449832775919735,0.7806199869932798,0.5232397340180062,,0.40953716690042075,0.8517406962785115,0.7037037037037037,0.6254826254826255,0.7954022988505747,0.7090909090909091,0.7906976744186046,0.7058823529411765,0.5698924731182796,0.7480916030534351,0.7380952380952381,0.75,0.7380952380952381,0.6421953836009732,0.6390260885985596,0.6421953836009732,0.02247191011235955,9.260116677470137e-05,0.02247191011235955,0.0,0.5,0.0,0.38461538461538464,0.5,0.38461538461538464,0.5,0.4666666666666667,0.6022727272727273,0.0,0.4632867132867132,0.6022727272727273,0.49880815387144517,0.6325224071702947,0.5715686274509806,1.0,1.0,1.0,,1.0,1.0,,1.0,0.5,,
Spyware-TIBS-2361f526473d9f47642b2c9504cf0e0ffa62f222eccbdf665035ad4658cfb915-9.raw,0.4411764705882353,0.5,0.2676277824500988,,0.5166431698802357,0.5902702702702702,0.5690951821386604,0.6507695642748753,0.4827916356858387,,0.3800841514726508,0.7539015606242497,0.6296296296296297,0.6486486486486487,0.49885057471264366,0.5818181818181818,0.6569767441860465,0.5686274509803921,0.510752688172043,0.5267175572519084,0.6190476190476191,0.640625,0.6190476190476191,0.6290942467157745,0.6905810946860846,0.6290942467157745,0.02247191011235955,9.260116677470137e-05,0.02247191011235955,0.0,0.0,0.0,0.0,0.0,0.0,0.0,0.13333333333333333,0.0,0.0,0.0,0.0,0.08288939934509591,0.09402360106585443,0.2246952835188128,1.0,1.0,1.0,,1.0,1.0,,0.6363636363636364,0.0,,
Spyware-TIBS-1421d1a140f3875addfe2378e53f749e8c6023bb0ec3fbe33943218ec09f6b33-4.raw,0.29411764705882354,0.35714285714285715,0.2653286687534524,,0.22468270839360507,0.30594594594594593,0.4353940217391305,0.18686321265987427,0.17038394157610073,,0.28330995792426367,0.1638655462184874,0.37037037037037035,0.19305019305019305,0.12183908045977011,0.38181818181818183,0.10755813953488372,0.1568627450980392,0.0967741935483871,0.1984732824427481,0.47619047619047616,0.46875,0.47619047619047616,0.6701016903784026,0.7692561821009002,0.6701016903784026,0.011235955056179775,4.630058338735068e-05,0.011235955056179775,0.0,0.0,0.0,0.0,0.0,0.0,0.0,0.06666666666666667,0.0,0.0,0.0,0.0,0.15574141048824633,0.13732394366197195,0.20134803921568642,0.0,0.6363636363636364,0.5,,0.6666666666666666,0.6666666666666666,,0.36363636363636365,1.0,,
Spyware-TIBS-2725437ab005d0af1ff71341ddc285cdb1225f0b33771aa4d382d6373647a577-10.raw,0.47058823529411764,0.5,0.2578666330713545,,0.4976931769808919,0.6281081081081081,0.5624141876430205,0.6800346845870366,0.517167622403976,,0.6872370266479664,0.680672268907563,0.5925925925925926,0.5637065637065637,0.5241379310344828,0.6,0.747093023255814,0.5686274509803921,0.41935483870967744,0.6335877862595419,0.6428571428571429,0.65625,0.6428571428571429,0.6169791687134814,0.6390260885985596,0.6169791687134814,0.6629213483146067,0.8591999259190666,0.6629213483146067,0.6588235294117647,0.0,0.0,0.07692307692307693,0.0,0.07692307692307693,0.0,0.2,0.0,0.0,0.10728744939271251,0.0,0.18411535167031515,0.0867309117865085,0.31176470588235283,1.0,1.0,1.0,,1.0,1.0,,0.6363636363636364,0.5,,
Spyware-TIBS-570dbd214653ec1c9b7ff1f2c119060a7cacc28549706ece5f233ebdc05b1518-9.raw,0.5,0.42857142857142855,0.17008247997016185,,0.31016381345308053,0.6043243243243244,0.4639353400222965,0.5460654671580316,0.26185165191470033,,0.36605890603085556,0.6008403361344538,0.6666666666666666,0.5328185328185329,0.3586206896551724,0.6363636363636364,0.45058139534883723,0.49019607843137253,0.2849462365591398,0.46564885496183206,0.5952380952380952,0.65625,0.5952380952380952,0.5471180615429777,0.6464495809024099,0.5471180615429777,0.011235955056179775,4.630058338735068e-05,0.011235955056179775,0.0,0.2,0.0,0.15384615384615385,0.2,0.15384615384615385,0.2,0.2,0.2585365853658535,0.0,0.19887429643527188,0.2585365853658535,0.24778370749349468,0.3170731707317075,0.25853658536585356,1.0,1.0,1.0,,1.0,1.0,,0.5454545454545454,1.0,,
Spyware-TIBS-30533d67f47b9264c85d2a594ee58789410e4f2d0e5f38cbc487908da385c8bb-5.raw,0.5294117647058824,0.5714285714285714,0.2171239182470999,,0.45096917019911686,0.7113513513513513,0.5610869565217391,0.7264253197485367,0.4125182065411135,,0.40252454417952316,0.8085234093637454,0.7407407407407407,0.640926640926641,0.5586206896551724,0.7454545454545455,0.688953488372093,0.7647058823529411,0.5752688172043011,0.7633587786259542,0.6904761904761905,0.734375,0.6904761904761905,0.5948480469390486,0.6442581827505689,0.5948480469390486,0.02247191011235955,9.260116677470137e-05,0.02247191011235955,0.0,0.4,0.0,0.3076923076923077,0.4,0.3076923076923077,0.4,0.4,0.4818181818181819,0.0,0.3706293706293706,0.4818181818181819,0.4007890843333884,0.5160051216389243,0.4818181818181817,1.0,1.0,1.0,,1.0,1.0,,0.9090909090909091,0.5,,
Spyware-TIBS-505c865b3cadf62b53d15f53d6d9a4293f7d7287fc88b54fa2b19974b3338a57-9.raw,0.5,0.5714285714285714,0.16717419939662606,,0.3806031789956523,0.625945945945946,0.4962653288740244,0.6139171905484501,0.3871419603613377,,0.36746143057503505,0.614045618247299,0.6296296296296297,0.8127413127413128,0.36551724137931035,0.6,0.5,0.5294117647058824,0.7096774193548387,0.5648854961832062,0.6666666666666666,0.6875,0.6666666666666666,0.6346658954503608,0.6756059700299791,0.6346658954503608,0.011235955056179775,4.630058338735068e-05,0.011235955056179775,0.0,0.1,0.0,0.15384615384615385,0.1,0.15384615384615385,0.1,0.2,0.13250000000000006,0.0,0.20384615384615387,0.13250000000000006,0.26356238698010886,0.20140845070422547,0.2753921568627452,1.0,1.0,1.0,,1.0,1.0,,0.5454545454545454,1.0,,
Spyware-TIBS-9675cdaca063fc0ae0f9c3efb59251dcbf8c89cf9209b6df888c9c64a50e5f20-5.raw,0.29411764705882354,0.35714285714285715,0.3043178051924139,,0.25632539213343225,0.30486486486486486,0.4334239130434783,0.2117927595924561,0.20424269701259937,,0.28892005610098176,0.2148859543817527,0.37037037037037035,0.18725868725868725,0.19770114942528735,0.38181818181818183,0.10755813953488372,0.1568627450980392,0.0967741935483871,0.183206106870229,0.5,0.484375,0.5,0.7157177687645835,0.8126662132683452,0.7157177687645835,0.011235955056179775,4.630058338735068e-05,0.011235955056179775,0.0,0.1,0.0,0.07692307692307693,0.1,0.07692307692307693,0.1,0.13333333333333333,0.16060606060606064,0.0,0.12354312354312355,0.16060606060606064,0.2700969916159792,0.2829705505761845,0.3023172905525847,0.0,0.6363636363636364,0.5,,0.6666666666666666,0.6666666666666666,,0.36363636363636365,1.0,,
Spyware-TIBS-306cacba59ca07650c4ff93e770a530fee5ab0bd21fbbdacc6450bf5f8227b66-9.raw,0.5588235294117647,0.5,0.2563378257608758,,0.5262780863931454,0.7383783783783784,0.5397136797454933,0.8478213743767613,0.5444201407632995,,0.9733520336605891,0.804921968787515,0.7407407407407407,0.7741312741312741,0.6367816091954023,0.6909090909090909,0.7238372093023255,0.7058823529411765,0.553763440860215,0.7099236641221374,0.7380952380952381,0.765625,0.7380952380952381,0.6312747208295244,0.6526951759034368,0.6312747208295244,0.6966292134831461,0.8567922955829244,0.6966292134831461,0.4470588235294118,0.0,0.0,0.07692307692307693,0.0,0.07692307692307693,0.0,0.13333333333333333,0.0,0.0,0.09943714821763594,0.0,0.1425925109160679,0.06698728959120563,0.16221903395504544,1.0,1.0,1.0,,1.0,1.0,,0.8181818181818182,1.0,,
Spyware-TIBS-0149e4302db69ee3430709369101d4e70f5d8bfce7c76555cb835f4862a03879-8.raw,0.4411764705882353,0.42857142857142855,0.2798897221655464,,0.5097420158237003,0.5762162162162162,0.5469447708578146,0.6446997615434641,0.5319365648458427,,0.9200561009817672,0.5870348139255702,0.5555555555555556,0.5135135135135135,0.45977011494252873,0.5454545454545454,0.5930232558139535,0.49019607843137253,0.3064516129032258,0.5572519083969466,0.5714285714285714,0.59375,0.5714285714285714,0.538315007824994,0.5558112160542891,0.538315007824994,0.6629213483146067,0.8591999259190666,0.6629213483146067,0.6588235294117647,0.0,0.0,0.07692307692307693,0.0,0.07692307692307693,0.0,0.13333333333333333,0.0,0.0,0.1101871101871101,0.0,0.19945261717413634,0.09402360106585443,0.2246952835188128,1.0,1.0,1.0,,1.0,1.0,,0.5454545454545454,1.0,,
Spyware-TIBS-2361f526473d9f47642b2c9504cf0e0ffa62f222eccbdf665035ad4658cfb915-3.raw,0.6764705882352942,0.7142857142857143,0.19664477587512014,,0.3989956799984348,0.9102702702702703,0.5463768115942028,0.8946455668762194,0.3569047918144977,,0.48106591865357645,0.9603841536614646,0.9259259259259259,0.7355212355212355,0.8045977011494253,0.9272727272727272,0.8430232558139535,0.9215686274509803,0.6559139784946236,0.9007633587786259,0.9523809523809523,0.984375,0.9523809523809523,0.7584367814482473,0.8015416370360197,0.7584367814482473,0.056179775280898875,0.0002778035003241041,0.056179775280898875,0.00941176470588235,0.0,0.0,0.0,0.0,0.0,0.0,0.13333333333333333,0.0,0.0,0.0,0.0,0.0,0.04475743348982771,0.11084967320261443,1.0,1.0,1.0,,1.0,1.0,,0.9090909090909091,0.0,,
Spyware-TIBS-6666171e4b060f807fe35397acf8a6b5851d02614d02d63d32142e126aac932d-7.raw,0.4411764705882353,0.5,0.24923487287692783,,0.5099799866532361,0.5913513513513513,0.570799059929495,0.6446997615434641,0.4756618014035588,,0.37727910238429174,0.7430972388955582,0.6296296296296297,0.6505791505791506,0.4666666666666667,0.5818181818181818,0.6540697674418605,0.5686274509803921,0.4838709677419355,0.5190839694656488,0.6190476190476191,0.640625,0.6190476190476191,0.6214278994875352,0.6770321350379123,0.6214278994875352,0.02247191011235955,9.260116677470137e-05,0.02247191011235955,0.0,0.3,0.0,0.23076923076923078,0.3,0.23076923076923078,0.3,0.3333333333333333,0.39750000000000013,0.0,0.3057692307692308,0.39750000000000013,0.3713833634719714,0.45774647887323966,0.4728431372549021,1.0,1.0,1.0,,1.0,1.0,,0.6363636363636364,1.0,,
Spyware-TIBS-7469e64fea64885609ff5e5a6256e808fdd81e6f797d5706b1cf4a96c96d0c1b-5.raw,0.5294117647058824,0.5714285714285714,0.2227950653654944,,0.4553716305455276,0.7124324324324325,0.5626630434782608,0.7307608931281162,0.41722898990619156,,0.40392706872370265,0.8127250900360145,0.7407407407407407,0.6351351351351351,0.5770114942528736,0.7454545454545455,0.6918604651162791,0.7647058823529411,0.5806451612903226,0.7709923664122137,0.6904761904761905,0.734375,0.6904761904761905,0.5938650323979805,0.6425119631214148,0.5938650323979805,0.02247191011235955,9.260116677470137e-05,0.02247191011235955,0.0,0.4,0.0,0.3076923076923077,0.4,0.3076923076923077,0.4,0.4,0.4818181818181819,0.0,0.3706293706293706,0.4818181818181819,0.4007890843333884,0.5160051216389243,0.4818181818181817,1.0,1.0,1.0,,1.0,1.0,,0.9090909090909091,0.5,,
Spyware-TIBS-30533d67f47b9264c85d2a594ee58789410e4f2d0e5f38cbc487908da385c8bb-3.raw,0.5588235294117647,0.5714285714285714,0.25080499930390565,,0.46593216652283254,0.774054054054054,0.5904559915164371,0.7866897897246911,0.4285291251246168,,0.4053295932678822,0.8619447779111644,0.7777777777777778,0.6505791505791506,0.6873563218390805,0.7818181818181819,0.7965116279069767,0.8235294117647058,0.5913978494623656,0.8015267175572519,0.7142857142857143,0.765625,0.7142857142857143,0.565946352869744,0.5971598740910755,0.565946352869744,0.02247191011235955,9.260116677470137e-05,0.02247191011235955,0.0,0.3,0.0,0.23076923076923078,0.3,0.23076923076923078,0.3,0.3333333333333333,0.36136363636363605,0.0,0.27797202797202764,0.36136363636363605,0.3027700147953316,0.39948783610755445,0.3920677361853832,1.0,1.0,1.0,,1.0,1.0,,0.9090909090909091,0.5,,
Spyware-TIBS-78791f14568516cded277d28fae715f599d5074532d9a5f41fd1f0a14d648db2-5.raw,0.6764705882352942,0.6428571428571429,0.1663986579103501,,0.40858326030839587,0.8897297297297297,0.5197584541062804,0.905484500325168,0.4109550829699741,,0.7349228611500701,0.8805522208883554,0.8888888888888888,0.7953667953667953,0.7080459770114943,0.9090909090909091,0.8924418604651163,0.9411764705882353,0.6989247311827957,0.9618320610687023,0.8809523809523809,0.921875,0.8809523809523809,0.69356877206376,0.7318965008865357,0.69356877206376,0.6966292134831461,0.8567922955829244,0.6966292134831461,0.4470588235294118,0.1,0.0,0.15384615384615385,0.1,0.15384615384615385,0.1,0.26666666666666666,0.11521739130434783,0.0,0.177257525083612,0.11521739130434783,0.17918075320386836,0.15125535823637473,0.2710997442455242,1.0,1.0,1.0,,1.0,1.0,,1.0,0.5,,
Spyware-TIBS-87163ea3765848c449bf0ff0549bacf6a38706b9004b2262e20b822fb5f4e852-6.raw,0.47058823529411764,0.42857142857142855,0.24891219025283698,,0.49537609258804427,0.64,0.5806636155606407,0.6776501192282679,0.4600351345367565,,0.391304347826087,0.7743097238895558,0.6666666666666666,0.6563706563706564,0.49885057471264366,0.6181818181818182,0.6715116279069767,0.6274509803921569,0.489247311827957,0.5877862595419847,0.6190476190476191,0.65625,0.6190476190476191,0.5626424701485028,0.6079127065760423,0.5626424701485028,0.02247191011235955,9.260116677470137e-05,0.02247191011235955,0.0,0.4,0.0,0.3076923076923077,0.4,0.3076923076923077,0.4,0.4,0.5047619047619047,0.0,0.3882783882783882,0.5047619047619047,0.438129682252648,0.5492957746478873,0.5245564892623713,1.0,1.0,1.0,,1.0,1.0,,0.9090909090909091,0.5,,
Spyware-TIBS-570dbd214653ec1c9b7ff1f2c119060a7cacc28549706ece5f233ebdc05b1518-8.raw,0.5294117647058824,0.42857142857142855,0.15757687350395885,,0.22204123218575852,0.532972972972973,0.47878965922444205,0.5009755040104054,0.30683751107670665,,0.3520336605890603,0.5474189675870348,0.5925925925925926,0.4806949806949807,0.3816091954022989,0.5636363636363636,0.41569767441860467,0.43137254901960786,0.25806451612903225,0.4122137404580153,0.6666666666666666,0.671875,0.6666666666666666,0.7299051962124513,0.8056431119916031,0.7299051962124513,0.011235955056179775,4.630058338735068e-05,0.011235955056179775,0.0,0.0,0.0,0.0,0.0,0.0,0.0,0.3333333333333333,0.0,0.0,0.0,0.0,0.047920433996383786,0.07323943661971842,0.4728431372549021,1.0,1.0,1.0,,1.0,1.0,,0.5454545454545454,1.0,,
Spyware-TIBS-0149e4302db69ee3430709369101d4e70f5d8bfce7c76555cb835f4862a03879-2.raw,0.38235294117647056,0.42857142857142855,0.4605781624010311,,0.3218198513226247,0.3978378378378378,0.3890683229813665,0.3895512681552135,0.32826446053217334,,0.5932678821879382,0.26710684273709484,0.4444444444444444,0.2335907335907336,0.5954022988505747,0.4727272727272727,0.25290697674418605,0.27450980392156865,0.14516129032258066,0.366412213740458,0.47619047619047616,0.5,0.47619047619047616,0.5639916741939254,0.6625342900923126,0.5639916741939254,0.6067415730337079,0.5016668210019446,0.6067415730337079,0.6,0.0,0.0,0.07692307692307693,0.0,0.07692307692307693,0.0,0.13333333333333333,0.0,0.0,0.11648351648351621,0.0,0.2327563936967193,0.10985915492957736,0.2612885154061625,0.0,0.6363636363636364,0.5,,0.6666666666666666,0.6666666666666666,,0.2727272727272727,1.0,,
Spyware-TIBS-570dbd214653ec1c9b7ff1f2c119060a7cacc28549706ece5f233ebdc05b1518-1.raw,0.38235294117647056,0.42857142857142855,0.41844964095010123,,0.22245003207506817,0.37189189189189187,0.34583850931677035,0.3037069152395404,0.16799490144095394,,0.3141654978962132,0.2545018007202881,0.48148148148148145,0.22586872586872586,0.5011494252873563,0.4909090909090909,0.1308139534883721,0.21568627450980393,0.0967741935483871,0.22137404580152673,0.47619047619047616,0.515625,0.47619047619047616,0.5916577529186867,0.7543329215821,0.5916577529186867,0.011235955056179775,4.630058338735068e-05,0.011235955056179775,0.0,0.2,0.0,0.15384615384615385,0.2,0.15384615384615385,0.2,0.13333333333333333,0.28648648648648634,0.0,0.2203742203742202,0.28648648648648634,0.3160158350031768,0.3711457936810051,0.2246952835188128,0.0,0.6363636363636364,0.5,,0.6666666666666666,0.6666666666666666,,0.2727272727272727,1.0,,
Spyware-TIBS-1421d1a140f3875addfe2378e53f749e8c6023bb0ec3fbe33943218ec09f6b33-6.raw,0.29411764705882354,0.35714285714285715,0.35039587552936846,,0.3520789046678658,0.35135135135135137,0.5181385869565218,0.2872317363971385,0.30670223520304746,,0.3071528751753156,0.287515006002401,0.37037037037037035,0.23745173745173745,0.27816091954022987,0.38181818181818183,0.2005813953488372,0.17647058823529413,0.12903225806451613,0.20610687022900764,0.5476190476190477,0.515625,0.5476190476190477,0.7434636308757654,0.7910472603951029,0.7434636308757654,0.011235955056179775,4.630058338735068e-05,0.011235955056179775,0.0,0.0,0.0,0.0,0.0,0.0,0.0,0.06666666666666667,0.0,0.0,0.0,0.0,0.15574141048824633,0.13732394366197195,0.20134803921568642,0.0,0.0,0.0,,0.0,0.0,,0.36363636363636365,1.0,,
Spyware-TIBS-327c5b55bece5d32b51b019eae79acd917c944de61153db2fea6a3f59b070a97-4.raw,0.29411764705882354,0.35714285714285715,0.2653286687534524,,0.21807901787398898,0.2983783783783784,0.4216032608695653,0.18166052460437893,0.16331776652848362,,0.27349228611500703,0.1602641056422569,0.37037037037037035,0.1891891891891892,0.12873563218390804,0.38181818181818183,0.10755813953488372,0.1568627450980392,0.0913978494623656,0.1984732824427481,0.47619047619047616,0.46875,0.47619047619047616,0.6796097563447521,0.7860959708664363,0.6796097563447521,0.011235955056179775,4.630058338735068e-05,0.011235955056179775,0.0,0.0,0.0,0.0,0.0,0.0,0.0,0.06666666666666667,0.0,0.0,0.0,0.0,0.15574141048824633,0.13732394366197195,0.20134803921568642,0.0,0.6363636363636364,0.5,,0.6666666666666666,0.6666666666666666,,0.2727272727272727,1.0,,
Spyware-TIBS-78791f14568516cded277d28fae715f599d5074532d9a5f41fd1f0a14d648db2-3.raw,0.7058823529411765,0.6428571428571429,0.2147814879155891,,0.42820079375539694,0.9524324324324325,0.5468336483931946,0.9718187730327336,0.43143985305751087,,0.7391304347826086,0.936374549819928,0.9259259259259259,0.805019305019305,0.8528735632183908,0.9454545454545454,1.0,1.0,0.7150537634408602,1.0,0.9047619047619048,0.953125,0.9047619047619048,0.6638235627141096,0.6860635008520906,0.6638235627141096,0.6853932584269663,0.8553106769145291,0.6853932584269663,0.43921568627450985,0.0,0.0,0.07692307692307693,0.0,0.07692307692307693,0.0,0.2,0.0,0.0,0.088628762541806,0.0,0.08542338234137924,0.03980404164115127,0.18525149190110815,1.0,1.0,1.0,,1.0,1.0,,1.0,0.5,,
Spyware-TIBS-9675cdaca063fc0ae0f9c3efb59251dcbf8c89cf9209b6df888c9c64a50e5f20-10.raw,0.47058823529411764,0.5,0.27577551870838957,,0.5071932229915678,0.6713513513513514,0.6287757437070939,0.6887058313461956,0.4726798688324923,,0.3814866760168303,0.765906362545018,0.6666666666666666,0.6428571428571429,0.5310344827586206,0.6727272727272727,0.7703488372093024,0.6274509803921569,0.5268817204301075,0.6259541984732825,0.6666666666666666,0.6875,0.6666666666666666,0.5904341731969002,0.5981172756161764,0.5904341731969002,0.02247191011235955,9.260116677470137e-05,0.02247191011235955,0.0,0.0,0.0,0.0,0.0,0.0,0.0,0.06666666666666667,0.0,0.0,0.0,0.0,0.07061958694203883,0.0867309117865085,0.1039215686274509,1.0,1.0,1.0,,1.0,1.0,,0.6363636363636364,1.0,,
Spyware-TIBS-306cacba59ca07650c4ff93e770a530fee5ab0bd21fbbdacc6450bf5f8227b66-5.raw,0.4411764705882353,0.42857142857142855,0.2001871140151383,,0.2477361325048779,0.47675675675675677,0.39018801410105747,0.4060264469976154,0.24379364901523365,,0.8779803646563815,0.23469387755102042,0.5185185185185185,0.34555984555984554,0.28045977011494255,0.5454545454545454,0.311046511627907,0.3333333333333333,0.22043010752688172,0.42748091603053434,0.6190476190476191,0.625,0.6190476190476191,0.7173386446463258,0.8082591035051526,0.7173386446463258,0.6853932584269663,0.856745994999537,0.6853932584269663,0.5364705882352941,0.0,0.0,0.07692307692307693,0.0,0.07692307692307693,0.0,0.13333333333333333,0.0,0.0,0.1101871101871101,0.0,0.19945261717413634,0.09402360106585443,0.2246952835188128,0.0,0.6363636363636364,0.5,,0.6666666666666666,0.6666666666666666,,0.36363636363636365,1.0,,
Spyware-TIBS-87163ea3765848c449bf0ff0549bacf6a38706b9004b2262e20b822fb5f4e852-4.raw,0.5294117647058824,0.5,0.2313017860430859,,0.4582332297706947,0.7189189189189189,0.5721195652173916,0.7335790158248429,0.4202909990934925,,0.40953716690042075,0.8157262905162065,0.7407407407407407,0.6428571428571429,0.5793103448275863,0.7454545454545455,0.688953488372093,0.7647058823529411,0.5752688172043011,0.7633587786259542,0.6904761904761905,0.734375,0.6904761904761905,0.583132718501939,0.6234471615253817,0.583132718501939,0.02247191011235955,9.260116677470137e-05,0.02247191011235955,0.0,0.2,0.0,0.15384615384615385,0.2,0.15384615384615385,0.2,0.26666666666666666,0.2523809523809524,0.0,0.1941391941391941,0.2523809523809524,0.2327563936967193,0.3051643192488263,0.33650793650793637,1.0,1.0,1.0,,1.0,1.0,,1.0,0.5,,
Spyware-TIBS-5555ad162e1d6f2cce4027b9c8f6d68e141d13498aa7ed59965dceb22f9bf1b9-7.raw,0.35294117647058826,0.35714285714285715,0.38709153335427365,,0.4807375711885238,0.44972972972972974,0.545140664961637,0.480381530457403,0.4443714152361563,,0.3380084151472651,0.5618247298919568,0.48148148148148145,0.4420849420849421,0.4482758620689655,0.45454545454545453,0.34593023255813954,0.37254901960784315,0.24193548387096775,0.33587786259541985,0.5476190476190477,0.578125,0.5476190476190477,0.6279945410988488,0.749991375369781,0.6279945410988488,0.011235955056179775,4.630058338735068e-05,0.011235955056179775,0.0,0.0,0.0,0.0,0.0,0.0,0.0,0.13333333333333333,0.0,0.0,0.0,0.0,0.12402935857887491,0.11847555923777969,0.2811995386389851,1.0,1.0,1.0,,1.0,1.0,,0.7272727272727273,1.0,,
Spyware-TIBS-2725437ab005d0af1ff71341ddc285cdb1225f0b33771aa4d382d6373647a577-6.raw,0.5588235294117647,0.5714285714285714,0.21760804056208496,,0.4822534829290381,0.7437837837837837,0.5474019088016966,0.8033817472360719,0.4961346112712493,,0.6956521739130435,0.8163265306122449,0.7407407407407407,0.7046332046332047,0.6068965517241379,0.7090909090909091,0.8343023255813954,0.7450980392156863,0.5483870967741935,0.7557251908396947,0.6428571428571429,0.703125,0.6428571428571429,0.5038965730901347,0.539311957600067,0.5038965730901347,0.6741573033707865,0.859246226502454,0.6741573033707865,0.5270588235294117,0.3,0.0,0.3076923076923077,0.3,0.3076923076923077,0.3,0.4,0.36136363636363605,0.0,0.3706293706293706,0.36136363636363605,0.4007890843333884,0.39948783610755445,0.4818181818181817,1.0,1.0,1.0,,1.0,1.0,,0.8181818181818182,0.5,,
Spyware-TIBS-7469e64fea64885609ff5e5a6256e808fdd81e6f797d5706b1cf4a96c96d0c1b-8.raw,0.4411764705882353,0.5,0.2523003578057898,,0.5137875199258074,0.5924324324324325,0.5725029377203291,0.6481682202471277,0.4797359924220046,,0.3814866760168303,0.748499399759904,0.6296296296296297,0.640926640926641,0.48735632183908045,0.5818181818181818,0.6569767441860465,0.5686274509803921,0.4946236559139785,0.5267175572519084,0.6190476190476191,0.640625,0.6190476190476191,0.6225185942383995,0.6789597517669678,0.6225185942383995,0.02247191011235955,9.260116677470137e-05,0.02247191011235955,0.0,0.1,0.0,0.07692307692307693,0.1,0.07692307692307693,0.1,0.2,0.1394736842105263,0.0,0.10728744939271251,0.1394736842105263,0.18411535167031515,0.22164566345441064,0.31176470588235283,1.0,1.0,1.0,,1.0,1.0,,0.6363636363636364,0.5,,
Spyware-TIBS-78791f14568516cded277d28fae715f599d5074532d9a5f41fd1f0a14d648db2-10.raw,0.5294117647058824,0.5,0.2114527711287056,,0.451409416233758,0.6962162162162162,0.5390217391304347,0.7270756557554736,0.46356981139368414,,0.7082748948106592,0.7058823529411765,0.6666666666666666,0.667953667953668,0.5448275862068965,0.6727272727272727,0.7877906976744186,0.6274509803921569,0.478494623655914,0.6641221374045801,0.8095238095238095,0.796875,0.8095238095238095,0.7933318855858855,0.8176399915052247,0.7933318855858855,0.6853932584269663,0.856745994999537,0.6853932584269663,0.5364705882352941,0.2,0.0,0.23076923076923078,0.2,0.23076923076923078,0.2,0.3333333333333333,0.2523809523809524,0.0,0.2912087912087911,0.2523809523809524,0.3354430379746836,0.3051643192488263,0.4305322128851538,1.0,1.0,1.0,,1.0,1.0,,0.7272727272727273,0.5,,
Spyware-TIBS-3031e4fc4cab067dba86e6f667dfaf323a996c8a112776899d692d8af34b21b2-10.raw,0.38235294117647056,0.42857142857142855,0.28234211010863564,,0.5122577074502206,0.5243243243243243,0.5998136645962733,0.5534359419033167,0.4780990406735218,,0.3758765778401122,0.6398559423769508,0.5185185185185185,0.5154440154440154,0.4114942528735632,0.509090909090909,0.5872093023255814,0.45098039215686275,0.3548387096774194,0.4732824427480916,0.6190476190476191,0.609375,0.6190476190476191,0.686075434553495,0.7161445496618651,0.686075434553495,0.011235955056179775,4.630058338735068e-05,0.011235955056179775,0.0,0.0,0.0,0.0,0.0,0.0,0.0,0.13333333333333333,0.0,0.0,0.0,0.0,0.109532420563162,0.10985915492957736,0.2612885154061625,1.0,1.0,1.0,,1.0,1.0,,0.7272727272727273,0.5,,
Spyware-TIBS-3031e4fc4cab067dba86e6f667dfaf323a996c8a112776899d692d8af34b21b2-9.raw,0.4411764705882353,0.5,0.264562297521237,,0.5145014324144147,0.5978378378378378,0.5810223266745008,0.6488185562540646,0.4804999032379633,,0.3870967741935484,0.7490996398559424,0.6296296296296297,0.6486486486486487,0.4850574712643678,0.5818181818181818,0.6569767441860465,0.5686274509803921,0.489247311827957,0.5267175572519084,0.6190476190476191,0.640625,0.6190476190476191,0.6214278994875352,0.6770321350379123,0.6214278994875352,0.02247191011235955,9.260116677470137e-05,0.02247191011235955,0.0,0.0,0.0,0.0,0.0,0.0,0.0,0.13333333333333333,0.0,0.0,0.0,0.0,0.08288939934509591,0.09402360106585443,0.2246952835188128,1.0,1.0,1.0,,1.0,1.0,,0.7272727272727273,0.5,,
Spyware-TIBS-505c865b3cadf62b53d15f53d6d9a4293f7d7287fc88b54fa2b19974b3338a57-3.raw,0.4411764705882353,0.5714285714285714,0.26149681259237506,,0.21775180798337737,0.5102702702702703,0.4430082256169212,0.3784955560372859,0.16296764073783593,,0.31977559607293127,0.297719087635054,0.5555555555555556,0.4613899613899614,0.4,0.5636363636363636,0.22093023255813954,0.37254901960784315,0.34408602150537637,0.3893129770992366,0.5714285714285714,0.609375,0.5714285714285714,0.6026326290889708,0.7080384873317623,0.6026326290889708,0.011235955056179775,4.630058338735068e-05,0.011235955056179775,0.0,0.3,0.0,0.23076923076923078,0.3,0.23076923076923078,0.3,0.26666666666666666,0.39750000000000013,0.0,0.3057692307692308,0.39750000000000013,0.3713833634719714,0.45774647887323966,0.3741176470588237,0.0,0.6363636363636364,0.5,,0.6666666666666666,0.6666666666666666,,0.2727272727272727,1.0,,
Spyware-TIBS-505c865b3cadf62b53d15f53d6d9a4293f7d7287fc88b54fa2b19974b3338a57-6.raw,0.4117647058823529,0.5,0.2779312179054399,,0.3206808020583947,0.5037837837837837,0.49734299516908204,0.43030565792326037,0.27310518995349753,,0.34221598877980364,0.37034813925570226,0.5185185185185185,0.5366795366795367,0.3954022988505747,0.5272727272727272,0.26453488372093026,0.3333333333333333,0.4731182795698925,0.3816793893129771,0.6428571428571429,0.640625,0.6428571428571429,0.7243478376484592,0.7892013315562098,0.7243478376484592,0.011235955056179775,4.630058338735068e-05,0.011235955056179775,0.0,0.1,0.0,0.07692307692307693,0.1,0.07692307692307693,0.1,0.13333333333333333,0.14324324324324317,0.0,0.1101871101871101,0.14324324324324317,0.19945261717413634,0.23258469737342952,0.2246952835188128,0.0,0.0,0.0,,0.0,0.0,,0.2727272727272727,1.0,,
Spyware-TIBS-1421d1a140f3875addfe2378e53f749e8c6023bb0ec3fbe33943218ec09f6b33-3.raw,0.29411764705882354,0.35714285714285715,0.35039587552936846,,0.2554999308184802,0.30594594594594593,0.4353940217391305,0.21114242358551918,0.20335942513164723,,0.28190743338008417,0.187875150060024,0.37037037037037035,0.19305019305019305,0.27586206896551724,0.38181818181818183,0.10755813953488372,0.1568627450980392,0.0967741935483871,0.1984732824427481,0.47619047619047616,0.46875,0.47619047619047616,0.6701016903784026,0.7692561821009002,0.6701016903784026,0.011235955056179775,4.630058338735068e-05,0.011235955056179775,0.0,0.0,0.0,0.0,0.0,0.0,0.0,0.06666666666666667,0.0,0.0,0.0,0.0,0.15574141048824633,0.13732394366197195,0.20134803921568642,0.0,0.6363636363636364,0.5,,0.6666666666666666,0.6666666666666666,,0.36363636363636365,1.0,,
Spyware-TIBS-2725437ab005d0af1ff71341ddc285cdb1225f0b33771aa4d382d6373647a577-4.raw,0.6176470588235294,0.6428571428571429,0.22114647608689134,,0.45363624210665204,0.8227027027027027,0.5410010111223461,0.8649468892261002,0.46239642945659476,,0.7138849929873773,0.8643457382953181,0.8148148148148148,0.6911196911196911,0.7172413793103448,0.8363636363636363,0.8517441860465116,0.8823529411764706,0.6344086021505376,0.9312977099236641,0.7142857142857143,0.78125,0.7142857142857143,0.5279704643661941,0.5606277254319546,0.5279704643661941,0.6741573033707865,0.859246226502454,0.6741573033707865,0.5270588235294117,0.1,0.0,0.15384615384615385,0.1,0.15384615384615385,0.1,0.26666666666666666,0.12045454545454536,0.0,0.18531468531468512,0.12045454545454536,0.20475094525727447,0.166453265044814,0.3023172905525847,1.0,1.0,1.0,,1.0,1.0,,0.9090909090909091,0.5,,
Spyware-TIBS-2725437ab005d0af1ff71341ddc285cdb1225f0b33771aa4d382d6373647a577-7.raw,0.5294117647058824,0.5714285714285714,0.2227950653654944,,0.5002767260789173,0.7016216216216217,0.5469021739130434,0.7752005202688056,0.517200268165342,,0.6900420757363254,0.7887154861944778,0.7037037037037037,0.696911196911197,0.5770114942528736,0.6727272727272727,0.8168604651162791,0.6862745098039216,0.543010752688172,0.6870229007633588,0.6428571428571429,0.6875,0.6428571428571429,0.5510221703000396,0.5911253645517187,0.5510221703000396,0.6741573033707865,0.859246226502454,0.6741573033707865,0.5270588235294117,0.1,0.0,0.15384615384615385,0.1,0.15384615384615385,0.1,0.26666666666666666,0.12926829268292675,0.0,0.19887429643527188,0.12926829268292675,0.24778370749349468,0.1920302301614563,0.35485413677666205,1.0,1.0,1.0,,1.0,1.0,,0.6363636363636364,0.5,,
Spyware-TIBS-35687c2a333d215c400adb744ca367dae9ce2b5fcc705ac639b11bc319d50475-1.raw,0.7352941176470589,0.8571428571428571,0.24903920362614937,,0.4138245818933901,1.0,0.5539777983348754,1.0,0.4586577125001839,,0.4670406732117812,1.0,0.9259259259259259,0.972972972972973,1.0,0.9272727272727272,0.9040697674418605,0.9215686274509803,0.8548387096774194,0.9389312977099237,0.9285714285714286,0.96875,0.9285714285714286,0.6550179737920384,0.647916462981654,0.6550179737920384,0.0449438202247191,0.0009260116677470136,0.0449438202247191,0.011764705882352941,0.1,0.0,0.23076923076923078,0.1,0.23076923076923078,0.1,0.3333333333333333,0.11041666666666654,0.0,0.25480769230769235,0.11041666666666654,0.24559222423146493,0.13732394366197195,0.32475490196078444,1.0,1.0,1.0,,1.0,1.0,,0.9090909090909091,0.5,,
Spyware-TIBS-248a7274908dc58a27ad4f999f106628810a4d04b027244683886198ad927afd-2.raw,0.4411764705882353,0.5714285714285714,0.3473303906005067,,0.14945417990662713,0.40216216216216216,0.27262044653349,0.3162800780403208,0.08988683934446273,,0.332398316970547,0.2575030012004802,0.5555555555555556,0.2625482625482625,0.496551724137931,0.509090909090909,0.14244186046511628,0.21568627450980393,0.0967741935483871,0.32061068702290074,0.5,0.5625,0.5,0.599407247305175,0.8113366564178897,0.599407247305175,0.011235955056179775,4.630058338735068e-05,0.011235955056179775,0.0,0.0,0.0,0.0,0.0,0.0,0.0,0.06666666666666667,0.0,0.0,0.0,0.0,0.08288939934509591,0.09402360106585443,0.11796502384737677,0.0,0.6363636363636364,0.5,,0.6666666666666666,0.6666666666666666,,0.2727272727272727,1.0,,
Spyware-TIBS-7469e64fea64885609ff5e5a6256e808fdd81e6f797d5706b1cf4a96c96d0c1b-2.raw,0.5588235294117647,0.5714285714285714,0.30060043741663683,,0.49062889529538084,0.7751351351351351,0.5919936373276777,0.8116193366572729,0.4549554708311527,,0.40813464235624125,0.8949579831932774,0.7777777777777778,0.640926640926641,0.7931034482758621,0.7818181818181819,0.7994186046511628,0.8235294117647058,0.6075268817204301,0.8091603053435115,0.7380952380952381,0.78125,0.7380952380952381,0.5974894620502473,0.6256450314295428,0.5974894620502473,0.02247191011235955,9.260116677470137e-05,0.02247191011235955,0.0,0.3,0.0,0.23076923076923078,0.3,0.23076923076923078,0.3,0.3333333333333333,0.36136363636363605,0.0,0.27797202797202764,0.36136363636363605,0.3027700147953316,0.39948783610755445,0.3920677361853832,1.0,1.0,1.0,,1.0,1.0,,0.9090909090909091,0.5,,
Spyware-TIBS-327c5b55bece5d32b51b019eae79acd917c944de61153db2fea6a3f59b070a97-10.raw,0.4411764705882353,0.5,0.264562297521237,,0.5309214196523793,0.6302702702702703,0.6321386603995299,0.6637762844136137,0.4980698520050116,,0.3688639551192146,0.7623049219687875,0.6296296296296297,0.638996138996139,0.4735632183908046,0.5636363636363636,0.7790697674418605,0.5882352941176471,0.44086021505376344,0.5190839694656488,0.6428571428571429,0.65625,0.6428571428571429,0.5940249739628364,0.5988938995744175,0.5940249739628364,0.02247191011235955,9.260116677470137e-05,0.02247191011235955,0.0,0.0,0.0,0.0,0.0,0.0,0.0,0.13333333333333333,0.0,0.0,0.0,0.0,0.08288939934509591,0.09402360106585443,0.2246952835188128,1.0,1.0,1.0,,1.0,1.0,,0.7272727272727273,1.0,,
Spyware-TIBS-35687c2a333d215c400adb744ca367dae9ce2b5fcc705ac639b11bc319d50475-2.raw,0.6470588235294118,0.7142857142857143,0.267906462898177,,0.5025379898023009,0.9708108108108108,0.6820158102766801,0.9629308476045957,0.46769860986750544,,0.4586255259467041,0.968187274909964,0.8888888888888888,0.9555984555984556,0.8666666666666667,0.8909090909090909,0.9040697674418605,0.9215686274509803,0.8548387096774194,0.9389312977099237,0.9285714285714286,0.953125,0.9285714285714286,0.6770057454855009,0.6570471177534752,0.6770057454855009,0.0449438202247191,0.0009260116677470136,0.0449438202247191,0.011764705882352941,0.2,0.0,0.15384615384615385,0.2,0.15384615384615385,0.2,0.26666666666666666,0.23043478260869565,0.0,0.177257525083612,0.23043478260869565,0.17918075320386836,0.26270667483159826,0.2710997442455242,1.0,1.0,1.0,,1.0,1.0,,0.9090909090909091,0.5,,
Spyware-TIBS-954f736dfd60b84b6e7b02b873945bb19058beb1f7be314716f5c924f632f598-5.raw,0.29411764705882354,0.35714285714285715,0.2617842018044559,,0.219729940503893,0.2983783783783784,0.4216032608695653,0.18296119661825277,0.1650843102903879,,0.27349228611500703,0.16266506602641057,0.37037037037037035,0.19111969111969113,0.13793103448275862,0.38181818181818183,0.10755813953488372,0.1568627450980392,0.0913978494623656,0.1984732824427481,0.47619047619047616,0.46875,0.47619047619047616,0.6796097563447521,0.7860959708664363,0.6796097563447521,0.011235955056179775,4.630058338735068e-05,0.011235955056179775,0.0,0.2,0.0,0.15384615384615385,0.2,0.15384615384615385,0.2,0.2,0.311764705882353,0.0,0.23981900452488686,0.311764705882353,0.37772577385384565,0.42004971002485514,0.397347174163783,0.0,0.6363636363636364,0.5,,0.6666666666666666,0.6666666666666666,,0.2727272727272727,1.0,,
Spyware-TIBS-954f736dfd60b84b6e7b02b873945bb19058beb1f7be314716f5c924f632f598-8.raw,0.3235294117647059,0.35714285714285715,0.3022770514945069,,0.30109207698168844,0.3675675675675676,0.4737812911725961,0.28853240841101235,0.25214458316241795,,0.3015427769985975,0.2851140456182473,0.37037037037037035,0.24324324324324326,0.27586206896551724,0.41818181818181815,0.20930232558139536,0.21568627450980393,0.12365591397849462,0.20610687022900764,0.5476190476190477,0.5625,0.5476190476190477,0.7232966156437955,0.8807070144712379,0.7232966156437955,0.011235955056179775,4.630058338735068e-05,0.011235955056179775,0.0,0.0,0.0,0.0,0.0,0.0,0.0,0.13333333333333333,0.0,0.0,0.0,0.0,0.13940489889857013,0.12761416986769109,0.3023172905525847,0.0,0.0,0.0,,0.0,0.0,,0.36363636363636365,1.0,,
Spyware-TIBS-992eed3db41572414b500aecbe50a54ccd1e5faa2561dec87e1fe3c2db678f44-6.raw,0.5588235294117647,0.5714285714285714,0.16227977599238363,,0.3699370555547545,0.6583783783783784,0.4259278897136799,0.6900065033600694,0.3729476262744578,,0.4067321178120617,0.7845138055222088,0.7407407407407407,0.6891891891891891,0.5080459770114942,0.6909090909090909,0.6802325581395349,0.5686274509803921,0.489247311827957,0.5419847328244275,0.6428571428571429,0.703125,0.6428571428571429,0.589922545395748,0.6954278579739448,0.589922545395748,0.02247191011235955,9.260116677470137e-05,0.02247191011235955,0.0,0.3,0.0,0.3076923076923077,0.3,0.3076923076923077,0.3,0.4,0.36136363636363605,0.0,0.3706293706293706,0.36136363636363605,0.4007890843333884,0.39948783610755445,0.4818181818181817,1.0,1.0,1.0,,1.0,1.0,,0.6363636363636364,0.0,,
Spyware-TIBS-6666171e4b060f807fe35397acf8a6b5851d02614d02d63d32142e126aac932d-2.raw,0.5,0.5,0.2980468252057278,,0.5235138148560621,0.707027027027027,0.6175027870680042,0.7509213093431606,0.4901434611454066,,0.40252454417952316,0.8259303721488596,0.7037037037037037,0.6274131274131274,0.6804597701149425,0.7090909090909091,0.7703488372093024,0.7058823529411765,0.5698924731182796,0.7404580152671756,0.7380952380952381,0.75,0.7380952380952381,0.6593684954640058,0.6685818544997998,0.6593684954640058,0.02247191011235955,9.260116677470137e-05,0.02247191011235955,0.0,0.4,0.0,0.3076923076923077,0.4,0.3076923076923077,0.4,0.4,0.49302325581395323,0.0,0.37924865831842547,0.49302325581395323,0.41902519029395685,0.5322633475270226,0.5026903784769722,1.0,1.0,1.0,,1.0,1.0,,0.9090909090909091,1.0,,
Spyware-TIBS-327c5b55bece5d32b51b019eae79acd917c944de61153db2fea6a3f59b070a97-1.raw,0.29411764705882354,0.35714285714285715,0.5063524212852145,,0.3130070690934705,0.29621621621621624,0.41766304347826094,0.2564491654021244,0.2648940328379795,,0.2861150070126227,0.2154861944777911,0.37037037037037035,0.17374517374517376,0.4781609195402299,0.38181818181818183,0.10755813953488372,0.1568627450980392,0.0913978494623656,0.1984732824427481,0.4523809523809524,0.453125,0.4523809523809524,0.6377241090363025,0.749602884408172,0.6377241090363025,0.011235955056179775,4.630058338735068e-05,0.011235955056179775,0.0,0.2,0.0,0.15384615384615385,0.2,0.15384615384615385,0.2,0.2,0.311764705882353,0.0,0.23981900452488686,0.311764705882353,0.37772577385384565,0.42004971002485514,0.397347174163783,0.0,0.6363636363636364,0.5,,0.6666666666666666,0.6666666666666666,,0.2727272727272727,1.0,,
Spyware-TIBS-98f79b05b432de9dd246e9fec02ce0e37acbfbe0798d10c621c0b397e05ea470-3.raw,0.29411764705882354,0.35714285714285715,0.2936844043454244,,0.2387155507477893,0.3005405405405405,0.42554347826086963,0.19791892477780187,0.1853995635522871,,0.27489481065918653,0.1758703481392557,0.37037037037037035,0.19111969111969113,0.20229885057471264,0.38181818181818183,0.10755813953488372,0.1568627450980392,0.0913978494623656,0.1984732824427481,0.47619047619047616,0.46875,0.47619047619047616,0.6768819497586783,0.7812647373784332,0.6768819497586783,0.011235955056179775,4.630058338735068e-05,0.011235955056179775,0.0,0.1,0.0,0.07692307692307693,0.1,0.07692307692307693,0.1,0.13333333333333333,0.16060606060606064,0.0,0.12354312354312355,0.16060606060606064,0.2700969916159792,0.2829705505761845,0.3023172905525847,0.0,0.6363636363636364,0.5,,0.6666666666666666,0.6666666666666666,,0.2727272727272727,1.0,,
Spyware-TIBS-954f736dfd60b84b6e7b02b873945bb19058beb1f7be314716f5c924f632f598-4.raw,0.29411764705882354,0.35714285714285715,0.2759620696004419,,0.23376278285807722,0.2983783783783784,0.4216032608695653,0.19401690873618035,0.18009993226657425,,0.27349228611500703,0.17406962785114047,0.37037037037037035,0.19111969111969113,0.1839080459770115,0.38181818181818183,0.10755813953488372,0.1568627450980392,0.0913978494623656,0.1984732824427481,0.47619047619047616,0.46875,0.47619047619047616,0.6796097563447521,0.7860959708664363,0.6796097563447521,0.011235955056179775,4.630058338735068e-05,0.011235955056179775,0.0,0.2,0.0,0.15384615384615385,0.2,0.15384615384615385,0.2,0.2,0.311764705882353,0.0,0.23981900452488686,0.311764705882353,0.37772577385384565,0.42004971002485514,0.397347174163783,0.0,0.6363636363636364,0.5,,0.6666666666666666,0.6666666666666666,,0.2727272727272727,1.0,,
Spyware-TIBS-574cbd37cab3adfdd1b55051c52471c180bc4b5e69e7e018d8f7039b644ed0fd-9.raw,0.4117647058823529,0.42857142857142855,0.23697293316148038,,0.35590048482968056,0.4962162162162162,0.4850845410628019,0.46173856492521137,0.36423267704906326,,0.8934081346423562,0.32953181272509,0.48148148148148145,0.3030888030888031,0.32413793103448274,0.509090909090909,0.4273255813953488,0.39215686274509803,0.1935483870967742,0.3969465648854962,0.5952380952380952,0.59375,0.5952380952380952,0.6570311808121618,0.6967402847638726,0.6570311808121618,0.6629213483146067,0.8591999259190666,0.6629213483146067,0.6588235294117647,0.0,0.0,0.07692307692307693,0.0,0.07692307692307693,0.0,0.2,0.0,0.0,0.11324786324786294,0.0,0.21564195298372554,0.10172143974960857,0.3521786492374727,1.0,0.8181818181818182,1.0,,0.6666666666666666,0.8333333333333334,,0.45454545454545453,1.0,,
Spyware-TIBS-3031e4fc4cab067dba86e6f667dfaf323a996c8a112776899d692d8af34b21b2-8.raw,0.4411764705882353,0.5,0.2523003578057898,,0.5156912865620932,0.5978378378378378,0.5810223266745008,0.6499024495989595,0.4817730879312276,,0.391304347826087,0.7496998799519808,0.6296296296296297,0.6486486486486487,0.4850574712643678,0.5818181818181818,0.6569767441860465,0.5686274509803921,0.4838709677419355,0.5267175572519084,0.6190476190476191,0.640625,0.6190476190476191,0.6192509800462647,0.6731848016483515,0.6192509800462647,0.02247191011235955,9.260116677470137e-05,0.02247191011235955,0.0,0.0,0.0,0.0,0.0,0.0,0.0,0.13333333333333333,0.0,0.0,0.0,0.0,0.08288939934509591,0.09402360106585443,0.2246952835188128,1.0,1.0,1.0,,1.0,1.0,,0.7272727272727273,0.5,,
Spyware-TIBS-98f79b05b432de9dd246e9fec02ce0e37acbfbe0798d10c621c0b397e05ea470-5.raw,0.29411764705882354,0.35714285714285715,0.29722887129442094,,0.25164777801537086,0.3027027027027027,0.429483695652174,0.20810752221981357,0.19923748968720392,,0.2791023842917251,0.21068427370948378,0.37037037037037035,0.19111969111969113,0.18620689655172415,0.38181818181818183,0.10755813953488372,0.1568627450980392,0.0913978494623656,0.1984732824427481,0.5,0.484375,0.5,0.71849832049488,0.8175292810103341,0.71849832049488,0.011235955056179775,4.630058338735068e-05,0.011235955056179775,0.0,0.1,0.0,0.07692307692307693,0.1,0.07692307692307693,0.1,0.13333333333333333,0.16060606060606064,0.0,0.12354312354312355,0.16060606060606064,0.2700969916159792,0.2829705505761845,0.3023172905525847,0.0,0.6363636363636364,0.5,,0.6666666666666666,0.6666666666666666,,0.2727272727272727,1.0,,
Spyware-TIBS-98f79b05b432de9dd246e9fec02ce0e37acbfbe0798d10c621c0b397e05ea470-7.raw,0.3235294117647059,0.35714285714285715,0.3572699932486344,,0.3565897589243206,0.3924324324324324,0.5177206851119895,0.3336223715586386,0.31152900376461407,,0.3155680224403927,0.32292917166866747,0.4074074074074074,0.2548262548262548,0.3333333333333333,0.41818181818181815,0.32558139534883723,0.27450980392156865,0.13440860215053763,0.31297709923664124,0.5476190476190477,0.53125,0.5476190476190477,0.6932784507593744,0.7459638097192876,0.6932784507593744,0.011235955056179775,4.630058338735068e-05,0.011235955056179775,0.0,0.0,0.0,0.0,0.0,0.0,0.0,0.13333333333333333,0.0,0.0,0.0,0.0,0.13940489889857013,0.12761416986769109,0.3023172905525847,1.0,0.8181818181818182,1.0,,0.6666666666666666,0.8333333333333334,,0.45454545454545453,1.0,,
Spyware-TIBS-30533d67f47b9264c85d2a594ee58789410e4f2d0e5f38cbc487908da385c8bb-4.raw,0.5588235294117647,0.5714285714285714,0.21207521410511482,,0.4470338001577522,0.7632432432432432,0.57507953340403,0.7676132668545416,0.40830722580135476,,0.4053295932678822,0.8451380552220888,0.7777777777777778,0.6505791505791506,0.6091954022988506,0.7818181818181819,0.7877906976744186,0.8235294117647058,0.5913978494623656,0.8015267175572519,0.6904761904761905,0.78125,0.7380952380952381,0.5434734509238647,0.6491471887614585,0.6108312545882195,0.02247191011235955,9.260116677470137e-05,0.02247191011235955,0.0,0.3,0.0,0.23076923076923078,0.3,0.23076923076923078,0.3,0.3333333333333333,0.36136363636363605,0.0,0.27797202797202764,0.36136363636363605,0.3027700147953316,0.39948783610755445,0.3920677361853832,1.0,1.0,1.0,,1.0,1.0,,0.9090909090909091,0.5,,
Spyware-TIBS-961bfaad26e065fccd479a8aea79ac6f02bfed983259420097133a86e0fc2d21-4.raw,0.38235294117647056,0.42857142857142855,0.24021358865770576,,0.28810958352725136,0.41081081081081083,0.41068322981366456,0.3605029265120312,0.2911324034192048,,0.8611500701262272,0.2148859543817527,0.4444444444444444,0.23938223938223938,0.25517241379310346,0.4727272727272727,0.2703488372093023,0.27450980392156865,0.16666666666666666,0.366412213740458,0.5238095238095238,0.53125,0.5238095238095238,0.6320535762906905,0.7130279682142965,0.6320535762906905,0.6629213483146067,0.8591999259190666,0.6629213483146067,0.6588235294117647,0.2,0.0,0.23076923076923078,0.2,0.23076923076923078,0.2,0.26666666666666666,0.28648648648648634,0.0,0.3305613305613303,0.28648648648648634,0.4325790528322178,0.3711457936810051,0.43815580286168526,0.0,0.6363636363636364,0.5,,0.6666666666666666,0.6666666666666666,,0.36363636363636365,1.0,,
Spyware-TIBS-589f74cdc865423cfb901a43f8fddab707b0e509a1053e15379dc61562f8659f-6.raw,0.35294117647058826,0.35714285714285715,0.39376347114062,,0.4993832855968514,0.4594594594594595,0.561828644501279,0.49598959462388903,0.4643229683117809,,0.33520336605890605,0.5702280912364946,0.48148148148148145,0.46525096525096526,0.4666666666666667,0.45454545454545453,0.37790697674418605,0.37254901960784315,0.24731182795698925,0.3969465648854962,0.5714285714285714,0.5625,0.5714285714285714,0.6569728337503679,0.6900217199259538,0.6569728337503679,0.011235955056179775,4.630058338735068e-05,0.011235955056179775,0.0,0.0,0.0,0.0,0.0,0.0,0.0,0.13333333333333333,0.0,0.0,0.0,0.0,0.12402935857887491,0.11847555923777969,0.2811995386389851,1.0,1.0,1.0,,1.0,1.0,,0.5454545454545454,1.0,,
Spyware-TIBS-2361f526473d9f47642b2c9504cf0e0ffa62f222eccbdf665035ad4658cfb915-5.raw,0.6470588235294118,0.7142857142857143,0.16737249125391276,,0.3872735734599107,0.8475675675675676,0.5186758893280633,0.8380663342727076,0.3443617363090977,,0.47685834502103785,0.9087635054021609,0.8888888888888888,0.7258687258687259,0.6873563218390805,0.8909090909090909,0.7354651162790697,0.8627450980392157,0.6397849462365591,0.8625954198473282,0.9285714285714286,0.953125,0.9285714285714286,0.7924129335237732,0.8527370112690656,0.7924129335237732,0.056179775280898875,0.0002778035003241041,0.056179775280898875,0.00941176470588235,0.0,0.0,0.0,0.0,0.0,0.0,0.13333333333333333,0.0,0.0,0.0,0.0,0.008712806181160966,0.04993597951344412,0.12281639928698743,1.0,1.0,1.0,,1.0,1.0,,0.9090909090909091,0.0,,
Spyware-TIBS-4754c35288a9488036c211c68f36f86496240000164edd36f9eaaeed12e65dbf-10.raw,0.5588235294117647,0.5,0.22037445379056994,,0.4697977414611444,0.7470270270270271,0.5520148462354191,0.7908085844352916,0.48247333951252297,,0.7012622720897616,0.7935174069627852,0.7407407407407407,0.7741312741312741,0.5954022988505747,0.6909090909090909,0.7209302325581395,0.7058823529411765,0.5591397849462365,0.7557251908396947,0.7857142857142857,0.796875,0.7857142857142857,0.6892849800664772,0.70016099801775,0.6892849800664772,0.6966292134831461,0.8567922955829244,0.6966292134831461,0.4470588235294118,0.0,0.0,0.07692307692307693,0.0,0.07692307692307693,0.0,0.13333333333333333,0.0,0.0,0.09943714821763594,0.0,0.1425925109160679,0.06698728959120563,0.16221903395504544,1.0,1.0,1.0,,1.0,1.0,,0.8181818181818182,1.0,,
Spyware-TIBS-505c865b3cadf62b53d15f53d6d9a4293f7d7287fc88b54fa2b19974b3338a57-1.raw,0.47058823529411764,0.6428571428571429,0.45486437507873917,,0.31811913653519075,0.5881081081081081,0.5010297482837529,0.511814437459354,0.27036412010071814,,0.364656381486676,0.3943577430972389,0.5925925925925926,0.5077220077220077,0.7195402298850575,0.6,0.26453488372093026,0.43137254901960786,0.3655913978494624,0.5038167938931297,0.6428571428571429,0.671875,0.6428571428571429,0.6351826438509717,0.7064227946698504,0.6351826438509717,0.033707865168539325,0.000879711084359663,0.033707865168539325,0.015686274509803918,0.0,0.0,0.0,0.0,0.0,0.0,0.0,0.0,0.0,0.0,0.0,0.07061958694203883,0.0867309117865085,0.0,0.0,0.6363636363636364,0.5,,0.6666666666666666,0.6666666666666666,,0.2727272727272727,1.0,,
Spyware-TIBS-599e4bde3509a8bf8d535685bcf40f703d68c03b3bb6343accac3ae6dc696248-6.raw,0.35294117647058826,0.42857142857142855,0.26366068430686573,,0.2619093951463426,0.4097297297297297,0.47653452685422026,0.2972035551701713,0.2102177715013929,,0.3225806451612903,0.28991596638655465,0.4444444444444444,0.29343629343629346,0.2597701149425287,0.45454545454545453,0.2005813953488372,0.1568627450980392,0.13440860215053763,0.20610687022900764,0.6666666666666666,0.625,0.6666666666666666,0.8768945790624307,0.9400023046928563,0.8768945790624307,0.02247191011235955,0.0029169367534030927,0.02247191011235955,0.0,0.1,0.0,0.07692307692307693,0.1,0.07692307692307693,0.1,0.13333333333333333,0.1514285714285711,0.0,0.11648351648351621,0.1514285714285711,0.2327563936967193,0.2563380281690142,0.2612885154061625,0.0,0.0,0.0,,0.0,0.0,,0.0,1.0,,
Spyware-TIBS-404929a7b78f384d1d1715f06d93c3cf0301d8027cb5e721ffff4d89e1b7da7c-1.raw,0.5882352941176471,0.5714285714285714,0.28828331185171546,,0.4516714674448538,0.787027027027027,0.5493788819875778,0.8174723607197052,0.4132696886493522,,0.4305750350631136,0.882953181272509,0.8148148148148148,0.6718146718146718,0.8137931034482758,0.8181818181818182,0.811046511627907,0.7058823529411765,0.5806451612903226,0.7557251908396947,0.7619047619047619,0.8125,0.7619047619047619,0.6193868632425378,0.6689175147222259,0.6193868632425378,0.02247191011235955,9.260116677470137e-05,0.02247191011235955,0.0,0.2,0.0,0.15384615384615385,0.2,0.15384615384615385,0.2,0.26666666666666666,0.2409090909090907,0.0,0.18531468531468512,0.2409090909090907,0.20475094525727447,0.2829705505761845,0.3023172905525847,1.0,1.0,1.0,,1.0,1.0,,0.9090909090909091,0.5,,
Spyware-TIBS-599e4bde3509a8bf8d535685bcf40f703d68c03b3bb6343accac3ae6dc696248-2.raw,0.38235294117647056,0.42857142857142855,0.4249309519425519,,0.25288990075596546,0.3978378378378378,0.3890683229813665,0.3299371341859961,0.2005666035652083,,0.3281907433380084,0.27490996398559425,0.48148148148148145,0.26640926640926643,0.5103448275862069,0.4909090909090909,0.1686046511627907,0.21568627450980393,0.11827956989247312,0.24427480916030533,0.5952380952380952,0.59375,0.5952380952380952,0.7692974504218603,0.8921737129257223,0.7692974504218603,0.02247191011235955,0.0029169367534030927,0.02247191011235955,0.0,0.0,0.0,0.0,0.0,0.0,0.0,0.06666666666666667,0.0,0.0,0.0,0.0,0.109532420563162,0.10985915492957736,0.14845938375350132,0.0,0.6363636363636364,0.5,,0.6666666666666666,0.6666666666666666,,0.2727272727272727,1.0,,
Spyware-TIBS-5065428bc91f6a12f48944a8c7299d559faf3d53e2c7c47db05bb9103450ab8d-2.raw,0.6470588235294118,0.5714285714285714,0.2318173448720312,,0.4655173005256651,0.8724324324324324,0.5516304347826088,0.9230435725124648,0.4743116334497714,,0.7307152875175316,0.8907563025210085,0.8518518518518519,0.7722007722007722,0.8160919540229885,0.8727272727272727,0.9563953488372093,0.8823529411764706,0.6827956989247311,0.9389312977099237,0.9047619047619048,0.921875,0.9047619047619048,0.7327231935471418,0.7449692949992487,0.7327231935471418,0.6404494382022472,0.8544772664135568,0.6404494382022472,0.40784313725490196,0.0,0.0,0.07692307692307693,0.0,0.07692307692307693,0.0,0.2,0.0,0.0,0.09265734265734256,0.0,0.10673187571921774,0.04993597951344412,0.21256684491978625,1.0,1.0,1.0,,1.0,1.0,,1.0,0.5,,
Spyware-TIBS-248a7274908dc58a27ad4f999f106628810a4d04b027244683886198ad927afd-10.raw,0.5882352941176471,0.6428571428571429,0.18026146197753637,,0.3416099587845854,0.7156756756756757,0.4503105590062115,0.7036635595057447,0.2955001045224004,,0.423562412342216,0.7809123649459784,0.8148148148148148,0.7104247104247104,0.5471264367816092,0.7090909090909091,0.561046511627907,0.6470588235294118,0.489247311827957,0.6946564885496184,0.6428571428571429,0.734375,0.6428571428571429,0.516795219697246,0.6286206878692825,0.516795219697246,0.02247191011235955,9.260116677470137e-05,0.02247191011235955,0.0,0.0,0.0,0.0,0.0,0.0,0.0,0.06666666666666667,0.0,0.0,0.0,0.0,0.027383105140790752,0.06103286384976527,0.054435107376283834,1.0,1.0,1.0,,1.0,1.0,,0.8181818181818182,1.0,,
Spyware-TIBS-4579cff31815c40492e3f2dd85eb22f5084a96d95d850a31d48bd79553fe42b4-6.raw,0.5882352941176471,0.5714285714285714,0.17486036948382744,,0.3856345622486928,0.7437837837837837,0.4893374741200827,0.7491870799913288,0.34260793817318114,,0.426367461430575,0.8283313325330132,0.8148148148148148,0.7181467181467182,0.5701149425287356,0.8363636363636363,0.7034883720930233,0.6862745098039216,0.5645161290322581,0.7480916030534351,0.6904761904761905,0.765625,0.6904761904761905,0.5706372129084055,0.6664994334165205,0.5706372129084055,0.02247191011235955,9.260116677470137e-05,0.02247191011235955,0.0,0.2,0.0,0.15384615384615385,0.2,0.15384615384615385,0.2,0.26666666666666666,0.2409090909090907,0.0,0.18531468531468512,0.2409090909090907,0.20475094525727447,0.2829705505761845,0.3023172905525847,1.0,1.0,1.0,,1.0,1.0,,0.8181818181818182,0.5,,
Spyware-TIBS-1981a8ad7e1e19ce11df0ba175d0e34fd8f1b1511b571dc00e362a078867d775-10.raw,0.5588235294117647,0.5714285714285714,0.25357141253239085,,0.5056616867221488,0.7827027027027027,0.6027571580063629,0.826793843485801,0.47104107256556516,,0.4375876577840112,0.8427370948379351,0.7777777777777778,0.9787644787644788,0.6367816091954023,0.7818181818181819,0.627906976744186,0.7450980392156863,1.0,0.8396946564885496,0.7857142857142857,0.8125,0.7857142857142857,0.6554608412676265,0.6739620657776266,0.6554608412676265,0.02247191011235955,9.260116677470137e-05,0.02247191011235955,0.0,0.1,0.0,0.07692307692307693,0.1,0.07692307692307693,0.1,0.13333333333333333,0.1261904761904762,0.0,0.09706959706959704,0.1261904761904762,0.13006974941875502,0.18309859154929575,0.14845938375350132,1.0,1.0,1.0,,1.0,1.0,,0.8181818181818182,1.0,,
Spyware-TIBS-1981a8ad7e1e19ce11df0ba175d0e34fd8f1b1511b571dc00e362a078867d775-3.raw,0.4411764705882353,0.5714285714285714,0.23390744823261864,,0.2094228289496274,0.5081081081081081,0.4396004700352529,0.3709083026230219,0.15405534788498562,,0.32538569424964936,0.2863145258103241,0.5555555555555556,0.4575289575289575,0.3425287356321839,0.5636363636363636,0.2441860465116279,0.37254901960784315,0.3387096774193548,0.37404580152671757,0.5714285714285714,0.609375,0.5714285714285714,0.6048710224942517,0.7120857572584831,0.6048710224942517,0.011235955056179775,4.630058338735068e-05,0.011235955056179775,0.0,0.6,0.0,0.46153846153846156,0.6,0.46153846153846156,0.6,0.4666666666666667,0.7395348837209303,0.0,0.5688729874776386,0.7395348837209303,0.619622355860213,0.7707173272191286,0.5945280437756499,0.0,0.6363636363636364,0.5,,0.6666666666666666,0.6666666666666666,,0.2727272727272727,1.0,,
Spyware-TIBS-8217ae4fbd1555e6e06a5d3f18231377941f07d100b5ad62a8b31b9f1b64703e-10.raw,0.5882352941176471,0.6428571428571429,0.1856625544712453,,0.46404028460857916,0.8097297297297297,0.5809006211180126,0.8302623021894645,0.4265047466750477,,0.43899018232819076,0.851140456182473,0.8148148148148148,1.0,0.593103448275862,0.8363636363636363,0.7383720930232558,0.7843137254901961,0.9946236559139785,0.8015267175572519,0.7619047619047619,0.8125,0.7619047619047619,0.6260736867499621,0.6807163946417234,0.6260736867499621,0.02247191011235955,9.260116677470137e-05,0.02247191011235955,0.0,0.3,0.0,0.23076923076923078,0.3,0.23076923076923078,0.3,0.3333333333333333,0.3533333333333331,0.0,0.27179487179487155,0.3533333333333331,0.2875226039783003,0.38654147104851344,0.3741176470588237,1.0,1.0,1.0,,1.0,1.0,,0.6363636363636364,0.0,,
Spyware-TIBS-327c5b55bece5d32b51b019eae79acd917c944de61153db2fea6a3f59b070a97-8.raw,0.4117647058823529,0.42857142857142855,0.31573886536140267,,0.5290639251218366,0.5610810810810811,0.5901570048309182,0.6150010838933448,0.49608226923386,,0.364656381486676,0.726890756302521,0.5925925925925926,0.6177606177606177,0.47586206896551725,0.5272727272727272,0.5203488372093024,0.5294117647058824,0.41935483870967744,0.48091603053435117,0.5952380952380952,0.609375,0.5952380952380952,0.5888255479689773,0.6142373817136465,0.5888255479689773,0.02247191011235955,9.260116677470137e-05,0.02247191011235955,0.0,0.0,0.0,0.0,0.0,0.0,0.0,0.06666666666666667,0.0,0.0,0.0,0.0,0.0958408679927671,0.10172143974960857,0.13278867102396533,1.0,1.0,1.0,,1.0,1.0,,0.7272727272727273,1.0,,
Spyware-TIBS-979db6d35d22f609cbdd3515bea40d29c89bf89364999c4218ab5dfffd7fc11a-4.raw,0.4411764705882353,0.42857142857142855,0.20325259894400025,,0.2501158408002347,0.47675675675675677,0.39018801410105747,0.40819423368740515,0.24641075088472222,,0.8821879382889201,0.23469387755102042,0.5185185185185185,0.34555984555984554,0.2942528735632184,0.5454545454545454,0.311046511627907,0.3333333333333333,0.22043010752688172,0.42748091603053434,0.6666666666666666,0.65625,0.6666666666666666,0.7952238518026294,0.8804374132661846,0.7952238518026294,0.6629213483146067,0.854893971664043,0.6629213483146067,0.5176470588235295,0.0,0.0,0.07692307692307693,0.0,0.07692307692307693,0.0,0.13333333333333333,0.0,0.0,0.1101871101871101,0.0,0.19945261717413634,0.09402360106585443,0.2246952835188128,0.0,0.6363636363636364,0.5,,0.6666666666666666,0.6666666666666666,,0.36363636363636365,1.0,,
Spyware-TIBS-9675cdaca063fc0ae0f9c3efb59251dcbf8c89cf9209b6df888c9c64a50e5f20-2.raw,0.29411764705882354,0.35714285714285715,0.4992634873872215,,0.31795983698318253,0.3016216216216216,0.4275135869565218,0.2603511814437459,0.2701936641236924,,0.29873772791023845,0.22028811524609843,0.37037037037037035,0.18146718146718147,0.45977011494252873,0.38181818181818183,0.10755813953488372,0.1568627450980392,0.0967741935483871,0.183206106870229,0.47619047619047616,0.46875,0.47619047619047616,0.6755214224638916,0.7788550998837975,0.6755214224638916,0.011235955056179775,4.630058338735068e-05,0.011235955056179775,0.0,0.1,0.0,0.07692307692307693,0.1,0.07692307692307693,0.1,0.13333333333333333,0.16060606060606064,0.0,0.12354312354312355,0.16060606060606064,0.2700969916159792,0.2829705505761845,0.3023172905525847,0.0,0.6363636363636364,0.5,,0.6666666666666666,0.6666666666666666,,0.36363636363636365,1.0,,
Spyware-TIBS-327c5b55bece5d32b51b019eae79acd917c944de61153db2fea6a3f59b070a97-5.raw,0.29411764705882354,0.35714285714285715,0.2936844043454244,,0.2527483931019735,0.3016216216216216,0.4275135869565218,0.20897463689572945,0.20041518552847343,,0.28190743338008417,0.21248499399759904,0.37037037037037035,0.19498069498069498,0.18620689655172415,0.38181818181818183,0.10755813953488372,0.1568627450980392,0.10215053763440861,0.1984732824427481,0.5,0.484375,0.5,0.7198920347999239,0.8199668285677366,0.7198920347999239,0.011235955056179775,4.630058338735068e-05,0.011235955056179775,0.0,0.0,0.0,0.0,0.0,0.0,0.0,0.06666666666666667,0.0,0.0,0.0,0.0,0.15574141048824633,0.13732394366197195,0.20134803921568642,0.0,0.6363636363636364,0.5,,0.6666666666666666,0.6666666666666666,,0.2727272727272727,1.0,,
Spyware-TIBS-589f74cdc865423cfb901a43f8fddab707b0e509a1053e15379dc61562f8659f-7.raw,0.35294117647058826,0.35714285714285715,0.36707571999523425,,0.5509179684754243,0.4897297297297297,0.6137468030690537,0.5391285497507046,0.5194668441735774,,0.36605890603085556,0.6308523409363745,0.48148148148148145,0.4806949806949807,0.4528735632183908,0.45454545454545453,0.45058139534883723,0.4117647058823529,0.3064516129032258,0.4351145038167939,0.6190476190476191,0.59375,0.6190476190476191,0.701561054782666,0.7048895841629582,0.701561054782666,0.011235955056179775,4.630058338735068e-05,0.011235955056179775,0.0,0.0,0.0,0.0,0.0,0.0,0.0,0.06666666666666667,0.0,0.0,0.0,0.0,0.12402935857887491,0.11847555923777969,0.16505190311418672,1.0,1.0,1.0,,1.0,1.0,,0.7272727272727273,1.0,,
Spyware-TIBS-0149e4302db69ee3430709369101d4e70f5d8bfce7c76555cb835f4862a03879-3.raw,0.38235294117647056,0.42857142857142855,0.3115080095746639,,0.3147759147683679,0.4064864864864865,0.4034782608695652,0.3834814654238023,0.32050552322498577,,0.8667601683029453,0.2298919567827131,0.4444444444444444,0.23938223938223938,0.38620689655172413,0.4727272727272727,0.2703488372093023,0.27450980392156865,0.14516129032258066,0.366412213740458,0.47619047619047616,0.5,0.47619047619047616,0.5545967579510056,0.6453982032653393,0.5545967579510056,0.6292134831460674,0.8574405037503473,0.6292134831460674,0.6235294117647059,0.0,0.0,0.07692307692307693,0.0,0.07692307692307693,0.0,0.13333333333333333,0.0,0.0,0.11648351648351621,0.0,0.2327563936967193,0.10985915492957736,0.2612885154061625,0.0,0.6363636363636364,0.5,,0.6666666666666666,0.6666666666666666,,0.2727272727272727,1.0,,
Spyware-TIBS-992eed3db41572414b500aecbe50a54ccd1e5faa2561dec87e1fe3c2db678f44-10.raw,0.47058823529411764,0.5,0.19817034761457122,,0.3978268396491536,0.5837837837837838,0.4943935926773458,0.5863862995881205,0.3556540926052896,,0.39831697054698456,0.6686674669867947,0.6296296296296297,0.555984555984556,0.41839080459770117,0.6181818181818182,0.6104651162790697,0.45098039215686275,0.3602150537634409,0.48854961832061067,0.6428571428571429,0.671875,0.6428571428571429,0.6604851591375069,0.7512206660717142,0.6604851591375069,0.011235955056179775,4.630058338735068e-05,0.011235955056179775,0.0,0.2,0.0,0.15384615384615385,0.2,0.15384615384615385,0.2,0.26666666666666666,0.2650000000000001,0.0,0.20384615384615387,0.2650000000000001,0.26356238698010886,0.3295774647887326,0.3741176470588237,1.0,1.0,1.0,,1.0,1.0,,0.6363636363636364,0.0,,
Spyware-TIBS-589f74cdc865423cfb901a43f8fddab707b0e509a1053e15379dc61562f8659f-9.raw,0.4411764705882353,0.5,0.29828263173871716,,0.5523387943105934,0.6335135135135135,0.6372502937720328,0.6832863646217212,0.5209871764837694,,0.3758765778401122,0.7815126050420168,0.6296296296296297,0.6428571428571429,0.5379310344827586,0.5636363636363636,0.7790697674418605,0.5882352941176471,0.45161290322580644,0.5267175572519084,0.6666666666666666,0.671875,0.6666666666666666,0.626248119277605,0.6262902051912111,0.626248119277605,0.02247191011235955,9.260116677470137e-05,0.02247191011235955,0.0,0.0,0.0,0.0,0.0,0.0,0.0,0.06666666666666667,0.0,0.0,0.0,0.0,0.08288939934509591,0.09402360106585443,0.11796502384737677,1.0,1.0,1.0,,1.0,1.0,,0.7272727272727273,1.0,,
Spyware-TIBS-954f736dfd60b84b6e7b02b873945bb19058beb1f7be314716f5c924f632f598-10.raw,0.4117647058823529,0.42857142857142855,0.2716299433294462,,0.5028937441737281,0.5535135135135135,0.5778985507246377,0.5918057663125948,0.46807927923034004,,0.36185133239831696,0.6902761104441777,0.5925925925925926,0.6177606177606177,0.42528735632183906,0.5272727272727272,0.48546511627906974,0.5098039215686274,0.3870967741935484,0.48091603053435117,0.5952380952380952,0.609375,0.5952380952380952,0.596360940214809,0.6275299148273159,0.596360940214809,0.02247191011235955,9.260116677470137e-05,0.02247191011235955,0.0,0.0,0.0,0.0,0.0,0.0,0.0,0.06666666666666667,0.0,0.0,0.0,0.0,0.0958408679927671,0.10172143974960857,0.13278867102396533,1.0,1.0,1.0,,1.0,1.0,,0.6363636363636364,1.0,,
Spyware-TIBS-3760770f4e0ecfe15d832609a805cbe1f8f32ca7e011fd5c6a0ad98750afe2e8-4.raw,0.8235294117647058,1.0,0.0804492726937948,,0.24207242676192745,0.9210810810810811,0.3152173913043479,0.921526121829612,0.30060703279051965,,0.7251051893408135,0.8991596638655462,1.0,0.750965250965251,0.7632183908045977,0.9636363636363636,0.9331395348837209,0.9411764705882353,0.6344086021505376,0.9694656488549618,0.7142857142857143,0.859375,0.7142857142857143,0.45259118819079713,0.5723234611430535,0.45259118819079713,0.898876404494382,0.9848597092323363,0.898876404494382,0.49747899159663866,0.2,0.0,0.38461538461538464,0.2,0.38461538461538464,0.2,0.4666666666666667,0.2038461538461536,0.0,0.39201183431952646,0.2038461538461536,0.36308944220336625,0.21126760563380284,0.41968325791855204,1.0,1.0,1.0,,1.0,1.0,,0.9090909090909091,0.5,,
Spyware-TIBS-574cbd37cab3adfdd1b55051c52471c180bc4b5e69e7e018d8f7039b644ed0fd-7.raw,0.38235294117647056,0.42857142857142855,0.29206407659731176,,0.38471214198563547,0.4562162162162162,0.48633540372670825,0.44374593539995666,0.39754068648920377,,0.8863955119214586,0.31392557022809126,0.4444444444444444,0.28378378378378377,0.34942528735632183,0.4727272727272727,0.35174418604651164,0.29411764705882354,0.1935483870967742,0.37404580152671757,0.5714285714285714,0.5625,0.5714285714285714,0.6617712136186276,0.6983552622707081,0.6617712136186276,0.6629213483146067,0.8591999259190666,0.6629213483146067,0.6588235294117647,0.0,0.0,0.07692307692307693,0.0,0.07692307692307693,0.0,0.13333333333333333,0.0,0.0,0.11648351648351621,0.0,0.2327563936967193,0.10985915492957736,0.2612885154061625,0.0,0.0,0.0,,0.0,0.0,,0.2727272727272727,1.0,,
Spyware-TIBS-248a7274908dc58a27ad4f999f106628810a4d04b027244683886198ad927afd-9.raw,0.6470588235294118,0.6428571428571429,0.15963910881973856,,0.27140882161573726,0.7286486486486486,0.36106719367588935,0.7125514849338825,0.22038248320090667,,0.4305750350631136,0.7947178871548619,0.8148148148148148,0.7027027027027027,0.5885057471264368,0.7272727272727273,0.5726744186046512,0.6470588235294118,0.45698924731182794,0.6106870229007634,0.6190476190476191,0.765625,0.6190476190476191,0.4722529089836491,0.6751966291373342,0.4722529089836491,0.02247191011235955,9.260116677470137e-05,0.02247191011235955,0.0,0.2,0.0,0.15384615384615385,0.2,0.15384615384615385,0.2,0.3333333333333333,0.23043478260869565,0.0,0.177257525083612,0.23043478260869565,0.17918075320386836,0.26270667483159826,0.3569479965899405,1.0,1.0,1.0,,1.0,1.0,,0.9090909090909091,1.0,,
Spyware-TIBS-1981a8ad7e1e19ce11df0ba175d0e34fd8f1b1511b571dc00e362a078867d775-1.raw,0.4411764705882353,0.5714285714285714,0.39944363439115776,,0.26534597389052084,0.505945945945946,0.4361927144535841,0.4218512898330804,0.21389502846841008,,0.3380084151472651,0.3241296518607443,0.5555555555555556,0.416988416988417,0.5908045977011495,0.5636363636363636,0.2441860465116279,0.37254901960784315,0.26881720430107525,0.37404580152671757,0.5476190476190477,0.59375,0.5476190476190477,0.5687326272979943,0.6805809902289364,0.5687326272979943,0.011235955056179775,4.630058338735068e-05,0.011235955056179775,0.0,0.2,0.0,0.15384615384615385,0.2,0.15384615384615385,0.2,0.2,0.27179487179487144,0.0,0.20907297830374721,0.27179487179487144,0.28015022951731827,0.3427230046948356,0.29311211664152853,0.0,0.6363636363636364,0.5,,0.6666666666666666,0.6666666666666666,,0.2727272727272727,1.0,,
Spyware-TIBS-35687c2a333d215c400adb744ca367dae9ce2b5fcc705ac639b11bc319d50475-4.raw,0.6764705882352942,0.7142857142857143,0.17396018740154262,,0.4097572497341053,0.9351351351351351,0.5785990338164252,0.9065683936700628,0.3684200400402439,,0.4488078541374474,0.9321728691476591,0.9259259259259259,0.915057915057915,0.7195402298850575,0.9272727272727272,0.8604651162790697,0.9803921568627451,0.8333333333333334,0.916030534351145,0.7857142857142857,0.875,0.7857142857142857,0.5304040263322712,0.5745229577096141,0.5304040263322712,0.02247191011235955,9.260116677470137e-05,0.02247191011235955,0.0,0.2,0.0,0.15384615384615385,0.2,0.15384615384615385,0.2,0.26666666666666666,0.2255319148936171,0.0,0.17348608837970542,0.2255319148936171,0.16721172713631677,0.2532214563979624,0.2564872757613685,1.0,1.0,1.0,,1.0,1.0,,0.9090909090909091,0.5,,
Spyware-TIBS-5555ad162e1d6f2cce4027b9c8f6d68e141d13498aa7ed59965dceb22f9bf1b9-2.raw,0.29411764705882354,0.35714285714285715,0.4921745534892285,,0.3146579917233745,0.3016216216216216,0.4275135869565218,0.2577498374159983,0.26666057659988385,,0.2973352033660589,0.2154861944777911,0.37037037037037035,0.18146718146718147,0.45517241379310347,0.38181818181818183,0.10755813953488372,0.1568627450980392,0.0967741935483871,0.183206106870229,0.47619047619047616,0.46875,0.47619047619047616,0.6755214224638916,0.7788550998837975,0.6755214224638916,0.011235955056179775,4.630058338735068e-05,0.011235955056179775,0.0,0.0,0.0,0.0,0.0,0.0,0.0,0.06666666666666667,0.0,0.0,0.0,0.0,0.15574141048824633,0.13732394366197195,0.20134803921568642,0.0,0.6363636363636364,0.5,,0.6666666666666666,0.6666666666666666,,0.36363636363636365,1.0,,
Spyware-TIBS-7651d72f90c1aaecc18a032dd6140ec4def8a836e7efcfc83b9a3389345dcb10-4.raw,0.6176470588235294,0.6428571428571429,0.16311613348006498,,0.36210602002081005,0.7772972972972974,0.47942366026289174,0.7678300455235205,0.31743159208252036,,0.43338008415147267,0.8463385354141657,0.8518518518518519,0.6891891891891891,0.5977011494252874,0.8545454545454545,0.7180232558139535,0.7647058823529411,0.5752688172043011,0.7862595419847328,0.7380952380952381,0.8125,0.7380952380952381,0.5974894620502473,0.6892050529823602,0.5974894620502473,0.033707865168539325,0.00013890175016205206,0.033707865168539325,0.0,0.3,0.0,0.23076923076923078,0.3,0.23076923076923078,0.3,0.3333333333333333,0.3456521739130434,0.0,0.265886287625418,0.3456521739130434,0.2729381240663575,0.37415799142682177,0.3569479965899405,1.0,1.0,1.0,,1.0,1.0,,0.9090909090909091,0.0,,
Spyware-TIBS-1421d1a140f3875addfe2378e53f749e8c6023bb0ec3fbe33943218ec09f6b33-1.raw,0.29411764705882354,0.35714285714285715,0.5134413551832075,,0.3231877586445453,0.3037837837837838,0.43145380434782615,0.2644699761543464,0.2757877193697226,,0.29453015427769985,0.22088835534213686,0.37037037037037035,0.1776061776061776,0.4689655172413793,0.38181818181818183,0.10755813953488372,0.1568627450980392,0.0967741935483871,0.1984732824427481,0.4523809523809524,0.453125,0.4523809523809524,0.6284342420256499,0.7329320422534454,0.6284342420256499,0.011235955056179775,4.630058338735068e-05,0.011235955056179775,0.0,0.2,0.0,0.15384615384615385,0.2,0.15384615384615385,0.2,0.13333333333333333,0.311764705882353,0.0,0.23981900452488686,0.311764705882353,0.37772577385384565,0.42004971002485514,0.2811995386389851,0.0,0.6363636363636364,0.5,,0.6666666666666666,0.6666666666666666,,0.36363636363636365,1.0,,
Spyware-TIBS-0149e4302db69ee3430709369101d4e70f5d8bfce7c76555cb835f4862a03879-7.raw,0.4117647058823529,0.42857142857142855,0.29053376705742723,,0.3776682054313782,0.4983783783783784,0.4885869565217392,0.48103186646433993,0.38819037530574607,,0.9046283309957924,0.3427370948379352,0.48148148148148145,0.3030888030888031,0.39080459770114945,0.509090909090909,0.43023255813953487,0.39215686274509803,0.1989247311827957,0.3969465648854962,0.5714285714285714,0.578125,0.5714285714285714,0.61615912667477,0.6569245695953011,0.61615912667477,0.6629213483146067,0.8591999259190666,0.6629213483146067,0.6588235294117647,0.0,0.0,0.07692307692307693,0.0,0.07692307692307693,0.0,0.2,0.0,0.0,0.11324786324786294,0.0,0.21564195298372554,0.10172143974960857,0.3521786492374727,1.0,0.8181818181818182,1.0,,0.6666666666666666,0.8333333333333334,,0.45454545454545453,1.0,,
Spyware-TIBS-979db6d35d22f609cbdd3515bea40d29c89bf89364999c4218ab5dfffd7fc11a-2.raw,0.4411764705882353,0.42857142857142855,0.4025091193200197,,0.23607556185762732,0.4627027027027027,0.36803760282021164,0.3954042922176458,0.2309698498547433,,0.39270687237026647,0.27791116446578634,0.5185185185185185,0.3281853281853282,0.6045977011494252,0.5454545454545454,0.2936046511627907,0.3333333333333333,0.20967741935483872,0.42748091603053434,0.6428571428571429,0.640625,0.6428571428571429,0.7727462091171731,0.8727479828139287,0.7727462091171731,0.6292134831460674,0.8544309658301694,0.6292134831460674,0.4894117647058824,0.0,0.0,0.07692307692307693,0.0,0.07692307692307693,0.0,0.13333333333333333,0.0,0.0,0.1101871101871101,0.0,0.19945261717413634,0.09402360106585443,0.2246952835188128,0.0,0.6363636363636364,0.5,,0.6666666666666666,0.6666666666666666,,0.36363636363636365,1.0,,
Spyware-TIBS-2361f526473d9f47642b2c9504cf0e0ffa62f222eccbdf665035ad4658cfb915-2.raw,0.6176470588235294,0.6428571428571429,0.23433519031571556,,0.4487218677664725,0.8421621621621621,0.5673913043478261,0.8595274225016258,0.41011351596289364,,0.47685834502103785,0.9255702280912365,0.8518518518518519,0.7084942084942085,0.7931034482758621,0.8545454545454545,0.8168604651162791,0.803921568627451,0.6344086021505376,0.8396946564885496,0.9761904761904762,0.96875,0.9761904761904762,0.8523554276813028,0.8762908405997469,0.8523554276813028,0.056179775280898875,0.0002778035003241041,0.056179775280898875,0.00941176470588235,0.0,0.0,0.0,0.0,0.0,0.0,0.13333333333333333,0.0,0.0,0.0,0.0,0.01783085916144501,0.05535538814281023,0.1353397172822618,1.0,1.0,1.0,,1.0,1.0,,0.9090909090909091,0.0,,
Spyware-TIBS-574cbd37cab3adfdd1b55051c52471c180bc4b5e69e7e018d8f7039b644ed0fd-1.raw,0.38235294117647056,0.42857142857142855,0.44113422942367897,,0.2536446082439214,0.387027027027027,0.3710559006211181,0.330804248861912,0.25316903159475207,,0.3015427769985975,0.251500600240096,0.4444444444444444,0.2084942084942085,0.5701149425287356,0.4727272727272727,0.25290697674418605,0.27450980392156865,0.13440860215053763,0.3511450381679389,0.4523809523809524,0.484375,0.4523809523809524,0.534067396106496,0.6454921289276107,0.534067396106496,0.5056179775280899,0.03921659412908603,0.5056179775280899,0.49411764705882355,0.3,0.0,0.3076923076923077,0.3,0.3076923076923077,0.3,0.26666666666666666,0.4184210526315789,0.0,0.42914979757085003,0.4184210526315789,0.5246026458551442,0.49147516679021486,0.41568627450980367,0.0,0.6363636363636364,0.5,,0.6666666666666666,0.6666666666666666,,0.2727272727272727,1.0,,
Spyware-TIBS-35687c2a333d215c400adb744ca367dae9ce2b5fcc705ac639b11bc319d50475-3.raw,0.6764705882352942,0.7142857142857143,0.20420630536631265,,0.4281497507368878,0.9589189189189189,0.6094202898550725,0.9269455885540863,0.38810064609879213,,0.4488078541374474,0.9477791116446579,0.9259259259259259,0.9034749034749034,0.7839080459770115,0.9272727272727272,0.8866279069767442,0.9803921568627451,0.8010752688172043,0.916030534351145,0.8095238095238095,0.890625,0.8095238095238095,0.5401679970908261,0.5663131029134999,0.5401679970908261,0.02247191011235955,9.260116677470137e-05,0.02247191011235955,0.0,0.3,0.0,0.23076923076923078,0.3,0.23076923076923078,0.3,0.3333333333333333,0.3312500000000001,0.0,0.25480769230769235,0.3312500000000001,0.24559222423146493,0.3509389671361501,0.32475490196078444,1.0,1.0,1.0,,1.0,1.0,,0.9090909090909091,0.5,,
Spyware-TIBS-5065428bc91f6a12f48944a8c7299d559faf3d53e2c7c47db05bb9103450ab8d-4.raw,0.6764705882352942,0.6428571428571429,0.18656273655353012,,0.41269222329837923,0.8897297297297297,0.5197584541062804,0.9100368523737264,0.41545173981845757,,0.7335203366058906,0.885954381752701,0.8888888888888888,0.7953667953667953,0.7425287356321839,0.9090909090909091,0.8924418604651163,0.9411764705882353,0.6989247311827957,0.9618320610687023,0.8809523809523809,0.921875,0.8809523809523809,0.6888635576468426,0.7237860138610998,0.6888635576468426,0.6966292134831461,0.8567922955829244,0.6966292134831461,0.4470588235294118,0.1,0.0,0.15384615384615385,0.1,0.15384615384615385,0.1,0.26666666666666666,0.11521739130434783,0.0,0.177257525083612,0.11521739130434783,0.17918075320386836,0.15125535823637473,0.2710997442455242,1.0,1.0,1.0,,1.0,1.0,,1.0,0.5,,
Spyware-TIBS-30533d67f47b9264c85d2a594ee58789410e4f2d0e5f38cbc487908da385c8bb-2.raw,0.5,0.5,0.3009551057792634,,0.5219334444752992,0.705945945945946,0.615886287625418,0.7494038586603078,0.48845241070666057,,0.4011220196353436,0.826530612244898,0.7037037037037037,0.6235521235521235,0.6827586206896552,0.7090909090909091,0.7703488372093024,0.7058823529411765,0.5698924731182796,0.7404580152671756,0.7380952380952381,0.75,0.7380952380952381,0.6603900644226708,0.6703400246692511,0.6603900644226708,0.02247191011235955,9.260116677470137e-05,0.02247191011235955,0.0,0.5,0.0,0.38461538461538464,0.5,0.38461538461538464,0.5,0.4666666666666667,0.6022727272727273,0.0,0.4632867132867132,0.6022727272727273,0.49880815387144517,0.6325224071702947,0.5715686274509806,1.0,1.0,1.0,,1.0,1.0,,0.9090909090909091,0.5,,
Spyware-TIBS-5555ad162e1d6f2cce4027b9c8f6d68e141d13498aa7ed59965dceb22f9bf1b9-3.raw,0.29411764705882354,0.35714285714285715,0.32558460688639296,,0.24421862618080273,0.3016216216216216,0.4275135869565218,0.2022544981573813,0.19128804275863467,,0.28330995792426367,0.17466986794717887,0.37037037037037035,0.18146718146718147,0.24597701149425288,0.38181818181818183,0.10755813953488372,0.1568627450980392,0.0967741935483871,0.183206106870229,0.47619047619047616,0.46875,0.47619047619047616,0.6755214224638916,0.7788550998837975,0.6755214224638916,0.011235955056179775,4.630058338735068e-05,0.011235955056179775,0.0,0.0,0.0,0.0,0.0,0.0,0.0,0.06666666666666667,0.0,0.0,0.0,0.0,0.15574141048824633,0.13732394366197195,0.20134803921568642,0.0,0.6363636363636364,0.5,,0.6666666666666666,0.6666666666666666,,0.36363636363636365,1.0,,
Spyware-TIBS-1981a8ad7e1e19ce11df0ba175d0e34fd8f1b1511b571dc00e362a078867d775-7.raw,0.4117647058823529,0.5,0.2936844043454244,,0.3238603567530247,0.5027027027027027,0.4955917874396138,0.433123780619987,0.2765074223838317,,0.34782608695652173,0.3709483793517407,0.5185185185185185,0.5386100386100386,0.39770114942528734,0.5272727272727272,0.29069767441860467,0.3333333333333333,0.4838709677419355,0.366412213740458,0.6428571428571429,0.640625,0.6428571428571429,0.7255552575553389,0.7912856142876528,0.7255552575553389,0.011235955056179775,4.630058338735068e-05,0.011235955056179775,0.0,0.2,0.0,0.15384615384615385,0.2,0.15384615384615385,0.2,0.2,0.2789473684210526,0.0,0.21457489878542502,0.2789473684210526,0.2976111163985915,0.35656041512231273,0.31176470588235283,0.0,0.0,0.0,,0.0,0.0,,0.36363636363636365,1.0,,
Spyware-TIBS-5555ad162e1d6f2cce4027b9c8f6d68e141d13498aa7ed59965dceb22f9bf1b9-4.raw,0.29411764705882354,0.35714285714285715,0.27241760265144543,,0.22275663199205037,0.3016216216216216,0.4275135869565218,0.18534576197702146,0.16832297385387907,,0.2847124824684432,0.15906362545018007,0.37037037037037035,0.18146718146718147,0.15402298850574714,0.38181818181818183,0.10755813953488372,0.1568627450980392,0.0967741935483871,0.183206106870229,0.47619047619047616,0.46875,0.47619047619047616,0.6755214224638916,0.7788550998837975,0.6755214224638916,0.011235955056179775,4.630058338735068e-05,0.011235955056179775,0.0,0.0,0.0,0.0,0.0,0.0,0.0,0.06666666666666667,0.0,0.0,0.0,0.0,0.15574141048824633,0.13732394366197195,0.20134803921568642,0.0,0.6363636363636364,0.5,,0.6666666666666666,0.6666666666666666,,0.36363636363636365,1.0,,
Spyware-TIBS-306cacba59ca07650c4ff93e770a530fee5ab0bd21fbbdacc6450bf5f8227b66-8.raw,0.5588235294117647,0.5,0.2729363051317865,,0.5022256201103161,0.7189189189189189,0.5120360551431604,0.8235421634511164,0.5180397539188625,,0.97054698457223,0.7809123649459784,0.7407407407407407,0.722007722007722,0.6551724137931034,0.6909090909090909,0.6715116279069767,0.7058823529411765,0.5053763440860215,0.6870229007633588,0.7619047619047619,0.78125,0.7619047619047619,0.6826893465645228,0.715000388019022,0.6826893465645228,0.6966292134831461,0.8567922955829244,0.6966292134831461,0.4470588235294118,0.0,0.0,0.07692307692307693,0.0,0.07692307692307693,0.0,0.13333333333333333,0.0,0.0,0.09943714821763594,0.0,0.1425925109160679,0.06698728959120563,0.16221903395504544,1.0,1.0,1.0,,1.0,1.0,,0.7272727272727273,1.0,,
Spyware-TIBS-98f79b05b432de9dd246e9fec02ce0e37acbfbe0798d10c621c0b397e05ea470-9.raw,0.47058823529411764,0.35714285714285715,0.20712479043308876,,0.33619239479940327,0.5545945945945946,0.449599542334096,0.5287231736397139,0.2897031254941966,,0.3506311360448808,0.5870348139255702,0.5925925925925926,0.5057915057915058,0.37701149425287356,0.6,0.45058139534883723,0.5098039215686274,0.25806451612903225,0.4122137404580153,0.6190476190476191,0.65625,0.6190476190476191,0.6324024520427141,0.7327821889712235,0.6324024520427141,0.011235955056179775,4.630058338735068e-05,0.011235955056179775,0.0,0.0,0.0,0.0,0.0,0.0,0.0,0.13333333333333333,0.0,0.0,0.0,0.0,0.07061958694203883,0.0867309117865085,0.20784313725490186,1.0,1.0,1.0,,1.0,1.0,,0.6363636363636364,1.0,,
Spyware-TIBS-992eed3db41572414b500aecbe50a54ccd1e5faa2561dec87e1fe3c2db678f44-2.raw,0.6470588235294118,0.6428571428571429,0.2343951390167558,,0.393677152145599,0.841081081081081,0.5100790513833995,0.8450032516800347,0.3512137848401203,,0.43899018232819076,0.918967587034814,0.8888888888888888,0.693050193050193,0.8045977011494253,0.8909090909090909,0.8226744186046512,0.8235294117647058,0.6075268817204301,0.8244274809160306,0.7619047619047619,0.84375,0.7619047619047619,0.5732039266561552,0.64870075602067,0.5732039266561552,0.02247191011235955,9.260116677470137e-05,0.02247191011235955,0.0,0.1,0.0,0.07692307692307693,0.1,0.07692307692307693,0.1,0.2,0.1177777777777777,0.0,0.09059829059829051,0.1177777777777777,0.0958408679927671,0.15868544600938944,0.1986056644880174,1.0,1.0,1.0,,1.0,1.0,,0.9090909090909091,0.0,,
Spyware-TIBS-5065428bc91f6a12f48944a8c7299d559faf3d53e2c7c47db05bb9103450ab8d-8.raw,0.5882352941176471,0.5714285714285714,0.18836310071809978,,0.4567028506978948,0.7686486486486487,0.5238612836438925,0.8228918274441795,0.4669047749767162,,0.7180925666199158,0.8127250900360145,0.7777777777777778,0.8011583011583011,0.6114942528735632,0.7454545454545455,0.8575581395348837,0.7450980392156863,0.6129032258064516,0.7175572519083969,0.8095238095238095,0.828125,0.8095238095238095,0.7283873478626488,0.7735945236584076,0.7283873478626488,0.6966292134831461,0.8567922955829244,0.6966292134831461,0.4470588235294118,0.1,0.0,0.15384615384615385,0.1,0.15384615384615385,0.1,0.26666666666666666,0.12325581395348803,0.0,0.18962432915921273,0.12325581395348803,0.21842802472770118,0.17458237798886347,0.31901504787961676,1.0,1.0,1.0,,1.0,1.0,,0.7272727272727273,0.5,,
Spyware-TIBS-98f79b05b432de9dd246e9fec02ce0e37acbfbe0798d10c621c0b397e05ea470-10.raw,0.47058823529411764,0.42857142857142855,0.18623109052321465,,0.3090825074030846,0.5372972972972972,0.42305491990846683,0.503793626707132,0.36182494332913495,,0.34081346423562414,0.5612244897959183,0.5555555555555556,0.4922779922779923,0.34022988505747126,0.5272727272727272,0.4273255813953488,0.43137254901960786,0.2956989247311828,0.45038167938931295,0.5714285714285714,0.59375,0.5714285714285714,0.5773405030456058,0.6254452967249433,0.5773405030456058,0.011235955056179775,4.630058338735068e-05,0.011235955056179775,0.0,0.0,0.0,0.15384615384615385,0.0,0.15384615384615385,0.0,0.2,0.0,0.0,0.21457489878542502,0.0,0.2976111163985915,0.0867309117865085,0.31176470588235283,1.0,1.0,1.0,,1.0,1.0,,0.5454545454545454,1.0,,
Spyware-TIBS-306cacba59ca07650c4ff93e770a530fee5ab0bd21fbbdacc6450bf5f8227b66-4.raw,0.4411764705882353,0.42857142857142855,0.2155145386594475,,0.2574929365158419,0.47675675675675677,0.39018801410105747,0.4149143724257533,0.25452376668013366,,0.8779803646563815,0.24309723889555823,0.5185185185185185,0.34555984555984554,0.31724137931034485,0.5454545454545454,0.311046511627907,0.3333333333333333,0.22043010752688172,0.42748091603053434,0.6190476190476191,0.625,0.6190476190476191,0.7173386446463258,0.8082591035051526,0.7173386446463258,0.6853932584269663,0.856745994999537,0.6853932584269663,0.5364705882352941,0.0,0.0,0.07692307692307693,0.0,0.07692307692307693,0.0,0.13333333333333333,0.0,0.0,0.1101871101871101,0.0,0.19945261717413634,0.09402360106585443,0.2246952835188128,0.0,0.6363636363636364,0.5,,0.6666666666666666,0.6666666666666666,,0.36363636363636365,1.0,,
Spyware-TIBS-1421d1a140f3875addfe2378e53f749e8c6023bb0ec3fbe33943218ec09f6b33-7.raw,0.3235294117647059,0.35714285714285715,0.31602528693303855,,0.32243733926731616,0.3902702702702703,0.5138998682476943,0.30587470192933014,0.2749847449324933,,0.3127629733520337,0.29471788715486197,0.4074074074074074,0.25675675675675674,0.26666666666666666,0.41818181818181815,0.22965116279069767,0.27450980392156865,0.13440860215053763,0.22900763358778625,0.5714285714285714,0.546875,0.5714285714285714,0.7372957904357086,0.788854239315171,0.7372957904357086,0.011235955056179775,4.630058338735068e-05,0.011235955056179775,0.0,0.0,0.0,0.0,0.0,0.0,0.0,0.13333333333333333,0.0,0.0,0.0,0.0,0.13940489889857013,0.12761416986769109,0.3023172905525847,0.0,0.8181818181818182,1.0,,0.6666666666666666,0.8333333333333334,,0.5454545454545454,1.0,,
Spyware-TIBS-992eed3db41572414b500aecbe50a54ccd1e5faa2561dec87e1fe3c2db678f44-7.raw,0.5294117647058824,0.5714285714285714,0.18309703553673362,,0.412007396133382,0.6572972972972972,0.48228260869565215,0.6880554953392586,0.37082777376017273,,0.41374474053295934,0.7833133253301321,0.7407407407407407,0.6891891891891891,0.503448275862069,0.6909090909090909,0.6802325581395349,0.5686274509803921,0.4946236559139785,0.5419847328244275,0.6428571428571429,0.703125,0.6428571428571429,0.5960842798214648,0.7066098846567542,0.5960842798214648,0.02247191011235955,9.260116677470137e-05,0.02247191011235955,0.0,0.0,0.0,0.0,0.0,0.0,0.0,0.13333333333333333,0.0,0.0,0.0,0.0,0.047920433996383786,0.07323943661971842,0.1766666666666668,1.0,1.0,1.0,,1.0,1.0,,0.6363636363636364,0.0,,
Spyware-TIBS-570dbd214653ec1c9b7ff1f2c119060a7cacc28549706ece5f233ebdc05b1518-3.raw,0.38235294117647056,0.42857142857142855,0.26613883262750887,,0.16282814052653416,0.37405405405405406,0.34944099378882004,0.252330370691524,0.10419743529675377,,0.30434782608695654,0.22328931572629052,0.48148148148148145,0.2413127413127413,0.296551724137931,0.4909090909090909,0.1308139534883721,0.21568627450980393,0.0967741935483871,0.22137404580152673,0.5,0.53125,0.5,0.6313280237501494,0.7887906961262519,0.6313280237501494,0.011235955056179775,4.630058338735068e-05,0.011235955056179775,0.0,0.0,0.0,0.0,0.0,0.0,0.0,0.06666666666666667,0.0,0.0,0.0,0.0,0.109532420563162,0.10985915492957736,0.14845938375350132,0.0,0.6363636363636364,0.5,,0.6666666666666666,0.6666666666666666,,0.2727272727272727,1.0,,
Spyware-TIBS-7469e64fea64885609ff5e5a6256e808fdd81e6f797d5706b1cf4a96c96d0c1b-1.raw,0.5,0.5,0.3707538395441177,,0.5539923864850597,0.7189189189189189,0.6352842809364552,0.7801864296553219,0.5227565767497934,,0.40252454417952316,0.8541416566626651,0.7037037037037037,0.6177606177606177,0.8137931034482758,0.7090909090909091,0.7906976744186046,0.7058823529411765,0.5752688172043011,0.7480916030534351,0.7380952380952381,0.75,0.7380952380952381,0.6482150449376728,0.6493862203377112,0.6482150449376728,0.02247191011235955,9.260116677470137e-05,0.02247191011235955,0.0,0.3,0.0,0.23076923076923078,0.3,0.23076923076923078,0.3,0.3333333333333333,0.37857142857142856,0.0,0.2912087912087911,0.37857142857142856,0.3354430379746836,0.42723004694835676,0.4305322128851538,1.0,1.0,1.0,,1.0,1.0,,0.9090909090909091,0.5,,
Spyware-TIBS-954f736dfd60b84b6e7b02b873945bb19058beb1f7be314716f5c924f632f598-6.raw,0.29411764705882354,0.35714285714285715,0.2936844043454244,,0.2554999308184802,0.3016216216216216,0.4275135869565218,0.21114242358551918,0.20335942513164723,,0.2791023842917251,0.21728691476590636,0.37037037037037035,0.1969111969111969,0.2,0.38181818181818183,0.10755813953488372,0.1568627450980392,0.10215053763440861,0.1984732824427481,0.5,0.484375,0.5,0.7198920347999239,0.8199668285677366,0.7198920347999239,0.011235955056179775,4.630058338735068e-05,0.011235955056179775,0.0,0.2,0.0,0.15384615384615385,0.2,0.15384615384615385,0.2,0.2,0.311764705882353,0.0,0.23981900452488686,0.311764705882353,0.37772577385384565,0.42004971002485514,0.397347174163783,0.0,0.6363636363636364,0.5,,0.6666666666666666,0.6666666666666666,,0.2727272727272727,1.0,,
Spyware-TIBS-1981a8ad7e1e19ce11df0ba175d0e34fd8f1b1511b571dc00e362a078867d775-2.raw,0.4411764705882353,0.5714285714285714,0.39331266453343444,,0.2741508945833423,0.5081081081081081,0.4396004700352529,0.4298721005853024,0.2233165951985662,,0.3394109396914446,0.33373349339735897,0.5555555555555556,0.44594594594594594,0.5816091954022988,0.5636363636363636,0.2441860465116279,0.37254901960784315,0.3064516129032258,0.37404580152671757,0.5714285714285714,0.609375,0.5714285714285714,0.6048710224942517,0.7120857572584831,0.6048710224942517,0.011235955056179775,4.630058338735068e-05,0.011235955056179775,0.0,0.3,0.0,0.23076923076923078,0.3,0.23076923076923078,0.3,0.26666666666666666,0.39750000000000013,0.0,0.3057692307692308,0.39750000000000013,0.3713833634719714,0.45774647887323966,0.3741176470588237,0.0,0.6363636363636364,0.5,,0.6666666666666666,0.6666666666666666,,0.2727272727272727,1.0,,
Spyware-TIBS-599e4bde3509a8bf8d535685bcf40f703d68c03b3bb6343accac3ae6dc696248-5.raw,0.38235294117647056,0.42857142857142855,0.20132572270300103,,0.1600608797373617,0.3978378378378378,0.3890683229813665,0.24994580533275526,0.1012363714672761,,0.3127629733520337,0.21368547418967587,0.48148148148148145,0.26640926640926643,0.1839080459770115,0.4909090909090909,0.1686046511627907,0.21568627450980393,0.11827956989247312,0.24427480916030533,0.5952380952380952,0.59375,0.5952380952380952,0.7692974504218603,0.8921737129257223,0.7692974504218603,0.02247191011235955,0.0029169367534030927,0.02247191011235955,0.0,0.0,0.0,0.0,0.0,0.0,0.0,0.06666666666666667,0.0,0.0,0.0,0.0,0.109532420563162,0.10985915492957736,0.14845938375350132,0.0,0.6363636363636364,0.5,,0.6666666666666666,0.6666666666666666,,0.2727272727272727,1.0,,
Spyware-TIBS-5045036bec213df4c03e57feb5f3b97b6e676eb3a1ab220d1596ad71f3246baa-5.raw,0.6176470588235294,0.6428571428571429,0.21587099039536164,,0.46305545959199557,0.8583783783783784,0.5893832153690592,0.8747019293301539,0.42545095017477547,,0.47545582047685836,0.9411764705882353,0.8518518518518519,0.7934362934362934,0.7103448275862069,0.8545454545454545,0.8459302325581395,0.8627450980392157,0.6344086021505376,0.8931297709923665,1.0,0.984375,1.0,0.8758325619971883,0.8927541053475182,0.8758325619971883,0.033707865168539325,0.013010463931845542,0.033707865168539325,0.0,0.0,0.0,0.0,0.0,0.0,0.0,0.13333333333333333,0.0,0.0,0.0,0.0,0.01783085916144501,0.05535538814281023,0.1353397172822618,1.0,1.0,1.0,,1.0,1.0,,0.9090909090909091,0.5,,
Spyware-TIBS-3031e4fc4cab067dba86e6f667dfaf323a996c8a112776899d692d8af34b21b2-6.raw,0.47058823529411764,0.5,0.251897004525676,,0.5004736782523093,0.64,0.5806636155606407,0.6824192499458054,0.4654897258015836,,0.391304347826087,0.7791116446578632,0.6666666666666666,0.6563706563706564,0.5218390804597701,0.6181818181818182,0.6744186046511628,0.6274509803921569,0.489247311827957,0.5954198473282443,0.6190476190476191,0.65625,0.6190476190476191,0.5636541508351687,0.6097236021677965,0.5636541508351687,0.02247191011235955,9.260116677470137e-05,0.02247191011235955,0.0,0.6,0.0,0.46153846153846156,0.6,0.46153846153846156,0.6,0.5333333333333333,0.7227272727272727,0.0,0.5559440559440557,0.7227272727272727,0.596827223409502,0.7490396927016647,0.661319073083779,1.0,1.0,1.0,,1.0,1.0,,0.9090909090909091,0.5,,
Spyware-TIBS-5065428bc91f6a12f48944a8c7299d559faf3d53e2c7c47db05bb9103450ab8d-1.raw,0.6470588235294118,0.5714285714285714,0.29110661020069983,,0.4535105904899996,0.8843243243243243,0.5673913043478261,0.9100368523737264,0.4611652612681585,,0.47124824684431976,0.9135654261704682,0.8518518518518519,0.7722007722007722,0.9356321839080459,0.8727272727272727,0.9738372093023255,0.8823529411764706,0.6827956989247311,0.9389312977099237,0.9047619047619048,0.921875,0.9047619047619048,0.7221164041943197,0.7270247038158255,0.7221164041943197,0.6404494382022472,0.8544772664135568,0.6404494382022472,0.40784313725490196,0.0,0.0,0.07692307692307693,0.0,0.07692307692307693,0.0,0.2,0.0,0.0,0.09265734265734256,0.0,0.10673187571921774,0.04993597951344412,0.21256684491978625,1.0,1.0,1.0,,1.0,1.0,,1.0,0.5,,
Spyware-TIBS-306cacba59ca07650c4ff93e770a530fee5ab0bd21fbbdacc6450bf5f8227b66-3.raw,0.4411764705882353,0.42857142857142855,0.3105445714541646,,0.2884291443554849,0.4735135135135135,0.38507638072855455,0.44309559939301973,0.28854609098347533,,0.8779803646563815,0.26710684273709484,0.5185185185185185,0.34555984555984554,0.49195402298850577,0.5454545454545454,0.311046511627907,0.3333333333333333,0.20967741935483872,0.42748091603053434,0.5952380952380952,0.609375,0.5952380952380952,0.681912107764208,0.778443323242517,0.681912107764208,0.6404494382022472,0.8546161681637189,0.6404494382022472,0.49882352941176467,0.0,0.0,0.07692307692307693,0.0,0.07692307692307693,0.0,0.13333333333333333,0.0,0.0,0.1101871101871101,0.0,0.19945261717413634,0.09402360106585443,0.2246952835188128,0.0,0.6363636363636364,0.5,,0.6666666666666666,0.6666666666666666,,0.36363636363636365,1.0,,
Spyware-TIBS-404929a7b78f384d1d1715f06d93c3cf0301d8027cb5e721ffff4d89e1b7da7c-4.raw,0.6176470588235294,0.6428571428571429,0.16575387632583005,,0.36599656637345196,0.7805405405405406,0.4838220424671388,0.7719488402341209,0.32159460994003103,,0.4305750350631136,0.8493397358943577,0.8518518518518519,0.6891891891891891,0.6,0.8545454545454545,0.7122093023255814,0.7647058823529411,0.5860215053763441,0.7786259541984732,0.7142857142857143,0.796875,0.7142857142857143,0.56224695783813,0.6540616736571595,0.56224695783813,0.02247191011235955,9.260116677470137e-05,0.02247191011235955,0.0,0.1,0.0,0.07692307692307693,0.1,0.07692307692307693,0.1,0.2,0.12045454545454536,0.0,0.09265734265734256,0.12045454545454536,0.10673187571921774,0.166453265044814,0.21256684491978625,1.0,1.0,1.0,,1.0,1.0,,0.9090909090909091,0.5,,
Spyware-TIBS-992eed3db41572414b500aecbe50a54ccd1e5faa2561dec87e1fe3c2db678f44-5.raw,0.5882352941176471,0.5714285714285714,0.17486036948382744,,0.3789260512446381,0.7405405405405405,0.48483436853002077,0.7422501625840018,0.3354296016168714,,0.4277699859747546,0.826530612244898,0.8148148148148148,0.6737451737451737,0.5724137931034483,0.8363636363636363,0.6918604651162791,0.6862745098039216,0.5698924731182796,0.7480916030534351,0.6904761904761905,0.765625,0.6904761904761905,0.5715912724906156,0.6682345696809208,0.5715912724906156,0.02247191011235955,9.260116677470137e-05,0.02247191011235955,0.0,0.4,0.0,0.3076923076923077,0.4,0.3076923076923077,0.4,0.4,0.4608695652173913,0.0,0.354515050167224,0.4608695652173913,0.36669549492884673,0.4856093080220452,0.4427962489343561,1.0,1.0,1.0,,1.0,1.0,,0.8181818181818182,0.0,,
Spyware-TIBS-78791f14568516cded277d28fae715f599d5074532d9a5f41fd1f0a14d648db2-2.raw,0.6470588235294118,0.5714285714285714,0.2447063155956546,,0.46851897803458153,0.8724324324324324,0.5516304347826088,0.9262952525471494,0.4775982264951748,,0.7307152875175316,0.8913565426170468,0.8518518518518519,0.7722007722007722,0.832183908045977,0.8727272727272727,0.9563953488372093,0.8823529411764706,0.6827956989247311,0.9465648854961832,0.9047619047619048,0.921875,0.9047619047619048,0.7327231935471418,0.7449692949992487,0.7327231935471418,0.6404494382022472,0.8544772664135568,0.6404494382022472,0.40784313725490196,0.0,0.0,0.07692307692307693,0.0,0.07692307692307693,0.0,0.2,0.0,0.0,0.09265734265734256,0.0,0.10673187571921774,0.04993597951344412,0.21256684491978625,1.0,1.0,1.0,,1.0,1.0,,1.0,0.5,,
Spyware-TIBS-505c865b3cadf62b53d15f53d6d9a4293f7d7287fc88b54fa2b19974b3338a57-10.raw,0.5294117647058824,0.5714285714285714,0.1887681826551279,,0.441944126488975,0.6972972972972973,0.5405978260869568,0.7175373943203989,0.4028611006427037,,0.40252454417952316,0.748499399759904,0.7407407407407407,0.9227799227799228,0.45517241379310347,0.6727272727272727,0.5494186046511628,0.6666666666666666,0.8817204301075269,0.6259541984732825,0.6666666666666666,0.71875,0.6666666666666666,0.5667896137307541,0.6232605287294203,0.5667896137307541,0.02247191011235955,9.260116677470137e-05,0.02247191011235955,0.0,0.2,0.0,0.15384615384615385,0.2,0.15384615384615385,0.2,0.2,0.2523809523809524,0.0,0.1941391941391941,0.2523809523809524,0.2327563936967193,0.3051643192488263,0.24248366013071884,1.0,1.0,1.0,,1.0,1.0,,0.6363636363636364,1.0,,
Spyware-TIBS-599e4bde3509a8bf8d535685bcf40f703d68c03b3bb6343accac3ae6dc696248-8.raw,0.4411764705882353,0.42857142857142855,0.2798897221655464,,0.28509755274198484,0.5318918918918919,0.4770857814336074,0.43984391935833517,0.23502989437659777,,0.36185133239831696,0.41836734693877553,0.5555555555555556,0.3667953667953668,0.42528735632183906,0.5636363636363636,0.38953488372093026,0.43137254901960786,0.1881720430107527,0.3969465648854962,0.6904761904761905,0.6875,0.6904761904761905,0.7685866127519195,0.8424538497179729,0.7685866127519195,0.02247191011235955,0.0029169367534030927,0.02247191011235955,0.0,0.0,0.0,0.0,0.0,0.0,0.0,0.13333333333333333,0.0,0.0,0.0,0.0,0.08288939934509591,0.09402360106585443,0.2246952835188128,1.0,1.0,1.0,,1.0,1.0,,0.5454545454545454,1.0,,
Spyware-TIBS-6666171e4b060f807fe35397acf8a6b5851d02614d02d63d32142e126aac932d-9.raw,0.4411764705882353,0.5,0.2523003578057898,,0.5054585408920574,0.5913513513513513,0.570799059929495,0.6405809668328637,0.47082369956915426,,0.3800841514726508,0.741296518607443,0.6296296296296297,0.6505791505791506,0.4574712643678161,0.5818181818181818,0.6540697674418605,0.5686274509803921,0.4838709677419355,0.5190839694656488,0.6190476190476191,0.640625,0.6190476190476191,0.6257996554025226,0.6847584671124102,0.6257996554025226,0.02247191011235955,9.260116677470137e-05,0.02247191011235955,0.0,0.0,0.0,0.0,0.0,0.0,0.0,0.13333333333333333,0.0,0.0,0.0,0.0,0.08288939934509591,0.09402360106585443,0.2246952835188128,1.0,1.0,1.0,,1.0,1.0,,0.6363636363636364,1.0,,
Spyware-TIBS-78791f14568516cded277d28fae715f599d5074532d9a5f41fd1f0a14d648db2-1.raw,0.6470588235294118,0.5714285714285714,0.2833732277665254,,0.44250443962397273,0.8756756756756757,0.5559288537549409,0.898114025579883,0.4491144201016795,,0.4375876577840112,0.9081632653061225,0.8518518518518519,0.7625482625482626,0.9218390804597701,0.8727272727272727,0.9738372093023255,0.8823529411764706,0.6720430107526881,0.9236641221374046,0.9047619047619048,0.921875,0.9047619047619048,0.7298172839021301,0.7400530702246163,0.7298172839021301,0.5280898876404494,0.03643855912584498,0.5280898876404494,0.32941176470588235,0.1,0.0,0.15384615384615385,0.1,0.15384615384615385,0.1,0.26666666666666666,0.1177777777777777,0.0,0.18119658119658102,0.1177777777777777,0.1916817359855337,0.15868544600938944,0.2863616557734203,1.0,1.0,1.0,,1.0,1.0,,1.0,0.5,,
Spyware-TIBS-248a7274908dc58a27ad4f999f106628810a4d04b027244683886198ad927afd-8.raw,0.5588235294117647,0.6428571428571429,0.20377597441965947,,0.30293375662401534,0.6291891891891892,0.38441145281018013,0.622154779969651,0.25411524346148223,,0.40252454417952316,0.709483793517407,0.7777777777777778,0.6158301158301158,0.496551724137931,0.6545454545454545,0.436046511627907,0.5882352941176471,0.3709677419354839,0.5419847328244275,0.6190476190476191,0.734375,0.6190476190476191,0.5596154097901728,0.7760202697975992,0.5596154097901728,0.02247191011235955,9.260116677470137e-05,0.02247191011235955,0.0,0.0,0.0,0.0,0.0,0.0,0.0,0.13333333333333333,0.0,0.0,0.0,0.0,0.03740131433864109,0.06698728959120563,0.16221903395504544,1.0,1.0,1.0,,1.0,1.0,,0.7272727272727273,1.0,,
Spyware-TIBS-4579cff31815c40492e3f2dd85eb22f5084a96d95d850a31d48bd79553fe42b4-8.raw,0.5294117647058824,0.5714285714285714,0.17742588841833912,,0.40804518182161215,0.6583783783783784,0.4838586956521738,0.6841534792976371,0.3665880687316023,,0.4067321178120617,0.7785114045618248,0.7407407407407407,0.6891891891891891,0.49195402298850577,0.6909090909090909,0.6802325581395349,0.5686274509803921,0.4838709677419355,0.5419847328244275,0.6428571428571429,0.703125,0.6428571428571429,0.5929973479093682,0.7010078653835755,0.5929973479093682,0.02247191011235955,9.260116677470137e-05,0.02247191011235955,0.0,0.1,0.0,0.07692307692307693,0.1,0.07692307692307693,0.1,0.2,0.12926829268292675,0.0,0.09943714821763594,0.12926829268292675,0.1425925109160679,0.1920302301614563,0.25853658536585356,1.0,1.0,1.0,,1.0,1.0,,0.6363636363636364,0.5,,
Spyware-TIBS-3760770f4e0ecfe15d832609a805cbe1f8f32ca7e011fd5c6a0ad98750afe2e8-8.raw,0.5882352941176471,0.7142857142857143,0.16405818449640958,,0.4103721965761437,0.7048648648648649,0.4353002070393376,0.7754172989377845,0.5174418467994486,,0.6956521739130435,0.7893157262905162,0.7037037037037037,0.7046332046332047,0.5862068965517241,0.6727272727272727,0.8168604651162791,0.6862745098039216,0.543010752688172,0.6870229007633588,0.6428571428571429,0.6875,0.6428571428571429,0.5539455854666911,0.5963659428063648,0.5539455854666911,1.0,1.0,1.0,0.8,0.1,0.0,0.3076923076923077,0.1,0.3076923076923077,0.1,0.4,0.12325581395348803,0.0,0.37924865831842547,0.12325581395348803,0.41902519029395685,0.17458237798886347,0.5026903784769722,1.0,1.0,1.0,,1.0,1.0,,0.6363636363636364,0.5,,
Spyware-TIBS-8217ae4fbd1555e6e06a5d3f18231377941f07d100b5ad62a8b31b9f1b64703e-4.raw,0.6764705882352942,0.7142857142857143,0.18404222672313242,,0.41112690406409985,0.9351351351351351,0.5785990338164252,0.9080858443529157,0.36988561708715717,,0.4488078541374474,0.9303721488595438,0.9259259259259259,0.915057915057915,0.7264367816091954,0.9272727272727272,0.8604651162790697,0.9803921568627451,0.8279569892473119,0.916030534351145,0.7857142857142857,0.875,0.7857142857142857,0.5295739262450545,0.5730236544699318,0.5295739262450545,0.02247191011235955,9.260116677470137e-05,0.02247191011235955,0.0,0.3,0.0,0.23076923076923078,0.3,0.23076923076923078,0.3,0.3333333333333333,0.3312500000000001,0.0,0.25480769230769235,0.3312500000000001,0.24559222423146493,0.3509389671361501,0.32475490196078444,1.0,1.0,1.0,,1.0,1.0,,0.9090909090909091,0.0,,
Spyware-TIBS-505c865b3cadf62b53d15f53d6d9a4293f7d7287fc88b54fa2b19974b3338a57-8.raw,0.47058823529411764,0.5,0.23697293316148038,,0.4235464764097638,0.6162162162162163,0.5441647597254003,0.6104487318447864,0.38317498489600893,,0.36746143057503505,0.6116446578631453,0.6296296296296297,0.7915057915057915,0.42758620689655175,0.6,0.46511627906976744,0.5294117647058824,0.6612903225806451,0.5648854961832062,0.6428571428571429,0.671875,0.6428571428571429,0.6075079722219959,0.657425042205954,0.6075079722219959,0.011235955056179775,4.630058338735068e-05,0.011235955056179775,0.0,0.2,0.0,0.15384615384615385,0.2,0.15384615384615385,0.2,0.2,0.2650000000000001,0.0,0.20384615384615387,0.2650000000000001,0.26356238698010886,0.3295774647887326,0.2753921568627452,1.0,1.0,1.0,,1.0,1.0,,0.5454545454545454,1.0,,
Spyware-TIBS-404929a7b78f384d1d1715f06d93c3cf0301d8027cb5e721ffff4d89e1b7da7c-8.raw,0.5294117647058824,0.5714285714285714,0.17175474129994486,,0.4076049357869712,0.6605405405405406,0.48701086956521755,0.6837199219596791,0.36611699039509465,,0.40813464235624125,0.7779111644657863,0.7407407407407407,0.694980694980695,0.47586206896551725,0.6909090909090909,0.6773255813953488,0.5686274509803921,0.4946236559139785,0.5343511450381679,0.6428571428571429,0.703125,0.6428571428571429,0.5929973479093682,0.7010078653835755,0.5929973479093682,0.02247191011235955,9.260116677470137e-05,0.02247191011235955,0.0,0.0,0.0,0.0,0.0,0.0,0.0,0.13333333333333333,0.0,0.0,0.0,0.0,0.047920433996383786,0.07323943661971842,0.1766666666666668,1.0,1.0,1.0,,1.0,1.0,,0.6363636363636364,0.5,,
Spyware-TIBS-505c865b3cadf62b53d15f53d6d9a4293f7d7287fc88b54fa2b19974b3338a57-2.raw,0.4411764705882353,0.5714285714285714,0.4147710590354672,,0.2736749529242705,0.5102702702702703,0.4430082256169212,0.4294385432473445,0.22280732132126013,,0.33520336605890605,0.336734693877551,0.5555555555555556,0.44594594594594594,0.5862068965517241,0.5636363636363636,0.22093023255813954,0.37254901960784315,0.3010752688172043,0.3893129770992366,0.5714285714285714,0.609375,0.5714285714285714,0.6026326290889708,0.7080384873317623,0.6026326290889708,0.011235955056179775,4.630058338735068e-05,0.011235955056179775,0.0,0.2,0.0,0.15384615384615385,0.2,0.15384615384615385,0.2,0.2,0.27179487179487144,0.0,0.20907297830374721,0.27179487179487144,0.28015022951731827,0.3427230046948356,0.29311211664152853,0.0,0.6363636363636364,0.5,,0.6666666666666666,0.6666666666666666,,0.2727272727272727,1.0,,
Spyware-TIBS-8217ae4fbd1555e6e06a5d3f18231377941f07d100b5ad62a8b31b9f1b64703e-8.raw,0.5882352941176471,0.6428571428571429,0.18296200822439085,,0.46047638813767533,0.8097297297297297,0.5809006211180126,0.826577064816822,0.42269125537950836,,0.4361851332398317,0.8493397358943577,0.8148148148148148,0.9768339768339769,0.6045977011494252,0.8363636363636363,0.7383720930232558,0.7843137254901961,0.9301075268817204,0.8015267175572519,0.7619047619047619,0.8125,0.7619047619047619,0.6232010369867346,0.6756476127949419,0.6232010369867346,0.02247191011235955,9.260116677470137e-05,0.02247191011235955,0.0,0.0,0.0,0.0,0.0,0.0,0.0,0.13333333333333333,0.0,0.0,0.0,0.0,0.027383105140790752,0.06103286384976527,0.14845938375350132,1.0,1.0,1.0,,1.0,1.0,,0.6363636363636364,0.0,,
Spyware-TIBS-4754c35288a9488036c211c68f36f86496240000164edd36f9eaaeed12e65dbf-4.raw,0.4411764705882353,0.42857142857142855,0.21244905373058573,,0.20799500397241336,0.47243243243243244,0.38337250293772035,0.36982440927812704,0.2000880477947874,,0.6115007012622721,0.2388955582232893,0.5185185185185185,0.34555984555984554,0.3195402298850575,0.5454545454545454,0.311046511627907,0.3333333333333333,0.22043010752688172,0.4122137404580153,0.6666666666666666,0.65625,0.6666666666666666,0.8003576237222418,0.8892091004684611,0.8003576237222418,0.6853932584269663,0.856745994999537,0.6853932584269663,0.5364705882352941,0.0,0.0,0.07692307692307693,0.0,0.07692307692307693,0.0,0.13333333333333333,0.0,0.0,0.1101871101871101,0.0,0.19945261717413634,0.09402360106585443,0.2246952835188128,0.0,0.6363636363636364,0.5,,0.6666666666666666,0.6666666666666666,,0.36363636363636365,1.0,,
Spyware-TIBS-574cbd37cab3adfdd1b55051c52471c180bc4b5e69e7e018d8f7039b644ed0fd-4.raw,0.38235294117647056,0.42857142857142855,0.2434542441539309,,0.2848391844127749,0.4097297297297297,0.40888198757763994,0.3576848038153046,0.2875300396694393,,0.8597475455820477,0.21008403361344538,0.4444444444444444,0.23938223938223938,0.25057471264367814,0.4727272727272727,0.2703488372093023,0.27450980392156865,0.15591397849462366,0.366412213740458,0.5,0.515625,0.5,0.5922205809385792,0.6771422135260717,0.5922205809385792,0.6629213483146067,0.8591999259190666,0.6629213483146067,0.6588235294117647,0.0,0.0,0.07692307692307693,0.0,0.07692307692307693,0.0,0.13333333333333333,0.0,0.0,0.11648351648351621,0.0,0.2327563936967193,0.10985915492957736,0.2612885154061625,0.0,0.6363636363636364,0.5,,0.6666666666666666,0.6666666666666666,,0.2727272727272727,1.0,,
Spyware-TIBS-5555ad162e1d6f2cce4027b9c8f6d68e141d13498aa7ed59965dceb22f9bf1b9-6.raw,0.29411764705882354,0.35714285714285715,0.3043178051924139,,0.2929208437629715,0.34378378378378377,0.5043478260869566,0.24062432256665944,0.24340108373481084,,0.28892005610098176,0.23949579831932774,0.37037037037037035,0.21428571428571427,0.22758620689655173,0.38181818181818183,0.1511627906976744,0.1568627450980392,0.10215053763440861,0.183206106870229,0.5238095238095238,0.5,0.5238095238095238,0.7101477288658707,0.7676278728711555,0.7101477288658707,0.011235955056179775,4.630058338735068e-05,0.011235955056179775,0.0,0.0,0.0,0.0,0.0,0.0,0.0,0.06666666666666667,0.0,0.0,0.0,0.0,0.15574141048824633,0.13732394366197195,0.20134803921568642,0.0,0.6363636363636364,0.5,,0.6666666666666666,0.6666666666666666,,0.2727272727272727,1.0,,
Spyware-TIBS-7469e64fea64885609ff5e5a6256e808fdd81e6f797d5706b1cf4a96c96d0c1b-3.raw,0.5588235294117647,0.5714285714285714,0.25080499930390565,,0.46722069150226936,0.7751351351351351,0.5919936373276777,0.7879904617385649,0.42990789098756604,,0.4067321178120617,0.8637454981992797,0.7777777777777778,0.6447876447876448,0.6919540229885057,0.7818181818181819,0.7994186046511628,0.8235294117647058,0.5967741935483871,0.8091603053435115,0.7142857142857143,0.765625,0.7142857142857143,0.565019832698423,0.5955114549463706,0.565019832698423,0.02247191011235955,9.260116677470137e-05,0.02247191011235955,0.0,0.3,0.0,0.23076923076923078,0.3,0.23076923076923078,0.3,0.3333333333333333,0.36136363636363605,0.0,0.27797202797202764,0.36136363636363605,0.3027700147953316,0.39948783610755445,0.3920677361853832,1.0,1.0,1.0,,1.0,1.0,,0.9090909090909091,0.5,,
Spyware-TIBS-327c5b55bece5d32b51b019eae79acd917c944de61153db2fea6a3f59b070a97-7.raw,0.4117647058823529,0.42857142857142855,0.33464268908938394,,0.5434942118128496,0.5610810810810811,0.5901570048309182,0.6277910253631043,0.5115231702638381,,0.3702664796633941,0.7382953181272509,0.5925925925925926,0.6158301158301158,0.496551724137931,0.5272727272727272,0.5203488372093024,0.5294117647058824,0.41935483870967744,0.48091603053435117,0.5952380952380952,0.609375,0.5952380952380952,0.5888255479689773,0.6142373817136465,0.5888255479689773,0.02247191011235955,9.260116677470137e-05,0.02247191011235955,0.0,0.0,0.0,0.0,0.0,0.0,0.0,0.06666666666666667,0.0,0.0,0.0,0.0,0.0958408679927671,0.10172143974960857,0.13278867102396533,1.0,1.0,1.0,,1.0,1.0,,0.7272727272727273,1.0,,
Spyware-TIBS-35687c2a333d215c400adb744ca367dae9ce2b5fcc705ac639b11bc319d50475-8.raw,0.5588235294117647,0.6428571428571429,0.18164466859177905,,0.4661469206860721,0.7578378378378379,0.5673913043478261,0.78690656839367,0.4287589194351085,,0.4179523141654979,0.8259303721488596,0.7777777777777778,0.9575289575289575,0.5494252873563218,0.7272727272727273,0.7267441860465116,0.7254901960784313,0.8548387096774194,0.6335877862595419,0.7142857142857143,0.765625,0.7142857142857143,0.6058950148020574,0.6682345696809208,0.6058950148020574,0.02247191011235955,9.260116677470137e-05,0.02247191011235955,0.0,0.2,0.0,0.15384615384615385,0.2,0.15384615384615385,0.2,0.26666666666666666,0.24651162790697662,0.0,0.18962432915921273,0.24651162790697662,0.21842802472770118,0.2938093678349162,0.31901504787961676,1.0,1.0,1.0,,1.0,1.0,,0.6363636363636364,0.5,,
